time_s,sleep_s,chunk,joules_total,cps,cpj,n_cores,freq_ghz,f0,f1,f2,f3,f4,f5,f6,f7,f8,f9,f10,f11,f12,f13,f14,f15,f16,f17,f18,f19
0.5270724296569824,0.4989631175994873,426080,0.0,0,0,1,1.2,1.2,1.9,2.2,2.2,2.2,2.2,2.2,2.2,2.2,2.2,1.9,1.9,2.2,2.2,2.2,2.2,2.2,2.2,2.2,2.201
1.027618408203125,0.49928784370422363,1120,23.73944091796875,3574.4822246981103,47.17887012883504,1,1.2,1.2,1.2,1.2,1.2,1.2,1.2,1.2,1.2,1.2,1.2,1.2,1.2,1.2,1.2,1.2,1.2,1.2,1.2,1.2,2.201
1.5281169414520264,0.49912476539611816,0,20.1844482421875,3574.4822246981103,47.17887012883504,1,1.2,1.2,1.2,1.2,1.2,1.2,1.2,1.2,1.2,1.2,1.2,1.2,1.2,1.2,1.2,1.2,1.2,1.2,1.2,1.2,2.201
2.0286145210266113,0.4993159770965576,0,21.673614501953125,3574.4822246981103,47.17887012883504,1,1.2,1.2,1.2,1.2,1.2,1.2,1.2,1.2,1.2,1.2,1.2,1.2,1.2,1.2,1.2,1.2,1.2,1.2,1.2,1.2,2.201
2.529106378555298,0.49927330017089844,0,22.953628540039062,3574.4822246981103,47.17887012883504,1,1.2,1.2,1.2,1.2,1.2,1.2,1.2,1.2,1.2,1.2,1.2,1.2,1.2,1.2,1.2,1.2,1.2,1.2,1.2,1.2,2.201
3.029609441757202,0.4989490509033203,704,22.119766235351562,345.7763689108083,31.826737792322376,1,1.2,1.2,1.2,1.2,1.2,1.2,1.2,1.2,1.2,1.2,1.2,1.2,1.2,1.2,1.2,1.2,1.2,1.2,1.2,1.2,2.201
3.530123233795166,0.49910640716552734,0,19.609832763671875,345.7763689108083,31.826737792322376,1,1.2,1.2,1.2,1.2,1.2,1.2,1.2,1.2,1.2,1.2,1.2,1.2,1.2,1.2,1.2,1.2,1.2,1.2,1.2,1.2,2.201
4.030604124069214,0.4990882873535156,576,19.927947998046875,536.4002705844623,28.904130021638625,1,1.2,1.2,1.2,1.2,1.2,1.2,1.2,1.2,1.2,1.2,1.2,1.2,1.2,1.2,1.2,1.2,1.2,1.2,1.2,1.2,2.201
4.5311267375946045,0.4988882541656494,0,19.195648193359375,536.4002705844623,28.904130021638625,1,1.2,1.2,1.2,1.2,1.2,1.2,1.2,1.2,1.2,1.2,1.2,1.2,1.2,1.2,1.2,1.2,1.2,1.2,1.2,1.2,2.201
5.031667232513428,0.49908995628356934,576,18.0360107421875,513.2887825387288,31.936108723460418,1,1.2,1.2,1.2,1.2,1.2,1.2,1.2,1.2,1.2,1.2,1.2,1.2,1.2,1.2,1.2,1.2,1.2,1.2,1.2,1.2,2.201
5.5322113037109375,0.49910879135131836,0,18.13726806640625,513.2887825387288,31.936108723460418,1,1.2,1.2,1.2,1.2,1.2,1.2,1.2,1.2,1.2,1.2,1.2,1.2,1.2,1.2,1.2,1.2,1.2,1.2,1.2,1.2,2.201
6.032740592956543,0.4989161491394043,0,18.281265258789062,513.2887825387288,31.936108723460418,1,1.2,1.2,1.2,1.2,1.2,1.2,1.2,1.2,1.2,1.2,1.2,1.2,1.2,1.2,1.2,1.2,1.2,1.2,1.2,1.2,2.201
6.533288240432739,0.49915003776550293,640,18.2139892578125,545.2671325401996,35.137826806693965,1,1.2,1.2,1.2,1.2,1.2,1.2,1.2,1.2,1.2,1.2,1.2,1.2,1.2,1.2,1.2,1.2,1.2,1.2,1.2,1.2,2.201
7.033804893493652,0.49901747703552246,0,18.765151977539062,545.2671325401996,35.137826806693965,1,1.2,1.2,1.2,1.2,1.2,1.2,1.2,1.2,1.2,1.2,1.2,1.2,1.2,1.2,1.2,1.2,1.2,1.2,1.2,1.2,2.201
7.534339427947998,0.49901509284973145,576,18.148193359375,552.6425928234942,31.738696441783816,1,1.2,1.2,1.2,1.2,1.2,1.2,1.2,1.2,1.2,1.2,1.2,1.2,1.2,1.2,1.2,1.2,1.2,1.2,1.2,1.2,2.201
8.034850120544434,0.4991574287414551,0,17.840118408203125,552.6425928234942,31.738696441783816,1,1.2,1.2,1.2,1.2,1.2,1.2,1.2,1.2,1.2,1.2,1.2,1.2,1.2,1.2,1.2,1.2,1.2,1.2,1.2,1.2,2.201
8.535394191741943,0.49898362159729004,0,18.5540771484375,552.6425928234942,31.738696441783816,1,1.2,1.2,1.2,1.2,1.2,1.2,1.2,1.2,1.2,1.2,1.2,1.2,1.2,1.2,1.2,1.2,1.2,1.2,1.2,1.2,2.201
9.035948276519775,0.4990668296813965,0,17.615142822265625,552.6425928234942,31.738696441783816,1,1.2,1.2,1.2,1.2,1.2,1.2,1.2,1.2,1.2,1.2,1.2,1.2,1.2,1.2,1.2,1.2,1.2,1.2,1.2,1.2,2.201
9.53647232055664,0.499035120010376,704,17.784881591796875,336.51992439297044,39.584182574750116,1,1.2,1.2,1.2,1.2,1.2,1.2,1.2,1.2,1.2,1.2,1.2,1.2,1.2,1.2,1.2,1.2,1.2,1.2,1.2,1.2,2.201
10.037010192871094,0.4990506172180176,0,17.625320434570312,336.51992439297044,39.584182574750116,1,1.2,1.2,1.2,1.2,1.2,1.2,1.2,1.2,1.2,1.2,1.2,1.2,1.2,1.2,1.2,1.2,1.2,1.2,1.2,1.2,2.201
10.537537574768066,0.4808769226074219,512,18.854263305664062,476.7347552245876,27.155661915795385,1,1.3,1.3,1.2,1.2,1.2,1.2,1.2,1.2,1.2,1.2,1.2,1.2,1.2,1.2,1.2,1.2,1.2,1.2,1.2,1.2,2.201
11.038069248199463,0.49889087677001953,0,17.637802124023438,476.7347552245876,27.155661915795385,1,1.3,1.3,1.2,1.2,1.2,1.2,1.2,1.2,1.2,1.2,1.2,1.2,1.2,1.2,1.2,1.2,1.2,1.2,1.2,1.2,2.201
11.53861665725708,0.4991142749786377,704,18.925506591796875,660.3980392672054,37.19847585507401,1,1.3,1.3,1.2,1.2,1.2,1.2,1.2,1.2,1.2,1.2,1.2,1.2,1.2,1.2,1.2,1.2,1.2,1.2,1.2,1.2,2.201
12.039129734039307,0.49901771545410156,0,18.562835693359375,660.3980392672054,37.19847585507401,1,1.3,1.3,1.2,1.2,1.2,1.2,1.2,1.2,1.2,1.2,1.2,1.2,1.2,1.2,1.2,1.2,1.2,1.2,1.2,1.2,2.201
12.53968358039856,0.4989907741546631,0,18.547515869140625,660.3980392672054,37.19847585507401,1,1.3,1.3,1.2,1.2,1.2,1.2,1.2,1.2,1.2,1.2,1.2,1.2,1.2,1.2,1.2,1.2,1.2,1.2,1.2,1.2,2.201
13.040236711502075,0.4991335868835449,608,18.113906860351562,548.3984715610638,33.5653707776766,1,1.3,1.3,1.2,1.2,1.2,1.2,1.2,1.2,1.2,1.2,1.2,1.2,1.2,1.2,1.2,1.2,1.2,1.2,1.2,1.2,2.201
13.540781021118164,0.4990561008453369,576,18.352218627929688,595.4617663756828,31.385851034021737,1,1.3,1.3,1.2,1.2,1.2,1.2,1.2,1.2,1.2,1.2,1.2,1.2,1.2,1.2,1.2,1.2,1.2,1.2,1.2,1.2,2.201
14.041318893432617,0.4989776611328125,0,18.105682373046875,595.4617663756828,31.385851034021737,1,1.3,1.3,1.2,1.2,1.2,1.2,1.2,1.2,1.2,1.2,1.2,1.2,1.2,1.2,1.2,1.2,1.2,1.2,1.2,1.2,2.201
14.541852235794067,0.4990651607513428,0,18.415252685546875,595.4617663756828,31.385851034021737,1,1.3,1.3,1.2,1.2,1.2,1.2,1.2,1.2,1.2,1.2,1.2,1.2,1.2,1.2,1.2,1.2,1.2,1.2,1.2,1.2,2.201
15.042384147644043,0.4991161823272705,0,18.2125244140625,595.4617663756828,31.385851034021737,1,1.3,1.3,1.2,1.2,1.2,1.2,1.2,1.2,1.2,1.2,1.2,1.2,1.2,1.2,1.2,1.2,1.2,1.2,1.2,1.2,2.201
15.542884111404419,0.49913549423217773,608,18.128143310546875,323.4039491784886,33.539011115731206,1,1.3,1.3,1.2,1.2,1.2,1.2,1.2,1.2,1.2,1.2,1.2,1.2,1.2,1.2,1.2,1.2,1.2,1.2,1.2,1.2,2.201
16.043431282043457,0.49926233291625977,0,18.639129638671875,323.4039491784886,33.539011115731206,1,1.3,1.3,1.2,1.2,1.2,1.2,1.2,1.2,1.2,1.2,1.2,1.2,1.2,1.2,1.2,1.2,1.2,1.2,1.2,1.2,2.201
16.543931245803833,0.4989490509033203,640,18.639083862304688,626.9982898646534,34.336451551372825,1,1.3,1.3,1.2,1.2,1.2,1.2,1.2,1.2,1.2,1.2,1.2,1.2,1.2,1.2,1.2,1.2,1.2,1.2,1.2,1.2,2.201
17.044484615325928,0.4992823600769043,0,18.797637939453125,626.9982898646534,34.336451551372825,1,1.3,1.3,1.2,1.2,1.2,1.2,1.2,1.2,1.2,1.2,1.2,1.2,1.2,1.2,1.2,1.2,1.2,1.2,1.2,1.2,2.201
17.544997930526733,0.4990401268005371,512,18.5592041015625,510.3347504145204,27.58738991166624,1,1.3,1.3,1.2,1.2,1.2,1.2,1.2,1.2,1.2,1.2,1.2,1.2,1.2,1.2,1.2,1.2,1.2,1.2,1.2,1.2,2.201
18.045543432235718,0.4990408420562744,0,19.128448486328125,510.3347504145204,27.58738991166624,1,1.3,1.3,1.2,1.2,1.2,1.2,1.2,1.2,1.2,1.2,1.2,1.2,1.2,1.2,1.2,1.2,1.2,1.2,1.2,1.2,2.201
18.546090364456177,0.4989900588989258,608,18.289443969726562,560.5537751847191,33.24321947711404,1,1.3,1.3,1.2,1.2,1.2,1.2,1.2,1.2,1.2,1.2,1.2,1.2,1.2,1.2,1.2,1.2,1.2,1.2,1.2,1.2,2.201
19.04665231704712,0.49894189834594727,0,18.080230712890625,560.5537751847191,33.24321947711404,1,1.3,1.3,1.2,1.2,1.2,1.2,1.2,1.2,1.2,1.2,1.2,1.2,1.2,1.2,1.2,1.2,1.2,1.2,1.2,1.2,2.201
19.547197103500366,0.4991157054901123,640,18.302703857421875,630.3190585357378,34.967511083914275,1,1.3,1.3,1.2,1.2,1.2,1.2,1.2,1.2,1.2,1.2,1.2,1.2,1.2,1.2,1.2,1.2,1.2,1.2,1.2,1.2,2.201
20.047744750976562,0.49903011322021484,0,19.709442138671875,630.3190585357378,34.967511083914275,1,1.3,1.3,1.2,1.2,1.2,1.2,1.2,1.2,1.2,1.2,1.2,1.2,1.2,1.2,1.2,1.2,1.2,1.2,1.2,1.2,2.201
20.54826045036316,0.4811079502105713,0,19.01202392578125,630.3190585357378,34.967511083914275,1,1.4,1.4,1.2,1.2,1.2,1.2,1.2,1.2,1.2,1.2,1.2,1.2,1.2,1.2,1.2,1.2,1.2,1.2,1.2,1.2,2.201
21.048820972442627,0.49913620948791504,0,18.216842651367188,630.3190585357378,34.967511083914275,1,1.4,1.4,1.2,1.2,1.2,1.2,1.2,1.2,1.2,1.2,1.2,1.2,1.2,1.2,1.2,1.2,1.2,1.2,1.2,1.2,2.201
21.549351453781128,0.499114990234375,608,18.794891357421875,334.1140754592508,32.34921598841316,1,1.4,1.4,1.2,1.2,1.2,1.2,1.2,1.2,1.2,1.2,1.2,1.2,1.2,1.2,1.2,1.2,1.2,1.2,1.2,1.2,2.201
22.049894332885742,0.49910664558410645,0,18.96905517578125,334.1140754592508,32.34921598841316,1,1.4,1.4,1.2,1.2,1.2,1.2,1.2,1.2,1.2,1.2,1.2,1.2,1.2,1.2,1.2,1.2,1.2,1.2,1.2,1.2,2.201
22.550426483154297,0.49907922744750977,768,19.202362060546875,786.4728171183658,39.995079645848925,1,1.4,1.4,1.2,1.2,1.2,1.2,1.2,1.2,1.2,1.2,1.2,1.2,1.2,1.2,1.2,1.2,1.2,1.2,1.2,1.2,2.201
23.05095672607422,0.4991018772125244,0,18.340133666992188,786.4728171183658,39.995079645848925,1,1.4,1.4,1.2,1.2,1.2,1.2,1.2,1.2,1.2,1.2,1.2,1.2,1.2,1.2,1.2,1.2,1.2,1.2,1.2,1.2,2.201
23.55150318145752,0.49916577339172363,544,18.505233764648438,573.9888382317511,29.3970887868076,1,1.4,1.4,1.2,1.2,1.2,1.2,1.2,1.2,1.2,1.2,1.2,1.2,1.2,1.2,1.2,1.2,1.2,1.2,1.2,1.2,2.201
24.052048683166504,0.49900341033935547,0,18.398086547851562,573.9888382317511,29.3970887868076,1,1.4,1.4,1.2,1.2,1.2,1.2,1.2,1.2,1.2,1.2,1.2,1.2,1.2,1.2,1.2,1.2,1.2,1.2,1.2,1.2,2.201
24.552595138549805,0.4990525245666504,608,18.986831665039062,591.2006636516151,32.02219363010027,1,1.4,1.4,1.2,1.2,1.2,1.2,1.2,1.2,1.2,1.2,1.2,1.2,1.2,1.2,1.2,1.2,1.2,1.2,1.2,1.2,2.201
25.053147792816162,0.4991018772125244,0,18.861465454101562,591.2006636516151,32.02219363010027,1,1.4,1.4,1.2,1.2,1.2,1.2,1.2,1.2,1.2,1.2,1.2,1.2,1.2,1.2,1.2,1.2,1.2,1.2,1.2,1.2,2.201
25.55369472503662,0.4990570545196533,544,17.786361694335938,607.4278135341768,30.58523206425273,1,1.4,1.4,1.2,1.2,1.2,1.2,1.2,1.2,1.2,1.2,1.2,1.2,1.2,1.2,1.2,1.2,1.2,1.2,1.2,1.2,2.201
26.054226398468018,0.4989964962005615,0,18.1561279296875,607.4278135341768,30.58523206425273,1,1.4,1.4,1.2,1.2,1.2,1.2,1.2,1.2,1.2,1.2,1.2,1.2,1.2,1.2,1.2,1.2,1.2,1.2,1.2,1.2,2.201
26.55436134338379,0.4990963935852051,0,18.25042724609375,607.4278135341768,30.58523206425273,1,1.4,1.4,1.2,1.2,1.2,1.2,1.2,1.2,1.2,1.2,1.2,1.2,1.2,1.2,1.2,1.2,1.2,1.2,1.2,1.2,2.201
27.05489492416382,0.49903392791748047,640,18.251052856445312,366.9721417727222,35.06647013922737,1,1.4,1.4,1.2,1.2,1.2,1.2,1.2,1.2,1.2,1.2,1.2,1.2,1.2,1.2,1.2,1.2,1.2,1.2,1.2,1.2,2.201
27.5554416179657,0.4990963935852051,0,18.4755859375,366.9721417727222,35.06647013922737,1,1.4,1.4,1.2,1.2,1.2,1.2,1.2,1.2,1.2,1.2,1.2,1.2,1.2,1.2,1.2,1.2,1.2,1.2,1.2,1.2,2.201
28.05594301223755,0.49915456771850586,640,17.778457641601562,692.3719809244787,35.99862332840398,1,1.4,1.4,1.2,1.2,1.2,1.2,1.2,1.2,1.2,1.2,1.2,1.2,1.2,1.2,1.2,1.2,1.2,1.2,1.2,1.2,2.201
28.55650544166565,0.49915385246276855,0,18.01068115234375,692.3719809244787,35.99862332840398,1,1.4,1.4,1.2,1.2,1.2,1.2,1.2,1.2,1.2,1.2,1.2,1.2,1.2,1.2,1.2,1.2,1.2,1.2,1.2,1.2,2.201
29.05704355239868,0.49909138679504395,640,17.7471923828125,658.6798589054824,36.06204216390962,1,1.4,1.4,1.2,1.2,1.2,1.2,1.2,1.2,1.2,1.2,1.2,1.2,1.2,1.2,1.2,1.2,1.2,1.2,1.2,1.2,2.201
29.557602405548096,0.4991319179534912,0,18.10723876953125,658.6798589054824,36.06204216390962,1,1.4,1.4,1.2,1.2,1.2,1.2,1.2,1.2,1.2,1.2,1.2,1.2,1.2,1.2,1.2,1.2,1.2,1.2,1.2,1.2,2.201
30.058132886886597,0.4990248680114746,608,17.954986572265625,615.1770037712332,33.86245918663922,1,1.4,1.4,1.2,1.2,1.2,1.2,1.2,1.2,1.2,1.2,1.2,1.2,1.2,1.2,1.2,1.2,1.2,1.2,1.2,1.2,2.201
30.558674812316895,0.4809081554412842,0,19.13690185546875,615.1770037712332,33.86245918663922,1,1.5,1.5,1.2,1.2,1.2,1.2,1.2,1.2,1.2,1.2,1.2,1.2,1.2,1.2,1.2,1.2,1.2,1.2,1.2,1.2,2.201
31.059223651885986,0.49904584884643555,544,18.766845703125,601.9922614775173,28.987290064915637,1,1.5,1.5,1.2,1.2,1.2,1.2,1.2,1.2,1.2,1.2,1.2,1.2,1.2,1.2,1.2,1.2,1.2,1.2,1.2,1.2,2.201
31.55976939201355,0.49910497665405273,0,18.109619140625,601.9922614775173,28.987290064915637,1,1.5,1.5,1.2,1.2,1.2,1.2,1.2,1.2,1.2,1.2,1.2,1.2,1.2,1.2,1.2,1.2,1.2,1.2,1.2,1.2,2.201
32.0603244304657,0.4991579055786133,0,19.012680053710938,601.9922614775173,28.987290064915637,1,1.5,1.5,1.2,1.2,1.2,1.2,1.2,1.2,1.2,1.2,1.2,1.2,1.2,1.2,1.2,1.2,1.2,1.2,1.2,1.2,2.201
32.56088209152222,0.4990658760070801,608,18.185470581054688,363.64466161575257,33.43328385647628,1,1.5,1.5,1.2,1.2,1.2,1.2,1.2,1.2,1.2,1.2,1.2,1.2,1.2,1.2,1.2,1.2,1.2,1.2,1.2,1.2,2.201
33.061440229415894,0.49906325340270996,0,19.20263671875,363.64466161575257,33.43328385647628,1,1.5,1.5,1.2,1.2,1.2,1.2,1.2,1.2,1.2,1.2,1.2,1.2,1.2,1.2,1.2,1.2,1.2,1.2,1.2,1.2,2.201
33.56198978424072,0.49901342391967773,768,18.525070190429688,875.60164593509,41.45733279848837,1,1.5,1.5,1.2,1.2,1.2,1.2,1.2,1.2,1.2,1.2,1.2,1.2,1.2,1.2,1.2,1.2,1.2,1.2,1.2,1.2,2.201
34.06254816055298,0.4991469383239746,0,18.287246704101562,875.60164593509,41.45733279848837,1,1.5,1.5,1.2,1.2,1.2,1.2,1.2,1.2,1.2,1.2,1.2,1.2,1.2,1.2,1.2,1.2,1.2,1.2,1.2,1.2,2.201
34.56310749053955,0.499065637588501,480,18.3194580078125,538.764859610445,26.201648531048225,1,1.5,1.5,1.2,1.2,1.2,1.2,1.2,1.2,1.2,1.2,1.2,1.2,1.2,1.2,1.2,1.2,1.2,1.2,1.2,1.2,2.201
35.063652753829956,0.49909353256225586,0,18.191116333007812,538.764859610445,26.201648531048225,1,1.5,1.5,1.2,1.2,1.2,1.2,1.2,1.2,1.2,1.2,1.2,1.2,1.2,1.2,1.2,1.2,1.2,1.2,1.2,1.2,2.201
35.564209938049316,0.4989485740661621,640,18.803009033203125,683.3092787908877,34.03710538402985,1,1.5,1.5,1.2,1.2,1.2,1.2,1.2,1.2,1.2,1.2,1.2,1.2,1.2,1.2,1.2,1.2,1.2,1.2,1.2,1.2,2.201
36.064754486083984,0.49904561042785645,576,18.247909545898438,643.3011370950087,31.56525949184502,1,1.5,1.5,1.2,1.2,1.2,1.2,1.2,1.2,1.2,1.2,1.2,1.2,1.2,1.2,1.2,1.2,1.2,1.2,1.2,1.2,2.201
36.56531357765198,0.49904704093933105,0,18.07342529296875,643.3011370950087,31.56525949184502,1,1.5,1.5,1.2,1.2,1.2,1.2,1.2,1.2,1.2,1.2,1.2,1.2,1.2,1.2,1.2,1.2,1.2,1.2,1.2,1.2,2.201
37.06585168838501,0.4990212917327881,0,18.8203125,643.3011370950087,31.56525949184502,1,1.5,1.5,1.2,1.2,1.2,1.2,1.2,1.2,1.2,1.2,1.2,1.2,1.2,1.2,1.2,1.2,1.2,1.2,1.2,1.2,2.201
37.566410541534424,0.4991023540496826,0,18.117935180664062,643.3011370950087,31.56525949184502,1,1.5,1.5,1.2,1.2,1.2,1.2,1.2,1.2,1.2,1.2,1.2,1.2,1.2,1.2,1.2,1.2,1.2,1.2,1.2,1.2,2.201
38.066964864730835,0.4990835189819336,608,18.719268798828125,377.87691655871794,32.479901140052135,1,1.5,1.5,1.2,1.2,1.2,1.2,1.2,1.2,1.2,1.2,1.2,1.2,1.2,1.2,1.2,1.2,1.2,1.2,1.2,1.2,2.201
38.5675106048584,0.4990272521972656,608,18.66461181640625,674.8156723472034,32.57501447019467,1,1.5,1.5,1.2,1.2,1.2,1.2,1.2,1.2,1.2,1.2,1.2,1.2,1.2,1.2,1.2,1.2,1.2,1.2,1.2,1.2,2.201
39.06805777549744,0.4990863800048828,0,18.0439453125,674.8156723472034,32.57501447019467,1,1.5,1.5,1.2,1.2,1.2,1.2,1.2,1.2,1.2,1.2,1.2,1.2,1.2,1.2,1.2,1.2,1.2,1.2,1.2,1.2,2.201
39.56861758232117,0.4988892078399658,768,18.2373046875,870.7261576752949,42.1114859437751,1,1.5,1.5,1.2,1.2,1.2,1.2,1.2,1.2,1.2,1.2,1.2,1.2,1.2,1.2,1.2,1.2,1.2,1.2,1.2,1.2,2.201
40.06916284561157,0.49890756607055664,0,18.5875244140625,870.7261576752949,42.1114859437751,1,1.5,1.5,1.2,1.2,1.2,1.2,1.2,1.2,1.2,1.2,1.2,1.2,1.2,1.2,1.2,1.2,1.2,1.2,1.2,1.2,2.201
40.569711685180664,0.48090600967407227,608,19.239425659179688,622.5789407426819,31.60177495786656,1,1.6,1.6,1.2,1.2,1.2,1.2,1.2,1.2,1.2,1.2,1.2,1.2,1.2,1.2,1.2,1.2,1.2,1.2,1.2,1.2,2.201
41.070261001586914,0.4991323947906494,0,17.6226806640625,622.5789407426819,31.60177495786656,1,1.6,1.6,1.2,1.2,1.2,1.2,1.2,1.2,1.2,1.2,1.2,1.2,1.2,1.2,1.2,1.2,1.2,1.2,1.2,1.2,2.201
41.57082009315491,0.4990103244781494,576,18.945022583007812,706.386891055325,30.403764232861167,1,1.6,1.6,1.2,1.2,1.2,1.2,1.2,1.2,1.2,1.2,1.2,1.2,1.2,1.2,1.2,1.2,1.2,1.2,1.2,1.2,2.201
42.07132863998413,0.49900174140930176,0,18.863128662109375,706.386891055325,30.403764232861167,1,1.6,1.6,1.2,1.2,1.2,1.2,1.2,1.2,1.2,1.2,1.2,1.2,1.2,1.2,1.2,1.2,1.2,1.2,1.2,1.2,2.201
42.571890354156494,0.49900221824645996,0,19.736846923828125,706.386891055325,30.403764232861167,1,1.6,1.6,1.2,1.2,1.2,1.2,1.2,1.2,1.2,1.2,1.2,1.2,1.2,1.2,1.2,1.2,1.2,1.2,1.2,1.2,2.201
43.07243633270264,0.49906158447265625,608,19.423202514648438,406.4163870944732,31.30276789017997,1,1.6,1.6,1.2,1.2,1.2,1.2,1.2,1.2,1.2,1.2,1.2,1.2,1.2,1.2,1.2,1.2,1.2,1.2,1.2,1.2,2.201
43.57299327850342,0.49903178215026855,608,18.335693359375,736.5597599665198,33.159367801552534,1,1.6,1.6,1.2,1.2,1.2,1.2,1.2,1.2,1.2,1.2,1.2,1.2,1.2,1.2,1.2,1.2,1.2,1.2,1.2,1.2,2.201
44.073540449142456,0.49904417991638184,0,18.757049560546875,736.5597599665198,33.159367801552534,1,1.6,1.6,1.2,1.2,1.2,1.2,1.2,1.2,1.2,1.2,1.2,1.2,1.2,1.2,1.2,1.2,1.2,1.2,1.2,1.2,2.201
44.574098348617554,0.4991128444671631,608,19.3223876953125,732.0557764499933,31.466090505341494,1,1.6,1.6,1.2,1.2,1.2,1.2,1.2,1.2,1.2,1.2,1.2,1.2,1.2,1.2,1.2,1.2,1.2,1.2,1.2,1.2,2.201
45.07465314865112,0.4991440773010254,0,18.39373779296875,732.0557764499933,31.466090505341494,1,1.6,1.6,1.2,1.2,1.2,1.2,1.2,1.2,1.2,1.2,1.2,1.2,1.2,1.2,1.2,1.2,1.2,1.2,1.2,1.2,2.201
45.575212240219116,0.49898290634155273,608,18.909805297851562,674.564001641504,32.1526314218094,1,1.6,1.6,1.2,1.2,1.2,1.2,1.2,1.2,1.2,1.2,1.2,1.2,1.2,1.2,1.2,1.2,1.2,1.2,1.2,1.2,2.201
46.075767993927,0.4990882873535156,512,18.475479125976562,647.5458178085792,27.71240715918035,1,1.6,1.6,1.2,1.2,1.2,1.2,1.2,1.2,1.2,1.2,1.2,1.2,1.2,1.2,1.2,1.2,1.2,1.2,1.2,1.2,2.201
46.57631206512451,0.4990708827972412,0,19.606460571289062,647.5458178085792,27.71240715918035,1,1.6,1.6,1.2,1.2,1.2,1.2,1.2,1.2,1.2,1.2,1.2,1.2,1.2,1.2,1.2,1.2,1.2,1.2,1.2,1.2,2.201
47.076828956604004,0.49913954734802246,0,18.911239624023438,647.5458178085792,27.71240715918035,1,1.6,1.6,1.2,1.2,1.2,1.2,1.2,1.2,1.2,1.2,1.2,1.2,1.2,1.2,1.2,1.2,1.2,1.2,1.2,1.2,2.201
47.577373027801514,0.49896955490112305,672,18.980575561523438,442.1045535748186,35.40461656822715,1,1.6,1.6,1.2,1.2,1.2,1.2,1.2,1.2,1.2,1.2,1.2,1.2,1.2,1.2,1.2,1.2,1.2,1.2,1.2,1.2,2.201
48.07790565490723,0.49915623664855957,0,19.087814331054688,442.1045535748186,35.40461656822715,1,1.6,1.6,1.2,1.2,1.2,1.2,1.2,1.2,1.2,1.2,1.2,1.2,1.2,1.2,1.2,1.2,1.2,1.2,1.2,1.2,2.201
48.57846403121948,0.4991333484649658,640,18.839187622070312,768.0078427161964,33.971740864782994,1,1.6,1.6,1.2,1.2,1.2,1.2,1.2,1.2,1.2,1.2,1.2,1.2,1.2,1.2,1.2,1.2,1.2,1.2,1.2,1.2,2.201
49.07901215553284,0.49898219108581543,0,18.262771606445312,768.0078427161964,33.971740864782994,1,1.6,1.6,1.2,1.2,1.2,1.2,1.2,1.2,1.2,1.2,1.2,1.2,1.2,1.2,1.2,1.2,1.2,1.2,1.2,1.2,2.201
49.579570055007935,0.4989438056945801,544,18.524993896484375,664.4904014727273,29.365731672561516,1,1.6,1.6,1.2,1.2,1.2,1.2,1.2,1.2,1.2,1.2,1.2,1.2,1.2,1.2,1.2,1.2,1.2,1.2,1.2,1.2,2.201
50.08009386062622,0.4990832805633545,608,18.636489868164062,694.2317909084597,32.624169266907984,1,1.6,1.6,1.2,1.2,1.2,1.2,1.2,1.2,1.2,1.2,1.2,1.2,1.2,1.2,1.2,1.2,1.2,1.2,1.2,1.2,2.201
50.58063769340515,0.4815492630004883,0,19.665786743164062,694.2317909084597,32.624169266907984,1,1.7,1.7,1.2,1.2,1.2,1.2,1.2,1.2,1.2,1.2,1.2,1.2,1.2,1.2,1.2,1.2,1.2,1.2,1.2,1.2,2.201
51.08116888999939,0.4990513324737549,640,19.012222290039062,784.1087702791048,33.66255613029049,1,1.7,1.7,1.2,1.2,1.2,1.2,1.2,1.2,1.2,1.2,1.2,1.2,1.2,1.2,1.2,1.2,1.2,1.2,1.2,1.2,2.201
51.58172678947449,0.49910569190979004,0,19.468521118164062,784.1087702791048,33.66255613029049,1,1.7,1.7,1.2,1.2,1.2,1.2,1.2,1.2,1.2,1.2,1.2,1.2,1.2,1.2,1.2,1.2,1.2,1.2,1.2,1.2,2.201
52.08225727081299,0.4989633560180664,0,19.548965454101562,784.1087702791048,33.66255613029049,1,1.7,1.7,1.2,1.2,1.2,1.2,1.2,1.2,1.2,1.2,1.2,1.2,1.2,1.2,1.2,1.2,1.2,1.2,1.2,1.2,2.201
52.58281350135803,0.49913454055786133,672,19.07928466796875,467.9666203319804,35.22144628033078,1,1.7,1.7,1.2,1.2,1.2,1.2,1.2,1.2,1.2,1.2,1.2,1.2,1.2,1.2,1.2,1.2,1.2,1.2,1.2,1.2,2.201
53.08336567878723,0.499011754989624,608,19.386276245117188,832.3664645168064,31.362392256900634,1,1.7,1.7,1.2,1.2,1.2,1.2,1.2,1.2,1.2,1.2,1.2,1.2,1.2,1.2,1.2,1.2,1.2,1.2,1.2,1.2,2.201
53.583922386169434,0.49906492233276367,0,19.42138671875,832.3664645168064,31.362392256900634,1,1.7,1.7,1.2,1.2,1.2,1.2,1.2,1.2,1.2,1.2,1.2,1.2,1.2,1.2,1.2,1.2,1.2,1.2,1.2,1.2,2.201
54.0844886302948,0.4990520477294922,640,19.586166381835938,767.7996705128878,32.67612392966962,1,1.7,1.7,1.2,1.2,1.2,1.2,1.2,1.2,1.2,1.2,1.2,1.2,1.2,1.2,1.2,1.2,1.2,1.2,1.2,1.2,2.201
54.58504581451416,0.49915051460266113,0,19.105865478515625,767.7996705128878,32.67612392966962,1,1.7,1.7,1.2,1.2,1.2,1.2,1.2,1.2,1.2,1.2,1.2,1.2,1.2,1.2,1.2,1.2,1.2,1.2,1.2,1.2,2.201
55.085564374923706,0.49899744987487793,608,18.759750366210938,750.2343954378488,32.40981293093842,1,1.7,1.7,1.2,1.2,1.2,1.2,1.2,1.2,1.2,1.2,1.2,1.2,1.2,1.2,1.2,1.2,1.2,1.2,1.2,1.2,2.201
55.58611035346985,0.4989910125732422,608,18.8260498046875,743.6490154412573,32.29567574226931,1,1.7,1.7,1.2,1.2,1.2,1.2,1.2,1.2,1.2,1.2,1.2,1.2,1.2,1.2,1.2,1.2,1.2,1.2,1.2,1.2,2.201
56.086655616760254,0.4990973472595215,0,18.959625244140625,743.6490154412573,32.29567574226931,1,1.7,1.7,1.2,1.2,1.2,1.2,1.2,1.2,1.2,1.2,1.2,1.2,1.2,1.2,1.2,1.2,1.2,1.2,1.2,1.2,2.201
56.58722543716431,0.4991626739501953,0,19.355758666992188,743.6490154412573,32.29567574226931,1,1.7,1.7,1.2,1.2,1.2,1.2,1.2,1.2,1.2,1.2,1.2,1.2,1.2,1.2,1.2,1.2,1.2,1.2,1.2,1.2,2.201
57.08778691291809,0.4991269111633301,576,19.003890991210938,409.09184323363723,30.309582404276725,1,1.7,1.7,1.2,1.2,1.2,1.2,1.2,1.2,1.2,1.2,1.2,1.2,1.2,1.2,1.2,1.2,1.2,1.2,1.2,1.2,2.201
57.58834171295166,0.49901390075683594,0,18.801773071289062,409.09184323363723,30.309582404276725,1,1.7,1.7,1.2,1.2,1.2,1.2,1.2,1.2,1.2,1.2,1.2,1.2,1.2,1.2,1.2,1.2,1.2,1.2,1.2,1.2,2.201
58.08888530731201,0.49907398223876953,576,19.132965087890625,759.252303174007,30.105109028007064,1,1.7,1.7,1.2,1.2,1.2,1.2,1.2,1.2,1.2,1.2,1.2,1.2,1.2,1.2,1.2,1.2,1.2,1.2,1.2,1.2,2.201
58.589441537857056,0.49896717071533203,768,19.088165283203125,944.2337757791873,40.23435404112995,1,1.7,1.7,1.2,1.2,1.2,1.2,1.2,1.2,1.2,1.2,1.2,1.2,1.2,1.2,1.2,1.2,1.2,1.2,1.2,1.2,2.201
59.08999562263489,0.49903059005737305,0,19.12274169921875,944.2337757791873,40.23435404112995,1,1.7,1.7,1.2,1.2,1.2,1.2,1.2,1.2,1.2,1.2,1.2,1.2,1.2,1.2,1.2,1.2,1.2,1.2,1.2,1.2,2.201
59.590551137924194,0.49913811683654785,608,18.784866333007812,728.6792339766967,32.36647997498142,1,1.7,1.7,1.2,1.2,1.2,1.2,1.2,1.2,1.2,1.2,1.2,1.2,1.2,1.2,1.2,1.2,1.2,1.2,1.2,1.2,2.201
60.09108090400696,0.49895644187927246,0,18.819046020507812,728.6792339766967,32.36647997498142,1,1.7,1.7,1.2,1.2,1.2,1.2,1.2,1.2,1.2,1.2,1.2,1.2,1.2,1.2,1.2,1.2,1.2,1.2,1.2,1.2,2.201
60.59161972999573,0.4816582202911377,640,19.635162353515625,798.3883958595816,32.59458661340835,1,1.8,1.8,1.2,1.2,1.2,1.2,1.2,1.2,1.2,1.2,1.2,1.2,1.2,1.2,1.2,1.2,1.2,1.2,1.2,1.2,2.201
61.0921516418457,0.49910879135131836,0,18.319320678710938,798.3883958595816,32.59458661340835,1,1.8,1.8,1.2,1.2,1.2,1.2,1.2,1.2,1.2,1.2,1.2,1.2,1.2,1.2,1.2,1.2,1.2,1.2,1.2,1.2,2.201
61.59270977973938,0.49915575981140137,576,18.859634399414062,426.0354812556118,30.541419191980484,1,1.8,1.8,1.2,1.2,1.2,1.2,1.2,1.2,1.2,1.2,1.2,1.2,1.2,1.2,1.2,1.2,1.2,1.2,1.2,1.2,2.201
62.093247413635254,0.49897074699401855,0,20.220169067382812,426.0354812556118,30.541419191980484,1,1.8,1.8,1.2,1.2,1.2,1.2,1.2,1.2,1.2,1.2,1.2,1.2,1.2,1.2,1.2,1.2,1.2,1.2,1.2,1.2,2.201
62.59379005432129,0.49916672706604004,576,19.76904296875,847.2653869531159,29.136463556203225,1,1.8,1.8,1.2,1.2,1.2,1.2,1.2,1.2,1.2,1.2,1.2,1.2,1.2,1.2,1.2,1.2,1.2,1.2,1.2,1.2,2.201
63.09433436393738,0.49913620948791504,544,19.75408935546875,697.2881519974545,27.538601765481953,1,1.8,1.8,1.2,1.2,1.2,1.2,1.2,1.2,1.2,1.2,1.2,1.2,1.2,1.2,1.2,1.2,1.2,1.2,1.2,1.2,2.201
63.5948760509491,0.49910902976989746,0,19.568130493164062,697.2881519974545,27.538601765481953,1,1.8,1.8,1.2,1.2,1.2,1.2,1.2,1.2,1.2,1.2,1.2,1.2,1.2,1.2,1.2,1.2,1.2,1.2,1.2,1.2,2.201
64.09541416168213,0.4991414546966553,544,20.050155639648438,719.740175928624,27.13195896216687,1,1.8,1.8,1.2,1.2,1.2,1.2,1.2,1.2,1.2,1.2,1.2,1.2,1.2,1.2,1.2,1.2,1.2,1.2,1.2,1.2,2.201
64.59596943855286,0.49913716316223145,704,19.46844482421875,916.4544347144293,36.16108047440049,1,1.8,1.8,1.2,1.2,1.2,1.2,1.2,1.2,1.2,1.2,1.2,1.2,1.2,1.2,1.2,1.2,1.2,1.2,1.2,1.2,2.201
65.09650588035583,0.4990520477294922,0,18.981887817382812,916.4544347144293,36.16108047440049,1,1.8,1.8,1.2,1.2,1.2,1.2,1.2,1.2,1.2,1.2,1.2,1.2,1.2,1.2,1.2,1.2,1.2,1.2,1.2,1.2,2.201
65.59706377983093,0.49913883209228516,0,19.010269165039062,916.4544347144293,36.16108047440049,1,1.8,1.8,1.2,1.2,1.2,1.2,1.2,1.2,1.2,1.2,1.2,1.2,1.2,1.2,1.2,1.2,1.2,1.2,1.2,1.2,2.201
66.09756922721863,0.4990382194519043,608,19.619354248046875,455.09213175369433,30.98980691785648,1,1.8,1.8,1.2,1.2,1.2,1.2,1.2,1.2,1.2,1.2,1.2,1.2,1.2,1.2,1.2,1.2,1.2,1.2,1.2,1.2,2.201
66.59812307357788,0.4992866516113281,576,20.260971069335938,878.2812772249672,28.429042123837288,1,1.8,1.8,1.2,1.2,1.2,1.2,1.2,1.2,1.2,1.2,1.2,1.2,1.2,1.2,1.2,1.2,1.2,1.2,1.2,1.2,2.201
67.0986397266388,0.4991035461425781,0,19.364486694335938,878.2812772249672,28.429042123837288,1,1.8,1.8,1.2,1.2,1.2,1.2,1.2,1.2,1.2,1.2,1.2,1.2,1.2,1.2,1.2,1.2,1.2,1.2,1.2,1.2,2.201
67.59917640686035,0.49893951416015625,608,20.805099487304688,727.1216930708241,29.223604548058173,1,1.8,1.8,1.2,1.2,1.2,1.2,1.2,1.2,1.2,1.2,1.2,1.2,1.2,1.2,1.2,1.2,1.2,1.2,1.2,1.2,2.201
68.09971928596497,0.49924278259277344,608,21.728683471679688,830.809730188197,27.981446772531953,1,1.8,1.8,1.2,1.2,1.2,1.2,1.2,1.2,1.2,1.2,1.2,1.2,1.2,1.2,1.2,1.2,1.2,1.2,1.2,1.2,2.201
68.60025882720947,0.4992687702178955,0,20.310897827148438,830.809730188197,27.981446772531953,1,1.8,1.8,1.2,1.2,1.2,1.2,1.2,1.2,1.2,1.2,1.2,1.2,1.2,1.2,1.2,1.2,1.2,1.2,1.2,1.2,2.201
69.10082507133484,0.4992516040802002,608,21.5731201171875,775.3267812092088,28.183220447356657,1,1.8,1.8,1.2,1.2,1.2,1.2,1.2,1.2,1.2,1.2,1.2,1.2,1.2,1.2,1.2,1.2,1.2,1.2,1.2,1.2,2.201
69.60136532783508,0.49898409843444824,608,19.156814575195312,791.8253333250533,31.738053193209506,1,1.8,1.8,1.2,1.2,1.2,1.2,1.2,1.2,1.2,1.2,1.2,1.2,1.2,1.2,1.2,1.2,1.2,1.2,1.2,1.2,2.201
70.1019012928009,0.4991905689239502,0,20.209716796875,791.8253333250533,31.738053193209506,1,1.8,1.8,1.2,1.2,1.2,1.2,1.2,1.2,1.2,1.2,1.2,1.2,1.2,1.2,1.2,1.2,1.2,1.2,1.2,1.2,2.201
70.60242128372192,0.48249173164367676,608,22.277542114257812,804.069184898808,27.29205928022351,1,1.9,1.9,1.2,1.2,1.2,1.2,1.2,1.2,1.2,1.2,1.2,1.2,1.2,1.2,1.2,1.2,1.2,1.2,1.2,1.2,2.201
71.10297203063965,0.4992384910583496,0,21.302581787109375,804.069184898808,27.29205928022351,1,1.9,1.9,1.2,1.2,1.2,1.2,1.2,1.2,1.2,1.2,1.2,1.2,1.2,1.2,1.2,1.2,1.2,1.2,1.2,1.2,2.201
71.60353302955627,0.4990854263305664,608,19.682876586914062,498.360096220354,30.889793842645027,1,1.9,1.9,1.2,1.2,1.2,1.2,1.2,1.2,1.2,1.2,1.2,1.2,1.2,1.2,1.2,1.2,1.2,1.2,1.2,1.2,2.201
72.10404682159424,0.49912285804748535,0,20.065948486328125,498.360096220354,30.889793842645027,1,1.9,1.9,1.2,1.2,1.2,1.2,1.2,1.2,1.2,1.2,1.2,1.2,1.2,1.2,1.2,1.2,1.2,1.2,1.2,1.2,2.201
72.60461807250977,0.4991111755371094,512,21.87725830078125,834.4576796949484,23.403298208611275,1,1.9,1.9,1.2,1.2,1.2,1.2,1.2,1.2,1.2,1.2,1.2,1.2,1.2,1.2,1.2,1.2,1.2,1.2,1.2,1.2,2.201
73.10515284538269,0.4991483688354492,544,20.43328857421875,713.5127140366021,26.623223081495553,1,1.9,1.9,1.2,1.2,1.2,1.2,1.2,1.2,1.2,1.2,1.2,1.2,1.2,1.2,1.2,1.2,1.2,1.2,1.2,1.2,2.201
73.60570693016052,0.49927830696105957,0,21.651641845703125,713.5127140366021,26.623223081495553,1,1.9,1.9,1.2,1.2,1.2,1.2,1.2,1.2,1.2,1.2,1.2,1.2,1.2,1.2,1.2,1.2,1.2,1.2,1.2,1.2,2.201
74.10624480247498,0.49901294708251953,640,20.541793823242188,902.0145694024843,31.155993751425278,1,1.9,1.9,1.2,1.2,1.2,1.2,1.2,1.2,1.2,1.2,1.2,1.2,1.2,1.2,1.2,1.2,1.2,1.2,1.2,1.2,2.201
74.60679960250854,0.49907350540161133,672,19.514892578125,876.7363111420351,34.43523951309221,1,1.9,1.9,1.2,1.2,1.2,1.2,1.2,1.2,1.2,1.2,1.2,1.2,1.2,1.2,1.2,1.2,1.2,1.2,1.2,1.2,2.201
75.10733699798584,0.49892282485961914,0,19.4547119140625,876.7363111420351,34.43523951309221,1,1.9,1.9,1.2,1.2,1.2,1.2,1.2,1.2,1.2,1.2,1.2,1.2,1.2,1.2,1.2,1.2,1.2,1.2,1.2,1.2,2.201
75.60789275169373,0.4991641044616699,0,19.437744140625,876.7363111420351,34.43523951309221,1,1.9,1.9,1.2,1.2,1.2,1.2,1.2,1.2,1.2,1.2,1.2,1.2,1.2,1.2,1.2,1.2,1.2,1.2,1.2,1.2,2.201
76.10840845108032,0.4990255832672119,608,20.471405029296875,488.7464929890588,29.699964371272213,1,1.9,1.9,1.2,1.2,1.2,1.2,1.2,1.2,1.2,1.2,1.2,1.2,1.2,1.2,1.2,1.2,1.2,1.2,1.2,1.2,2.201
76.60896730422974,0.49906182289123535,576,21.496292114257812,854.9195348881623,26.795318789790606,1,1.9,1.9,1.2,1.2,1.2,1.2,1.2,1.2,1.2,1.2,1.2,1.2,1.2,1.2,1.2,1.2,1.2,1.2,1.2,1.2,2.201
77.10950064659119,0.4991183280944824,704,20.13580322265625,964.0507518481081,34.96259832375987,1,1.9,1.9,1.2,1.2,1.2,1.2,1.2,1.2,1.2,1.2,1.2,1.2,1.2,1.2,1.2,1.2,1.2,1.2,1.2,1.2,2.201
77.61004090309143,0.4992654323577881,0,21.47955322265625,964.0507518481081,34.96259832375987,1,1.9,1.9,1.2,1.2,1.2,1.2,1.2,1.2,1.2,1.2,1.2,1.2,1.2,1.2,1.2,1.2,1.2,1.2,1.2,1.2,2.201
78.11054754257202,0.4991302490234375,448,20.348770141601562,630.0381905434671,22.016072562739158,1,1.9,1.9,1.2,1.2,1.2,1.2,1.2,1.2,1.2,1.2,1.2,1.2,1.2,1.2,1.2,1.2,1.2,1.2,1.2,1.2,2.201
78.61110496520996,0.499265193939209,768,21.84527587890625,1020.0139593357474,35.156342463112544,1,1.9,1.9,1.2,1.2,1.2,1.2,1.2,1.2,1.2,1.2,1.2,1.2,1.2,1.2,1.2,1.2,1.2,1.2,1.2,1.2,2.201
79.11161231994629,0.4989311695098877,0,21.0546875,1020.0139593357474,35.156342463112544,1,1.9,1.9,1.2,1.2,1.2,1.2,1.2,1.2,1.2,1.2,1.2,1.2,1.2,1.2,1.2,1.2,1.2,1.2,1.2,1.2,2.201
79.61215281486511,0.49928951263427734,0,21.865219116210938,1020.0139593357474,35.156342463112544,1,1.9,1.9,1.2,1.2,1.2,1.2,1.2,1.2,1.2,1.2,1.2,1.2,1.2,1.2,1.2,1.2,1.2,1.2,1.2,1.2,2.201
80.11266946792603,0.4991440773010254,576,19.621856689453125,463.0218497847579,29.355020226480594,1,1.9,1.9,1.2,1.2,1.2,1.2,1.2,1.2,1.2,1.2,1.2,1.2,1.2,1.2,1.2,1.2,1.2,1.2,1.2,1.2,2.201
80.61321902275085,0.48169708251953125,704,22.087936401367188,1020.9240885986744,31.872601731885837,1,2.0,2.0,1.2,1.2,1.2,1.2,1.2,1.2,1.2,1.2,1.2,1.2,1.2,1.2,1.2,1.2,1.2,1.2,1.2,1.2,2.201
81.11378598213196,0.49909257888793945,0,20.532928466796875,1020.9240885986744,31.872601731885837,1,2.0,2.0,1.2,1.2,1.2,1.2,1.2,1.2,1.2,1.2,1.2,1.2,1.2,1.2,1.2,1.2,1.2,1.2,1.2,1.2,2.201
81.61432528495789,0.4990856647491455,544,20.396224975585938,792.5034618271144,26.671602252434564,1,2.0,2.0,1.2,1.2,1.2,1.2,1.2,1.2,1.2,1.2,1.2,1.2,1.2,1.2,1.2,1.2,1.2,1.2,1.2,1.2,2.201
82.11487936973572,0.49910593032836914,480,19.87786865234375,714.8404874010956,24.14745807988848,1,2.0,2.0,1.2,1.2,1.2,1.2,1.2,1.2,1.2,1.2,1.2,1.2,1.2,1.2,1.2,1.2,1.2,1.2,1.2,1.2,2.201
82.61543583869934,0.49900269508361816,608,20.01885986328125,863.0010133425435,30.37136001512246,1,2.0,2.0,1.2,1.2,1.2,1.2,1.2,1.2,1.2,1.2,1.2,1.2,1.2,1.2,1.2,1.2,1.2,1.2,1.2,1.2,2.201
83.11595320701599,0.4990506172180176,0,20.379058837890625,863.0010133425435,30.37136001512246,1,2.0,2.0,1.2,1.2,1.2,1.2,1.2,1.2,1.2,1.2,1.2,1.2,1.2,1.2,1.2,1.2,1.2,1.2,1.2,1.2,2.201
83.61650586128235,0.49907469749450684,640,20.77703857421875,925.5847799936042,30.803234913090353,1,2.0,2.0,1.2,1.2,1.2,1.2,1.2,1.2,1.2,1.2,1.2,1.2,1.2,1.2,1.2,1.2,1.2,1.2,1.2,1.2,2.201
84.1170129776001,0.49893808364868164,416,20.005172729492188,641.4282581952091,20.79462175233914,1,2.0,2.0,1.2,1.2,1.2,1.2,1.2,1.2,1.2,1.2,1.2,1.2,1.2,1.2,1.2,1.2,1.2,1.2,1.2,1.2,2.201
84.61758017539978,0.4992330074310303,608,20.9892578125,889.4838174978512,28.967198622807427,1,2.0,2.0,1.2,1.2,1.2,1.2,1.2,1.2,1.2,1.2,1.2,1.2,1.2,1.2,1.2,1.2,1.2,1.2,1.2,1.2,2.201
85.11813235282898,0.4991598129272461,0,20.472885131835938,889.4838174978512,28.967198622807427,1,2.0,2.0,1.2,1.2,1.2,1.2,1.2,1.2,1.2,1.2,1.2,1.2,1.2,1.2,1.2,1.2,1.2,1.2,1.2,1.2,2.201
85.61863946914673,0.4990363121032715,608,19.338363647460938,868.0151933864663,31.440095505693336,1,2.0,2.0,1.2,1.2,1.2,1.2,1.2,1.2,1.2,1.2,1.2,1.2,1.2,1.2,1.2,1.2,1.2,1.2,1.2,1.2,2.201
86.11914706230164,0.4992392063140869,0,20.50506591796875,868.0151933864663,31.440095505693336,1,2.0,2.0,1.2,1.2,1.2,1.2,1.2,1.2,1.2,1.2,1.2,1.2,1.2,1.2,1.2,1.2,1.2,1.2,1.2,1.2,2.201
86.6196539402008,0.49930429458618164,608,21.02545166015625,565.0555638208963,28.917333612013433,1,2.0,2.0,1.2,1.2,1.2,1.2,1.2,1.2,1.2,1.2,1.2,1.2,1.2,1.2,1.2,1.2,1.2,1.2,1.2,1.2,2.201
87.12016344070435,0.49933910369873047,544,22.473648071289062,1023.6707691591643,24.206127918100695,1,2.0,2.0,1.2,1.2,1.2,1.2,1.2,1.2,1.2,1.2,1.2,1.2,1.2,1.2,1.2,1.2,1.2,1.2,1.2,1.2,2.201
87.62071871757507,0.49924802780151367,0,21.111968994140625,1023.6707691591643,24.206127918100695,1,2.0,2.0,1.2,1.2,1.2,1.2,1.2,1.2,1.2,1.2,1.2,1.2,1.2,1.2,1.2,1.2,1.2,1.2,1.2,1.2,2.201
88.1212363243103,0.49898719787597656,544,20.162216186523438,704.1339903653143,26.981160948150794,1,2.0,2.0,1.2,1.2,1.2,1.2,1.2,1.2,1.2,1.2,1.2,1.2,1.2,1.2,1.2,1.2,1.2,1.2,1.2,1.2,2.201
88.62180209159851,0.49902868270874023,576,20.40972900390625,935.9404189303211,28.221834787211456,1,2.0,2.0,1.2,1.2,1.2,1.2,1.2,1.2,1.2,1.2,1.2,1.2,1.2,1.2,1.2,1.2,1.2,1.2,1.2,1.2,2.201
89.1223418712616,0.4991035461425781,640,20.087326049804688,873.6285190970547,31.860885735273005,1,2.0,2.0,1.2,1.2,1.2,1.2,1.2,1.2,1.2,1.2,1.2,1.2,1.2,1.2,1.2,1.2,1.2,1.2,1.2,1.2,2.201
89.62290906906128,0.4992377758026123,0,19.6212158203125,873.6285190970547,31.860885735273005,1,2.0,2.0,1.2,1.2,1.2,1.2,1.2,1.2,1.2,1.2,1.2,1.2,1.2,1.2,1.2,1.2,1.2,1.2,1.2,1.2,2.201
90.12342524528503,0.4991447925567627,0,19.4478759765625,873.6285190970547,31.860885735273005,1,2.0,2.0,1.2,1.2,1.2,1.2,1.2,1.2,1.2,1.2,1.2,1.2,1.2,1.2,1.2,1.2,1.2,1.2,1.2,1.2,2.201
90.62395000457764,0.48066067695617676,640,21.711257934570312,517.800179292842,29.47779451235497,1,2.1,2.1,1.2,1.2,1.2,1.2,1.2,1.2,1.2,1.2,1.2,1.2,1.2,1.2,1.2,1.2,1.2,1.2,1.2,1.2,2.201
91.1244592666626,0.4991490840911865,576,20.191604614257812,1044.8096887314607,28.526707560095126,1,2.1,2.1,1.2,1.2,1.2,1.2,1.2,1.2,1.2,1.2,1.2,1.2,1.2,1.2,1.2,1.2,1.2,1.2,1.2,1.2,2.201
91.62499785423279,0.499312162399292,736,20.984466552734375,983.0343868527034,35.0735625397204,1,2.1,2.1,1.2,1.2,1.2,1.2,1.2,1.2,1.2,1.2,1.2,1.2,1.2,1.2,1.2,1.2,1.2,1.2,1.2,1.2,2.201
92.125559091568,0.49913668632507324,0,20.41119384765625,983.0343868527034,35.0735625397204,1,2.1,2.1,1.2,1.2,1.2,1.2,1.2,1.2,1.2,1.2,1.2,1.2,1.2,1.2,1.2,1.2,1.2,1.2,1.2,1.2,2.201
92.6261157989502,0.49918389320373535,608,20.570587158203125,965.6975905796261,29.556764487276297,1,2.1,2.1,1.2,1.2,1.2,1.2,1.2,1.2,1.2,1.2,1.2,1.2,1.2,1.2,1.2,1.2,1.2,1.2,1.2,1.2,2.201
93.12662696838379,0.49918103218078613,608,20.872833251953125,923.445505967247,29.12877196214404,1,2.1,2.1,1.2,1.2,1.2,1.2,1.2,1.2,1.2,1.2,1.2,1.2,1.2,1.2,1.2,1.2,1.2,1.2,1.2,1.2,2.201
93.6271870136261,0.4992406368255615,0,20.688385009765625,923.445505967247,29.12877196214404,1,2.1,2.1,1.2,1.2,1.2,1.2,1.2,1.2,1.2,1.2,1.2,1.2,1.2,1.2,1.2,1.2,1.2,1.2,1.2,1.2,2.201
94.12774133682251,0.49921107292175293,608,20.507980346679688,517.0070635436043,29.646995448697965,1,2.1,2.1,1.2,1.2,1.2,1.2,1.2,1.2,1.2,1.2,1.2,1.2,1.2,1.2,1.2,1.2,1.2,1.2,1.2,1.2,2.201
94.62829446792603,0.4991185665130615,576,19.630783081054688,1055.771785386264,29.341672088256487,1,2.1,2.1,1.2,1.2,1.2,1.2,1.2,1.2,1.2,1.2,1.2,1.2,1.2,1.2,1.2,1.2,1.2,1.2,1.2,1.2,2.201
95.12884640693665,0.49912285804748535,0,20.551361083984375,1055.771785386264,29.341672088256487,1,2.1,2.1,1.2,1.2,1.2,1.2,1.2,1.2,1.2,1.2,1.2,1.2,1.2,1.2,1.2,1.2,1.2,1.2,1.2,1.2,2.201
95.62939882278442,0.49911928176879883,576,20.09100341796875,810.7783979754213,28.669548654043034,1,2.1,2.1,1.2,1.2,1.2,1.2,1.2,1.2,1.2,1.2,1.2,1.2,1.2,1.2,1.2,1.2,1.2,1.2,1.2,1.2,2.201
96.12990546226501,0.4990568161010742,608,19.723342895507812,965.6955564064601,30.826417368552573,1,2.1,2.1,1.2,1.2,1.2,1.2,1.2,1.2,1.2,1.2,1.2,1.2,1.2,1.2,1.2,1.2,1.2,1.2,1.2,1.2,2.201
96.6304624080658,0.4993631839752197,608,22.233383178710938,929.092611667339,27.346265528413884,1,2.1,2.1,1.2,1.2,1.2,1.2,1.2,1.2,1.2,1.2,1.2,1.2,1.2,1.2,1.2,1.2,1.2,1.2,1.2,1.2,2.201
97.13101553916931,0.4990723133087158,0,20.304885864257812,929.092611667339,27.346265528413884,1,2.1,2.1,1.2,1.2,1.2,1.2,1.2,1.2,1.2,1.2,1.2,1.2,1.2,1.2,1.2,1.2,1.2,1.2,1.2,1.2,2.201
97.63156819343567,0.49910831451416016,0,20.34722900390625,929.092611667339,27.346265528413884,1,2.1,2.1,1.2,1.2,1.2,1.2,1.2,1.2,1.2,1.2,1.2,1.2,1.2,1.2,1.2,1.2,1.2,1.2,1.2,1.2,2.201
98.13207697868347,0.4990730285644531,608,19.742431640625,523.6028443435673,30.796611636678414,1,2.1,2.1,1.2,1.2,1.2,1.2,1.2,1.2,1.2,1.2,1.2,1.2,1.2,1.2,1.2,1.2,1.2,1.2,1.2,1.2,2.201
98.63258504867554,0.4992389678955078,768,20.493865966796875,1296.0856659549358,37.474627834703064,1,2.1,2.1,1.2,1.2,1.2,1.2,1.2,1.2,1.2,1.2,1.2,1.2,1.2,1.2,1.2,1.2,1.2,1.2,1.2,1.2,2.201
99.13309669494629,0.49928832054138184,576,20.166091918945312,844.2523891860443,28.562797507576015,1,2.1,2.1,1.2,1.2,1.2,1.2,1.2,1.2,1.2,1.2,1.2,1.2,1.2,1.2,1.2,1.2,1.2,1.2,1.2,1.2,2.201
99.63367033004761,0.4992825984954834,608,20.74578857421875,959.6241206308034,29.30715300721685,1,2.1,2.1,1.2,1.2,1.2,1.2,1.2,1.2,1.2,1.2,1.2,1.2,1.2,1.2,1.2,1.2,1.2,1.2,1.2,1.2,2.201
100.1341769695282,0.4990108013153076,0,20.337814331054688,959.6241206308034,29.30715300721685,1,2.1,2.1,1.2,1.2,1.2,1.2,1.2,1.2,1.2,1.2,1.2,1.2,1.2,1.2,1.2,1.2,1.2,1.2,1.2,1.2,2.201
100.63472008705139,0.4834468364715576,608,21.737503051757812,929.0650461544939,27.970093830571486,1,2.2,2.2,1.2,1.2,1.2,1.2,1.2,1.2,1.2,1.2,1.2,1.2,1.2,1.2,1.2,1.2,1.2,1.2,1.2,1.2,2.201
101.13525986671448,0.49908900260925293,0,20.298431396484375,929.0650461544939,27.970093830571486,1,2.2,2.2,1.2,1.2,1.2,1.2,1.2,1.2,1.2,1.2,1.2,1.2,1.2,1.2,1.2,1.2,1.2,1.2,1.2,1.2,2.201
101.63579773902893,0.4991888999938965,608,19.86370849609375,537.102493722501,30.60858450070211,1,2.2,2.2,1.2,1.2,1.2,1.2,1.2,1.2,1.2,1.2,1.2,1.2,1.2,1.2,1.2,1.2,1.2,1.2,1.2,1.2,2.201
102.13635158538818,0.4991774559020996,672,21.976806640625,1312.1380277007765,30.57769088061144,1,2.2,2.2,1.2,1.2,1.2,1.2,1.2,1.2,1.2,1.2,1.2,1.2,1.2,1.2,1.2,1.2,1.2,1.2,1.2,1.2,2.201
102.63690376281738,0.4990677833557129,608,22.730316162109375,873.7430945352726,26.748418089032754,1,2.2,2.2,1.2,1.2,1.2,1.2,1.2,1.2,1.2,1.2,1.2,1.2,1.2,1.2,1.2,1.2,1.2,1.2,1.2,1.2,2.201
103.13742184638977,0.49898719787597656,576,23.426300048828125,1043.9960299287554,24.587749614724746,1,2.2,2.2,1.2,1.2,1.2,1.2,1.2,1.2,1.2,1.2,1.2,1.2,1.2,1.2,1.2,1.2,1.2,1.2,1.2,1.2,2.201
103.6379292011261,0.4989767074584961,0,23.820404052734375,1043.9960299287554,24.587749614724746,1,2.2,2.2,1.2,1.2,1.2,1.2,1.2,1.2,1.2,1.2,1.2,1.2,1.2,1.2,1.2,1.2,1.2,1.2,1.2,1.2,2.201
104.13843822479248,0.49927520751953125,640,22.95733642578125,946.363560085091,27.877798544663722,1,2.2,2.2,1.2,1.2,1.2,1.2,1.2,1.2,1.2,1.2,1.2,1.2,1.2,1.2,1.2,1.2,1.2,1.2,1.2,1.2,2.201
104.639000415802,0.4992396831512451,0,24.0352783203125,946.363560085091,27.877798544663722,1,2.2,2.2,1.2,1.2,1.2,1.2,1.2,1.2,1.2,1.2,1.2,1.2,1.2,1.2,1.2,1.2,1.2,1.2,1.2,1.2,2.201
105.13955283164978,0.4991905689239502,608,23.34234619140625,552.7271287796301,26.047081772090337,1,2.2,2.2,1.2,1.2,1.2,1.2,1.2,1.2,1.2,1.2,1.2,1.2,1.2,1.2,1.2,1.2,1.2,1.2,1.2,1.2,2.201
105.64006114006042,0.49909019470214844,544,23.29638671875,1215.0189800651729,23.351260715558258,1,2.2,2.2,1.2,1.2,1.2,1.2,1.2,1.2,1.2,1.2,1.2,1.2,1.2,1.2,1.2,1.2,1.2,1.2,1.2,1.2,2.201
106.1405701637268,0.4992351531982422,544,23.95245361328125,738.8591519461312,22.711660725160982,1,2.2,2.2,1.2,1.2,1.2,1.2,1.2,1.2,1.2,1.2,1.2,1.2,1.2,1.2,1.2,1.2,1.2,1.2,1.2,1.2,2.201
106.64107847213745,0.49924230575561523,576,24.011550903320312,1051.3364873044823,23.988454653312328,1,2.2,2.2,1.2,1.2,1.2,1.2,1.2,1.2,1.2,1.2,1.2,1.2,1.2,1.2,1.2,1.2,1.2,1.2,1.2,1.2,2.201
107.1415855884552,0.49927234649658203,0,23.9517822265625,1051.3364873044823,23.988454653312328,1,2.2,2.2,1.2,1.2,1.2,1.2,1.2,1.2,1.2,1.2,1.2,1.2,1.2,1.2,1.2,1.2,1.2,1.2,1.2,1.2,2.201
107.64209198951721,0.49925732612609863,608,25.600967407226562,926.6514334064337,23.749102536975833,1,2.2,2.2,1.2,1.2,1.2,1.2,1.2,1.2,1.2,1.2,1.2,1.2,1.2,1.2,1.2,1.2,1.2,1.2,1.2,1.2,2.201
108.14264464378357,0.49926328659057617,576,25.606887817382812,954.0526686342697,22.49394788260805,1,2.2,2.2,1.2,1.2,1.2,1.2,1.2,1.2,1.2,1.2,1.2,1.2,1.2,1.2,1.2,1.2,1.2,1.2,1.2,1.2,2.201
108.64320063591003,0.49903225898742676,608,23.845458984375,920.8487658092349,25.497517175005886,1,2.2,2.2,1.2,1.2,1.2,1.2,1.2,1.2,1.2,1.2,1.2,1.2,1.2,1.2,1.2,1.2,1.2,1.2,1.2,1.2,2.201
109.14375424385071,0.4991791248321533,0,23.521957397460938,920.8487658092349,25.497517175005886,1,2.2,2.2,1.2,1.2,1.2,1.2,1.2,1.2,1.2,1.2,1.2,1.2,1.2,1.2,1.2,1.2,1.2,1.2,1.2,1.2,2.201
109.64430737495422,0.49909496307373047,608,22.255416870117188,577.9469332457782,27.31919170727259,1,2.2,2.2,1.2,1.2,1.2,1.2,1.2,1.2,1.2,1.2,1.2,1.2,1.2,1.2,1.2,1.2,1.2,1.2,1.2,1.2,2.201
110.14482355117798,0.49913859367370605,544,23.500411987304688,1046.5790704848976,23.14853034465429,1,2.2,2.2,1.2,1.2,1.2,1.2,1.2,1.2,1.2,1.2,1.2,1.2,1.2,1.2,1.2,1.2,1.2,1.2,1.2,1.2,2.201
110.64538240432739,0.4812922477722168,0,24.382492065429688,1046.5790704848976,23.14853034465429,2,1.2,1.2,1.2,1.2,1.2,1.2,1.2,1.2,1.2,1.2,1.2,1.2,1.2,1.2,1.2,1.2,1.2,1.2,1.2,1.2,2.201
111.14592838287354,0.4990551471710205,416,19.6611328125,641.8612313529561,21.15849600158943,2,1.2,1.2,1.2,1.2,1.2,1.2,1.2,1.2,1.2,1.2,1.2,1.2,1.2,1.2,1.2,1.2,1.2,1.2,1.2,1.2,2.201
111.64646983146667,0.49913930892944336,576,18.2735595703125,1100.0852757992843,31.520952323693862,2,1.2,1.2,1.2,1.2,1.2,1.2,1.2,1.2,1.2,1.2,1.2,1.2,1.2,1.2,1.2,1.2,1.2,1.2,1.2,1.2,2.201
112.1470136642456,0.49918174743652344,992,18.858169555664062,1304.3826097949363,52.60319656538734,2,1.2,1.2,1.2,1.2,1.2,1.2,1.2,1.2,1.2,1.2,1.2,1.2,1.2,1.2,1.2,1.2,1.2,1.2,1.2,1.2,2.201
112.64755392074585,0.4992408752441406,0,20.228485107421875,1304.3826097949363,52.60319656538734,2,1.2,1.2,1.2,1.2,1.2,1.2,1.2,1.2,1.2,1.2,1.2,1.2,1.2,1.2,1.2,1.2,1.2,1.2,1.2,1.2,2.201
113.14810156822205,0.49913954734802246,864,19.827239990234375,935.0732321020927,43.57641307744048,2,1.2,1.2,1.2,1.2,1.2,1.2,1.2,1.2,1.2,1.2,1.2,1.2,1.2,1.2,1.2,1.2,1.2,1.2,1.2,1.2,2.201
113.64864230155945,0.4991343021392822,0,18.258590698242188,935.0732321020927,43.57641307744048,2,1.2,1.2,1.2,1.2,1.2,1.2,1.2,1.2,1.2,1.2,1.2,1.2,1.2,1.2,1.2,1.2,1.2,1.2,1.2,1.2,2.201
114.14917874336243,0.49915575981140137,1056,18.89862060546875,963.500775971661,55.87709399777157,2,1.2,1.2,1.2,1.2,1.2,1.2,1.2,1.2,1.2,1.2,1.2,1.2,1.2,1.2,1.2,1.2,1.2,1.2,1.2,1.2,2.201
114.64971971511841,0.4992945194244385,0,19.884109497070312,963.500775971661,55.87709399777157,2,1.2,1.2,1.2,1.2,1.2,1.2,1.2,1.2,1.2,1.2,1.2,1.2,1.2,1.2,1.2,1.2,1.2,1.2,1.2,1.2,2.201
115.1502616405487,0.49912095069885254,512,19.552139282226562,856.5036979683849,26.186392834538683,2,1.2,1.2,1.2,1.2,1.2,1.2,1.2,1.2,1.2,1.2,1.2,1.2,1.2,1.2,1.2,1.2,1.2,1.2,1.2,1.2,2.201
115.65076732635498,0.4991121292114258,640,19.534835815429688,1015.518026213968,32.76198510429726,2,1.2,1.2,1.2,1.2,1.2,1.2,1.2,1.2,1.2,1.2,1.2,1.2,1.2,1.2,1.2,1.2,1.2,1.2,1.2,1.2,2.201
116.15126872062683,0.4992716312408447,0,20.37030029296875,1015.518026213968,32.76198510429726,2,1.2,1.2,1.2,1.2,1.2,1.2,1.2,1.2,1.2,1.2,1.2,1.2,1.2,1.2,1.2,1.2,1.2,1.2,1.2,1.2,2.201
116.65180802345276,0.49928760528564453,480,20.7218017578125,526.6586190014602,23.16400888349543,2,1.2,1.2,1.2,1.2,1.2,1.2,1.2,1.2,1.2,1.2,1.2,1.2,1.2,1.2,1.2,1.2,1.2,1.2,1.2,1.2,2.201
117.15231037139893,0.4992492198944092,928,20.30975341796875,1482.0127794606065,45.69233219636069,2,1.2,1.2,1.2,1.2,1.2,1.2,1.2,1.2,1.2,1.2,1.2,1.2,1.2,1.2,1.2,1.2,1.2,1.2,1.2,1.2,2.201
117.65284729003906,0.499281644821167,544,20.16387939453125,974.1815900986105,26.978935419914336,2,1.2,1.2,1.2,1.2,1.2,1.2,1.2,1.2,1.2,1.2,1.2,1.2,1.2,1.2,1.2,1.2,1.2,1.2,1.2,1.2,2.201
118.15334939956665,0.4991738796234131,0,19.680831909179688,974.1815900986105,26.978935419914336,2,1.2,1.2,1.2,1.2,1.2,1.2,1.2,1.2,1.2,1.2,1.2,1.2,1.2,1.2,1.2,1.2,1.2,1.2,1.2,1.2,2.201
118.6538953781128,0.4992811679840088,640,20.220916748046875,632.4097646268888,31.650394884387087,2,1.2,1.2,1.2,1.2,1.2,1.2,1.2,1.2,1.2,1.2,1.2,1.2,1.2,1.2,1.2,1.2,1.2,1.2,1.2,1.2,2.201
119.1544258594513,0.49907374382019043,704,19.153274536132812,1234.5043054727016,36.75611701131825,2,1.2,1.2,1.2,1.2,1.2,1.2,1.2,1.2,1.2,1.2,1.2,1.2,1.2,1.2,1.2,1.2,1.2,1.2,1.2,1.2,2.201
119.65496253967285,0.49919962882995605,576,18.695236206054688,1087.3542628833795,30.809987830667534,2,1.2,1.2,1.2,1.2,1.2,1.2,1.2,1.2,1.2,1.2,1.2,1.2,1.2,1.2,1.2,1.2,1.2,1.2,1.2,1.2,2.201
120.15550255775452,0.49915480613708496,608,19.458145141601562,996.839117628075,31.246554878455218,2,1.2,1.2,1.2,1.2,1.2,1.2,1.2,1.2,1.2,1.2,1.2,1.2,1.2,1.2,1.2,1.2,1.2,1.2,1.2,1.2,2.201
120.65602350234985,0.47592854499816895,0,19.954025268554688,996.839117628075,31.246554878455218,2,1.3,1.3,1.2,1.2,1.2,1.2,1.2,1.2,1.2,1.2,1.2,1.3,1.2,1.2,1.2,1.2,1.2,1.2,1.2,1.2,2.201
121.15655469894409,0.49912405014038086,640,18.12640380859375,1035.4729802426257,35.307610199910435,2,1.3,1.3,1.2,1.2,1.2,1.2,1.2,1.2,1.2,1.2,1.2,1.3,1.2,1.2,1.2,1.2,1.2,1.2,1.2,1.2,2.201
121.65708804130554,0.49915409088134766,576,18.733078002929688,682.4646857604624,30.74775004459591,2,1.3,1.3,1.2,1.2,1.2,1.2,1.2,1.2,1.2,1.2,1.2,1.3,1.2,1.2,1.2,1.2,1.2,1.2,1.2,1.2,2.201
122.15763258934021,0.4991734027862549,544,19.813095092773438,1078.1207620950615,27.456588556848786,2,1.3,1.3,1.2,1.2,1.2,1.2,1.2,1.2,1.2,1.2,1.2,1.3,1.2,1.2,1.2,1.2,1.2,1.2,1.2,1.2,2.201
122.65817213058472,0.4991607666015625,0,19.590484619140625,1078.1207620950615,27.456588556848786,2,1.3,1.3,1.2,1.2,1.2,1.2,1.2,1.2,1.2,1.2,1.2,1.3,1.2,1.2,1.2,1.2,1.2,1.2,1.2,1.2,2.201
123.15867590904236,0.49907422065734863,1120,18.936614990234375,1060.266594806623,59.14467821084099,2,1.3,1.3,1.2,1.2,1.2,1.2,1.2,1.2,1.2,1.2,1.2,1.3,1.2,1.2,1.2,1.2,1.2,1.2,1.2,1.2,2.201
123.65920948982239,0.4992551803588867,640,20.542816162109375,1335.8979231224705,31.154443234538668,2,1.3,1.3,1.2,1.2,1.2,1.2,1.2,1.2,1.2,1.2,1.2,1.3,1.2,1.2,1.2,1.2,1.2,1.2,1.2,1.2,2.201
124.15971374511719,0.49924659729003906,0,20.25091552734375,1335.8979231224705,31.154443234538668,2,1.3,1.3,1.2,1.2,1.2,1.2,1.2,1.2,1.2,1.2,1.2,1.3,1.2,1.2,1.2,1.2,1.2,1.2,1.2,1.2,2.201
124.6602520942688,0.49921488761901855,1024,20.809326171875,1028.1130474745185,49.20870534404881,2,1.3,1.3,1.2,1.2,1.2,1.2,1.2,1.2,1.2,1.2,1.2,1.3,1.2,1.2,1.2,1.2,1.2,1.2,1.2,1.2,2.201
125.16078352928162,0.4992105960845947,0,19.988601684570312,1028.1130474745185,49.20870534404881,2,1.3,1.3,1.2,1.2,1.2,1.2,1.2,1.2,1.2,1.2,1.2,1.3,1.2,1.2,1.2,1.2,1.2,1.2,1.2,1.2,2.201
125.66128611564636,0.4991726875305176,480,19.0897216796875,875.8601789411265,25.14442106878625,2,1.3,1.3,1.2,1.2,1.2,1.2,1.2,1.2,1.2,1.2,1.2,1.3,1.2,1.2,1.2,1.2,1.2,1.2,1.2,1.2,2.201
126.16178631782532,0.49930262565612793,736,20.1856689453125,1323.809271227815,36.461511480941695,2,1.3,1.3,1.2,1.2,1.2,1.2,1.2,1.2,1.2,1.2,1.2,1.3,1.2,1.2,1.2,1.2,1.2,1.2,1.2,1.2,2.201
126.66187596321106,0.4992854595184326,832,20.707626342773438,916.3050943754098,40.178434081622875,2,1.3,1.3,1.2,1.2,1.2,1.2,1.2,1.2,1.2,1.2,1.2,1.3,1.2,1.2,1.2,1.2,1.2,1.2,1.2,1.2,2.201
127.16237783432007,0.49922800064086914,0,19.815200805664062,916.3050943754098,40.178434081622875,2,1.3,1.3,1.2,1.2,1.2,1.2,1.2,1.2,1.2,1.2,1.2,1.3,1.2,1.2,1.2,1.2,1.2,1.2,1.2,1.2,2.201
127.66292667388916,0.49929046630859375,1024,20.761062622070312,1023.9968538380965,49.323101550275354,2,1.3,1.3,1.2,1.2,1.2,1.2,1.2,1.2,1.2,1.2,1.2,1.3,1.2,1.2,1.2,1.2,1.2,1.2,1.2,1.2,2.201
128.16345858573914,0.49915647506713867,0,19.916015625,1023.9968538380965,49.323101550275354,2,1.3,1.3,1.2,1.2,1.2,1.2,1.2,1.2,1.2,1.2,1.2,1.3,1.2,1.2,1.2,1.2,1.2,1.2,1.2,1.2,2.201
128.66401934623718,0.49912095069885254,1152,18.914581298828125,1156.6283940382611,60.905392606886494,2,1.3,1.3,1.2,1.2,1.2,1.2,1.2,1.2,1.2,1.2,1.2,1.3,1.2,1.2,1.2,1.2,1.2,1.2,1.2,1.2,2.201
129.16455340385437,0.4990692138671875,0,19.026535034179688,1156.6283940382611,60.905392606886494,2,1.3,1.3,1.2,1.2,1.2,1.2,1.2,1.2,1.2,1.2,1.2,1.3,1.2,1.2,1.2,1.2,1.2,1.2,1.2,1.2,2.201
129.66510272026062,0.4992189407348633,544,18.596084594726562,561.2883102882138,29.2534698489308,2,1.3,1.3,1.2,1.2,1.2,1.2,1.2,1.2,1.2,1.2,1.2,1.3,1.2,1.2,1.2,1.2,1.2,1.2,1.2,1.2,2.201
130.16563653945923,0.499039888381958,576,18.969635009765625,1283.448370437098,30.3643164300986,2,1.3,1.3,1.2,1.2,1.2,1.2,1.2,1.2,1.2,1.2,1.2,1.3,1.2,1.2,1.2,1.2,1.2,1.2,1.2,1.2,2.201
130.66615223884583,0.4773530960083008,576,19.320327758789062,1024.8878014543095,29.813158823766347,2,1.4,1.4,1.2,1.2,1.2,1.2,1.2,1.2,1.2,1.2,1.2,1.4,1.2,1.2,1.2,1.2,1.2,1.2,1.2,1.2,2.201
131.16668462753296,0.4990854263305664,544,18.111328125,1167.868465003458,30.036449908336028,2,1.4,1.4,1.2,1.2,1.2,1.2,1.2,1.2,1.2,1.2,1.2,1.4,1.2,1.2,1.2,1.2,1.2,1.2,1.2,1.2,2.201
131.66723442077637,0.4991788864135742,704,19.6513671875,1424.5452314486297,35.82447945137405,2,1.4,1.4,1.2,1.2,1.2,1.2,1.2,1.2,1.2,1.2,1.2,1.4,1.2,1.2,1.2,1.2,1.2,1.2,1.2,1.2,2.201
132.167738199234,0.49907803535461426,384,19.577239990234375,864.0679067990884,19.61461371426968,2,1.4,1.4,1.2,1.2,1.2,1.2,1.2,1.2,1.2,1.2,1.2,1.4,1.2,1.2,1.2,1.2,1.2,1.2,1.2,1.2,2.201
132.66827487945557,0.49930238723754883,608,20.570755004882812,1216.998285084541,29.55652331942513,2,1.4,1.4,1.2,1.2,1.2,1.2,1.2,1.2,1.2,1.2,1.2,1.4,1.2,1.2,1.2,1.2,1.2,1.2,1.2,1.2,2.201
133.16880750656128,0.4992823600769043,0,20.607589721679688,1216.998285084541,29.55652331942513,2,1.4,1.4,1.2,1.2,1.2,1.2,1.2,1.2,1.2,1.2,1.2,1.4,1.2,1.2,1.2,1.2,1.2,1.2,1.2,1.2,2.201
133.66934657096863,0.499173641204834,704,19.051895141601562,776.4452062327335,36.951704529527426,2,1.4,1.4,1.2,1.2,1.2,1.2,1.2,1.2,1.2,1.2,1.2,1.4,1.2,1.2,1.2,1.2,1.2,1.2,1.2,1.2,2.201
134.16988015174866,0.4992027282714844,896,19.633529663085938,1257.7580790461607,45.636215972139645,2,1.4,1.4,1.2,1.2,1.2,1.2,1.2,1.2,1.2,1.2,1.2,1.4,1.2,1.2,1.2,1.2,1.2,1.2,1.2,1.2,2.201
134.67042708396912,0.49912476539611816,544,19.615203857421875,2053.411651234733,27.733588901456397,2,1.4,1.4,1.2,1.2,1.2,1.2,1.2,1.2,1.2,1.2,1.2,1.4,1.2,1.2,1.2,1.2,1.2,1.2,1.2,1.2,2.201
135.17093086242676,0.4991436004638672,512,19.660232543945312,900.8212486028467,26.042418310951195,2,1.4,1.4,1.2,1.2,1.2,1.2,1.2,1.2,1.2,1.2,1.2,1.4,1.2,1.2,1.2,1.2,1.2,1.2,1.2,1.2,2.201
135.67147016525269,0.49924635887145996,832,20.6265869140625,1244.8839179171953,40.33629041326129,2,1.4,1.4,1.2,1.2,1.2,1.2,1.2,1.2,1.2,1.2,1.2,1.4,1.2,1.2,1.2,1.2,1.2,1.2,1.2,1.2,2.201
136.17197561264038,0.499157190322876,128,20.011505126953125,343.85591260753375,6.396320476044512,2,1.4,1.4,1.2,1.2,1.2,1.2,1.2,1.2,1.2,1.2,1.2,1.4,1.2,1.2,1.2,1.2,1.2,1.2,1.2,1.2,2.201
136.6725137233734,0.49924468994140625,736,20.533950805664062,1962.4247539761454,35.84307798170932,2,1.4,1.4,1.2,1.2,1.2,1.2,1.2,1.2,1.2,1.2,1.2,1.4,1.2,1.2,1.2,1.2,1.2,1.2,1.2,1.2,2.201
137.1730456352234,0.4992184638977051,0,19.98651123046875,1962.4247539761454,35.84307798170932,2,1.4,1.4,1.2,1.2,1.2,1.2,1.2,1.2,1.2,1.2,1.2,1.4,1.2,1.2,1.2,1.2,1.2,1.2,1.2,1.2,2.201
137.67354798316956,0.4992358684539795,672,18.924041748046875,799.9990936556367,35.510384565144825,2,1.4,1.4,1.2,1.2,1.2,1.2,1.2,1.2,1.2,1.2,1.2,1.4,1.2,1.2,1.2,1.2,1.2,1.2,1.2,1.2,2.201
138.1740481853485,0.49925780296325684,960,20.394210815429688,1048.0384474510263,47.072181840627586,2,1.4,1.4,1.2,1.2,1.2,1.2,1.2,1.2,1.2,1.2,1.2,1.4,1.2,1.2,1.2,1.2,1.2,1.2,1.2,1.2,2.201
138.67458152770996,0.49922990798950195,0,20.940505981445312,1048.0384474510263,47.072181840627586,2,1.4,1.4,1.2,1.2,1.2,1.2,1.2,1.2,1.2,1.2,1.2,1.4,1.2,1.2,1.2,1.2,1.2,1.2,1.2,1.2,2.201
139.17508554458618,0.4991002082824707,928,20.420303344726562,1004.3262259862692,45.4449664304155,2,1.4,1.4,1.2,1.2,1.2,1.2,1.2,1.2,1.2,1.2,1.2,1.4,1.2,1.2,1.2,1.2,1.2,1.2,1.2,1.2,2.201
139.6756193637848,0.4992380142211914,768,21.086441040039062,1612.2413516779059,36.42150889956807,2,1.4,1.4,1.2,1.2,1.2,1.2,1.2,1.2,1.2,1.2,1.2,1.4,1.2,1.2,1.2,1.2,1.2,1.2,1.2,1.2,2.201
140.17613697052002,0.4991273880004883,320,20.361526489257812,702.3047572951486,15.715914038607238,2,1.4,1.4,1.2,1.2,1.2,1.2,1.2,1.2,1.2,1.2,1.2,1.4,1.2,1.2,1.2,1.2,1.2,1.2,1.2,1.2,2.201
140.67665481567383,0.4781360626220703,512,22.379806518554688,1195.3226190726,22.877767043048838,2,1.5,1.5,1.2,1.2,1.2,1.2,1.2,1.2,1.2,1.2,1.2,1.5,1.2,1.2,1.2,1.2,1.2,1.2,1.2,1.2,2.201
141.17715668678284,0.49924278259277344,608,22.819747924804688,1226.6380712590228,26.643589666435975,2,1.5,1.5,1.2,1.2,1.2,1.2,1.2,1.2,1.2,1.2,1.2,1.5,1.2,1.2,1.2,1.2,1.2,1.2,1.2,1.2,2.201
141.67765951156616,0.4993100166320801,352,21.071456909179688,854.4795582973525,16.70506228008623,2,1.5,1.5,1.2,1.2,1.2,1.2,1.2,1.2,1.2,1.2,1.2,1.5,1.2,1.2,1.2,1.2,1.2,1.2,1.2,1.2,2.201
142.17815232276917,0.4992818832397461,672,21.494476318359375,1460.6990976361194,31.263846117805407,2,1.5,1.5,1.2,1.2,1.2,1.2,1.2,1.2,1.2,1.2,1.2,1.5,1.2,1.2,1.2,1.2,1.2,1.2,1.2,1.2,2.201
142.67868375778198,0.4992215633392334,512,21.341018676757812,1111.8760092188038,23.99135710225546,2,1.5,1.5,1.2,1.2,1.2,1.2,1.2,1.2,1.2,1.2,1.2,1.5,1.2,1.2,1.2,1.2,1.2,1.2,1.2,1.2,2.201
143.17917943000793,0.4991781711578369,800,20.505126953125,1740.9538532204858,39.014632868589935,2,1.5,1.5,1.2,1.2,1.2,1.2,1.2,1.2,1.2,1.2,1.2,1.5,1.2,1.2,1.2,1.2,1.2,1.2,1.2,1.2,2.201
143.67968082427979,0.4992554187774658,608,21.506362915039062,748.7665638761374,28.270703065967286,2,1.5,1.5,1.2,1.2,1.2,1.2,1.2,1.2,1.2,1.2,1.2,1.5,1.2,1.2,1.2,1.2,1.2,1.2,1.2,1.2,2.201
144.18021059036255,0.49923276901245117,576,21.611541748046875,1295.8135003943705,26.652425204789267,2,1.5,1.5,1.2,1.2,1.2,1.2,1.2,1.2,1.2,1.2,1.2,1.5,1.2,1.2,1.2,1.2,1.2,1.2,1.2,1.2,2.201
144.68071794509888,0.49916529655456543,448,20.86236572265625,1067.9693282041908,21.47407470253855,2,1.5,1.5,1.2,1.2,1.2,1.2,1.2,1.2,1.2,1.2,1.2,1.5,1.2,1.2,1.2,1.2,1.2,1.2,1.2,1.2,2.201
145.18122029304504,0.49932003021240234,672,21.591400146484375,1458.6167298875853,31.1235026649913,2,1.5,1.5,1.2,1.2,1.2,1.2,1.2,1.2,1.2,1.2,1.2,1.5,1.2,1.2,1.2,1.2,1.2,1.2,1.2,1.2,2.201
145.68176412582397,0.4992804527282715,768,20.93817138671875,1525.9569227762934,36.679420844131045,2,1.5,1.5,1.2,1.2,1.2,1.2,1.2,1.2,1.2,1.2,1.2,1.5,1.2,1.2,1.2,1.2,1.2,1.2,1.2,1.2,2.201
146.18231630325317,0.4992082118988037,672,19.663818359375,865.9765684753983,34.17444098183579,2,1.5,1.5,1.2,1.2,1.2,1.2,1.2,1.2,1.2,1.2,1.2,1.5,1.2,1.2,1.2,1.2,1.2,1.2,1.2,1.2,2.201
146.68287825584412,0.499309778213501,704,20.710891723632812,1528.5589634725375,33.99177637516586,2,1.5,1.5,1.2,1.2,1.2,1.2,1.2,1.2,1.2,1.2,1.2,1.5,1.2,1.2,1.2,1.2,1.2,1.2,1.2,1.2,2.201
147.1833791732788,0.4991109371185303,576,19.554306030273438,1322.8145362939372,29.456427607722446,2,1.5,1.5,1.2,1.2,1.2,1.2,1.2,1.2,1.2,1.2,1.2,1.5,1.2,1.2,1.2,1.2,1.2,1.2,1.2,1.2,2.201
147.68391227722168,0.4991486072540283,288,20.45904541015625,691.1980204066706,14.076903111864224,2,1.5,1.5,1.2,1.2,1.2,1.2,1.2,1.2,1.2,1.2,1.2,1.5,1.2,1.2,1.2,1.2,1.2,1.2,1.2,1.2,2.201
148.18444418907166,0.49913692474365234,736,20.283599853515625,1645.3167505761073,36.28547226898848,2,1.5,1.5,1.2,1.2,1.2,1.2,1.2,1.2,1.2,1.2,1.2,1.5,1.2,1.2,1.2,1.2,1.2,1.2,1.2,1.2,2.201
148.6849856376648,0.49917030334472656,544,19.743606567382812,1095.2883423101177,27.5532232747541,2,1.5,1.5,1.2,1.2,1.2,1.2,1.2,1.2,1.2,1.2,1.2,1.5,1.2,1.2,1.2,1.2,1.2,1.2,1.2,1.2,2.201
149.18548822402954,0.49921560287475586,576,19.580825805664062,1299.265932317292,29.416532566945307,2,1.5,1.5,1.2,1.2,1.2,1.2,1.2,1.2,1.2,1.2,1.2,1.5,1.2,1.2,1.2,1.2,1.2,1.2,1.2,1.2,2.201
149.68601846694946,0.49924683570861816,608,20.232940673828125,791.6668450695496,30.050006561155246,2,1.5,1.5,1.2,1.2,1.2,1.2,1.2,1.2,1.2,1.2,1.2,1.5,1.2,1.2,1.2,1.2,1.2,1.2,1.2,1.2,2.201
150.18655014038086,0.49921131134033203,672,19.93280029296875,1270.0005523829873,33.71327611389587,2,1.5,1.5,1.2,1.2,1.2,1.2,1.2,1.2,1.2,1.2,1.2,1.5,1.2,1.2,1.2,1.2,1.2,1.2,1.2,1.2,2.201
150.68706274032593,0.4769101142883301,640,20.463668823242188,1527.930453092238,31.274939285232275,2,1.6,1.6,1.2,1.2,1.2,1.2,1.2,1.2,1.2,1.2,1.2,1.6,1.2,1.2,1.2,1.2,1.2,1.2,1.2,1.2,2.201
151.18755960464478,0.49913454055786133,0,19.390838623046875,1527.930453092238,31.274939285232275,2,1.6,1.6,1.2,1.2,1.2,1.2,1.2,1.2,1.2,1.2,1.2,1.6,1.2,1.2,1.2,1.2,1.2,1.2,1.2,1.2,2.201
151.68809342384338,0.4992358684539795,704,21.34490966796875,931.2118836155795,32.98210256923495,2,1.6,1.6,1.2,1.2,1.2,1.2,1.2,1.2,1.2,1.2,1.2,1.6,1.2,1.2,1.2,1.2,1.2,1.2,1.2,1.2,2.201
152.18862867355347,0.49919915199279785,928,20.693801879882812,1143.8164941633072,44.84434544152769,2,1.6,1.6,1.2,1.2,1.2,1.2,1.2,1.2,1.2,1.2,1.2,1.6,1.2,1.2,1.2,1.2,1.2,1.2,1.2,1.2,2.201
152.68918132781982,0.4991927146911621,0,20.672927856445312,1143.8164941633072,44.84434544152769,2,1.6,1.6,1.2,1.2,1.2,1.2,1.2,1.2,1.2,1.2,1.2,1.6,1.2,1.2,1.2,1.2,1.2,1.2,1.2,1.2,2.201
153.18968987464905,0.4991762638092041,1152,20.9232177734375,1351.0395718414472,55.05845288588881,2,1.6,1.6,1.2,1.2,1.2,1.2,1.2,1.2,1.2,1.2,1.2,1.6,1.2,1.2,1.2,1.2,1.2,1.2,1.2,1.2,2.201
153.6902208328247,0.49927401542663574,864,21.04913330078125,1598.8129937017038,41.04682067683671,2,1.6,1.6,1.2,1.2,1.2,1.2,1.2,1.2,1.2,1.2,1.2,1.6,1.2,1.2,1.2,1.2,1.2,1.2,1.2,1.2,2.201
154.1907298564911,0.4991929531097412,512,20.073898315429688,1490.112433731491,25.505758371130838,2,1.6,1.6,1.2,1.2,1.2,1.2,1.2,1.2,1.2,1.2,1.2,1.6,1.2,1.2,1.2,1.2,1.2,1.2,1.2,1.2,2.201
154.69128346443176,0.4992983341217041,672,21.012054443359375,903.2243796521766,31.98164186236335,2,1.6,1.6,1.2,1.2,1.2,1.2,1.2,1.2,1.2,1.2,1.2,1.6,1.2,1.2,1.2,1.2,1.2,1.2,1.2,1.2,2.201
155.19178414344788,0.4991037845611572,480,20.005126953125,1313.8872147873672,23.993849232984708,2,1.6,1.6,1.2,1.2,1.2,1.2,1.2,1.2,1.2,1.2,1.2,1.6,1.2,1.2,1.2,1.2,1.2,1.2,1.2,1.2,2.201
155.6923167705536,0.4993269443511963,608,20.526763916015625,1361.1819603677357,29.619866165344227,2,1.6,1.6,1.2,1.2,1.2,1.2,1.2,1.2,1.2,1.2,1.2,1.6,1.2,1.2,1.2,1.2,1.2,1.2,1.2,1.2,2.201
156.19284868240356,0.4992084503173828,640,20.15966796875,1490.8616133660562,31.746554605565915,2,1.6,1.6,1.2,1.2,1.2,1.2,1.2,1.2,1.2,1.2,1.2,1.6,1.2,1.2,1.2,1.2,1.2,1.2,1.2,1.2,2.201
156.69338583946228,0.4992222785949707,512,19.5892333984375,1258.8670246708468,26.13680635613024,2,1.6,1.6,1.2,1.2,1.2,1.2,1.2,1.2,1.2,1.2,1.2,1.6,1.2,1.2,1.2,1.2,1.2,1.2,1.2,1.2,2.201
157.19392848014832,0.4992411136627197,704,20.061691284179688,897.3228355907637,35.091757221643746,2,1.6,1.6,1.2,1.2,1.2,1.2,1.2,1.2,1.2,1.2,1.2,1.6,1.2,1.2,1.2,1.2,1.2,1.2,1.2,1.2,2.201
157.69445753097534,0.4992859363555908,800,20.827896118164062,1749.1753836759385,38.410024491255164,2,1.6,1.6,1.2,1.2,1.2,1.2,1.2,1.2,1.2,1.2,1.2,1.6,1.2,1.2,1.2,1.2,1.2,1.2,1.2,1.2,2.201
158.1950032711029,0.49918341636657715,544,20.070236206054688,1408.99885651486,27.104813038318344,2,1.6,1.6,1.2,1.2,1.2,1.2,1.2,1.2,1.2,1.2,1.2,1.6,1.2,1.2,1.2,1.2,1.2,1.2,1.2,1.2,2.201
158.69553780555725,0.4992349147796631,704,19.852432250976562,887.6922844485358,35.46164979182183,2,1.6,1.6,1.2,1.2,1.2,1.2,1.2,1.2,1.2,1.2,1.2,1.6,1.2,1.2,1.2,1.2,1.2,1.2,1.2,1.2,2.201
159.19604206085205,0.4991621971130371,704,20.150360107421875,1659.6132619293444,34.93734088358547,2,1.6,1.6,1.2,1.2,1.2,1.2,1.2,1.2,1.2,1.2,1.2,1.6,1.2,1.2,1.2,1.2,1.2,1.2,1.2,1.2,2.201
159.69654440879822,0.49924421310424805,576,21.29278564453125,1430.217344103631,27.05141589343607,2,1.6,1.6,1.2,1.2,1.2,1.2,1.2,1.2,1.2,1.2,1.2,1.6,1.2,1.2,1.2,1.2,1.2,1.2,1.2,1.2,2.201
160.1970455646515,0.499279260635376,448,21.36712646484375,1150.807426006531,20.966787496536497,2,1.6,1.6,1.2,1.2,1.2,1.2,1.2,1.2,1.2,1.2,1.2,1.6,1.2,1.2,1.2,1.2,1.2,1.2,1.2,1.2,2.201
160.69753408432007,0.4788053035736084,832,22.605636596679688,1782.7034272905971,36.80497987489563,2,1.7,1.7,1.2,1.2,1.2,1.2,1.2,1.2,1.2,1.2,1.2,1.7,1.2,1.2,1.2,1.2,1.2,1.2,1.2,1.2,2.201
161.19803547859192,0.4992868900299072,608,20.91717529296875,812.8344445693443,29.06702226683435,2,1.7,1.7,1.2,1.2,1.2,1.2,1.2,1.2,1.2,1.2,1.2,1.7,1.2,1.2,1.2,1.2,1.2,1.2,1.2,1.2,2.201
161.69853615760803,0.4992692470550537,608,21.3787841796875,1546.2709422894907,28.439409598309876,2,1.7,1.7,1.2,1.2,1.2,1.2,1.2,1.2,1.2,1.2,1.2,1.7,1.2,1.2,1.2,1.2,1.2,1.2,1.2,1.2,2.201
162.19903826713562,0.499284029006958,608,21.308914184570312,1494.6009738428347,28.532659840558654,2,1.7,1.7,1.2,1.2,1.2,1.2,1.2,1.2,1.2,1.2,1.2,1.7,1.2,1.2,1.2,1.2,1.2,1.2,1.2,1.2,2.201
162.69956851005554,0.49927449226379395,1152,21.915817260742188,1492.2304349663348,52.564774851612675,2,1.7,1.7,1.2,1.2,1.2,1.2,1.2,1.2,1.2,1.2,1.2,1.7,1.2,1.2,1.2,1.2,1.2,1.2,1.2,1.2,2.201
163.20007038116455,0.49922657012939453,384,20.875808715820312,1048.2530888051506,18.394496961882645,2,1.7,1.7,1.2,1.2,1.2,1.2,1.2,1.2,1.2,1.2,1.2,1.7,1.2,1.2,1.2,1.2,1.2,1.2,1.2,1.2,2.201
163.7005739212036,0.4993100166320801,864,21.397506713867188,1708.6019161232734,40.37853622637554,2,1.7,1.7,1.2,1.2,1.2,1.2,1.2,1.2,1.2,1.2,1.2,1.7,1.2,1.2,1.2,1.2,1.2,1.2,1.2,1.2,2.201
164.20107650756836,0.49921202659606934,0,22.024002075195312,1708.6019161232734,40.37853622637554,2,1.7,1.7,1.2,1.2,1.2,1.2,1.2,1.2,1.2,1.2,1.2,1.7,1.2,1.2,1.2,1.2,1.2,1.2,1.2,1.2,2.201
164.70161199569702,0.4992678165435791,1280,21.876296997070312,1200.3901768717649,58.51081653222291,2,1.7,1.7,1.2,1.2,1.2,1.2,1.2,1.2,1.2,1.2,1.2,1.7,1.2,1.2,1.2,1.2,1.2,1.2,1.2,1.2,2.201
165.20211625099182,0.49919652938842773,320,21.101882934570312,884.7500960808326,15.164523516323639,2,1.7,1.7,1.2,1.2,1.2,1.2,1.2,1.2,1.2,1.2,1.2,1.7,1.2,1.2,1.2,1.2,1.2,1.2,1.2,1.2,2.201
165.7026174068451,0.4992399215698242,736,21.3958740234375,1709.9334663258053,34.39915561260876,2,1.7,1.7,1.2,1.2,1.2,1.2,1.2,1.2,1.2,1.2,1.2,1.7,1.2,1.2,1.2,1.2,1.2,1.2,1.2,1.2,2.201
166.203120470047,0.4993255138397217,192,21.347579956054688,575.5856609374611,8.993993717097856,2,1.7,1.7,1.2,1.2,1.2,1.2,1.2,1.2,1.2,1.2,1.2,1.7,1.2,1.2,1.2,1.2,1.2,1.2,1.2,1.2,2.201
166.70362424850464,0.49922966957092285,1472,21.375,1777.7850089735882,68.86549707602339,2,1.7,1.7,1.2,1.2,1.2,1.2,1.2,1.2,1.2,1.2,1.2,1.7,1.2,1.2,1.2,1.2,1.2,1.2,1.2,1.2,2.201
167.20415353775024,0.49927520751953125,0,21.691513061523438,1777.7850089735882,68.86549707602339,2,1.7,1.7,1.2,1.2,1.2,1.2,1.2,1.2,1.2,1.2,1.2,1.7,1.2,1.2,1.2,1.2,1.2,1.2,1.2,1.2,2.201
167.70465469360352,0.4992051124572754,1120,20.781845092773438,1030.8448431159466,53.89319355428467,2,1.7,1.7,1.2,1.2,1.2,1.2,1.2,1.2,1.2,1.2,1.2,1.7,1.2,1.2,1.2,1.2,1.2,1.2,1.2,1.2,2.201
168.20515656471252,0.4993252754211426,768,21.146286010742188,1708.5144904954757,36.31843433924333,2,1.7,1.7,1.2,1.2,1.2,1.2,1.2,1.2,1.2,1.2,1.2,1.7,1.2,1.2,1.2,1.2,1.2,1.2,1.2,1.2,2.201
168.70569491386414,0.49929332733154297,0,21.31793212890625,1708.5144904954757,36.31843433924333,2,1.7,1.7,1.2,1.2,1.2,1.2,1.2,1.2,1.2,1.2,1.2,1.7,1.2,1.2,1.2,1.2,1.2,1.2,1.2,1.2,2.201
169.20619893074036,0.49922657012939453,1024,20.641494750976562,1376.3501816829996,49.60881042549275,2,1.7,1.7,1.2,1.2,1.2,1.2,1.2,1.2,1.2,1.2,1.2,1.7,1.2,1.2,1.2,1.2,1.2,1.2,1.2,1.2,2.201
169.7067015171051,0.4992513656616211,896,20.908065795898438,1172.7699105361908,42.85427493612391,2,1.7,1.7,1.2,1.2,1.2,1.2,1.2,1.2,1.2,1.2,1.2,1.7,1.2,1.2,1.2,1.2,1.2,1.2,1.2,1.2,2.201
170.20720767974854,0.49930858612060547,672,21.696807861328125,1370.5225049672513,30.972298058543295,2,1.7,1.7,1.2,1.2,1.2,1.2,1.2,1.2,1.2,1.2,1.2,1.7,1.2,1.2,1.2,1.2,1.2,1.2,1.2,1.2,2.201
170.7076930999756,0.4784708023071289,640,25.312942504882812,1769.5473475520585,25.283508619219017,2,1.8,1.8,1.2,1.2,1.2,1.2,1.2,1.2,1.2,1.2,1.2,1.8,1.2,1.2,1.2,1.2,1.2,1.2,1.2,1.2,2.201
171.20822620391846,0.49921441078186035,640,21.4617919921875,975.6060614922936,29.820436254017007,2,1.8,1.8,1.2,1.2,1.2,1.2,1.2,1.2,1.2,1.2,1.2,1.8,1.2,1.2,1.2,1.2,1.2,1.2,1.2,1.2,2.201
171.70875763893127,0.4992096424102783,672,21.650894165039062,1680.6120002046769,31.0379790727127,2,1.8,1.8,1.2,1.2,1.2,1.2,1.2,1.2,1.2,1.2,1.2,1.8,1.2,1.2,1.2,1.2,1.2,1.2,1.2,1.2,2.201
172.20926094055176,0.4992685317993164,608,21.186370849609375,1766.7081879231857,28.69769458468674,2,1.8,1.8,1.2,1.2,1.2,1.2,1.2,1.2,1.2,1.2,1.2,1.8,1.2,1.2,1.2,1.2,1.2,1.2,1.2,1.2,2.201
172.70976614952087,0.4992375373840332,928,21.949600219726562,1254.0478352741181,42.278674358997534,2,1.8,1.8,1.2,1.2,1.2,1.2,1.2,1.2,1.2,1.2,1.2,1.8,1.2,1.2,1.2,1.2,1.2,1.2,1.2,1.2,2.201
173.21026825904846,0.49927496910095215,608,22.26263427734375,1584.4969529777993,27.31033499565457,2,1.8,1.8,1.2,1.2,1.2,1.2,1.2,1.2,1.2,1.2,1.2,1.8,1.2,1.2,1.2,1.2,1.2,1.2,1.2,1.2,2.201
173.7107698917389,0.49930238723754883,672,22.173385620117188,1499.0554425107061,30.306603218514198,2,1.8,1.8,1.2,1.2,1.2,1.2,1.2,1.2,1.2,1.2,1.2,1.8,1.2,1.2,1.2,1.2,1.2,1.2,1.2,1.2,2.201
174.21127247810364,0.4992663860321045,448,21.967559814453125,751.5548791156003,20.393707985046532,2,1.8,1.8,1.2,1.2,1.2,1.2,1.2,1.2,1.2,1.2,1.2,1.8,1.2,1.2,1.2,1.2,1.2,1.2,1.2,1.2,2.201
174.71177792549133,0.49929261207580566,608,22.101974487304688,2535.806110083078,27.50885448488928,2,1.8,1.8,1.2,1.2,1.2,1.2,1.2,1.2,1.2,1.2,1.2,1.8,1.2,1.2,1.2,1.2,1.2,1.2,1.2,1.2,2.201
175.21228337287903,0.49924373626708984,1280,22.338455200195312,1424.440080117322,57.30029174035314,2,1.8,1.8,1.2,1.2,1.2,1.2,1.2,1.2,1.2,1.2,1.2,1.8,1.2,1.2,1.2,1.2,1.2,1.2,1.2,1.2,2.201
175.71278858184814,0.49926066398620605,256,22.141891479492188,796.1786901469568,11.561794539418962,2,1.8,1.8,1.2,1.2,1.2,1.2,1.2,1.2,1.2,1.2,1.2,1.8,1.2,1.2,1.2,1.2,1.2,1.2,1.2,1.2,2.201
176.2132923603058,0.49927616119384766,1024,22.116165161132812,1419.8961814608285,46.30097453782759,2,1.8,1.8,1.2,1.2,1.2,1.2,1.2,1.2,1.2,1.2,1.2,1.8,1.2,1.2,1.2,1.2,1.2,1.2,1.2,1.2,2.201
176.71379613876343,0.49927830696105957,0,22.152374267578125,1419.8961814608285,46.30097453782759,2,1.8,1.8,1.2,1.2,1.2,1.2,1.2,1.2,1.2,1.2,1.2,1.8,1.2,1.2,1.2,1.2,1.2,1.2,1.2,1.2,2.201
177.2143111228943,0.49930500984191895,1152,21.9136962890625,1559.2437078580379,52.56986246427915,2,1.8,1.8,1.2,1.2,1.2,1.2,1.2,1.2,1.2,1.2,1.2,1.8,1.2,1.2,1.2,1.2,1.2,1.2,1.2,1.2,2.201
177.71481442451477,0.49930262565612793,992,21.806854248046875,1377.781503002263,45.49028432603241,2,1.8,1.8,1.2,1.2,1.2,1.2,1.2,1.2,1.2,1.2,1.2,1.8,1.2,1.2,1.2,1.2,1.2,1.2,1.2,1.2,2.201
178.2153172492981,0.4992809295654297,608,22.113540649414062,1653.2048717019404,27.494466383252384,2,1.8,1.8,1.2,1.2,1.2,1.2,1.2,1.2,1.2,1.2,1.2,1.8,1.2,1.2,1.2,1.2,1.2,1.2,1.2,1.2,2.201
178.71582174301147,0.4992697238922119,608,22.019058227539062,1582.3809248669058,27.612443444087866,2,1.8,1.8,1.2,1.2,1.2,1.2,1.2,1.2,1.2,1.2,1.2,1.8,1.2,1.2,1.2,1.2,1.2,1.2,1.2,1.2,2.201
179.21632623672485,0.49929261207580566,928,21.810928344726562,1303.3744241612853,42.547478279363176,2,1.8,1.8,1.2,1.2,1.2,1.2,1.2,1.2,1.2,1.2,1.2,1.8,1.2,1.2,1.2,1.2,1.2,1.2,1.2,1.2,2.201
179.71682906150818,0.49926185607910156,672,22.008529663085938,1354.6187425805026,30.533616297281313,2,1.8,1.8,1.2,1.2,1.2,1.2,1.2,1.2,1.2,1.2,1.2,1.8,1.2,1.2,1.2,1.2,1.2,1.2,1.2,1.2,2.201
180.21733355522156,0.49927330017089844,608,22.039077758789062,1924.51918666259,27.587361261409086,2,1.8,1.8,1.2,1.2,1.2,1.2,1.2,1.2,1.2,1.2,1.2,1.8,1.2,1.2,1.2,1.2,1.2,1.2,1.2,1.2,2.201
180.71781826019287,0.4782145023345947,608,23.05133056640625,980.6496878467211,26.375917791316827,2,1.9,1.9,1.2,1.2,1.2,1.2,1.2,1.2,1.2,1.2,1.2,1.9,1.2,1.2,1.2,1.2,1.2,1.2,1.2,1.2,2.201
181.21832299232483,0.4992339611053467,512,21.826400756835938,1475.467529687193,23.457830070294285,2,1.9,1.9,1.2,1.2,1.2,1.2,1.2,1.2,1.2,1.2,1.2,1.9,1.2,1.2,1.2,1.2,1.2,1.2,1.2,1.2,2.201
181.71883416175842,0.4992082118988037,1088,22.298812866210938,1747.5924320431914,48.79183508681892,2,1.9,1.9,1.2,1.2,1.2,1.2,1.2,1.2,1.2,1.2,1.2,1.9,1.2,1.2,1.2,1.2,1.2,1.2,1.2,1.2,2.201
182.21933960914612,0.49920058250427246,320,22.377578735351562,789.0098515519016,14.300027888829263,2,1.9,1.9,1.2,1.2,1.2,1.2,1.2,1.2,1.2,1.2,1.2,1.9,1.2,1.2,1.2,1.2,1.2,1.2,1.2,1.2,2.201
182.71984577178955,0.4992403984069824,1184,22.33740234375,1699.076114001311,53.00526810501235,2,1.9,1.9,1.2,1.2,1.2,1.2,1.2,1.2,1.2,1.2,1.2,1.9,1.2,1.2,1.2,1.2,1.2,1.2,1.2,1.2,2.201
183.22035121917725,0.499251127243042,512,22.272293090820312,1592.4390117819921,22.988203231351356,2,1.9,1.9,1.2,1.2,1.2,1.2,1.2,1.2,1.2,1.2,1.2,1.9,1.2,1.2,1.2,1.2,1.2,1.2,1.2,1.2,2.201
183.72085762023926,0.4992852210998535,640,22.46136474609375,1673.291968033179,28.4933710500072,2,1.9,1.9,1.2,1.2,1.2,1.2,1.2,1.2,1.2,1.2,1.2,1.9,1.2,1.2,1.2,1.2,1.2,1.2,1.2,1.2,2.201
184.22136425971985,0.4991912841796875,1024,22.059310913085938,1497.0698238821433,46.42030768932799,2,1.9,1.9,1.2,1.2,1.2,1.2,1.2,1.2,1.2,1.2,1.2,1.9,1.2,1.2,1.2,1.2,1.2,1.2,1.2,1.2,2.201
184.72186756134033,0.4992256164550781,704,22.979156494140625,1718.3621071446214,30.63645961850299,2,1.9,1.9,1.2,1.2,1.2,1.2,1.2,1.2,1.2,1.2,1.2,1.9,1.2,1.2,1.2,1.2,1.2,1.2,1.2,1.2,2.201
185.2223722934723,0.49928903579711914,544,22.423110961914062,1607.9980233245012,24.260683583290064,2,1.9,1.9,1.2,1.2,1.2,1.2,1.2,1.2,1.2,1.2,1.2,1.9,1.2,1.2,1.2,1.2,1.2,1.2,1.2,1.2,2.201
185.72288060188293,0.4992940425872803,768,22.090301513671875,1222.9372006821948,34.76638829599851,2,1.9,1.9,1.2,1.2,1.2,1.2,1.2,1.2,1.2,1.2,1.2,1.9,1.2,1.2,1.2,1.2,1.2,1.2,1.2,1.2,2.201
186.2233853340149,0.49919843673706055,1120,21.91253662109375,1546.959474476705,51.11229335821623,2,1.9,1.9,1.2,1.2,1.2,1.2,1.2,1.2,1.2,1.2,1.2,1.9,1.2,1.2,1.2,1.2,1.2,1.2,1.2,1.2,2.201
186.723890542984,0.4991722106933594,0,22.83038330078125,1546.959474476705,51.11229335821623,2,1.9,1.9,1.2,1.2,1.2,1.2,1.2,1.2,1.2,1.2,1.2,1.9,1.2,1.2,1.2,1.2,1.2,1.2,1.2,1.2,2.201
187.2243959903717,0.4991934299468994,1056,21.8631591796875,1434.7840710580008,48.30043047855145,2,1.9,1.9,1.2,1.2,1.2,1.2,1.2,1.2,1.2,1.2,1.2,1.9,1.2,1.2,1.2,1.2,1.2,1.2,1.2,1.2,2.201
187.72490572929382,0.4992196559906006,1184,22.797256469726562,1541.66687386899,51.93607404348341,2,1.9,1.9,1.2,1.2,1.2,1.2,1.2,1.2,1.2,1.2,1.2,1.9,1.2,1.2,1.2,1.2,1.2,1.2,1.2,1.2,2.201
188.22542071342468,0.4992368221282959,832,22.550262451171875,1395.973920253392,36.8953577281653,2,1.9,1.9,1.2,1.2,1.2,1.2,1.2,1.2,1.2,1.2,1.2,1.9,1.2,1.2,1.2,1.2,1.2,1.2,1.2,1.2,2.201
188.72592997550964,0.4992794990539551,576,22.249603271484375,1247.5356568185462,25.888102047114494,2,1.9,1.9,1.2,1.2,1.2,1.2,1.2,1.2,1.2,1.2,1.2,1.9,1.2,1.2,1.2,1.2,1.2,1.2,1.2,1.2,2.201
189.2264461517334,0.49923086166381836,512,22.298507690429688,2113.1516446813002,22.96117781100417,2,1.9,1.9,1.2,1.2,1.2,1.2,1.2,1.2,1.2,1.2,1.2,1.9,1.2,1.2,1.2,1.2,1.2,1.2,1.2,1.2,2.201
189.7269492149353,0.49926161766052246,800,22.322830200195312,1204.8148245404711,35.8377496413067,2,1.9,1.9,1.2,1.2,1.2,1.2,1.2,1.2,1.2,1.2,1.2,1.9,1.2,1.2,1.2,1.2,1.2,1.2,1.2,1.2,2.201
190.2274661064148,0.49926233291625977,672,22.171279907226562,1859.1010016922055,30.309481582115005,2,1.9,1.9,1.2,1.2,1.2,1.2,1.2,1.2,1.2,1.2,1.2,1.9,1.2,1.2,1.2,1.2,1.2,1.2,1.2,1.2,2.201
190.72795391082764,0.4788222312927246,1088,23.536956787109375,1359.406514362298,46.2251772750788,2,2.0,2.0,1.2,1.2,1.2,1.2,1.2,1.2,1.2,1.2,1.2,2.0,1.2,1.2,1.2,1.2,1.2,1.2,1.2,1.2,2.201
191.22845935821533,0.4992191791534424,288,21.924423217773438,1251.1872909088438,13.136035422201095,2,2.0,2.0,1.2,1.2,1.2,1.2,1.2,1.2,1.2,1.2,1.2,2.0,1.2,1.2,1.2,1.2,1.2,1.2,1.2,1.2,2.201
191.7289640903473,0.49923086166381836,1024,23.0008544921875,1570.547889851812,44.52008512761181,2,2.0,2.0,1.2,1.2,1.2,1.2,1.2,1.2,1.2,1.2,1.2,2.0,1.2,1.2,1.2,1.2,1.2,1.2,1.2,1.2,2.201
192.2294683456421,0.49916601181030273,480,23.059906005859375,1717.670907032094,20.815349372110845,2,2.0,2.0,1.2,1.2,1.2,1.2,1.2,1.2,1.2,1.2,1.2,2.0,1.2,1.2,1.2,1.2,1.2,1.2,1.2,1.2,2.201
192.7300043106079,0.4992685317993164,1248,22.731048583984375,1531.5551513376115,54.90287856228964,2,2.0,2.0,1.2,1.2,1.2,1.2,1.2,1.2,1.2,1.2,1.2,2.0,1.2,1.2,1.2,1.2,1.2,1.2,1.2,1.2,2.201
193.23052048683167,0.4991633892059326,736,21.831558227539062,1816.9112504011396,33.712664589904755,2,2.0,2.0,1.2,1.2,1.2,1.2,1.2,1.2,1.2,1.2,1.2,2.0,1.2,1.2,1.2,1.2,1.2,1.2,1.2,1.2,2.201
193.7310254573822,0.49922847747802734,704,22.47943115234375,1362.7329548827759,31.31751845627106,2,2.0,2.0,1.2,1.2,1.2,1.2,1.2,1.2,1.2,1.2,1.2,2.0,1.2,1.2,1.2,1.2,1.2,1.2,1.2,1.2,2.201
194.23154973983765,0.4992401599884033,416,22.31353759765625,1510.2243190912575,18.643390729926008,2,2.0,2.0,1.2,1.2,1.2,1.2,1.2,1.2,1.2,1.2,1.2,2.0,1.2,1.2,1.2,1.2,1.2,1.2,1.2,1.2,2.201
194.73205590248108,0.49926066398620605,1120,22.762802124023438,1678.2865700744405,49.203081145179965,2,2.0,2.0,1.2,1.2,1.2,1.2,1.2,1.2,1.2,1.2,1.2,2.0,1.2,1.2,1.2,1.2,1.2,1.2,1.2,1.2,2.201
195.23261737823486,0.49919652938842773,288,22.653762817382812,824.7470696706044,12.713119772712117,2,2.0,2.0,1.2,1.2,1.2,1.2,1.2,1.2,1.2,1.2,1.2,2.0,1.2,1.2,1.2,1.2,1.2,1.2,1.2,1.2,2.201
195.73316740989685,0.4991645812988281,1504,22.496200561523438,1908.6362164406735,66.85573396657828,2,2.0,2.0,1.2,1.2,1.2,1.2,1.2,1.2,1.2,1.2,1.2,2.0,1.2,1.2,1.2,1.2,1.2,1.2,1.2,1.2,2.201
196.23371052742004,0.4989590644836426,0,22.09649658203125,1908.6362164406735,66.85573396657828,2,2.0,2.0,1.2,1.2,1.2,1.2,1.2,1.2,1.2,1.2,1.2,2.0,1.2,1.2,1.2,1.2,1.2,1.2,1.2,1.2,2.201
196.73421669006348,0.49918317794799805,1088,22.57379150390625,1364.0344160983059,48.19748600104367,2,2.0,2.0,1.2,1.2,1.2,1.2,1.2,1.2,1.2,1.2,1.2,2.0,1.2,1.2,1.2,1.2,1.2,1.2,1.2,1.2,2.201
197.23472380638123,0.49922966957092285,1056,23.151611328125,1559.1671585060992,45.61237596094022,2,2.0,2.0,1.2,1.2,1.2,1.2,1.2,1.2,1.2,1.2,1.2,2.0,1.2,1.2,1.2,1.2,1.2,1.2,1.2,1.2,2.201
197.73523044586182,0.49928951263427734,768,22.88177490234375,1934.1022371544216,33.56382987236426,2,2.0,2.0,1.2,1.2,1.2,1.2,1.2,1.2,1.2,1.2,1.2,2.0,1.2,1.2,1.2,1.2,1.2,1.2,1.2,1.2,2.201
198.2357678413391,0.49922919273376465,544,22.568405151367188,1621.0623287531387,24.104494595491815,2,2.0,2.0,1.2,1.2,1.2,1.2,1.2,1.2,1.2,1.2,1.2,2.0,1.2,1.2,1.2,1.2,1.2,1.2,1.2,1.2,2.201
198.73630023002625,0.49922919273376465,1056,22.36962890625,1508.2694489057283,47.20686268089843,2,2.0,2.0,1.2,1.2,1.2,1.2,1.2,1.2,1.2,1.2,1.2,2.0,1.2,1.2,1.2,1.2,1.2,1.2,1.2,1.2,2.201
199.2368359565735,0.499225378036499,640,21.7293701171875,1598.8974358606263,29.453223749627824,2,2.0,2.0,1.2,1.2,1.2,1.2,1.2,1.2,1.2,1.2,1.2,2.0,1.2,1.2,1.2,1.2,1.2,1.2,1.2,1.2,2.201
199.73736953735352,0.4992244243621826,480,21.986068725585938,954.2601810639349,21.832006712569203,2,2.0,2.0,1.2,1.2,1.2,1.2,1.2,1.2,1.2,1.2,1.2,2.0,1.2,1.2,1.2,1.2,1.2,1.2,1.2,1.2,2.201
200.23788690567017,0.4992239475250244,960,21.965057373046875,2554.7110824431197,43.705781582797385,2,2.0,2.0,1.2,1.2,1.2,1.2,1.2,1.2,1.2,1.2,1.2,2.0,1.2,1.2,1.2,1.2,1.2,1.2,1.2,1.2,2.201
200.73839950561523,0.47959399223327637,448,23.917770385742188,1226.6685431798621,18.730842916154963,2,2.1,2.1,1.2,1.2,1.2,1.2,1.2,1.2,1.2,1.2,1.2,2.1,1.2,1.2,1.2,1.2,1.2,1.2,1.2,1.2,2.201
201.2389042377472,0.4992179870605469,704,22.359649658203125,1121.009310559506,31.48528759446471,2,2.1,2.1,1.2,1.2,1.2,1.2,1.2,1.2,1.2,1.2,1.2,2.1,1.2,1.2,1.2,1.2,1.2,1.2,1.2,1.2,2.201
201.7394094467163,0.49927687644958496,960,23.5946044921875,1471.0472037939023,40.6872681556442,2,2.1,2.1,1.2,1.2,1.2,1.2,1.2,1.2,1.2,1.2,1.2,2.1,1.2,1.2,1.2,1.2,1.2,1.2,1.2,1.2,2.201
202.23995208740234,0.4992389678955078,672,23.69921875,1940.5673819659244,28.35536508983023,2,2.1,2.1,1.2,1.2,1.2,1.2,1.2,1.2,1.2,1.2,1.2,2.1,1.2,1.2,1.2,1.2,1.2,1.2,1.2,1.2,2.201
202.740460395813,0.49926185607910156,896,23.827880859375,2168.8976880508108,37.60300822754331,2,2.1,2.1,1.2,1.2,1.2,1.2,1.2,1.2,1.2,1.2,1.2,2.1,1.2,1.2,1.2,1.2,1.2,1.2,1.2,1.2,2.201
203.2409749031067,0.49921417236328125,1056,23.966445922851562,1350.2044339537508,44.06160193293923,2,2.1,2.1,1.2,1.2,1.2,1.2,1.2,1.2,1.2,1.2,1.2,2.1,1.2,1.2,1.2,1.2,1.2,1.2,1.2,1.2,2.201
203.7414834499359,0.49924135208129883,864,23.340499877929688,2262.4052733085614,37.01720205302806,2,2.1,2.1,1.2,1.2,1.2,1.2,1.2,1.2,1.2,1.2,1.2,2.1,1.2,1.2,1.2,1.2,1.2,1.2,1.2,1.2,2.201
204.24199080467224,0.49922776222229004,736,23.415374755859375,1277.7791880891575,31.43233912221824,2,2.1,2.1,1.2,1.2,1.2,1.2,1.2,1.2,1.2,1.2,1.2,2.1,1.2,1.2,1.2,1.2,1.2,1.2,1.2,1.2,2.201
204.7424967288971,0.49924159049987793,1216,24.0208740234375,1888.213147325009,50.62263757819686,2,2.1,2.1,1.2,1.2,1.2,1.2,1.2,1.2,1.2,1.2,1.2,2.1,1.2,1.2,1.2,1.2,1.2,1.2,1.2,1.2,2.201
205.24300456047058,0.4992856979370117,0,23.826202392578125,1888.213147325009,50.62263757819686,2,2.1,2.1,1.2,1.2,1.2,1.2,1.2,1.2,1.2,1.2,1.2,2.1,1.2,1.2,1.2,1.2,1.2,1.2,1.2,1.2,2.201
205.74353909492493,0.4992847442626953,832,23.145553588867188,1350.6443366358237,35.94642905409637,2,2.1,2.1,1.2,1.2,1.2,1.2,1.2,1.2,1.2,1.2,1.2,2.1,1.2,1.2,1.2,1.2,1.2,1.2,1.2,1.2,2.201
206.24407291412354,0.4991753101348877,1056,22.217330932617188,1629.629453856246,47.53046183642564,2,2.1,2.1,1.2,1.2,1.2,1.2,1.2,1.2,1.2,1.2,1.2,2.1,1.2,1.2,1.2,1.2,1.2,1.2,1.2,1.2,2.201
206.74458193778992,0.499251127243042,1376,22.546676635742188,1801.0418107162857,61.02894995259265,2,2.1,2.1,1.2,1.2,1.2,1.2,1.2,1.2,1.2,1.2,1.2,2.1,1.2,1.2,1.2,1.2,1.2,1.2,1.2,1.2,2.201
207.24509000778198,0.49924302101135254,736,22.948104858398438,1460.3262041968126,32.07236521453501,2,2.1,2.1,1.2,1.2,1.2,1.2,1.2,1.2,1.2,1.2,1.2,2.1,1.2,1.2,1.2,1.2,1.2,1.2,1.2,1.2,2.201
207.74564838409424,0.4992516040802002,672,23.461776733398438,2116.609856909736,28.642332063598186,2,2.1,2.1,1.2,1.2,1.2,1.2,1.2,1.2,1.2,1.2,1.2,2.1,1.2,1.2,1.2,1.2,1.2,1.2,1.2,1.2,2.201
208.2461929321289,0.4989593029022217,576,23.22479248046875,1554.5985268603883,24.80108274312445,2,2.1,2.1,1.2,1.2,1.2,1.2,1.2,1.2,1.2,1.2,1.2,2.1,1.2,1.2,1.2,1.2,1.2,1.2,1.2,1.2,2.201
208.74675703048706,0.49917173385620117,896,23.364959716796875,1588.6577833080175,38.34802246014031,2,2.1,2.1,1.2,1.2,1.2,1.2,1.2,1.2,1.2,1.2,1.2,2.1,1.2,1.2,1.2,1.2,1.2,1.2,1.2,1.2,2.201
209.2472836971283,0.49921131134033203,1216,22.972824096679688,1652.1690135812066,52.93210773227272,2,2.1,2.1,1.2,1.2,1.2,1.2,1.2,1.2,1.2,1.2,1.2,2.1,1.2,1.2,1.2,1.2,1.2,1.2,1.2,1.2,2.201
209.74779200553894,0.4992854595184326,800,23.551239013671875,1550.3990032753647,33.968488856810765,2,2.1,2.1,1.2,1.2,1.2,1.2,1.2,1.2,1.2,1.2,1.2,2.1,1.2,1.2,1.2,1.2,1.2,1.2,1.2,1.2,2.201
210.24830412864685,0.4992847442626953,448,23.139251708984375,1428.1585662945913,19.361040954753655,2,2.1,2.1,1.2,1.2,1.2,1.2,1.2,1.2,1.2,1.2,1.2,2.1,1.2,1.2,1.2,1.2,1.2,1.2,1.2,1.2,2.201
210.74879264831543,0.47912049293518066,896,24.284774780273438,1938.0927048442934,36.895544970333525,2,2.2,2.2,1.2,1.2,1.2,1.2,1.2,1.2,1.2,1.2,1.2,2.2,1.2,1.2,1.2,1.2,1.2,1.2,1.2,1.2,2.201
211.24930810928345,0.4991645812988281,832,23.294662475585938,1747.8948514047972,35.716336344086585,2,2.2,2.2,1.2,1.2,1.2,1.2,1.2,1.2,1.2,1.2,1.2,2.2,1.2,1.2,1.2,1.2,1.2,1.2,1.2,1.2,2.201
211.74981474876404,0.49923205375671387,1120,24.3341064453125,1686.743948198271,46.02593493691841,2,2.2,2.2,1.2,1.2,1.2,1.2,1.2,1.2,1.2,1.2,1.2,2.2,1.2,1.2,1.2,1.2,1.2,1.2,1.2,1.2,2.201
212.25032997131348,0.49923038482666016,672,28.099029541015625,1302.3289924888097,23.915416687935583,2,2.2,2.2,1.2,1.2,1.2,1.2,1.2,1.2,1.2,1.2,1.2,2.2,1.2,1.2,1.2,1.2,1.2,1.2,1.2,1.2,2.201
212.75083589553833,0.4992225170135498,0,29.270401000976562,1302.3289924888097,23.915416687935583,2,2.2,2.2,1.2,1.2,1.2,1.2,1.2,1.2,1.2,1.2,1.2,2.2,1.2,1.2,1.2,1.2,1.2,1.2,1.2,1.2,2.201
213.25134253501892,0.4993124008178711,1120,29.132675170898438,1854.3033739868056,38.44480444826446,2,2.2,2.2,1.2,1.2,1.2,1.2,1.2,1.2,1.2,1.2,1.2,2.2,1.2,1.2,1.2,1.2,1.2,1.2,1.2,1.2,2.201
213.7518494129181,0.49929165840148926,864,28.453643798828125,1479.4548039254555,30.365179451483264,2,2.2,2.2,1.2,1.2,1.2,1.2,1.2,1.2,1.2,1.2,1.2,2.2,1.2,1.2,1.2,1.2,1.2,1.2,1.2,1.2,2.201
214.2523548603058,0.4992949962615967,1568,28.2557373046875,2000.7245700663705,55.493154650042555,2,2.2,2.2,1.2,1.2,1.2,1.2,1.2,1.2,1.2,1.2,1.2,2.2,1.2,1.2,1.2,1.2,1.2,1.2,1.2,1.2,2.201
214.75286102294922,0.49932384490966797,800,28.1619873046875,1693.8977611923963,28.40708616706328,2,2.2,2.2,1.2,1.2,1.2,1.2,1.2,1.2,1.2,1.2,1.2,2.2,1.2,1.2,1.2,1.2,1.2,1.2,1.2,1.2,2.201
215.25336980819702,0.49929070472717285,384,27.879730224609375,1247.0931951928765,13.773447479812559,2,2.2,2.2,1.2,1.2,1.2,1.2,1.2,1.2,1.2,1.2,1.2,2.2,1.2,1.2,1.2,1.2,1.2,1.2,1.2,1.2,2.201
215.75387835502625,0.49920105934143066,704,28.160842895507812,1933.6144773779388,24.999251713175862,2,2.2,2.2,1.2,1.2,1.2,1.2,1.2,1.2,1.2,1.2,1.2,2.2,1.2,1.2,1.2,1.2,1.2,1.2,1.2,1.2,2.201
216.25440979003906,0.49925827980041504,1344,28.1103515625,1585.3098670709005,47.81156852527358,2,2.2,2.2,1.2,1.2,1.2,1.2,1.2,1.2,1.2,1.2,1.2,2.2,1.2,1.2,1.2,1.2,1.2,1.2,1.2,1.2,2.201
216.75491786003113,0.49930620193481445,704,28.367706298828125,2376.6601521267753,24.81695180371641,2,2.2,2.2,1.2,1.2,1.2,1.2,1.2,1.2,1.2,1.2,1.2,2.2,1.2,1.2,1.2,1.2,1.2,1.2,1.2,1.2,2.201
217.25543093681335,0.4992995262145996,800,28.312957763671875,1418.4347899742456,28.25561379625528,2,2.2,2.2,1.2,1.2,1.2,1.2,1.2,1.2,1.2,1.2,1.2,2.2,1.2,1.2,1.2,1.2,1.2,1.2,1.2,1.2,2.201
217.75593948364258,0.4992859363555908,1184,28.334442138671875,1751.4783851218772,41.786600004523606,2,2.2,2.2,1.2,1.2,1.2,1.2,1.2,1.2,1.2,1.2,1.2,2.2,1.2,1.2,1.2,1.2,1.2,1.2,1.2,1.2,2.201
218.25644826889038,0.4992375373840332,704,28.359085083007812,1442.6236449273874,24.82449620428067,2,2.2,2.2,1.2,1.2,1.2,1.2,1.2,1.2,1.2,1.2,1.2,2.2,1.2,1.2,1.2,1.2,1.2,1.2,1.2,1.2,2.201
218.7569558620453,0.4992389678955078,736,28.765731811523438,2391.765217081206,25.585999508803088,2,2.2,2.2,1.2,1.2,1.2,1.2,1.2,1.2,1.2,1.2,1.2,2.2,1.2,1.2,1.2,1.2,1.2,1.2,1.2,1.2,2.201
219.25746369361877,0.49924397468566895,480,28.8310546875,1480.2195356329853,16.6487145615283,2,2.2,2.2,1.2,1.2,1.2,1.2,1.2,1.2,1.2,1.2,1.2,2.2,1.2,1.2,1.2,1.2,1.2,1.2,1.2,1.2,2.201
219.75797152519226,0.4992549419403076,1408,28.818038940429688,1717.6210104731915,48.858286398686026,2,2.2,2.2,1.2,1.2,1.2,1.2,1.2,1.2,1.2,1.2,1.2,2.2,1.2,1.2,1.2,1.2,1.2,1.2,1.2,1.2,2.201
220.2584788799286,0.49921464920043945,608,28.436141967773438,1766.098877114906,21.381240840935593,2,2.2,2.2,1.2,1.2,1.2,1.2,1.2,1.2,1.2,1.2,1.2,2.2,1.2,1.2,1.2,1.2,1.2,1.2,1.2,1.2,2.201
220.75900101661682,0.48023414611816406,1152,29.969085693359375,1882.3513407438495,38.43961113085486,3,1.2,1.2,1.2,1.2,1.2,1.2,1.2,1.2,1.2,1.2,1.2,1.2,1.2,1.2,1.2,1.2,1.2,1.2,1.2,1.2,2.201
221.25950980186462,0.499070405960083,416,20.180755615234375,1290.7377802830633,20.613697917533038,3,1.2,1.2,1.2,1.2,1.2,1.2,1.2,1.2,1.2,1.2,1.2,1.2,1.2,1.2,1.2,1.2,1.2,1.2,1.2,1.2,2.201
221.7600495815277,0.4992706775665283,1120,19.235641479492188,1437.6515544663632,58.2252482296508,3,1.2,1.2,1.2,1.2,1.2,1.2,1.2,1.2,1.2,1.2,1.2,1.2,1.2,1.2,1.2,1.2,1.2,1.2,1.2,1.2,2.201
222.26056361198425,0.49912071228027344,608,18.9188232421875,1509.9503813907343,32.137305381880594,3,1.2,1.2,1.2,1.2,1.2,1.2,1.2,1.2,1.2,1.2,1.2,1.2,1.2,1.2,1.2,1.2,1.2,1.2,1.2,1.2,2.201
222.76107168197632,0.4992642402648926,512,19.418167114257812,743.0269682310316,26.36706116428792,3,1.2,1.2,1.2,1.2,1.2,1.2,1.2,1.2,1.2,1.2,1.2,1.2,1.2,1.2,1.2,1.2,1.2,1.2,1.2,1.2,2.201
223.26158571243286,0.49925780296325684,0,18.918167114257812,743.0269682310316,26.36706116428792,3,1.2,1.2,1.2,1.2,1.2,1.2,1.2,1.2,1.2,1.2,1.2,1.2,1.2,1.2,1.2,1.2,1.2,1.2,1.2,1.2,2.201
223.7620952129364,0.4992334842681885,1024,19.084121704101562,1357.7372874222658,53.657171960914596,3,1.2,1.2,1.2,1.2,1.2,1.2,1.2,1.2,1.2,1.2,1.2,1.2,1.2,1.2,1.2,1.2,1.2,1.2,1.2,1.2,2.201
224.2626051902771,0.4991791248321533,0,18.913665771484375,1357.7372874222658,53.657171960914596,3,1.2,1.2,1.2,1.2,1.2,1.2,1.2,1.2,1.2,1.2,1.2,1.2,1.2,1.2,1.2,1.2,1.2,1.2,1.2,1.2,2.201
224.76311445236206,0.4992523193359375,1376,19.560516357421875,1808.7869861013933,70.34579122845611,3,1.2,1.2,1.2,1.2,1.2,1.2,1.2,1.2,1.2,1.2,1.2,1.2,1.2,1.2,1.2,1.2,1.2,1.2,1.2,1.2,2.201
225.2636227607727,0.4992179870605469,992,19.283096313476562,1355.1928106334015,51.44402039348377,3,1.2,1.2,1.2,1.2,1.2,1.2,1.2,1.2,1.2,1.2,1.2,1.2,1.2,1.2,1.2,1.2,1.2,1.2,1.2,1.2,2.201
225.7641327381134,0.499100923538208,704,19.058013916015625,1000.7406295578663,36.93984079885603,3,1.2,1.2,1.2,1.2,1.2,1.2,1.2,1.2,1.2,1.2,1.2,1.2,1.2,1.2,1.2,1.2,1.2,1.2,1.2,1.2,2.201
226.26464295387268,0.49921655654907227,0,18.72283935546875,1000.7406295578663,36.93984079885603,3,1.2,1.2,1.2,1.2,1.2,1.2,1.2,1.2,1.2,1.2,1.2,1.2,1.2,1.2,1.2,1.2,1.2,1.2,1.2,1.2,2.201
226.76515364646912,0.4992537498474121,1216,19.304718017578125,1633.2619572408894,62.98978306198297,3,1.2,1.2,1.2,1.2,1.2,1.2,1.2,1.2,1.2,1.2,1.2,1.2,1.2,1.2,1.2,1.2,1.2,1.2,1.2,1.2,2.201
227.26566195487976,0.49924445152282715,1184,18.305831909179688,1502.5407406850434,64.67884146834477,3,1.2,1.2,1.2,1.2,1.2,1.2,1.2,1.2,1.2,1.2,1.2,1.2,1.2,1.2,1.2,1.2,1.2,1.2,1.2,1.2,2.201
227.76617288589478,0.4992179870605469,0,19.155792236328125,1502.5407406850434,64.67884146834477,3,1.2,1.2,1.2,1.2,1.2,1.2,1.2,1.2,1.2,1.2,1.2,1.2,1.2,1.2,1.2,1.2,1.2,1.2,1.2,1.2,2.201
228.26668214797974,0.49920225143432617,1056,21.31182861328125,1450.5518626899516,49.54994802003591,3,1.2,1.2,1.2,1.2,1.2,1.2,1.2,1.2,1.2,1.2,1.2,1.2,1.2,1.2,1.2,1.2,1.2,1.2,1.2,1.2,2.201
228.76719117164612,0.49918675422668457,864,19.37310791015625,1206.7007494317515,44.59790365112521,3,1.2,1.2,1.2,1.2,1.2,1.2,1.2,1.2,1.2,1.2,1.2,1.2,1.2,1.2,1.2,1.2,1.2,1.2,1.2,1.2,2.201
229.2677035331726,0.49918150901794434,0,18.8336181640625,1206.7007494317515,44.59790365112521,3,1.2,1.2,1.2,1.2,1.2,1.2,1.2,1.2,1.2,1.2,1.2,1.2,1.2,1.2,1.2,1.2,1.2,1.2,1.2,1.2,2.201
229.7682135105133,0.49924206733703613,1312,18.59820556640625,1726.2934276423453,70.54444017813483,3,1.2,1.2,1.2,1.2,1.2,1.2,1.2,1.2,1.2,1.2,1.2,1.2,1.2,1.2,1.2,1.2,1.2,1.2,1.2,1.2,2.201
230.26872658729553,0.49927234649658203,1056,18.697052001953125,1434.8036793152307,56.479492055201455,3,1.2,1.2,1.2,1.2,1.2,1.2,1.2,1.2,1.2,1.2,1.2,1.2,1.2,1.2,1.2,1.2,1.2,1.2,1.2,1.2,2.201
230.76921701431274,0.4787254333496094,0,20.55755615234375,1434.8036793152307,56.479492055201455,3,1.3,1.3,1.3,1.2,1.2,1.2,1.2,1.2,1.2,1.2,1.2,1.3,1.2,1.2,1.2,1.2,1.2,1.2,1.2,1.2,2.201
231.26972889900208,0.4991741180419922,960,19.205825805664062,1311.4756637418632,49.98483323309549,3,1.3,1.3,1.3,1.2,1.2,1.2,1.2,1.2,1.2,1.2,1.2,1.3,1.2,1.2,1.2,1.2,1.2,1.2,1.2,1.2,2.201
231.7702386379242,0.4992055892944336,1088,19.97283935546875,1599.9997881405775,54.47397741684111,3,1.3,1.3,1.3,1.2,1.2,1.2,1.2,1.2,1.2,1.2,1.2,1.3,1.2,1.2,1.2,1.2,1.2,1.2,1.2,1.2,2.201
232.27074933052063,0.49919819831848145,352,19.953079223632812,1096.145461524459,17.64138737960226,3,1.3,1.3,1.3,1.2,1.2,1.2,1.2,1.2,1.2,1.2,1.2,1.3,1.2,1.2,1.2,1.2,1.2,1.2,1.2,1.2,2.201
232.77126097679138,0.4992392063140869,768,19.995697021484375,1644.9769240220119,38.40826349663242,3,1.3,1.3,1.3,1.2,1.2,1.2,1.2,1.2,1.2,1.2,1.2,1.3,1.2,1.2,1.2,1.2,1.2,1.2,1.2,1.2,2.201
233.27177119255066,0.49923157691955566,704,19.529556274414062,1205.4714572000216,36.04792603108551,3,1.3,1.3,1.3,1.2,1.2,1.2,1.2,1.2,1.2,1.2,1.2,1.3,1.2,1.2,1.2,1.2,1.2,1.2,1.2,1.2,2.201
233.77228164672852,0.49925684928894043,1248,19.630355834960938,1803.4781940836065,63.57500650993591,3,1.3,1.3,1.3,1.2,1.2,1.2,1.2,1.2,1.2,1.2,1.2,1.3,1.2,1.2,1.2,1.2,1.2,1.2,1.2,1.2,2.201
234.27279829978943,0.4991462230682373,0,19.387649536132812,1803.4781940836065,63.57500650993591,3,1.3,1.3,1.3,1.2,1.2,1.2,1.2,1.2,1.2,1.2,1.2,1.3,1.2,1.2,1.2,1.2,1.2,1.2,1.2,1.2,2.201
234.77330708503723,0.49919986724853516,1440,19.981887817382812,1293.7514403448977,72.0652629601545,3,1.3,1.3,1.3,1.2,1.2,1.2,1.2,1.2,1.2,1.2,1.2,1.3,1.2,1.2,1.2,1.2,1.2,1.2,1.2,1.2,2.201
235.27382349967957,0.4991800785064697,160,20.000228881835938,575.0089406203626,7.999908448313351,3,1.3,1.3,1.3,1.2,1.2,1.2,1.2,1.2,1.2,1.2,1.2,1.3,1.2,1.2,1.2,1.2,1.2,1.2,1.2,1.2,2.201
235.7743353843689,0.49918317794799805,1024,20.064453125,1492.7596684916016,51.03553003017619,3,1.3,1.3,1.3,1.2,1.2,1.2,1.2,1.2,1.2,1.2,1.2,1.3,1.2,1.2,1.2,1.2,1.2,1.2,1.2,1.2,2.201
236.27484679222107,0.499192476272583,896,20.035324096679688,1924.0041420960033,44.72101352972312,3,1.3,1.3,1.3,1.2,1.2,1.2,1.2,1.2,1.2,1.2,1.2,1.3,1.2,1.2,1.2,1.2,1.2,1.2,1.2,1.2,2.201
236.77535700798035,0.49919676780700684,352,19.742965698242188,1564.2571507522755,17.829134962805526,3,1.3,1.3,1.3,1.2,1.2,1.2,1.2,1.2,1.2,1.2,1.2,1.3,1.2,1.2,1.2,1.2,1.2,1.2,1.2,1.2,2.201
237.27589774131775,0.4992201328277588,1280,19.88604736328125,1818.180918840228,64.36673797546446,3,1.3,1.3,1.3,1.2,1.2,1.2,1.2,1.2,1.2,1.2,1.2,1.3,1.2,1.2,1.2,1.2,1.2,1.2,1.2,1.2,2.201
237.77640843391418,0.4991769790649414,704,19.4329833984375,1099.998507115222,36.22706743302239,3,1.3,1.3,1.3,1.2,1.2,1.2,1.2,1.2,1.2,1.2,1.2,1.3,1.2,1.2,1.2,1.2,1.2,1.2,1.2,1.2,2.201
238.27692008018494,0.49923133850097656,576,19.601333618164062,1590.329585495442,29.385755644005535,3,1.3,1.3,1.3,1.2,1.2,1.2,1.2,1.2,1.2,1.2,1.2,1.3,1.2,1.2,1.2,1.2,1.2,1.2,1.2,1.2,2.201
238.77743220329285,0.49924778938293457,928,19.568634033203125,1639.765827847695,47.42282973995088,3,1.3,1.3,1.3,1.2,1.2,1.2,1.2,1.2,1.2,1.2,1.2,1.3,1.2,1.2,1.2,1.2,1.2,1.2,1.2,1.2,2.201
239.27798914909363,0.49918341636657715,672,19.584823608398438,1388.790201889262,34.31228248141231,3,1.3,1.3,1.3,1.2,1.2,1.2,1.2,1.2,1.2,1.2,1.2,1.3,1.2,1.2,1.2,1.2,1.2,1.2,1.2,1.2,2.201
239.77849888801575,0.4989159107208252,0,19.827041625976562,1388.790201889262,34.31228248141231,3,1.3,1.3,1.3,1.2,1.2,1.2,1.2,1.2,1.2,1.2,1.2,1.3,1.2,1.2,1.2,1.2,1.2,1.2,1.2,1.2,2.201
240.27904081344604,0.49923276901245117,1536,19.441024780273438,1504.8575738234076,79.00818076002659,3,1.3,1.3,1.3,1.2,1.2,1.2,1.2,1.2,1.2,1.2,1.2,1.3,1.2,1.2,1.2,1.2,1.2,1.2,1.2,1.2,2.201
240.7795581817627,0.47542834281921387,704,20.991424560546875,1745.58568737046,33.5375047067153,3,1.4,1.4,1.4,1.2,1.2,1.2,1.2,1.2,1.2,1.2,1.2,1.4,1.2,1.2,1.2,1.2,1.2,1.2,1.2,1.2,2.201
241.2800691127777,0.49916791915893555,608,19.144729614257812,1027.18407399291,31.75808759122924,3,1.4,1.4,1.4,1.2,1.2,1.2,1.2,1.2,1.2,1.2,1.2,1.4,1.2,1.2,1.2,1.2,1.2,1.2,1.2,1.2,2.201
241.78058123588562,0.49925827980041504,832,20.130081176757812,2359.353489246967,41.331179576196995,3,1.4,1.4,1.4,1.2,1.2,1.2,1.2,1.2,1.2,1.2,1.2,1.4,1.2,1.2,1.2,1.2,1.2,1.2,1.2,1.2,2.201
242.28109312057495,0.4991910457611084,960,20.058013916015625,1452.78553006025,47.86116930717021,3,1.4,1.4,1.4,1.2,1.2,1.2,1.2,1.2,1.2,1.2,1.2,1.4,1.2,1.2,1.2,1.2,1.2,1.2,1.2,1.2,2.201
242.78160500526428,0.49925899505615234,896,20.551467895507812,1648.5825893688188,43.59785902182927,3,1.4,1.4,1.4,1.2,1.2,1.2,1.2,1.2,1.2,1.2,1.2,1.4,1.2,1.2,1.2,1.2,1.2,1.2,1.2,1.2,2.201
243.28214573860168,0.4991917610168457,320,20.205673217773438,905.2171557408311,15.837136261241701,3,1.4,1.4,1.4,1.2,1.2,1.2,1.2,1.2,1.2,1.2,1.2,1.4,1.2,1.2,1.2,1.2,1.2,1.2,1.2,1.2,2.201
243.7826578617096,0.49919986724853516,1504,19.967132568359375,2232.6125160155552,75.3237849676669,3,1.4,1.4,1.4,1.2,1.2,1.2,1.2,1.2,1.2,1.2,1.2,1.4,1.2,1.2,1.2,1.2,1.2,1.2,1.2,1.2,2.201
244.2831687927246,0.4991953372955322,448,20.047927856445312,1118.8225458340341,22.346449129702457,3,1.4,1.4,1.4,1.2,1.2,1.2,1.2,1.2,1.2,1.2,1.2,1.4,1.2,1.2,1.2,1.2,1.2,1.2,1.2,1.2,2.201
244.783682346344,0.4992251396179199,640,20.187271118164062,1907.1424671081609,31.70314582163322,3,1.4,1.4,1.4,1.2,1.2,1.2,1.2,1.2,1.2,1.2,1.2,1.4,1.2,1.2,1.2,1.2,1.2,1.2,1.2,1.2,2.201
245.28422260284424,0.49918222427368164,608,20.3043212890625,1206.3457339765991,29.944364617965167,3,1.4,1.4,1.4,1.2,1.2,1.2,1.2,1.2,1.2,1.2,1.2,1.4,1.2,1.2,1.2,1.2,1.2,1.2,1.2,1.2,2.201
245.78473496437073,0.4992072582244873,1024,20.382400512695312,1641.0252177387215,50.23942098293058,3,1.4,1.4,1.4,1.2,1.2,1.2,1.2,1.2,1.2,1.2,1.2,1.4,1.2,1.2,1.2,1.2,1.2,1.2,1.2,1.2,2.201
246.2852475643158,0.4992084503173828,0,19.868270874023438,1641.0252177387215,50.23942098293058,3,1.4,1.4,1.4,1.2,1.2,1.2,1.2,1.2,1.2,1.2,1.2,1.4,1.2,1.2,1.2,1.2,1.2,1.2,1.2,1.2,2.201
246.78576135635376,0.4992232322692871,1408,20.321640014648438,2034.6810244878923,69.28574657286873,3,1.4,1.4,1.4,1.2,1.2,1.2,1.2,1.2,1.2,1.2,1.2,1.4,1.2,1.2,1.2,1.2,1.2,1.2,1.2,1.2,2.201
247.28631496429443,0.4992220401763916,576,20.136520385742188,947.3697082221536,28.60474346937523,3,1.4,1.4,1.4,1.2,1.2,1.2,1.2,1.2,1.2,1.2,1.2,1.4,1.2,1.2,1.2,1.2,1.2,1.2,1.2,1.2,2.201
247.78682708740234,0.49916839599609375,1120,19.559158325195312,1772.1617146747988,57.26217771637246,3,1.4,1.4,1.4,1.2,1.2,1.2,1.2,1.2,1.2,1.2,1.2,1.4,1.2,1.2,1.2,1.2,1.2,1.2,1.2,1.2,2.201
248.28733944892883,0.4990873336791992,1248,19.897201538085938,1902.4275687494423,62.72238825199408,3,1.4,1.4,1.4,1.2,1.2,1.2,1.2,1.2,1.2,1.2,1.2,1.4,1.2,1.2,1.2,1.2,1.2,1.2,1.2,1.2,2.201
248.78785109519958,0.4991903305053711,0,20.364425659179688,1902.4275687494423,62.72238825199408,3,1.4,1.4,1.4,1.2,1.2,1.2,1.2,1.2,1.2,1.2,1.2,1.4,1.2,1.2,1.2,1.2,1.2,1.2,1.2,1.2,2.201
249.2883620262146,0.4992339611053467,608,20.132843017578125,1027.3242024565254,30.19941095597631,3,1.4,1.4,1.4,1.2,1.2,1.2,1.2,1.2,1.2,1.2,1.2,1.4,1.2,1.2,1.2,1.2,1.2,1.2,1.2,1.2,2.201
249.78890442848206,0.4991734027862549,1440,20.254226684570312,2208.009887983972,71.0962715301786,3,1.4,1.4,1.4,1.2,1.2,1.2,1.2,1.2,1.2,1.2,1.2,1.4,1.2,1.2,1.2,1.2,1.2,1.2,1.2,1.2,2.201
250.28944611549377,0.4991278648376465,960,19.972427368164062,1472.3921190734459,48.06626567235561,3,1.4,1.4,1.4,1.2,1.2,1.2,1.2,1.2,1.2,1.2,1.2,1.4,1.2,1.2,1.2,1.2,1.2,1.2,1.2,1.2,2.201
250.78996658325195,0.477048397064209,672,20.687713623046875,1052.9524483762732,32.483048259686235,3,1.5,1.5,1.5,1.2,1.2,1.2,1.2,1.2,1.2,1.2,1.2,1.5,1.2,1.2,1.2,1.2,1.2,1.2,1.2,1.2,2.201
251.29047775268555,0.4991886615753174,0,19.52178955078125,1052.9524483762732,32.483048259686235,3,1.5,1.5,1.5,1.2,1.2,1.2,1.2,1.2,1.2,1.2,1.2,1.5,1.2,1.2,1.2,1.2,1.2,1.2,1.2,1.2,2.201
251.79099035263062,0.49925923347473145,1216,20.682662963867188,2034.1580150739098,58.793202892894584,3,1.5,1.5,1.5,1.2,1.2,1.2,1.2,1.2,1.2,1.2,1.2,1.5,1.2,1.2,1.2,1.2,1.2,1.2,1.2,1.2,2.201
252.29150199890137,0.49926233291625977,928,20.570022583007812,1599.988985856832,45.11419451559518,3,1.5,1.5,1.5,1.2,1.2,1.2,1.2,1.2,1.2,1.2,1.2,1.5,1.2,1.2,1.2,1.2,1.2,1.2,1.2,1.2,2.201
252.79204440116882,0.49924683570861816,1632,20.528091430664062,1959.9486360699416,79.50081504226847,3,1.5,1.5,1.5,1.2,1.2,1.2,1.2,1.2,1.2,1.2,1.2,1.5,1.2,1.2,1.2,1.2,1.2,1.2,1.2,1.2,2.201
253.2925591468811,0.4992053508758545,576,20.095016479492188,1502.6558653958402,28.66382322143564,3,1.5,1.5,1.5,1.2,1.2,1.2,1.2,1.2,1.2,1.2,1.2,1.5,1.2,1.2,1.2,1.2,1.2,1.2,1.2,1.2,2.201
253.79307651519775,0.4992365837097168,864,20.611892700195312,1489.6467070466679,41.91754792085702,3,1.5,1.5,1.5,1.2,1.2,1.2,1.2,1.2,1.2,1.2,1.2,1.5,1.2,1.2,1.2,1.2,1.2,1.2,1.2,1.2,2.201
254.29358959197998,0.49921751022338867,0,20.777587890625,1489.6467070466679,41.91754792085702,3,1.5,1.5,1.5,1.2,1.2,1.2,1.2,1.2,1.2,1.2,1.2,1.5,1.2,1.2,1.2,1.2,1.2,1.2,1.2,1.2,2.201
254.79414463043213,0.49918627738952637,1280,20.9136962890625,2133.3364142356436,61.203910696045526,3,1.5,1.5,1.5,1.2,1.2,1.2,1.2,1.2,1.2,1.2,1.2,1.5,1.2,1.2,1.2,1.2,1.2,1.2,1.2,1.2,2.201
255.2946584224701,0.4990837574005127,992,20.940200805664062,1710.3524100712661,47.372993659720606,3,1.5,1.5,1.5,1.2,1.2,1.2,1.2,1.2,1.2,1.2,1.2,1.5,1.2,1.2,1.2,1.2,1.2,1.2,1.2,1.2,2.201
255.79517364501953,0.4992222785949707,1184,20.933212280273438,1999.995748672509,56.5608366335515,3,1.5,1.5,1.5,1.2,1.2,1.2,1.2,1.2,1.2,1.2,1.2,1.5,1.2,1.2,1.2,1.2,1.2,1.2,1.2,1.2,2.201
256.29571628570557,0.49921226501464844,800,20.312957763671875,1290.319959922327,39.38372783065285,3,1.5,1.5,1.5,1.2,1.2,1.2,1.2,1.2,1.2,1.2,1.2,1.5,1.2,1.2,1.2,1.2,1.2,1.2,1.2,1.2,2.201
256.79623651504517,0.4991791248321533,1184,20.587982177734375,1960.2694608287998,57.5092784605419,3,1.5,1.5,1.5,1.2,1.2,1.2,1.2,1.2,1.2,1.2,1.2,1.5,1.2,1.2,1.2,1.2,1.2,1.2,1.2,1.2,2.201
257.29674553871155,0.4991919994354248,0,20.616912841796875,1960.2694608287998,57.5092784605419,3,1.5,1.5,1.5,1.2,1.2,1.2,1.2,1.2,1.2,1.2,1.2,1.5,1.2,1.2,1.2,1.2,1.2,1.2,1.2,1.2,2.201
257.7972614765167,0.4992964267730713,1568,21.0113525390625,1740.6804410695167,74.62632389251998,3,1.5,1.5,1.5,1.2,1.2,1.2,1.2,1.2,1.2,1.2,1.2,1.5,1.2,1.2,1.2,1.2,1.2,1.2,1.2,1.2,2.201
258.2977738380432,0.49920177459716797,832,21.067153930664062,1717.5964228532644,39.49275743359864,3,1.5,1.5,1.5,1.2,1.2,1.2,1.2,1.2,1.2,1.2,1.2,1.5,1.2,1.2,1.2,1.2,1.2,1.2,1.2,1.2,2.201
258.79828810691833,0.4990980625152588,928,20.730545043945312,1695.8961603949015,44.764862575141855,3,1.5,1.5,1.5,1.2,1.2,1.2,1.2,1.2,1.2,1.2,1.2,1.5,1.2,1.2,1.2,1.2,1.2,1.2,1.2,1.2,2.201
259.2988033294678,0.499161958694458,960,20.9478759765625,2018.4970008456387,45.828035313656365,3,1.5,1.5,1.5,1.2,1.2,1.2,1.2,1.2,1.2,1.2,1.2,1.5,1.2,1.2,1.2,1.2,1.2,1.2,1.2,1.2,2.201
259.7993166446686,0.4992194175720215,544,20.368179321289062,963.3336783155819,26.708327308931572,3,1.5,1.5,1.5,1.2,1.2,1.2,1.2,1.2,1.2,1.2,1.2,1.5,1.2,1.2,1.2,1.2,1.2,1.2,1.2,1.2,2.201
260.2998287677765,0.4991719722747803,960,20.686004638671875,1635.8976662104285,46.40818837511563,3,1.5,1.5,1.5,1.2,1.2,1.2,1.2,1.2,1.2,1.2,1.2,1.5,1.2,1.2,1.2,1.2,1.2,1.2,1.2,1.2,2.201
260.80032420158386,0.4772787094116211,0,22.882537841796875,1635.8976662104285,46.40818837511563,3,1.6,1.6,1.6,1.2,1.2,1.2,1.2,1.2,1.2,1.2,1.2,1.6,1.2,1.2,1.2,1.2,1.2,1.2,1.2,1.2,2.201
261.3008396625519,0.4992222785949707,1344,20.516830444335938,2238.2807975630694,65.50719438104227,3,1.6,1.6,1.6,1.2,1.2,1.2,1.2,1.2,1.2,1.2,1.2,1.6,1.2,1.2,1.2,1.2,1.2,1.2,1.2,1.2,2.201
261.80135321617126,0.499255895614624,800,20.650070190429688,1438.8459422954063,38.740788414886914,3,1.6,1.6,1.6,1.2,1.2,1.2,1.2,1.2,1.2,1.2,1.2,1.6,1.2,1.2,1.2,1.2,1.2,1.2,1.2,1.2,2.201
262.3018686771393,0.4992177486419678,1152,20.501144409179688,1932.882662482885,56.19198504275572,3,1.6,1.6,1.6,1.2,1.2,1.2,1.2,1.2,1.2,1.2,1.2,1.6,1.2,1.2,1.2,1.2,1.2,1.2,1.2,1.2,2.201
262.802383184433,0.499190092086792,832,21.507003784179688,1547.7773009405255,38.68507246983469,3,1.6,1.6,1.6,1.2,1.2,1.2,1.2,1.2,1.2,1.2,1.2,1.6,1.2,1.2,1.2,1.2,1.2,1.2,1.2,1.2,2.201
263.302894115448,0.4992489814758301,1280,21.472503662109375,2243.8330283540386,59.61112034917021,3,1.6,1.6,1.6,1.2,1.2,1.2,1.2,1.2,1.2,1.2,1.2,1.6,1.2,1.2,1.2,1.2,1.2,1.2,1.2,1.2,2.201
263.80340933799744,0.4992954730987549,800,21.349761962890625,1478.514752290179,37.4711437715573,3,1.6,1.6,1.6,1.2,1.2,1.2,1.2,1.2,1.2,1.2,1.2,1.6,1.2,1.2,1.2,1.2,1.2,1.2,1.2,1.2,2.201
264.3039846420288,0.4992060661315918,928,21.279190063476562,2083.0846723295235,43.61068241938456,3,1.6,1.6,1.6,1.2,1.2,1.2,1.2,1.2,1.2,1.2,1.2,1.6,1.2,1.2,1.2,1.2,1.2,1.2,1.2,1.2,2.201
264.8045001029968,0.4991111755371094,608,20.780197143554688,2903.223726176654,29.258625209365782,3,1.6,1.6,1.6,1.2,1.2,1.2,1.2,1.2,1.2,1.2,1.2,1.6,1.2,1.2,1.2,1.2,1.2,1.2,1.2,1.2,2.201
265.3050146102905,0.4992337226867676,1312,20.764724731445312,1597.0037112435552,63.18407862220089,3,1.6,1.6,1.6,1.2,1.2,1.2,1.2,1.2,1.2,1.2,1.2,1.6,1.2,1.2,1.2,1.2,1.2,1.2,1.2,1.2,2.201
265.8055293560028,0.49927353858947754,896,20.671737670898438,1882.2894797787926,43.34420329169444,3,1.6,1.6,1.6,1.2,1.2,1.2,1.2,1.2,1.2,1.2,1.2,1.6,1.2,1.2,1.2,1.2,1.2,1.2,1.2,1.2,2.201
266.3060429096222,0.49918365478515625,960,20.917022705078125,1877.012135347328,45.895633118327886,3,1.6,1.6,1.6,1.2,1.2,1.2,1.2,1.2,1.2,1.2,1.2,1.6,1.2,1.2,1.2,1.2,1.2,1.2,1.2,1.2,2.201
266.80660009384155,0.4992039203643799,608,21.54010009765625,1814.957897952267,28.22642407618875,3,1.6,1.6,1.6,1.2,1.2,1.2,1.2,1.2,1.2,1.2,1.2,1.6,1.2,1.2,1.2,1.2,1.2,1.2,1.2,1.2,2.201
267.307142496109,0.4991438388824463,928,21.580764770507812,1718.515554525277,43.00125643685256,3,1.6,1.6,1.6,1.2,1.2,1.2,1.2,1.2,1.2,1.2,1.2,1.6,1.2,1.2,1.2,1.2,1.2,1.2,1.2,1.2,2.201
267.8076596260071,0.49915599822998047,960,21.465606689453125,1764.6808199483066,44.722705204120075,3,1.6,1.6,1.6,1.2,1.2,1.2,1.2,1.2,1.2,1.2,1.2,1.6,1.2,1.2,1.2,1.2,1.2,1.2,1.2,1.2,2.201
268.3081741333008,0.4991788864135742,1216,21.729644775390625,2171.470341547754,55.96041778727791,3,1.6,1.6,1.6,1.2,1.2,1.2,1.2,1.2,1.2,1.2,1.2,1.6,1.2,1.2,1.2,1.2,1.2,1.2,1.2,1.2,2.201
268.8087158203125,0.4991896152496338,832,21.312973022460938,1540.7297130364748,39.03725675076802,3,1.6,1.6,1.6,1.2,1.2,1.2,1.2,1.2,1.2,1.2,1.2,1.6,1.2,1.2,1.2,1.2,1.2,1.2,1.2,1.2,2.201
269.30922985076904,0.4991762638092041,1280,21.220748901367188,2253.5202031313393,60.31832363454117,3,1.6,1.6,1.6,1.2,1.2,1.2,1.2,1.2,1.2,1.2,1.2,1.6,1.2,1.2,1.2,1.2,1.2,1.2,1.2,1.2,2.201
269.80975365638733,0.49927449226379395,608,20.89501953125,1457.304919959947,29.097843105180754,3,1.6,1.6,1.6,1.2,1.2,1.2,1.2,1.2,1.2,1.2,1.2,1.6,1.2,1.2,1.2,1.2,1.2,1.2,1.2,1.2,2.201
270.3102660179138,0.4989151954650879,768,20.646331787109375,2132.661175205082,37.19789103067229,3,1.6,1.6,1.6,1.2,1.2,1.2,1.2,1.2,1.2,1.2,1.2,1.6,1.2,1.2,1.2,1.2,1.2,1.2,1.2,1.2,2.201
270.8107647895813,0.479572057723999,896,22.244735717773438,1697.9852375007251,40.27919285568766,3,1.7,1.7,1.7,1.2,1.2,1.2,1.2,1.2,1.2,1.2,1.2,1.7,1.2,1.2,1.2,1.2,1.2,1.2,1.2,1.2,2.201
271.31127858161926,0.49917149543762207,1216,20.49273681640625,1906.5981543239352,59.33809675565073,3,1.7,1.7,1.7,1.2,1.2,1.2,1.2,1.2,1.2,1.2,1.2,1.7,1.2,1.2,1.2,1.2,1.2,1.2,1.2,1.2,2.201
271.8117938041687,0.4992094039916992,864,21.722076416015625,2315.0676607731866,39.775203044722524,3,1.7,1.7,1.7,1.2,1.2,1.2,1.2,1.2,1.2,1.2,1.2,1.7,1.2,1.2,1.2,1.2,1.2,1.2,1.2,1.2,2.201
272.3123109340668,0.4991886615753174,480,22.159194946289062,1209.0939721394993,21.661436760832515,3,1.7,1.7,1.7,1.2,1.2,1.2,1.2,1.2,1.2,1.2,1.2,1.7,1.2,1.2,1.2,1.2,1.2,1.2,1.2,1.2,2.201
272.8128261566162,0.49918413162231445,960,22.101547241210938,1829.5547106278145,43.43587304195459,3,1.7,1.7,1.7,1.2,1.2,1.2,1.2,1.2,1.2,1.2,1.2,1.7,1.2,1.2,1.2,1.2,1.2,1.2,1.2,1.2,2.201
273.3133428096771,0.49916577339172363,1024,21.599578857421875,1972.6905364517563,47.408331743845146,3,1.7,1.7,1.7,1.2,1.2,1.2,1.2,1.2,1.2,1.2,1.2,1.7,1.2,1.2,1.2,1.2,1.2,1.2,1.2,1.2,2.201
273.81386065483093,0.49921226501464844,1664,22.309982299804688,2514.745671755638,74.58544689273768,3,1.7,1.7,1.7,1.2,1.2,1.2,1.2,1.2,1.2,1.2,1.2,1.7,1.2,1.2,1.2,1.2,1.2,1.2,1.2,1.2,2.201
274.3144021034241,0.4991633892059326,800,21.331680297851562,1953.5760639069767,37.50290595160348,3,1.7,1.7,1.7,1.2,1.2,1.2,1.2,1.2,1.2,1.2,1.2,1.7,1.2,1.2,1.2,1.2,1.2,1.2,1.2,1.2,2.201
274.81491923332214,0.4991581439971924,1120,21.552490234375,1985.8249344471737,51.96615276566341,3,1.7,1.7,1.7,1.2,1.2,1.2,1.2,1.2,1.2,1.2,1.2,1.7,1.2,1.2,1.2,1.2,1.2,1.2,1.2,1.2,2.201
275.3154356479645,0.4991781711578369,1120,21.993881225585938,1879.1824507774404,50.92325399561951,3,1.7,1.7,1.7,1.2,1.2,1.2,1.2,1.2,1.2,1.2,1.2,1.7,1.2,1.2,1.2,1.2,1.2,1.2,1.2,1.2,2.201
275.81595182418823,0.499234676361084,480,21.50946044921875,1243.1366869803358,22.315761993808366,3,1.7,1.7,1.7,1.2,1.2,1.2,1.2,1.2,1.2,1.2,1.2,1.7,1.2,1.2,1.2,1.2,1.2,1.2,1.2,1.2,2.201
276.3164954185486,0.4991726875305176,960,21.143417358398438,1820.7562873345648,45.40420234473949,3,1.7,1.7,1.7,1.2,1.2,1.2,1.2,1.2,1.2,1.2,1.2,1.7,1.2,1.2,1.2,1.2,1.2,1.2,1.2,1.2,2.201
276.8170111179352,0.4991600513458252,1504,21.475357055664062,2711.736713621871,70.03375990916642,3,1.7,1.7,1.7,1.2,1.2,1.2,1.2,1.2,1.2,1.2,1.2,1.7,1.2,1.2,1.2,1.2,1.2,1.2,1.2,1.2,2.201
277.3175263404846,0.49924254417419434,800,21.566482543945312,1626.0174310358025,37.09459798879425,3,1.7,1.7,1.7,1.2,1.2,1.2,1.2,1.2,1.2,1.2,1.2,1.7,1.2,1.2,1.2,1.2,1.2,1.2,1.2,1.2,2.201
277.81804156303406,0.4992647171020508,864,21.216964721679688,1738.5876690632056,40.72213020730326,3,1.7,1.7,1.7,1.2,1.2,1.2,1.2,1.2,1.2,1.2,1.2,1.7,1.2,1.2,1.2,1.2,1.2,1.2,1.2,1.2,2.201
278.318585395813,0.49918532371520996,1152,21.184646606445312,2202.494688678408,54.37900482368728,3,1.7,1.7,1.7,1.2,1.2,1.2,1.2,1.2,1.2,1.2,1.2,1.7,1.2,1.2,1.2,1.2,1.2,1.2,1.2,1.2,2.201
278.819100856781,0.49918055534362793,1280,22.072982788085938,2162.1516986370016,57.989444031591866,3,1.7,1.7,1.7,1.2,1.2,1.2,1.2,1.2,1.2,1.2,1.2,1.7,1.2,1.2,1.2,1.2,1.2,1.2,1.2,1.2,2.201
279.3196425437927,0.4992222785949707,1024,21.572189331054688,2048.0075760167947,47.468524602919175,3,1.7,1.7,1.7,1.2,1.2,1.2,1.2,1.2,1.2,1.2,1.2,1.7,1.2,1.2,1.2,1.2,1.2,1.2,1.2,1.2,2.201
279.82017970085144,0.49923038482666016,960,21.497207641601562,1935.4838153791245,44.65696270906369,3,1.7,1.7,1.7,1.2,1.2,1.2,1.2,1.2,1.2,1.2,1.2,1.7,1.2,1.2,1.2,1.2,1.2,1.2,1.2,1.2,2.201
280.32072353363037,0.499204158782959,896,21.526519775390625,1763.7736896860906,41.62307745743081,3,1.7,1.7,1.7,1.2,1.2,1.2,1.2,1.2,1.2,1.2,1.2,1.7,1.2,1.2,1.2,1.2,1.2,1.2,1.2,1.2,2.201
280.82122135162354,0.4789896011352539,736,25.3148193359375,1416.1770350035026,29.07387922595827,3,1.8,1.8,1.8,1.2,1.2,1.2,1.2,1.2,1.2,1.2,1.2,1.8,1.2,1.2,1.2,1.2,1.2,1.2,1.2,1.2,2.201
281.32176327705383,0.49916887283325195,992,20.832443237304688,2910.021903706807,47.61803446192159,3,1.8,1.8,1.8,1.2,1.2,1.2,1.2,1.2,1.2,1.2,1.2,1.8,1.2,1.2,1.2,1.2,1.2,1.2,1.2,1.2,2.201
281.8222794532776,0.49917054176330566,768,24.194229125976562,1832.8359592724587,31.743106837631096,3,1.8,1.8,1.8,1.2,1.2,1.2,1.2,1.2,1.2,1.2,1.2,1.8,1.2,1.2,1.2,1.2,1.2,1.2,1.2,1.2,2.201
282.32279753685,0.4991953372955322,864,21.953399658203125,2338.793714711008,39.35609124107378,3,1.8,1.8,1.8,1.2,1.2,1.2,1.2,1.2,1.2,1.2,1.2,1.8,1.2,1.2,1.2,1.2,1.2,1.2,1.2,1.2,2.201
282.82331442832947,0.49921274185180664,832,22.069961547851562,2044.456136366043,37.698298576373936,3,1.8,1.8,1.8,1.2,1.2,1.2,1.2,1.2,1.2,1.2,1.2,1.8,1.2,1.2,1.2,1.2,1.2,1.2,1.2,1.2,2.201
283.3238294124603,0.4992351531982422,1440,22.276535034179688,1956.9397016849894,64.64200998003308,3,1.8,1.8,1.8,1.2,1.2,1.2,1.2,1.2,1.2,1.2,1.2,1.8,1.2,1.2,1.2,1.2,1.2,1.2,1.2,1.2,2.201
283.8243718147278,0.49928736686706543,864,22.56396484375,2601.1852444593846,38.29114280149748,3,1.8,1.8,1.8,1.2,1.2,1.2,1.2,1.2,1.2,1.2,1.2,1.8,1.2,1.2,1.2,1.2,1.2,1.2,1.2,1.2,2.201
284.32492566108704,0.4991152286529541,1312,22.060455322265625,1783.1335301337426,59.47293384628367,3,1.8,1.8,1.8,1.2,1.2,1.2,1.2,1.2,1.2,1.2,1.2,1.8,1.2,1.2,1.2,1.2,1.2,1.2,1.2,1.2,2.201
284.82548689842224,0.49919748306274414,1056,21.9603271484375,1998.9903286215235,48.08671532359824,3,1.8,1.8,1.8,1.2,1.2,1.2,1.2,1.2,1.2,1.2,1.2,1.8,1.2,1.2,1.2,1.2,1.2,1.2,1.2,1.2,2.201
285.3260316848755,0.4989445209503174,736,21.832717895507812,2667.1339883509872,33.7108739059664,3,1.8,1.8,1.8,1.2,1.2,1.2,1.2,1.2,1.2,1.2,1.2,1.8,1.2,1.2,1.2,1.2,1.2,1.2,1.2,1.2,2.201
285.8265745639801,0.4991438388824463,1632,22.052017211914062,1924.528901633188,74.00683503540338,3,1.8,1.8,1.8,1.2,1.2,1.2,1.2,1.2,1.2,1.2,1.2,1.8,1.2,1.2,1.2,1.2,1.2,1.2,1.2,1.2,2.201
286.32709288597107,0.49915146827697754,640,21.882476806640625,2161.2473083428595,29.247146273943756,3,1.8,1.8,1.8,1.2,1.2,1.2,1.2,1.2,1.2,1.2,1.2,1.8,1.2,1.2,1.2,1.2,1.2,1.2,1.2,1.2,2.201
286.8276107311249,0.499208927154541,704,22.10052490234375,2286.6347116248594,31.854447037379693,3,1.8,1.8,1.8,1.2,1.2,1.2,1.2,1.2,1.2,1.2,1.2,1.8,1.2,1.2,1.2,1.2,1.2,1.2,1.2,1.2,2.201
287.32812762260437,0.4991421699523926,512,22.264663696289062,1243.2910291866285,22.996080559947423,3,1.8,1.8,1.8,1.2,1.2,1.2,1.2,1.2,1.2,1.2,1.2,1.8,1.2,1.2,1.2,1.2,1.2,1.2,1.2,1.2,2.201
287.828654050827,0.4991946220397949,1376,22.360183715820312,2665.687213514656,61.53795592593679,3,1.8,1.8,1.8,1.2,1.2,1.2,1.2,1.2,1.2,1.2,1.2,1.8,1.2,1.2,1.2,1.2,1.2,1.2,1.2,1.2,2.201
288.3291976451874,0.49906229972839355,832,21.942718505859375,1733.3252434789383,37.916906229181706,3,1.8,1.8,1.8,1.2,1.2,1.2,1.2,1.2,1.2,1.2,1.2,1.8,1.2,1.2,1.2,1.2,1.2,1.2,1.2,1.2,2.201
288.8297219276428,0.4991469383239746,1440,22.056243896484375,2057.20510762388,65.28763495535733,3,1.8,1.8,1.8,1.2,1.2,1.2,1.2,1.2,1.2,1.2,1.2,1.8,1.2,1.2,1.2,1.2,1.2,1.2,1.2,1.2,2.201
289.33026576042175,0.49912452697753906,672,22.010009765625,2181.681703495298,30.531563009550432,3,1.8,1.8,1.8,1.2,1.2,1.2,1.2,1.2,1.2,1.2,1.2,1.8,1.2,1.2,1.2,1.2,1.2,1.2,1.2,1.2,2.201
289.83078265190125,0.4992365837097168,1024,22.065704345703125,2015.7543899558846,46.406857626523234,3,1.8,1.8,1.8,1.2,1.2,1.2,1.2,1.2,1.2,1.2,1.2,1.8,1.2,1.2,1.2,1.2,1.2,1.2,1.2,1.2,2.201
290.3313081264496,0.4992561340332031,1024,22.258087158203125,1954.1866982180738,46.00575030197997,3,1.8,1.8,1.8,1.2,1.2,1.2,1.2,1.2,1.2,1.2,1.2,1.8,1.2,1.2,1.2,1.2,1.2,1.2,1.2,1.2,2.201
290.83180499076843,0.4766871929168701,1152,24.804092407226562,2341.4697545502363,46.44394888902969,3,1.9,1.9,1.9,1.2,1.2,1.2,1.2,1.2,1.2,1.2,1.2,1.9,1.2,1.2,1.2,1.2,1.2,1.2,1.2,1.2,2.201
291.3323247432709,0.4991569519042969,1984,22.246597290039062,2058.099866640331,89.18217802631497,3,1.9,1.9,1.9,1.2,1.2,1.2,1.2,1.2,1.2,1.2,1.2,1.9,1.2,1.2,1.2,1.2,1.2,1.2,1.2,1.2,2.201
291.832866191864,0.49920034408569336,1088,22.805267333984375,2285.6831655368883,47.70827651639339,3,1.9,1.9,1.9,1.2,1.2,1.2,1.2,1.2,1.2,1.2,1.2,1.9,1.2,1.2,1.2,1.2,1.2,1.2,1.2,1.2,2.201
292.333411693573,0.49927854537963867,800,23.541229248046875,1769.906834506074,33.982932308701464,3,1.9,1.9,1.9,1.2,1.2,1.2,1.2,1.2,1.2,1.2,1.2,1.9,1.2,1.2,1.2,1.2,1.2,1.2,1.2,1.2,2.201
292.8339293003082,0.49919652938842773,832,23.603759765625,2650.5276390446143,35.24862175608444,3,1.9,1.9,1.9,1.2,1.2,1.2,1.2,1.2,1.2,1.2,1.2,1.9,1.2,1.2,1.2,1.2,1.2,1.2,1.2,1.2,2.201
293.33444714546204,0.49913644790649414,1216,23.08819580078125,1882.0682022065203,52.66760601358264,3,1.9,1.9,1.9,1.2,1.2,1.2,1.2,1.2,1.2,1.2,1.2,1.9,1.2,1.2,1.2,1.2,1.2,1.2,1.2,1.2,2.201
293.8349657058716,0.4992036819458008,1056,23.3363037109375,2237.2949203594844,45.251382270323425,3,1.9,1.9,1.9,1.2,1.2,1.2,1.2,1.2,1.2,1.2,1.2,1.9,1.2,1.2,1.2,1.2,1.2,1.2,1.2,1.2,2.201
294.33551025390625,0.4991726875305176,1344,23.591293334960938,2799.992630650127,56.970170347052125,3,1.9,1.9,1.9,1.2,1.2,1.2,1.2,1.2,1.2,1.2,1.2,1.9,1.2,1.2,1.2,1.2,1.2,1.2,1.2,1.2,2.201
294.83602833747864,0.49918174743652344,1376,23.588729858398438,2177.229415133309,58.33294154708777,3,1.9,1.9,1.9,1.2,1.2,1.2,1.2,1.2,1.2,1.2,1.2,1.9,1.2,1.2,1.2,1.2,1.2,1.2,1.2,1.2,2.201
295.33654713630676,0.4992332458496094,736,22.965866088867188,2067.412373515939,32.04756124380519,3,1.9,1.9,1.9,1.2,1.2,1.2,1.2,1.2,1.2,1.2,1.2,1.9,1.2,1.2,1.2,1.2,1.2,1.2,1.2,1.2,2.201
295.83709192276,0.4992377758026123,1120,22.547454833984375,2165.908201382815,49.67301224224624,3,1.9,1.9,1.9,1.2,1.2,1.2,1.2,1.2,1.2,1.2,1.2,1.9,1.2,1.2,1.2,1.2,1.2,1.2,1.2,1.2,2.201
296.3376100063324,0.4991936683654785,928,22.60919189453125,2557.209858497351,41.04525293646016,3,1.9,1.9,1.9,1.2,1.2,1.2,1.2,1.2,1.2,1.2,1.2,1.9,1.2,1.2,1.2,1.2,1.2,1.2,1.2,1.2,2.201
296.8381292819977,0.4991636276245117,832,22.752761840820312,1840.7141977007666,36.566989353675915,3,1.9,1.9,1.9,1.2,1.2,1.2,1.2,1.2,1.2,1.2,1.2,1.9,1.2,1.2,1.2,1.2,1.2,1.2,1.2,1.2,2.201
297.3386483192444,0.49918437004089355,1184,22.820663452148438,2426.2219890784672,51.88280360396503,3,1.9,1.9,1.9,1.2,1.2,1.2,1.2,1.2,1.2,1.2,1.2,1.9,1.2,1.2,1.2,1.2,1.2,1.2,1.2,1.2,2.201
297.8391652107239,0.49919891357421875,960,22.620590209960938,2068.9711414705075,42.43921096175756,3,1.9,1.9,1.9,1.2,1.2,1.2,1.2,1.2,1.2,1.2,1.2,1.9,1.2,1.2,1.2,1.2,1.2,1.2,1.2,1.2,2.201
298.33968329429626,0.49916577339172363,832,22.457290649414062,1890.9015126768495,37.0481022394261,3,1.9,1.9,1.9,1.2,1.2,1.2,1.2,1.2,1.2,1.2,1.2,1.9,1.2,1.2,1.2,1.2,1.2,1.2,1.2,1.2,2.201
298.8402006626129,0.4992067813873291,2176,22.900146484375,2305.0842314822735,95.0212262390857,3,1.9,1.9,1.9,1.2,1.2,1.2,1.2,1.2,1.2,1.2,1.2,1.9,1.2,1.2,1.2,1.2,1.2,1.2,1.2,1.2,2.201
299.3407199382782,0.49916601181030273,1088,22.6324462890625,2324.7976946772005,48.07257625198889,3,1.9,1.9,1.9,1.2,1.2,1.2,1.2,1.2,1.2,1.2,1.2,1.9,1.2,1.2,1.2,1.2,1.2,1.2,1.2,1.2,2.201
299.8412380218506,0.499147891998291,1056,23.090042114257812,2237.2773728125862,45.7340006040064,3,1.9,1.9,1.9,1.2,1.2,1.2,1.2,1.2,1.2,1.2,1.2,1.9,1.2,1.2,1.2,1.2,1.2,1.2,1.2,1.2,2.201
300.34175634384155,0.4992055892944336,1184,23.327392578125,2084.503115241089,50.75577975698333,3,1.9,1.9,1.9,1.2,1.2,1.2,1.2,1.2,1.2,1.2,1.2,1.9,1.2,1.2,1.2,1.2,1.2,1.2,1.2,1.2,2.201
300.8422553539276,0.4785428047180176,480,24.015670776367188,1430.6730598530712,19.98694954097838,3,2.0,2.0,2.0,1.2,1.2,1.2,1.2,1.2,1.2,1.2,1.2,2.0,1.2,1.2,1.2,1.2,1.2,1.2,1.2,1.2,2.201
301.34279894828796,0.499190092086792,1216,22.109344482421875,2595.5593435683268,54.99936920186782,3,2.0,2.0,2.0,1.2,1.2,1.2,1.2,1.2,1.2,1.2,1.2,2.0,1.2,1.2,1.2,1.2,1.2,1.2,1.2,1.2,2.201
301.84331798553467,0.49925827980041504,1120,22.785919189453125,2522.5369985013635,49.15316299894596,3,2.0,2.0,2.0,1.2,1.2,1.2,1.2,1.2,1.2,1.2,1.2,2.0,1.2,1.2,1.2,1.2,1.2,1.2,1.2,1.2,2.201
302.34383487701416,0.49919891357421875,1024,22.864089965820312,2285.6972519133246,44.78638780422858,3,2.0,2.0,2.0,1.2,1.2,1.2,1.2,1.2,1.2,1.2,1.2,2.0,1.2,1.2,1.2,1.2,1.2,1.2,1.2,1.2,2.201
302.84435415267944,0.49929070472717285,800,24.239151000976562,1904.7749479288439,33.00445630161589,3,2.0,2.0,2.0,1.2,1.2,1.2,1.2,1.2,1.2,1.2,1.2,2.0,1.2,1.2,1.2,1.2,1.2,1.2,1.2,1.2,2.201
303.3448703289032,0.4992029666900635,1760,23.0860595703125,2515.3114631827134,76.23648352113197,3,2.0,2.0,2.0,1.2,1.2,1.2,1.2,1.2,1.2,1.2,1.2,2.0,1.2,1.2,1.2,1.2,1.2,1.2,1.2,1.2,2.201
303.84538865089417,0.4992713928222656,1376,23.619293212890625,2122.520224876458,58.257458747708206,3,2.0,2.0,2.0,1.2,1.2,1.2,1.2,1.2,1.2,1.2,1.2,2.0,1.2,1.2,1.2,1.2,1.2,1.2,1.2,1.2,2.201
304.3459053039551,0.4991743564605713,928,23.102691650390625,1999.9927956677743,40.16847967515115,3,2.0,2.0,2.0,1.2,1.2,1.2,1.2,1.2,1.2,1.2,1.2,2.0,1.2,1.2,1.2,1.2,1.2,1.2,1.2,1.2,2.201
304.846421957016,0.4992258548736572,1312,24.323074340820312,2779.6595740885705,53.940549686111424,3,2.0,2.0,2.0,1.2,1.2,1.2,1.2,1.2,1.2,1.2,1.2,2.0,1.2,1.2,1.2,1.2,1.2,1.2,1.2,1.2,2.201
305.34694027900696,0.4993019104003906,960,23.965179443359375,2162.1650459597604,40.05811858279287,3,2.0,2.0,2.0,1.2,1.2,1.2,1.2,1.2,1.2,1.2,1.2,2.0,1.2,1.2,1.2,1.2,1.2,1.2,1.2,1.2,2.201
305.84745740890503,0.49928712844848633,832,23.367172241210938,1840.7048070010662,35.60550636643418,3,2.0,2.0,2.0,1.2,1.2,1.2,1.2,1.2,1.2,1.2,1.2,2.0,1.2,1.2,1.2,1.2,1.2,1.2,1.2,1.2,2.201
306.34800004959106,0.4992191791534424,1536,23.25665283203125,2358.169277093248,66.04561761718678,3,2.0,2.0,2.0,1.2,1.2,1.2,1.2,1.2,1.2,1.2,1.2,2.0,1.2,1.2,1.2,1.2,1.2,1.2,1.2,1.2,2.201
306.84852504730225,0.49915337562561035,992,24.792083740234375,2429.2152237447276,40.012772237862,3,2.0,2.0,2.0,1.2,1.2,1.2,1.2,1.2,1.2,1.2,1.2,2.0,1.2,1.2,1.2,1.2,1.2,1.2,1.2,1.2,2.201
307.34903025627136,0.4991636276245117,960,23.531753540039062,2498.1397430703814,40.79593976566892,3,2.0,2.0,2.0,1.2,1.2,1.2,1.2,1.2,1.2,1.2,1.2,2.0,1.2,1.2,1.2,1.2,1.2,1.2,1.2,1.2,2.201
307.8495349884033,0.49915027618408203,896,23.688140869140625,2434.785321350846,37.824834162787795,3,2.0,2.0,2.0,1.2,1.2,1.2,1.2,1.2,1.2,1.2,1.2,2.0,1.2,1.2,1.2,1.2,1.2,1.2,1.2,1.2,2.201
308.3500394821167,0.49926185607910156,1728,24.190078735351562,1990.7853928582456,71.43424454731881,3,2.0,2.0,2.0,1.2,1.2,1.2,1.2,1.2,1.2,1.2,1.2,2.0,1.2,1.2,1.2,1.2,1.2,1.2,1.2,1.2,2.201
308.8505599498749,0.499190092086792,1376,24.239791870117188,2940.1747821011277,56.766163974218465,3,2.0,2.0,2.0,1.2,1.2,1.2,1.2,1.2,1.2,1.2,1.2,2.0,1.2,1.2,1.2,1.2,1.2,1.2,1.2,1.2,2.201
309.3510720729828,0.4991452693939209,960,23.174118041992188,2222.233125878487,41.42552472808033,3,2.0,2.0,2.0,1.2,1.2,1.2,1.2,1.2,1.2,1.2,1.2,2.0,1.2,1.2,1.2,1.2,1.2,1.2,1.2,1.2,2.201
309.85158133506775,0.4991426467895508,928,23.612167358398438,2090.074460197464,39.30177123998431,3,2.0,2.0,2.0,1.2,1.2,1.2,1.2,1.2,1.2,1.2,1.2,2.0,1.2,1.2,1.2,1.2,1.2,1.2,1.2,1.2,2.201
310.3521156311035,0.49915242195129395,1408,24.149673461914062,2317.906455854057,58.303065762794965,3,2.0,2.0,2.0,1.2,1.2,1.2,1.2,1.2,1.2,1.2,1.2,2.0,1.2,1.2,1.2,1.2,1.2,1.2,1.2,1.2,2.201
310.8526258468628,0.47673773765563965,672,24.707778930664062,2465.5449488265,27.19791211851914,3,2.1,2.1,2.1,1.2,1.2,1.2,1.2,1.2,1.2,1.2,1.2,2.1,1.2,1.2,1.2,1.2,1.2,1.2,1.2,1.2,2.201
311.35317182540894,0.4991939067840576,864,23.203277587890625,1945.9546640459635,37.236118765001805,3,2.1,2.1,2.1,1.2,1.2,1.2,1.2,1.2,1.2,1.2,1.2,2.1,1.2,1.2,1.2,1.2,1.2,1.2,1.2,1.2,2.201
311.853702545166,0.4990112781524658,1824,23.20159912109375,2446.262392847069,78.61527089060465,3,2.1,2.1,2.1,1.2,1.2,1.2,1.2,1.2,1.2,1.2,1.2,2.1,1.2,1.2,1.2,1.2,1.2,1.2,1.2,1.2,2.201
312.354234457016,0.4992537498474121,1120,23.5548095703125,1961.4932278889873,47.548675639118784,3,2.1,2.1,2.1,1.2,1.2,1.2,1.2,1.2,1.2,1.2,1.2,2.1,1.2,1.2,1.2,1.2,1.2,1.2,1.2,1.2,2.201
312.85476660728455,0.49927425384521484,1152,23.667984008789062,2695.50287442739,48.67334706547913,3,2.1,2.1,2.1,1.2,1.2,1.2,1.2,1.2,1.2,1.2,1.2,2.1,1.2,1.2,1.2,1.2,1.2,1.2,1.2,1.2,2.201
313.3552975654602,0.4992821216583252,1568,23.98797607421875,2532.902963066198,65.36608153804269,3,2.1,2.1,2.1,1.2,1.2,1.2,1.2,1.2,1.2,1.2,1.2,2.1,1.2,1.2,1.2,1.2,1.2,1.2,1.2,1.2,2.201
313.855829000473,0.499279260635376,1056,23.9315185546875,2261.9921555865544,44.12590858314588,3,2.1,2.1,2.1,1.2,1.2,1.2,1.2,1.2,1.2,1.2,1.2,2.1,1.2,1.2,1.2,1.2,1.2,1.2,1.2,1.2,2.201
314.3563652038574,0.4992833137512207,768,23.53863525390625,2722.4289428700913,32.62721018936516,3,2.1,2.1,2.1,1.2,1.2,1.2,1.2,1.2,1.2,1.2,1.2,2.1,1.2,1.2,1.2,1.2,1.2,1.2,1.2,1.2,2.201
314.85686922073364,0.499248743057251,1248,24.24017333984375,2474.8804643192125,51.484780348028835,3,2.1,2.1,2.1,1.2,1.2,1.2,1.2,1.2,1.2,1.2,1.2,2.1,1.2,1.2,1.2,1.2,1.2,1.2,1.2,1.2,2.201
315.3574011325836,0.49931883811950684,1248,24.16656494140625,2201.4268469902263,51.64159668640846,3,2.1,2.1,2.1,1.2,1.2,1.2,1.2,1.2,1.2,1.2,1.2,2.1,1.2,1.2,1.2,1.2,1.2,1.2,1.2,1.2,2.201
315.85794734954834,0.49923062324523926,1760,23.794723510742188,2577.9447421999207,73.96597818022317,3,2.1,2.1,2.1,1.2,1.2,1.2,1.2,1.2,1.2,1.2,1.2,2.1,1.2,1.2,1.2,1.2,1.2,1.2,1.2,1.2,2.201
316.35848093032837,0.49903321266174316,1120,24.391693115234375,2442.2354827678637,45.91727170019531,3,2.1,2.1,2.1,1.2,1.2,1.2,1.2,1.2,1.2,1.2,1.2,2.1,1.2,1.2,1.2,1.2,1.2,1.2,1.2,1.2,2.201
316.8589837551117,0.4992690086364746,1184,24.2025146484375,2380.4261741942864,48.92053644832473,3,2.1,2.1,2.1,1.2,1.2,1.2,1.2,1.2,1.2,1.2,1.2,2.1,1.2,1.2,1.2,1.2,1.2,1.2,1.2,1.2,2.201
317.35953521728516,0.499309778213501,960,24.410659790039062,2471.5781183135473,39.32708121194391,3,2.1,2.1,2.1,1.2,1.2,1.2,1.2,1.2,1.2,1.2,1.2,2.1,1.2,1.2,1.2,1.2,1.2,1.2,1.2,1.2,2.201
317.860068321228,0.4990360736846924,960,23.323745727539062,2266.6703755200165,41.15976958480123,3,2.1,2.1,2.1,1.2,1.2,1.2,1.2,1.2,1.2,1.2,1.2,2.1,1.2,1.2,1.2,1.2,1.2,1.2,1.2,1.2,2.201
318.360600233078,0.49927473068237305,1216,23.508087158203125,2165.480852515875,51.72687985273519,3,2.1,2.1,2.1,1.2,1.2,1.2,1.2,1.2,1.2,1.2,1.2,2.1,1.2,1.2,1.2,1.2,1.2,1.2,1.2,1.2,2.201
318.8611361980438,0.4992690086364746,1536,23.474639892578125,2353.489646998295,65.43231363841413,3,2.1,2.1,2.1,1.2,1.2,1.2,1.2,1.2,1.2,1.2,1.2,2.1,1.2,1.2,1.2,1.2,1.2,1.2,1.2,1.2,2.201
319.3616404533386,0.49927473068237305,1088,24.13165283203125,2100.80296426807,45.08601244900385,3,2.1,2.1,2.1,1.2,1.2,1.2,1.2,1.2,1.2,1.2,1.2,2.1,1.2,1.2,1.2,1.2,1.2,1.2,1.2,1.2,2.201
319.8621733188629,0.4992990493774414,480,24.004974365234375,1415.4362887639224,19.995855554637394,3,2.1,2.1,2.1,1.2,1.2,1.2,1.2,1.2,1.2,1.2,1.2,2.1,1.2,1.2,1.2,1.2,1.2,1.2,1.2,1.2,2.201
320.36267852783203,0.4992244243621826,1376,24.14215087890625,3106.2291356041565,56.99575016749043,3,2.1,2.1,2.1,1.2,1.2,1.2,1.2,1.2,1.2,1.2,1.2,2.1,1.2,1.2,1.2,1.2,1.2,1.2,1.2,1.2,2.201
320.86321449279785,0.47840452194213867,672,27.006744384765625,1647.0202058842976,24.882673395430512,3,2.2,2.2,2.2,1.2,1.2,1.2,1.2,1.2,1.2,1.2,1.2,2.2,1.2,1.2,1.2,1.2,1.2,1.2,1.2,1.2,2.201
321.3637194633484,0.4990570545196533,1664,23.46258544921875,2992.4116502892716,70.92142524537539,3,2.2,2.2,2.2,1.2,1.2,1.2,1.2,1.2,1.2,1.2,1.2,2.2,1.2,1.2,1.2,1.2,1.2,1.2,1.2,1.2,2.201
321.8642506599426,0.4992988109588623,1280,24.931411743164062,2473.487245677426,51.34085519047925,3,2.2,2.2,2.2,1.2,1.2,1.2,1.2,1.2,1.2,1.2,1.2,2.2,1.2,1.2,1.2,1.2,1.2,1.2,1.2,1.2,2.201
322.36475443840027,0.49930620193481445,1280,28.656204223632812,2162.585673079296,44.667465028197356,3,2.2,2.2,2.2,1.2,1.2,1.2,1.2,1.2,1.2,1.2,1.2,2.2,1.2,1.2,1.2,1.2,1.2,1.2,1.2,1.2,2.201
322.86528491973877,0.4992663860321045,1568,30.658035278320312,2890.65494369457,51.144829920291855,3,2.2,2.2,2.2,1.2,1.2,1.2,1.2,1.2,1.2,1.2,1.2,2.2,1.2,1.2,1.2,1.2,1.2,1.2,1.2,1.2,2.201
323.3657879829407,0.4992794990539551,480,30.203994750976562,1903.9572431634383,15.891937604858725,3,2.2,2.2,2.2,1.2,1.2,1.2,1.2,1.2,1.2,1.2,1.2,2.2,1.2,1.2,1.2,1.2,1.2,1.2,1.2,1.2,2.201
323.8663213253021,0.4992046356201172,2048,30.432662963867188,2485.4146701122067,67.29611544121518,3,2.2,2.2,2.2,1.2,1.2,1.2,1.2,1.2,1.2,1.2,1.2,2.2,1.2,1.2,1.2,1.2,1.2,1.2,1.2,1.2,2.201
324.3668546676636,0.4992506504058838,1056,30.5274658203125,2613.8615301266973,34.59180025671682,3,2.2,2.2,2.2,1.2,1.2,1.2,1.2,1.2,1.2,1.2,1.2,2.2,1.2,1.2,1.2,1.2,1.2,1.2,1.2,1.2,2.201
324.8673884868622,0.4992506504058838,1728,30.4671630859375,2702.7262990053514,56.716800153854166,3,2.2,2.2,2.2,1.2,1.2,1.2,1.2,1.2,1.2,1.2,1.2,2.2,1.2,1.2,1.2,1.2,1.2,1.2,1.2,1.2,2.201
325.36792159080505,0.49933290481567383,288,29.713409423828125,1668.202815907228,9.692593532166109,3,2.2,2.2,2.2,1.2,1.2,1.2,1.2,1.2,1.2,1.2,1.2,2.2,1.2,1.2,1.2,1.2,1.2,1.2,1.2,1.2,2.201
325.8684506416321,0.49931788444519043,2144,29.750473022460938,2693.463671347802,72.06608104621827,3,2.2,2.2,2.2,1.2,1.2,1.2,1.2,1.2,1.2,1.2,1.2,2.2,1.2,1.2,1.2,1.2,1.2,1.2,1.2,1.2,2.201
326.3689811229706,0.4993109703063965,864,29.756759643554688,2214.2211393515668,29.035419526505546,3,2.2,2.2,2.2,1.2,1.2,1.2,1.2,1.2,1.2,1.2,1.2,2.2,1.2,1.2,1.2,1.2,1.2,1.2,1.2,1.2,2.201
326.8695116043091,0.4992799758911133,1920,29.446731567382812,2993.0014250662853,65.2024825100359,3,2.2,2.2,2.2,1.2,1.2,1.2,1.2,1.2,1.2,1.2,1.2,2.2,1.2,1.2,1.2,1.2,1.2,1.2,1.2,1.2,2.201
327.37001490592957,0.49927377700805664,928,30.546737670898438,2390.131663766975,30.37967621937239,3,2.2,2.2,2.2,1.2,1.2,1.2,1.2,1.2,1.2,1.2,1.2,2.2,1.2,1.2,1.2,1.2,1.2,1.2,1.2,1.2,2.201
327.87054347991943,0.49927496910095215,1600,29.818344116210938,2648.8559623478077,53.658244527741886,3,2.2,2.2,2.2,1.2,1.2,1.2,1.2,1.2,1.2,1.2,1.2,2.2,1.2,1.2,1.2,1.2,1.2,1.2,1.2,1.2,2.201
328.37107729911804,0.49928855895996094,672,29.588546752929688,1766.0392485068367,22.71149055110192,3,2.2,2.2,2.2,1.2,1.2,1.2,1.2,1.2,1.2,1.2,1.2,2.2,1.2,1.2,1.2,1.2,1.2,1.2,1.2,1.2,2.201
328.8716051578522,0.49922966957092285,1312,29.716339111328125,2905.949709768239,44.150795126034026,3,2.2,2.2,2.2,1.2,1.2,1.2,1.2,1.2,1.2,1.2,1.2,2.2,1.2,1.2,1.2,1.2,1.2,1.2,1.2,1.2,2.201
329.37213373184204,0.49933600425720215,1600,29.933242797851562,2532.9760398443054,53.45227748310781,3,2.2,2.2,2.2,1.2,1.2,1.2,1.2,1.2,1.2,1.2,1.2,2.2,1.2,1.2,1.2,1.2,1.2,1.2,1.2,1.2,2.201
329.8726375102997,0.49926066398620605,672,29.5003662109375,2663.1401814831133,22.779378235340364,3,2.2,2.2,2.2,1.2,1.2,1.2,1.2,1.2,1.2,1.2,1.2,2.2,1.2,1.2,1.2,1.2,1.2,1.2,1.2,1.2,2.201
330.373165845871,0.49924182891845703,1472,30.05755615234375,2095.3740303843215,48.97271064019023,3,2.2,2.2,2.2,1.2,1.2,1.2,1.2,1.2,1.2,1.2,1.2,2.2,1.2,1.2,1.2,1.2,1.2,1.2,1.2,1.2,2.201
330.8736870288849,0.4793562889099121,1696,31.090301513671875,3109.320918638571,54.5507736312621,4,1.2,1.2,1.2,1.2,1.2,1.2,1.2,1.2,1.2,1.2,1.2,1.2,1.2,1.2,1.2,1.2,1.2,1.2,1.2,1.2,2.201
331.3742275238037,0.49899721145629883,992,21.179397583007812,1928.436587318514,46.83797053773992,4,1.2,1.2,1.2,1.2,1.2,1.2,1.2,1.2,1.2,1.2,1.2,1.2,1.2,1.2,1.2,1.2,1.2,1.2,1.2,1.2,2.201
331.87476682662964,0.4990525245666504,832,19.542098999023438,2092.3366403516607,42.57475105624923,4,1.2,1.2,1.2,1.2,1.2,1.2,1.2,1.2,1.2,1.2,1.2,1.2,1.2,1.2,1.2,1.2,1.2,1.2,1.2,1.2,2.201
332.3753182888031,0.4990370273590088,928,19.80474853515625,1731.3387581271973,46.85744928054339,4,1.2,1.2,1.2,1.2,1.2,1.2,1.2,1.2,1.2,1.2,1.2,1.2,1.2,1.2,1.2,1.2,1.2,1.2,1.2,1.2,2.201
332.87586998939514,0.49893856048583984,1088,21.211898803710938,1942.8620458989387,51.29196636605011,4,1.2,1.2,1.2,1.2,1.2,1.2,1.2,1.2,1.2,1.2,1.2,1.2,1.2,1.2,1.2,1.2,1.2,1.2,1.2,1.2,2.201
333.3763859272003,0.49891018867492676,0,19.9736328125,1942.8620458989387,51.29196636605011,4,1.2,1.2,1.2,1.2,1.2,1.2,1.2,1.2,1.2,1.2,1.2,1.2,1.2,1.2,1.2,1.2,1.2,1.2,1.2,1.2,2.201
333.8769266605377,0.4992256164550781,896,20.168106079101562,1534.242822627439,44.426581082318194,4,1.2,1.2,1.2,1.2,1.2,1.2,1.2,1.2,1.2,1.2,1.2,1.2,1.2,1.2,1.2,1.2,1.2,1.2,1.2,1.2,2.201
334.3774631023407,0.4991786479949951,960,21.064849853515625,1751.8308659068834,45.5735505676904,4,1.2,1.2,1.2,1.2,1.2,1.2,1.2,1.2,1.2,1.2,1.2,1.2,1.2,1.2,1.2,1.2,1.2,1.2,1.2,1.2,2.201
334.87799859046936,0.49910783767700195,1632,20.162322998046875,2014.592641742182,80.94305403985899,4,1.2,1.2,1.2,1.2,1.2,1.2,1.2,1.2,1.2,1.2,1.2,1.2,1.2,1.2,1.2,1.2,1.2,1.2,1.2,1.2,2.201
335.378536939621,0.4990537166595459,896,19.58245849609375,1555.1631701348385,45.75523549194456,4,1.2,1.2,1.2,1.2,1.2,1.2,1.2,1.2,1.2,1.2,1.2,1.2,1.2,1.2,1.2,1.2,1.2,1.2,1.2,1.2,2.201
335.87909603118896,0.4990715980529785,736,19.5380859375,2438.9745347614785,37.6700154945769,4,1.2,1.2,1.2,1.2,1.2,1.2,1.2,1.2,1.2,1.2,1.2,1.2,1.2,1.2,1.2,1.2,1.2,1.2,1.2,1.2,2.201
336.3796446323395,0.49910831451416016,1152,20.934402465820312,2028.168186143695,55.02903662432569,4,1.2,1.2,1.2,1.2,1.2,1.2,1.2,1.2,1.2,1.2,1.2,1.2,1.2,1.2,1.2,1.2,1.2,1.2,1.2,1.2,2.201
336.8801836967468,0.4991133213043213,672,19.957382202148438,1333.3313408381855,33.67175079343113,4,1.2,1.2,1.2,1.2,1.2,1.2,1.2,1.2,1.2,1.2,1.2,1.2,1.2,1.2,1.2,1.2,1.2,1.2,1.2,1.2,2.201
337.3807210922241,0.4991142749786377,992,19.2901611328125,1771.4312771756704,51.42517956019617,4,1.2,1.2,1.2,1.2,1.2,1.2,1.2,1.2,1.2,1.2,1.2,1.2,1.2,1.2,1.2,1.2,1.2,1.2,1.2,1.2,2.201
337.88125824928284,0.49913668632507324,1152,19.40380859375,2071.9451848402628,59.369787865824506,4,1.2,1.2,1.2,1.2,1.2,1.2,1.2,1.2,1.2,1.2,1.2,1.2,1.2,1.2,1.2,1.2,1.2,1.2,1.2,1.2,2.201
338.3817958831787,0.49901580810546875,0,20.96759033203125,2071.9451848402628,59.369787865824506,4,1.2,1.2,1.2,1.2,1.2,1.2,1.2,1.2,1.2,1.2,1.2,1.2,1.2,1.2,1.2,1.2,1.2,1.2,1.2,1.2,2.201
338.88235688209534,0.4990875720977783,1152,20.082382202148438,2071.9404960744655,57.36371255182852,4,1.2,1.2,1.2,1.2,1.2,1.2,1.2,1.2,1.2,1.2,1.2,1.2,1.2,1.2,1.2,1.2,1.2,1.2,1.2,1.2,2.201
339.38289284706116,0.4990856647491455,1088,19.632644653320312,1888.888457111745,55.417903151218866,4,1.2,1.2,1.2,1.2,1.2,1.2,1.2,1.2,1.2,1.2,1.2,1.2,1.2,1.2,1.2,1.2,1.2,1.2,1.2,1.2,2.201
339.8834455013275,0.49913930892944336,1504,22.536514282226562,1653.7105613926528,66.73614123130527,4,1.2,1.2,1.2,1.2,1.2,1.2,1.2,1.2,1.2,1.2,1.2,1.2,1.2,1.2,1.2,1.2,1.2,1.2,1.2,1.2,2.201
340.38398265838623,0.49895644187927246,992,20.789505004882812,2047.2513841914586,47.71638380841727,4,1.2,1.2,1.2,1.2,1.2,1.2,1.2,1.2,1.2,1.2,1.2,1.2,1.2,1.2,1.2,1.2,1.2,1.2,1.2,1.2,2.201
340.88449788093567,0.47579145431518555,640,21.825759887695312,2091.6740710625745,29.323148577329132,4,1.3,1.3,1.3,1.2,1.2,1.2,1.2,1.2,1.2,1.2,1.2,1.3,1.3,1.2,1.2,1.2,1.2,1.2,1.2,1.2,2.201
341.3850374221802,0.4990730285644531,1216,19.1402587890625,1807.59318211384,63.53101143516776,4,1.3,1.3,1.3,1.2,1.2,1.2,1.2,1.2,1.2,1.2,1.2,1.3,1.3,1.2,1.2,1.2,1.2,1.2,1.2,1.2,2.201
341.88557410240173,0.4990715980529785,448,20.13299560546875,1320.4239366969496,22.25202889719547,4,1.3,1.3,1.3,1.2,1.2,1.2,1.2,1.2,1.2,1.2,1.2,1.3,1.3,1.2,1.2,1.2,1.2,1.2,1.2,1.2,2.201
342.3861138820648,0.4990882873535156,1504,20.874374389648438,2421.5246493884,72.05006348577473,4,1.3,1.3,1.3,1.2,1.2,1.2,1.2,1.2,1.2,1.2,1.2,1.3,1.3,1.2,1.2,1.2,1.2,1.2,1.2,1.2,2.201
342.88665199279785,0.4990074634552002,736,21.889877319335938,1863.7444789975814,33.62284718470627,4,1.3,1.3,1.3,1.2,1.2,1.2,1.2,1.2,1.2,1.2,1.2,1.3,1.3,1.2,1.2,1.2,1.2,1.2,1.2,1.2,2.201
343.3871912956238,0.4991176128387451,1120,20.327667236328125,2089.560936743574,55.0973206605044,4,1.3,1.3,1.3,1.2,1.2,1.2,1.2,1.2,1.2,1.2,1.2,1.3,1.3,1.2,1.2,1.2,1.2,1.2,1.2,1.2,2.201
343.8877282142639,0.49907827377319336,992,20.245880126953125,1878.795709887011,48.99762291288888,4,1.3,1.3,1.3,1.2,1.2,1.2,1.2,1.2,1.2,1.2,1.2,1.3,1.3,1.2,1.2,1.2,1.2,1.2,1.2,1.2,2.201
344.3882713317871,0.499086856842041,736,20.40020751953125,1426.3415989605278,36.07806436749971,4,1.3,1.3,1.3,1.2,1.2,1.2,1.2,1.2,1.2,1.2,1.2,1.3,1.3,1.2,1.2,1.2,1.2,1.2,1.2,1.2,2.201
344.8887860774994,0.4991123676300049,1088,20.458251953125,2125.00801633837,53.18147427712209,4,1.3,1.3,1.3,1.2,1.2,1.2,1.2,1.2,1.2,1.2,1.2,1.3,1.3,1.2,1.2,1.2,1.2,1.2,1.2,1.2,2.201
345.3893311023712,0.49921083450317383,1312,21.085403442382812,2394.167019074071,62.223139509050526,4,1.3,1.3,1.3,1.2,1.2,1.2,1.2,1.2,1.2,1.2,1.2,1.3,1.3,1.2,1.2,1.2,1.2,1.2,1.2,1.2,2.201
345.88988041877747,0.4991011619567871,928,21.078826904296875,1886.1729935121223,44.025220388845696,4,1.3,1.3,1.3,1.2,1.2,1.2,1.2,1.2,1.2,1.2,1.2,1.3,1.3,1.2,1.2,1.2,1.2,1.2,1.2,1.2,2.201
346.3904278278351,0.4990706443786621,896,20.410491943359375,1821.1343483836924,43.89899089578371,4,1.3,1.3,1.3,1.2,1.2,1.2,1.2,1.2,1.2,1.2,1.2,1.3,1.3,1.2,1.2,1.2,1.2,1.2,1.2,1.2,2.201
346.8909709453583,0.49911069869995117,960,19.895675659179688,1920.011665891957,48.25169129438761,4,1.3,1.3,1.3,1.2,1.2,1.2,1.2,1.2,1.2,1.2,1.2,1.3,1.3,1.2,1.2,1.2,1.2,1.2,1.2,1.2,2.201
347.3915207386017,0.49907946586608887,1024,21.110626220703125,2015.7358201455845,48.506377276282144,4,1.3,1.3,1.3,1.2,1.2,1.2,1.2,1.2,1.2,1.2,1.2,1.3,1.3,1.2,1.2,1.2,1.2,1.2,1.2,1.2,2.201
347.89208602905273,0.49910998344421387,960,22.122909545898438,1904.7661858143165,43.393930531980274,4,1.3,1.3,1.3,1.2,1.2,1.2,1.2,1.2,1.2,1.2,1.2,1.3,1.3,1.2,1.2,1.2,1.2,1.2,1.2,1.2,2.201
348.39262318611145,0.49886155128479004,1472,21.098907470703125,2647.489833320254,69.76664559735829,4,1.3,1.3,1.3,1.2,1.2,1.2,1.2,1.2,1.2,1.2,1.2,1.3,1.3,1.2,1.2,1.2,1.2,1.2,1.2,1.2,2.201
348.8931634426117,0.4990706443786621,992,21.612808227539062,2032.7625500698452,45.898709207810974,4,1.3,1.3,1.3,1.2,1.2,1.2,1.2,1.2,1.2,1.2,1.2,1.3,1.3,1.2,1.2,1.2,1.2,1.2,1.2,1.2,2.201
349.3937027454376,0.49906444549560547,896,20.885116577148438,1821.1565870345714,42.901364552609834,4,1.3,1.3,1.3,1.2,1.2,1.2,1.2,1.2,1.2,1.2,1.2,1.3,1.3,1.2,1.2,1.2,1.2,1.2,1.2,1.2,2.201
349.8942415714264,0.49907517433166504,736,21.864288330078125,1510.2499381853058,33.662197867538374,4,1.3,1.3,1.3,1.2,1.2,1.2,1.2,1.2,1.2,1.2,1.2,1.3,1.3,1.2,1.2,1.2,1.2,1.2,1.2,1.2,2.201
350.39477729797363,0.49910402297973633,1344,21.564926147460938,2523.1657444079347,62.323422339113506,4,1.3,1.3,1.3,1.2,1.2,1.2,1.2,1.2,1.2,1.2,1.2,1.3,1.3,1.2,1.2,1.2,1.2,1.2,1.2,1.2,2.201
350.8952944278717,0.4767622947692871,416,22.926528930664062,1783.7527503068768,18.144918546461827,4,1.4,1.4,1.4,1.2,1.2,1.2,1.2,1.2,1.2,1.2,1.2,1.4,1.4,1.2,1.2,1.2,1.2,1.2,1.2,1.2,2.201
351.39583015441895,0.49906086921691895,1600,19.790557861328125,2075.807639709817,80.8466346027815,4,1.4,1.4,1.4,1.2,1.2,1.2,1.2,1.2,1.2,1.2,1.2,1.4,1.4,1.2,1.2,1.2,1.2,1.2,1.2,1.2,2.201
351.8963692188263,0.49910831451416016,992,21.219390869140625,2101.6860488342577,46.749692586259215,4,1.4,1.4,1.4,1.2,1.2,1.2,1.2,1.2,1.2,1.2,1.2,1.4,1.4,1.2,1.2,1.2,1.2,1.2,1.2,1.2,2.201
352.3968753814697,0.49905943870544434,736,21.356185913085938,1542.2756392255546,34.46308264009906,4,1.4,1.4,1.4,1.2,1.2,1.2,1.2,1.2,1.2,1.2,1.2,1.4,1.4,1.2,1.2,1.2,1.2,1.2,1.2,1.2,2.201
352.8973808288574,0.4992496967315674,1504,22.067642211914062,2865.4228799197617,68.15408667392695,4,1.4,1.4,1.4,1.2,1.2,1.2,1.2,1.2,1.2,1.2,1.2,1.4,1.4,1.2,1.2,1.2,1.2,1.2,1.2,1.2,2.201
353.3978877067566,0.49924373626708984,1056,21.80633544921875,2138.08904670522,48.426293471415576,4,1.4,1.4,1.4,1.2,1.2,1.2,1.2,1.2,1.2,1.2,1.2,1.4,1.4,1.2,1.2,1.2,1.2,1.2,1.2,1.2,2.201
353.89840054512024,0.49922704696655273,672,21.930221557617188,1615.3760617390524,30.642645275354695,4,1.4,1.4,1.4,1.2,1.2,1.2,1.2,1.2,1.2,1.2,1.2,1.4,1.4,1.2,1.2,1.2,1.2,1.2,1.2,1.2,2.201
354.39893770217896,0.49924588203430176,896,22.598541259765625,1906.7148025393587,39.648576857269795,4,1.4,1.4,1.4,1.2,1.2,1.2,1.2,1.2,1.2,1.2,1.2,1.4,1.4,1.2,1.2,1.2,1.2,1.2,1.2,1.2,2.201
354.8994448184967,0.49912142753601074,1472,23.527847290039062,2756.14286003406,62.56415990183673,4,1.4,1.4,1.4,1.2,1.2,1.2,1.2,1.2,1.2,1.2,1.2,1.4,1.4,1.2,1.2,1.2,1.2,1.2,1.2,1.2,2.201
355.39998149871826,0.49918675422668457,704,24.7344970703125,1676.1685065172335,28.46227267119062,4,1.4,1.4,1.4,1.2,1.2,1.2,1.2,1.2,1.2,1.2,1.2,1.4,1.4,1.2,1.2,1.2,1.2,1.2,1.2,1.2,2.201
355.9004895687103,0.49910974502563477,832,24.035598754882812,1784.5597232610533,34.61532240094414,4,1.4,1.4,1.4,1.2,1.2,1.2,1.2,1.2,1.2,1.2,1.2,1.4,1.4,1.2,1.2,1.2,1.2,1.2,1.2,1.2,2.201
356.4010286331177,0.4991636276245117,1568,24.732635498046875,2937.589997520275,63.398015149813865,4,1.4,1.4,1.4,1.2,1.2,1.2,1.2,1.2,1.2,1.2,1.2,1.4,1.4,1.2,1.2,1.2,1.2,1.2,1.2,1.2,2.201
356.9015648365021,0.49907469749450684,1184,24.046737670898438,1871.1783119474312,49.23744818129266,4,1.4,1.4,1.4,1.2,1.2,1.2,1.2,1.2,1.2,1.2,1.2,1.4,1.4,1.2,1.2,1.2,1.2,1.2,1.2,1.2,2.201
357.4021029472351,0.49910712242126465,768,21.9066162109375,2825.7871863604287,35.057901804869076,4,1.4,1.4,1.4,1.2,1.2,1.2,1.2,1.2,1.2,1.2,1.2,1.4,1.4,1.2,1.2,1.2,1.2,1.2,1.2,1.2,2.201
357.9026393890381,0.49913930892944336,1440,20.513046264648438,1983.4951073203138,70.19922742930933,4,1.4,1.4,1.4,1.2,1.2,1.2,1.2,1.2,1.2,1.2,1.2,1.4,1.4,1.2,1.2,1.2,1.2,1.2,1.2,1.2,2.201
358.4031755924225,0.49911928176879883,768,22.21624755859375,2055.0105545048264,34.56929429573808,4,1.4,1.4,1.4,1.2,1.2,1.2,1.2,1.2,1.2,1.2,1.2,1.4,1.4,1.2,1.2,1.2,1.2,1.2,1.2,1.2,2.201
358.90371656417847,0.49912047386169434,1120,22.650436401367188,2058.9235445945706,49.44717091333377,4,1.4,1.4,1.4,1.2,1.2,1.2,1.2,1.2,1.2,1.2,1.2,1.4,1.4,1.2,1.2,1.2,1.2,1.2,1.2,1.2,2.201
359.40425276756287,0.4991166591644287,928,20.89666748046875,2238.2661655722227,44.40899492071466,4,1.4,1.4,1.4,1.2,1.2,1.2,1.2,1.2,1.2,1.2,1.2,1.4,1.4,1.2,1.2,1.2,1.2,1.2,1.2,1.2,2.201
359.9047932624817,0.4991724491119385,1120,23.836318969726562,2232.4506396133024,46.987120847915385,4,1.4,1.4,1.4,1.2,1.2,1.2,1.2,1.2,1.2,1.2,1.2,1.4,1.4,1.2,1.2,1.2,1.2,1.2,1.2,1.2,2.201
360.4053318500519,0.4990980625152588,1248,22.655685424804688,2329.1785437826065,55.08551061684592,4,1.4,1.4,1.4,1.2,1.2,1.2,1.2,1.2,1.2,1.2,1.2,1.4,1.4,1.2,1.2,1.2,1.2,1.2,1.2,1.2,2.201
360.90581727027893,0.47508668899536133,1216,24.0618896484375,1850.3181783910202,50.53634680262791,4,1.5,1.5,1.5,1.2,1.2,1.2,1.2,1.2,1.2,1.2,1.2,1.5,1.5,1.2,1.2,1.2,1.2,1.2,1.2,1.2,2.201
361.40635323524475,0.49916720390319824,1248,20.57025146484375,2698.4622308164053,60.670138239823395,4,1.5,1.5,1.5,1.2,1.2,1.2,1.2,1.2,1.2,1.2,1.2,1.5,1.5,1.2,1.2,1.2,1.2,1.2,1.2,1.2,2.201
361.90688920021057,0.49916648864746094,1216,21.712265014648438,2412.698150976383,56.00521176301096,4,1.5,1.5,1.5,1.2,1.2,1.2,1.2,1.2,1.2,1.2,1.2,1.5,1.5,1.2,1.2,1.2,1.2,1.2,1.2,1.2,2.201
362.40739727020264,0.4991755485534668,704,21.312057495117188,1742.5686291025313,33.03294391737136,4,1.5,1.5,1.5,1.2,1.2,1.2,1.2,1.2,1.2,1.2,1.2,1.5,1.5,1.2,1.2,1.2,1.2,1.2,1.2,1.2,2.201
362.90793633461,0.49917173385620117,1504,24.677154541015625,2543.5136355896498,60.94705925272779,4,1.5,1.5,1.5,1.2,1.2,1.2,1.2,1.2,1.2,1.2,1.2,1.5,1.5,1.2,1.2,1.2,1.2,1.2,1.2,1.2,2.201
363.40847301483154,0.4991574287414551,864,22.699386596679688,2477.8386264778546,38.06270254573223,4,1.5,1.5,1.5,1.2,1.2,1.2,1.2,1.2,1.2,1.2,1.2,1.5,1.5,1.2,1.2,1.2,1.2,1.2,1.2,1.2,2.201
363.9089810848236,0.49910616874694824,1280,21.457839965820312,2115.8188127670305,59.65185694547456,4,1.5,1.5,1.5,1.2,1.2,1.2,1.2,1.2,1.2,1.2,1.2,1.5,1.5,1.2,1.2,1.2,1.2,1.2,1.2,1.2,2.201
364.40951681137085,0.4991941452026367,1248,23.127471923828125,2346.9748599377126,53.961799374802894,4,1.5,1.5,1.5,1.2,1.2,1.2,1.2,1.2,1.2,1.2,1.2,1.5,1.5,1.2,1.2,1.2,1.2,1.2,1.2,1.2,2.201
364.9100522994995,0.4991006851196289,1408,21.3787841796875,2365.2553339077613,65.85968538555971,4,1.5,1.5,1.5,1.2,1.2,1.2,1.2,1.2,1.2,1.2,1.2,1.5,1.5,1.2,1.2,1.2,1.2,1.2,1.2,1.2,2.201
365.4103503227234,0.49909305572509766,800,21.415786743164062,1834.8597564570177,37.355620393229806,4,1.5,1.5,1.5,1.2,1.2,1.2,1.2,1.2,1.2,1.2,1.2,1.5,1.5,1.2,1.2,1.2,1.2,1.2,1.2,1.2,2.201
365.91085743904114,0.4991486072540283,1440,21.216079711914062,2903.2383919206995,67.87304815749519,4,1.5,1.5,1.5,1.2,1.2,1.2,1.2,1.2,1.2,1.2,1.2,1.5,1.5,1.2,1.2,1.2,1.2,1.2,1.2,1.2,2.201
366.4113986492157,0.49926066398620605,704,21.879547119140625,1833.3202405739398,32.1761687372463,4,1.5,1.5,1.5,1.2,1.2,1.2,1.2,1.2,1.2,1.2,1.2,1.5,1.5,1.2,1.2,1.2,1.2,1.2,1.2,1.2,2.201
366.91193675994873,0.4991333484649658,1696,23.541885375976562,2484.655511761731,72.04180858558983,4,1.5,1.5,1.5,1.2,1.2,1.2,1.2,1.2,1.2,1.2,1.2,1.5,1.5,1.2,1.2,1.2,1.2,1.2,1.2,1.2,2.201
367.41247367858887,0.4991121292114258,992,21.35888671875,2305.0658349634264,46.44436824177583,4,1.5,1.5,1.5,1.2,1.2,1.2,1.2,1.2,1.2,1.2,1.2,1.5,1.5,1.2,1.2,1.2,1.2,1.2,1.2,1.2,2.201
367.91300868988037,0.49915552139282227,864,21.373016357421875,2018.7856734490776,40.42480413392713,4,1.5,1.5,1.5,1.2,1.2,1.2,1.2,1.2,1.2,1.2,1.2,1.5,1.5,1.2,1.2,1.2,1.2,1.2,1.2,1.2,2.201
368.4135694503784,0.49913954734802246,1280,21.343353271484375,2539.9318145825014,59.97183215395372,4,1.5,1.5,1.5,1.2,1.2,1.2,1.2,1.2,1.2,1.2,1.2,1.5,1.5,1.2,1.2,1.2,1.2,1.2,1.2,1.2,2.201
368.9140839576721,0.4991114139556885,1088,21.113204956054688,1754.591840382617,51.531731078468574,4,1.5,1.5,1.5,1.2,1.2,1.2,1.2,1.2,1.2,1.2,1.2,1.5,1.5,1.2,1.2,1.2,1.2,1.2,1.2,1.2,2.201
369.4145908355713,0.4992372989654541,1440,21.83526611328125,3109.920791371652,65.94836044265672,4,1.5,1.5,1.5,1.2,1.2,1.2,1.2,1.2,1.2,1.2,1.2,1.5,1.5,1.2,1.2,1.2,1.2,1.2,1.2,1.2,2.201
369.9150960445404,0.4992506504058838,960,22.036758422851562,2181.8108277504703,43.563575984229345,4,1.5,1.5,1.5,1.2,1.2,1.2,1.2,1.2,1.2,1.2,1.2,1.5,1.5,1.2,1.2,1.2,1.2,1.2,1.2,1.2,2.201
370.415611743927,0.49924516677856445,1024,22.894821166992188,2327.2722669870327,44.72627204777281,4,1.5,1.5,1.5,1.2,1.2,1.2,1.2,1.2,1.2,1.2,1.2,1.5,1.5,1.2,1.2,1.2,1.2,1.2,1.2,1.2,2.201
370.9161288738251,0.4785630702972412,1536,24.77691650390625,2310.8631857162304,61.99318626907586,4,1.6,1.6,1.6,1.2,1.2,1.2,1.2,1.2,1.2,1.2,1.2,1.6,1.6,1.2,1.2,1.2,1.2,1.2,1.2,1.2,2.201
371.4166383743286,0.49910426139831543,1056,21.223556518554688,2124.5571056332656,49.75603401233871,4,1.6,1.6,1.6,1.2,1.2,1.2,1.2,1.2,1.2,1.2,1.2,1.6,1.6,1.2,1.2,1.2,1.2,1.2,1.2,1.2,2.201
371.91717648506165,0.49921202659606934,544,23.774383544921875,3121.6217687993303,22.881771002478693,4,1.6,1.6,1.6,1.2,1.2,1.2,1.2,1.2,1.2,1.2,1.2,1.6,1.6,1.2,1.2,1.2,1.2,1.2,1.2,1.2,2.201
372.417711019516,0.49918174743652344,1504,22.328781127929688,2374.798917182151,67.35701296828691,4,1.6,1.6,1.6,1.2,1.2,1.2,1.2,1.2,1.2,1.2,1.2,1.6,1.6,1.2,1.2,1.2,1.2,1.2,1.2,1.2,2.201
372.91824555397034,0.49913477897644043,1728,22.842880249023438,2639.44911802211,75.64720303053177,4,1.6,1.6,1.6,1.2,1.2,1.2,1.2,1.2,1.2,1.2,1.2,1.6,1.6,1.2,1.2,1.2,1.2,1.2,1.2,1.2,2.201
373.41877937316895,0.49914026260375977,768,21.5780029296875,2109.8917938216377,35.59180163718341,4,1.6,1.6,1.6,1.2,1.2,1.2,1.2,1.2,1.2,1.2,1.2,1.6,1.6,1.2,1.2,1.2,1.2,1.2,1.2,1.2,2.201
373.9193150997162,0.49918270111083984,1632,21.529815673828125,2512.5862396927937,75.80185658458176,4,1.6,1.6,1.6,1.2,1.2,1.2,1.2,1.2,1.2,1.2,1.2,1.6,1.6,1.2,1.2,1.2,1.2,1.2,1.2,1.2,2.201
374.4198668003082,0.4991793632507324,608,21.673721313476562,2507.530220415175,28.052404624301875,4,1.6,1.6,1.6,1.2,1.2,1.2,1.2,1.2,1.2,1.2,1.2,1.6,1.6,1.2,1.2,1.2,1.2,1.2,1.2,1.2,2.201
374.9204046726227,0.49916505813598633,1792,24.305191040039062,2345.5430405598013,73.7291057308686,4,1.6,1.6,1.6,1.2,1.2,1.2,1.2,1.2,1.2,1.2,1.2,1.6,1.6,1.2,1.2,1.2,1.2,1.2,1.2,1.2,2.201
375.42095708847046,0.4990701675415039,1248,21.912612915039062,2810.84152194614,56.953500015667814,4,1.6,1.6,1.6,1.2,1.2,1.2,1.2,1.2,1.2,1.2,1.2,1.6,1.6,1.2,1.2,1.2,1.2,1.2,1.2,1.2,2.201
375.92150807380676,0.49904394149780273,704,21.612991333007812,1852.6101348643394,32.57300154119974,4,1.6,1.6,1.6,1.2,1.2,1.2,1.2,1.2,1.2,1.2,1.2,1.6,1.6,1.2,1.2,1.2,1.2,1.2,1.2,1.2,2.201
376.42206287384033,0.49897313117980957,1376,22.329696655273438,2890.759782194145,61.62197459476192,4,1.6,1.6,1.6,1.2,1.2,1.2,1.2,1.2,1.2,1.2,1.2,1.6,1.6,1.2,1.2,1.2,1.2,1.2,1.2,1.2,2.201
376.9226019382477,0.4990396499633789,736,21.794754028320312,2021.9679956677953,33.769594235550194,4,1.6,1.6,1.6,1.2,1.2,1.2,1.2,1.2,1.2,1.2,1.2,1.6,1.6,1.2,1.2,1.2,1.2,1.2,1.2,1.2,2.201
377.4231424331665,0.4991457462310791,2368,21.636672973632812,2703.204709638834,109.44381342204161,4,1.6,1.6,1.6,1.2,1.2,1.2,1.2,1.2,1.2,1.2,1.2,1.6,1.6,1.2,1.2,1.2,1.2,1.2,1.2,1.2,2.201
377.9236958026886,0.4991641044616699,1088,21.565322875976562,2403.536599273078,50.451366124085034,4,1.6,1.6,1.6,1.2,1.2,1.2,1.2,1.2,1.2,1.2,1.2,1.6,1.6,1.2,1.2,1.2,1.2,1.2,1.2,1.2,2.201
378.42424035072327,0.4990730285644531,1184,21.737701416015625,2503.9157357674408,54.4675804189521,4,1.6,1.6,1.6,1.2,1.2,1.2,1.2,1.2,1.2,1.2,1.2,1.6,1.6,1.2,1.2,1.2,1.2,1.2,1.2,1.2,2.201
378.9247829914093,0.4991276264190674,1152,21.687484741210938,2319.7975277243245,53.11819299224448,4,1.6,1.6,1.6,1.2,1.2,1.2,1.2,1.2,1.2,1.2,1.2,1.6,1.6,1.2,1.2,1.2,1.2,1.2,1.2,1.2,2.201
379.42532658576965,0.49913740158081055,1312,21.5067138671875,2230.3330689345667,61.004205854140295,4,1.6,1.6,1.6,1.2,1.2,1.2,1.2,1.2,1.2,1.2,1.2,1.6,1.6,1.2,1.2,1.2,1.2,1.2,1.2,1.2,2.201
379.92586374282837,0.4991614818572998,1184,21.2630615234375,2781.781870926137,55.683420691555625,4,1.6,1.6,1.6,1.2,1.2,1.2,1.2,1.2,1.2,1.2,1.2,1.6,1.6,1.2,1.2,1.2,1.2,1.2,1.2,1.2,2.201
380.4263982772827,0.4990806579589844,1024,22.276519775390625,2485.4275190225308,45.967683027904386,4,1.6,1.6,1.6,1.2,1.2,1.2,1.2,1.2,1.2,1.2,1.2,1.6,1.6,1.2,1.2,1.2,1.2,1.2,1.2,1.2,2.201
380.92692518234253,0.47705721855163574,960,25.217086791992188,2330.097774680682,38.06942522420365,4,1.7,1.7,1.7,1.2,1.2,1.2,1.2,1.2,1.2,1.2,1.2,1.7,1.7,1.2,1.2,1.2,1.2,1.2,1.2,1.2,2.201
381.42745995521545,0.49913549423217773,1152,21.779144287109375,2823.5439275296562,52.89464015727399,4,1.7,1.7,1.7,1.2,1.2,1.2,1.2,1.2,1.2,1.2,1.2,1.7,1.7,1.2,1.2,1.2,1.2,1.2,1.2,1.2,2.201
381.9280092716217,0.4991731643676758,1952,22.731277465820312,2528.4983675175777,85.87286847099146,4,1.7,1.7,1.7,1.2,1.2,1.2,1.2,1.2,1.2,1.2,1.2,1.7,1.7,1.2,1.2,1.2,1.2,1.2,1.2,1.2,2.201
382.428546667099,0.49912214279174805,1632,23.015960693359375,2820.7074637364112,70.90731609004133,4,1.7,1.7,1.7,1.2,1.2,1.2,1.2,1.2,1.2,1.2,1.2,1.7,1.7,1.2,1.2,1.2,1.2,1.2,1.2,1.2,2.201
382.92908477783203,0.4991576671600342,672,22.619094848632812,2878.913746595034,29.709411649627455,4,1.7,1.7,1.7,1.2,1.2,1.2,1.2,1.2,1.2,1.2,1.2,1.7,1.7,1.2,1.2,1.2,1.2,1.2,1.2,1.2,2.201
383.42961978912354,0.49906492233276367,1792,22.879318237304688,2461.5352302454226,78.3240121673795,4,1.7,1.7,1.7,1.2,1.2,1.2,1.2,1.2,1.2,1.2,1.2,1.7,1.7,1.2,1.2,1.2,1.2,1.2,1.2,1.2,2.201
383.93016934394836,0.49915194511413574,1312,23.1072998046875,2740.3305314921613,56.778594257640194,4,1.7,1.7,1.7,1.2,1.2,1.2,1.2,1.2,1.2,1.2,1.2,1.7,1.7,1.2,1.2,1.2,1.2,1.2,1.2,1.2,2.201
384.430704832077,0.4989783763885498,1408,23.072189331054688,2750.2696155618305,61.02585150447172,4,1.7,1.7,1.7,1.2,1.2,1.2,1.2,1.2,1.2,1.2,1.2,1.7,1.7,1.2,1.2,1.2,1.2,1.2,1.2,1.2,2.201
384.931223154068,0.4990990161895752,448,22.792831420898438,2366.920603557147,19.65530265753797,4,1.7,1.7,1.7,1.2,1.2,1.2,1.2,1.2,1.2,1.2,1.2,1.7,1.7,1.2,1.2,1.2,1.2,1.2,1.2,1.2,2.201
385.4317579269409,0.49916577339172363,1952,23.01055908203125,2541.6635377435764,84.83062028355062,4,1.7,1.7,1.7,1.2,1.2,1.2,1.2,1.2,1.2,1.2,1.2,1.7,1.7,1.2,1.2,1.2,1.2,1.2,1.2,1.2,2.201
385.9323089122772,0.49916839599609375,736,23.659774780273438,1964.887643125631,31.107650298245737,4,1.7,1.7,1.7,1.2,1.2,1.2,1.2,1.2,1.2,1.2,1.2,1.7,1.7,1.2,1.2,1.2,1.2,1.2,1.2,1.2,2.201
386.43283557891846,0.49898219108581543,1984,22.908782958984375,3047.6323037218012,86.60433876178107,4,1.7,1.7,1.7,1.2,1.2,1.2,1.2,1.2,1.2,1.2,1.2,1.7,1.7,1.2,1.2,1.2,1.2,1.2,1.2,1.2,2.201
386.9333863258362,0.499178409576416,1280,24.4853515625,2450.1025170345815,52.276153631396326,4,1.7,1.7,1.7,1.2,1.2,1.2,1.2,1.2,1.2,1.2,1.2,1.7,1.7,1.2,1.2,1.2,1.2,1.2,1.2,1.2,2.201
387.43392848968506,0.4989910125732422,1536,22.890777587890625,2856.960631183573,67.10125919062506,4,1.7,1.7,1.7,1.2,1.2,1.2,1.2,1.2,1.2,1.2,1.2,1.7,1.7,1.2,1.2,1.2,1.2,1.2,1.2,1.2,2.201
387.9343407154083,0.499147891998291,1152,23.08380126953125,2790.05063931749,49.905125527161196,4,1.7,1.7,1.7,1.2,1.2,1.2,1.2,1.2,1.2,1.2,1.2,1.7,1.7,1.2,1.2,1.2,1.2,1.2,1.2,1.2,2.201
388.4348576068878,0.49909138679504395,1056,22.578857421875,2369.581620697207,46.769417082058325,4,1.7,1.7,1.7,1.2,1.2,1.2,1.2,1.2,1.2,1.2,1.2,1.7,1.7,1.2,1.2,1.2,1.2,1.2,1.2,1.2,2.201
388.9354109764099,0.49915385246276855,1728,22.752914428710938,2900.2113583916957,75.94631471999517,4,1.7,1.7,1.7,1.2,1.2,1.2,1.2,1.2,1.2,1.2,1.2,1.7,1.7,1.2,1.2,1.2,1.2,1.2,1.2,1.2,2.201
389.43596029281616,0.4991605281829834,928,22.096511840820312,2416.663474761634,41.99757892490731,4,1.7,1.7,1.7,1.2,1.2,1.2,1.2,1.2,1.2,1.2,1.2,1.7,1.7,1.2,1.2,1.2,1.2,1.2,1.2,1.2,2.201
389.9365005493164,0.4989943504333496,1440,24.458297729492188,2491.6407556588697,58.87572454658715,4,1.7,1.7,1.7,1.2,1.2,1.2,1.2,1.2,1.2,1.2,1.2,1.7,1.7,1.2,1.2,1.2,1.2,1.2,1.2,1.2,2.201
390.43704319000244,0.4991610050201416,1664,22.27899169921875,2839.24525070832,74.68919700070407,4,1.7,1.7,1.7,1.2,1.2,1.2,1.2,1.2,1.2,1.2,1.2,1.7,1.7,1.2,1.2,1.2,1.2,1.2,1.2,1.2,2.201
390.9375686645508,0.4777951240539551,1088,23.236968994140625,2472.7483736042805,46.82194137601799,4,1.8,1.8,1.8,1.2,1.2,1.2,1.2,1.2,1.2,1.2,1.2,1.8,1.8,1.2,1.2,1.2,1.2,1.2,1.2,1.2,2.201
391.4381036758423,0.4990804195404053,1280,22.167892456054688,2451.0842365044437,57.74116788672868,4,1.8,1.8,1.8,1.2,1.2,1.2,1.2,1.2,1.2,1.2,1.2,1.8,1.8,1.2,1.2,1.2,1.2,1.2,1.2,1.2,2.201
391.9386386871338,0.4991893768310547,1280,22.912384033203125,2435.887813403816,55.86498542208039,4,1.8,1.8,1.8,1.2,1.2,1.2,1.2,1.2,1.2,1.2,1.2,1.8,1.8,1.2,1.2,1.2,1.2,1.2,1.2,1.2,2.201
392.4391462802887,0.4991750717163086,1152,23.597671508789062,3029.1309997905482,48.81837598133071,4,1.8,1.8,1.8,1.2,1.2,1.2,1.2,1.2,1.2,1.2,1.2,1.8,1.8,1.2,1.2,1.2,1.2,1.2,1.2,1.2,2.201
392.93968081474304,0.49920105934143066,1664,24.166397094726562,3083.828974698626,68.85594048121916,4,1.8,1.8,1.8,1.2,1.2,1.2,1.2,1.2,1.2,1.2,1.2,1.8,1.8,1.2,1.2,1.2,1.2,1.2,1.2,1.2,2.201
393.4402189254761,0.4991769790649414,1344,23.800582885742188,2392.020184725195,56.469205248125554,4,1.8,1.8,1.8,1.2,1.2,1.2,1.2,1.2,1.2,1.2,1.2,1.8,1.8,1.2,1.2,1.2,1.2,1.2,1.2,1.2,2.201
393.9407546520233,0.4991459846496582,1120,23.432464599609375,2927.750396748987,47.79693553953649,4,1.8,1.8,1.8,1.2,1.2,1.2,1.2,1.2,1.2,1.2,1.2,1.8,1.8,1.2,1.2,1.2,1.2,1.2,1.2,1.2,2.201
394.44126439094543,0.4991793632507324,1376,23.430267333984375,3127.3108322352095,58.727456259288346,4,1.8,1.8,1.8,1.2,1.2,1.2,1.2,1.2,1.2,1.2,1.2,1.8,1.8,1.2,1.2,1.2,1.2,1.2,1.2,1.2,2.201
394.9418001174927,0.4992198944091797,1824,24.919036865234375,2576.268324153818,73.19705050658443,4,1.8,1.8,1.8,1.2,1.2,1.2,1.2,1.2,1.2,1.2,1.2,1.8,1.8,1.2,1.2,1.2,1.2,1.2,1.2,1.2,2.201
395.4423351287842,0.4991297721862793,1216,23.889816284179688,2980.3855454710892,50.900349568835296,4,1.8,1.8,1.8,1.2,1.2,1.2,1.2,1.2,1.2,1.2,1.2,1.8,1.8,1.2,1.2,1.2,1.2,1.2,1.2,1.2,2.201
395.9428699016571,0.49919867515563965,1312,24.201156616210938,2711.5348134322,54.21228500794743,4,1.8,1.8,1.8,1.2,1.2,1.2,1.2,1.2,1.2,1.2,1.2,1.8,1.8,1.2,1.2,1.2,1.2,1.2,1.2,1.2,2.201
396.44340467453003,0.4991607666015625,1696,24.261322021484375,2923.432405320824,69.90550632393915,4,1.8,1.8,1.8,1.2,1.2,1.2,1.2,1.2,1.2,1.2,1.2,1.8,1.8,1.2,1.2,1.2,1.2,1.2,1.2,1.2,2.201
396.9439558982849,0.49919724464416504,1216,25.630722045898438,2533.660295589678,47.44306453101233,4,1.8,1.8,1.8,1.2,1.2,1.2,1.2,1.2,1.2,1.2,1.2,1.8,1.8,1.2,1.2,1.2,1.2,1.2,1.2,1.2,2.201
397.4445056915283,0.49908995628356934,1280,23.655303955078125,2714.245828335915,54.11048627532939,4,1.8,1.8,1.8,1.2,1.2,1.2,1.2,1.2,1.2,1.2,1.2,1.8,1.8,1.2,1.2,1.2,1.2,1.2,1.2,1.2,2.201
397.94504141807556,0.49917006492614746,1600,24.244781494140625,3097.893478604895,65.99358300616902,4,1.8,1.8,1.8,1.2,1.2,1.2,1.2,1.2,1.2,1.2,1.2,1.8,1.8,1.2,1.2,1.2,1.2,1.2,1.2,1.2,2.201
398.4455940723419,0.4991719722747803,1504,23.500274658203125,2720.853232212314,63.99925200342312,4,1.8,1.8,1.8,1.2,1.2,1.2,1.2,1.2,1.2,1.2,1.2,1.8,1.8,1.2,1.2,1.2,1.2,1.2,1.2,1.2,2.201
398.94613242149353,0.49902820587158203,1216,23.011703491210938,2324.021670139898,52.842676356595575,4,1.8,1.8,1.8,1.2,1.2,1.2,1.2,1.2,1.2,1.2,1.2,1.8,1.8,1.2,1.2,1.2,1.2,1.2,1.2,1.2,2.201
399.4466712474823,0.49915051460266113,1024,23.217117309570312,2639.3260720683897,44.10538941360725,4,1.8,1.8,1.8,1.2,1.2,1.2,1.2,1.2,1.2,1.2,1.2,1.8,1.8,1.2,1.2,1.2,1.2,1.2,1.2,1.2,2.201
399.947212934494,0.4991881847381592,1344,24.737823486328125,3463.716424016497,54.329759477133855,4,1.8,1.8,1.8,1.2,1.2,1.2,1.2,1.2,1.2,1.2,1.2,1.8,1.8,1.2,1.2,1.2,1.2,1.2,1.2,1.2,2.201
400.4477515220642,0.4991137981414795,1376,23.377487182617188,2567.244443357713,58.86004724336468,4,1.8,1.8,1.8,1.2,1.2,1.2,1.2,1.2,1.2,1.2,1.2,1.8,1.8,1.2,1.2,1.2,1.2,1.2,1.2,1.2,2.201
400.94828248023987,0.47808170318603516,1824,25.701873779296875,2941.8642302255957,70.96758842031396,4,1.9,1.9,1.9,1.2,1.2,1.2,1.2,1.2,1.2,1.2,1.2,1.9,1.9,1.2,1.2,1.2,1.2,1.2,1.2,1.2,2.201
401.4488174915314,0.49903249740600586,640,22.625564575195312,2162.1545014250537,28.286586965508917,4,1.9,1.9,1.9,1.2,1.2,1.2,1.2,1.2,1.2,1.2,1.2,1.9,1.9,1.2,1.2,1.2,1.2,1.2,1.2,1.2,2.201
401.9493534564972,0.4992098808288574,2016,25.312850952148438,2930.2355763440323,79.6433402073539,4,1.9,1.9,1.9,1.2,1.2,1.2,1.2,1.2,1.2,1.2,1.2,1.9,1.9,1.2,1.2,1.2,1.2,1.2,1.2,1.2,2.201
402.4498972892761,0.4992060661315918,1856,24.069381713867188,3304.404965041899,77.1104144702934,4,1.9,1.9,1.9,1.2,1.2,1.2,1.2,1.2,1.2,1.2,1.2,1.9,1.9,1.2,1.2,1.2,1.2,1.2,1.2,1.2,2.201
402.9504551887512,0.4991729259490967,1408,24.133560180664062,2825.4568147875425,58.34199303624076,4,1.9,1.9,1.9,1.2,1.2,1.2,1.2,1.2,1.2,1.2,1.2,1.9,1.9,1.2,1.2,1.2,1.2,1.2,1.2,1.2,2.201
403.4509732723236,0.49912524223327637,1184,24.25390625,3148.941613018018,48.81687872443228,4,1.9,1.9,1.9,1.2,1.2,1.2,1.2,1.2,1.2,1.2,1.2,1.9,1.9,1.2,1.2,1.2,1.2,1.2,1.2,1.2,2.201
403.9515335559845,0.4992067813873291,1760,23.783187866210938,2666.6511855036792,74.00185416272363,4,1.9,1.9,1.9,1.2,1.2,1.2,1.2,1.2,1.2,1.2,1.2,1.9,1.9,1.2,1.2,1.2,1.2,1.2,1.2,1.2,2.201
404.45206809043884,0.4989316463470459,960,24.419387817382812,2727.311693634776,39.31302484645537,4,1.9,1.9,1.9,1.2,1.2,1.2,1.2,1.2,1.2,1.2,1.2,1.9,1.9,1.2,1.2,1.2,1.2,1.2,1.2,1.2,2.201
404.95258593559265,0.49919748306274414,1056,24.0943603515625,2999.9886975541494,43.82768351563727,4,1.9,1.9,1.9,1.2,1.2,1.2,1.2,1.2,1.2,1.2,1.2,1.9,1.9,1.2,1.2,1.2,1.2,1.2,1.2,1.2,2.201
405.4531219005585,0.4992332458496094,2368,24.06158447265625,3200.0098016111215,98.41413406049844,4,1.9,1.9,1.9,1.2,1.2,1.2,1.2,1.2,1.2,1.2,1.2,1.9,1.9,1.2,1.2,1.2,1.2,1.2,1.2,1.2,2.201
405.9536294937134,0.49915266036987305,1312,25.125457763671875,2553.8780358190484,52.217954090252654,4,1.9,1.9,1.9,1.2,1.2,1.2,1.2,1.2,1.2,1.2,1.2,1.9,1.9,1.2,1.2,1.2,1.2,1.2,1.2,1.2,2.201
406.4541368484497,0.4992537498474121,1248,24.850494384765625,2502.998972237306,50.22032884645849,4,1.9,1.9,1.9,1.2,1.2,1.2,1.2,1.2,1.2,1.2,1.2,1.9,1.9,1.2,1.2,1.2,1.2,1.2,1.2,1.2,2.201
406.9546420574188,0.4992344379425049,1696,25.930450439453125,3582.596612022668,65.40572844887953,4,1.9,1.9,1.9,1.2,1.2,1.2,1.2,1.2,1.2,1.2,1.2,1.9,1.9,1.2,1.2,1.2,1.2,1.2,1.2,1.2,2.201
407.4551475048065,0.49926328659057617,1408,24.729949951171875,2453.3610072346546,56.9350121120354,4,1.9,1.9,1.9,1.2,1.2,1.2,1.2,1.2,1.2,1.2,1.2,1.9,1.9,1.2,1.2,1.2,1.2,1.2,1.2,1.2,2.201
407.95565462112427,0.4992680549621582,1440,24.843307495117188,3826.0847637549987,57.963296565202675,4,1.9,1.9,1.9,1.2,1.2,1.2,1.2,1.2,1.2,1.2,1.2,1.9,1.9,1.2,1.2,1.2,1.2,1.2,1.2,1.2,2.201
408.4561610221863,0.4992654323577881,1408,25.248397827148438,2412.2901467061224,55.76591471820214,4,1.9,1.9,1.9,1.2,1.2,1.2,1.2,1.2,1.2,1.2,1.2,1.9,1.9,1.2,1.2,1.2,1.2,1.2,1.2,1.2,2.201
408.95666885375977,0.49924278259277344,1024,25.0045166015625,3304.9819214771715,40.95260133667257,4,1.9,1.9,1.9,1.2,1.2,1.2,1.2,1.2,1.2,1.2,1.2,1.9,1.9,1.2,1.2,1.2,1.2,1.2,1.2,1.2,2.201
409.45717763900757,0.49928808212280273,2016,24.834732055664062,2907.572745213915,81.17663582926438,4,1.9,1.9,1.9,1.2,1.2,1.2,1.2,1.2,1.2,1.2,1.2,1.9,1.9,1.2,1.2,1.2,1.2,1.2,1.2,1.2,2.201
409.95768666267395,0.49927663803100586,1280,24.167129516601562,2458.788576021344,52.96450284344719,4,1.9,1.9,1.9,1.2,1.2,1.2,1.2,1.2,1.2,1.2,1.2,1.9,1.9,1.2,1.2,1.2,1.2,1.2,1.2,1.2,2.201
410.4582016468048,0.4992189407348633,1504,25.590682983398438,3610.6663401990577,58.77138960987078,4,1.9,1.9,1.9,1.2,1.2,1.2,1.2,1.2,1.2,1.2,1.2,1.9,1.9,1.2,1.2,1.2,1.2,1.2,1.2,1.2,2.201
410.95869636535645,0.4796268939971924,1440,28.259246826171875,2849.2187512608352,50.95677209154653,4,2.0,2.0,2.0,1.2,1.2,1.2,1.2,1.2,1.2,1.2,1.2,2.0,2.0,1.2,1.2,1.2,1.2,1.2,1.2,1.2,2.201
411.4592044353485,0.49921393394470215,1600,24.80084228515625,3183.4636696459092,64.51393793821384,4,2.0,2.0,2.0,1.2,1.2,1.2,1.2,1.2,1.2,1.2,1.2,2.0,2.0,1.2,1.2,1.2,1.2,1.2,1.2,1.2,2.201
411.9597544670105,0.49918651580810547,1408,25.839157104492188,2960.6305231303245,54.49094157004125,4,2.0,2.0,2.0,1.2,1.2,1.2,1.2,1.2,1.2,1.2,1.2,2.0,2.0,1.2,1.2,1.2,1.2,1.2,1.2,1.2,2.201
412.46031308174133,0.49917101860046387,1216,26.128173828125,2495.864425801934,46.53980059988226,4,2.0,2.0,2.0,1.2,1.2,1.2,1.2,1.2,1.2,1.2,1.2,2.0,2.0,1.2,1.2,1.2,1.2,1.2,1.2,1.2,2.201
412.9608645439148,0.49898338317871094,1408,25.34405517578125,4031.841969878089,55.555434607224306,4,2.0,2.0,2.0,1.2,1.2,1.2,1.2,1.2,1.2,1.2,1.2,2.0,2.0,1.2,1.2,1.2,1.2,1.2,1.2,1.2,2.201
413.4614176750183,0.4990525245666504,2272,24.88446044921875,2900.2563853585343,91.30195949542195,4,2.0,2.0,2.0,1.2,1.2,1.2,1.2,1.2,1.2,1.2,1.2,2.0,2.0,1.2,1.2,1.2,1.2,1.2,1.2,1.2,2.201
413.96195125579834,0.4990983009338379,1056,24.359466552734375,3566.5038687824836,43.350703009605226,4,2.0,2.0,2.0,1.2,1.2,1.2,1.2,1.2,1.2,1.2,1.2,2.0,2.0,1.2,1.2,1.2,1.2,1.2,1.2,1.2,2.201
414.4624590873718,0.49917125701904297,1632,25.529464721679688,2932.4318727562945,63.926134675832095,4,2.0,2.0,2.0,1.2,1.2,1.2,1.2,1.2,1.2,1.2,1.2,2.0,2.0,1.2,1.2,1.2,1.2,1.2,1.2,1.2,2.201
414.96296548843384,0.49916529655456543,1856,26.339065551757812,2869.0594976262005,70.46567374810056,4,2.0,2.0,2.0,1.2,1.2,1.2,1.2,1.2,1.2,1.2,1.2,2.0,2.0,1.2,1.2,1.2,1.2,1.2,1.2,1.2,2.201
415.46350145339966,0.49921131134033203,1120,25.57421875,3283.5106164889453,43.79410416984879,4,2.0,2.0,2.0,1.2,1.2,1.2,1.2,1.2,1.2,1.2,1.2,2.0,2.0,1.2,1.2,1.2,1.2,1.2,1.2,1.2,2.201
415.9640533924103,0.4991459846496582,864,24.7928466796875,2632.661781248199,34.84876146585722,4,2.0,2.0,2.0,1.2,1.2,1.2,1.2,1.2,1.2,1.2,1.2,2.0,2.0,1.2,1.2,1.2,1.2,1.2,1.2,1.2,2.201
416.4645879268646,0.49902772903442383,2496,24.80242919921875,3546.385127225524,100.63530390316048,4,2.0,2.0,2.0,1.2,1.2,1.2,1.2,1.2,1.2,1.2,1.2,2.0,2.0,1.2,1.2,1.2,1.2,1.2,1.2,1.2,2.201
416.96512174606323,0.4991722106933594,896,27.161590576171875,2835.4546653786265,32.98775885334331,4,2.0,2.0,2.0,1.2,1.2,1.2,1.2,1.2,1.2,1.2,1.2,2.0,2.0,1.2,1.2,1.2,1.2,1.2,1.2,1.2,2.201
417.4656584262848,0.4991796016693115,2048,24.5306396484375,3065.8719712459215,83.48742753352741,4,2.0,2.0,2.0,1.2,1.2,1.2,1.2,1.2,1.2,1.2,1.2,2.0,2.0,1.2,1.2,1.2,1.2,1.2,1.2,1.2,2.201
417.9661774635315,0.4990978240966797,1024,24.11944580078125,3160.4836157849754,42.45537017964284,4,2.0,2.0,2.0,1.2,1.2,1.2,1.2,1.2,1.2,1.2,1.2,2.0,2.0,1.2,1.2,1.2,1.2,1.2,1.2,1.2,2.201
418.4667136669159,0.49921512603759766,2112,24.607757568359375,3069.7737203796582,85.82659326567843,4,2.0,2.0,2.0,1.2,1.2,1.2,1.2,1.2,1.2,1.2,1.2,2.0,2.0,1.2,1.2,1.2,1.2,1.2,1.2,1.2,2.201
418.9672498703003,0.4991288185119629,1920,25.284805297851562,3037.962639975036,75.93493314987644,4,2.0,2.0,2.0,1.2,1.2,1.2,1.2,1.2,1.2,1.2,1.2,2.0,2.0,1.2,1.2,1.2,1.2,1.2,1.2,1.2,2.201
419.46778678894043,0.49915456771850586,1344,24.925445556640625,3692.3276439996744,53.920801413394685,4,2.0,2.0,2.0,1.2,1.2,1.2,1.2,1.2,1.2,1.2,1.2,2.0,2.0,1.2,1.2,1.2,1.2,1.2,1.2,1.2,2.201
419.968323469162,0.49915099143981934,1600,25.235427856445312,2659.980382541752,63.40292738850268,4,2.0,2.0,2.0,1.2,1.2,1.2,1.2,1.2,1.2,1.2,1.2,2.0,2.0,1.2,1.2,1.2,1.2,1.2,1.2,1.2,2.201
420.46885895729065,0.4991779327392578,992,24.950363159179688,3057.2391723401915,39.758940327689196,4,2.0,2.0,2.0,1.2,1.2,1.2,1.2,1.2,1.2,1.2,1.2,2.0,2.0,1.2,1.2,1.2,1.2,1.2,1.2,1.2,2.201
420.9693465232849,0.476454496383667,2368,26.39031982421875,3576.9458754437705,89.72987124721598,4,2.1,2.1,2.1,1.2,1.2,1.2,1.2,1.2,1.2,1.2,1.2,2.1,2.1,1.2,1.2,1.2,1.2,1.2,1.2,1.2,2.201
421.46989941596985,0.4991426467895508,1632,24.86968994140625,3223.322219402823,65.62204851950474,4,2.1,2.1,2.1,1.2,1.2,1.2,1.2,1.2,1.2,1.2,1.2,2.1,2.1,1.2,1.2,1.2,1.2,1.2,1.2,1.2,2.201
421.97040843963623,0.4990217685699463,1088,26.414108276367188,2488.834283562162,41.190109036292476,4,2.1,2.1,2.1,1.2,1.2,1.2,1.2,1.2,1.2,1.2,1.2,2.1,2.1,1.2,1.2,1.2,1.2,1.2,1.2,1.2,2.201
422.470920085907,0.499279260635376,1408,25.77386474609375,4234.098663450358,54.62898226054339,4,2.1,2.1,2.1,1.2,1.2,1.2,1.2,1.2,1.2,1.2,1.2,2.1,2.1,1.2,1.2,1.2,1.2,1.2,1.2,1.2,2.201
422.97143149375916,0.49919748306274414,2368,26.916061401367188,3044.0825309180277,87.97721050969659,4,2.1,2.1,2.1,1.2,1.2,1.2,1.2,1.2,1.2,1.2,1.2,2.1,2.1,1.2,1.2,1.2,1.2,1.2,1.2,1.2,2.201
423.4719696044922,0.49919939041137695,1120,26.4793701171875,3545.1379321203326,42.29707863303814,4,2.1,2.1,2.1,1.2,1.2,1.2,1.2,1.2,1.2,1.2,1.2,2.1,2.1,1.2,1.2,1.2,1.2,1.2,1.2,1.2,2.201
423.97250509262085,0.4991922378540039,1888,25.445724487304688,3199.0701658460757,74.19714070007933,4,2.1,2.1,2.1,1.2,1.2,1.2,1.2,1.2,1.2,1.2,1.2,2.1,2.1,1.2,1.2,1.2,1.2,1.2,1.2,1.2,2.201
424.473019361496,0.49921107292175293,1664,26.459060668945312,3014.505269517554,62.88960975674458,4,2.1,2.1,2.1,1.2,1.2,1.2,1.2,1.2,1.2,1.2,1.2,2.1,2.1,1.2,1.2,1.2,1.2,1.2,1.2,1.2,2.201
424.9735538959503,0.49924421310424805,1024,25.921783447265625,3240.48023148626,39.50345477128107,4,2.1,2.1,2.1,1.2,1.2,1.2,1.2,1.2,1.2,1.2,1.2,2.1,2.1,1.2,1.2,1.2,1.2,1.2,1.2,1.2,2.201
425.4740717411041,0.4992241859436035,2016,25.537246704101562,3169.7928147292587,78.94351428559479,4,2.1,2.1,2.1,1.2,1.2,1.2,1.2,1.2,1.2,1.2,1.2,2.1,2.1,1.2,1.2,1.2,1.2,1.2,1.2,1.2,2.201
425.9745900630951,0.4992330074310303,1568,26.490310668945312,3361.0849474773377,59.19145379590327,4,2.1,2.1,2.1,1.2,1.2,1.2,1.2,1.2,1.2,1.2,1.2,2.1,2.1,1.2,1.2,1.2,1.2,1.2,1.2,1.2,2.201
426.4750962257385,0.4992227554321289,1952,26.180755615234375,3094.5761569923707,74.55858145148976,4,2.1,2.1,2.1,1.2,1.2,1.2,1.2,1.2,1.2,1.2,1.2,2.1,2.1,1.2,1.2,1.2,1.2,1.2,1.2,1.2,2.201
426.9756464958191,0.4991788864135742,1536,27.286697387695312,3130.229005614284,56.29116555133731,4,2.1,2.1,2.1,1.2,1.2,1.2,1.2,1.2,1.2,1.2,1.2,2.1,2.1,1.2,1.2,1.2,1.2,1.2,1.2,1.2,2.201
427.47617173194885,0.4989762306213379,1408,26.192718505859375,3628.8839117260354,53.75539769516581,4,2.1,2.1,2.1,1.2,1.2,1.2,1.2,1.2,1.2,1.2,1.2,2.1,2.1,1.2,1.2,1.2,1.2,1.2,1.2,1.2,2.201
427.976690530777,0.49921679496765137,2048,25.716217041015625,3459.4508758459046,79.63846302640776,4,2.1,2.1,2.1,1.2,1.2,1.2,1.2,1.2,1.2,1.2,1.2,2.1,2.1,1.2,1.2,1.2,1.2,1.2,1.2,1.2,2.201
428.4772276878357,0.49918103218078613,800,25.187713623046875,2816.9116807119694,31.76151722115803,4,2.1,2.1,2.1,1.2,1.2,1.2,1.2,1.2,1.2,1.2,1.2,2.1,2.1,1.2,1.2,1.2,1.2,1.2,1.2,1.2,2.201
428.9777355194092,0.4991641044616699,2144,25.860031127929688,3308.6141570028103,82.90786617361837,4,2.1,2.1,2.1,1.2,1.2,1.2,1.2,1.2,1.2,1.2,1.2,2.1,2.1,1.2,1.2,1.2,1.2,1.2,1.2,1.2,2.201
429.47827076911926,0.49921464920043945,800,25.556610107421875,2739.7655214264964,31.303056103190798,4,2.1,2.1,2.1,1.2,1.2,1.2,1.2,1.2,1.2,1.2,1.2,2.1,2.1,1.2,1.2,1.2,1.2,1.2,1.2,1.2,2.201
429.97882056236267,0.4992196559906006,2624,24.941207885742188,3256.240639171278,105.20741465372363,4,2.1,2.1,2.1,1.2,1.2,1.2,1.2,1.2,1.2,1.2,1.2,2.1,2.1,1.2,1.2,1.2,1.2,1.2,1.2,1.2,2.201
430.4793267250061,0.49903249740600586,1408,25.063385009765625,2994.6887294091694,56.17756737373627,4,2.1,2.1,2.1,1.2,1.2,1.2,1.2,1.2,1.2,1.2,1.2,2.1,2.1,1.2,1.2,1.2,1.2,1.2,1.2,1.2,2.201
430.97984409332275,0.4791595935821533,1568,27.981643676757812,3485.7653268160207,56.036736730459346,4,2.2,2.2,2.2,1.2,1.2,1.2,1.2,1.2,1.2,1.2,1.2,2.2,2.2,1.2,1.2,1.2,1.2,1.2,1.2,1.2,2.201
431.4803817272186,0.4992032051086426,1856,24.992477416992188,3373.52095430824,74.26234578642133,4,2.2,2.2,2.2,1.2,1.2,1.2,1.2,1.2,1.2,1.2,1.2,2.2,2.2,1.2,1.2,1.2,1.2,1.2,1.2,1.2,2.201
431.98091673851013,0.4991908073425293,1440,27.08349609375,3302.5581706574494,53.16891124452377,4,2.2,2.2,2.2,1.2,1.2,1.2,1.2,1.2,1.2,1.2,1.2,2.2,2.2,1.2,1.2,1.2,1.2,1.2,1.2,1.2,2.201
432.4814701080322,0.4992251396179199,1632,30.562255859375,3457.8325387538603,53.39919957182685,4,2.2,2.2,2.2,1.2,1.2,1.2,1.2,1.2,1.2,1.2,1.2,2.2,2.2,1.2,1.2,1.2,1.2,1.2,1.2,1.2,2.201
432.9820046424866,0.49901604652404785,1568,31.616058349609375,2840.9423228447486,49.59505016916105,4,2.2,2.2,2.2,1.2,1.2,1.2,1.2,1.2,1.2,1.2,1.2,2.2,2.2,1.2,1.2,1.2,1.2,1.2,1.2,1.2,2.201
433.48254203796387,0.49921369552612305,1792,30.728836059570312,4307.691919854354,58.31655961605784,4,2.2,2.2,2.2,1.2,1.2,1.2,1.2,1.2,1.2,1.2,1.2,2.2,2.2,1.2,1.2,1.2,1.2,1.2,1.2,1.2,2.201
433.9830973148346,0.4992556571960449,1632,30.006210327148438,2872.8401546868554,54.38874093751954,4,2.2,2.2,2.2,1.2,1.2,1.2,1.2,1.2,1.2,1.2,1.2,2.2,2.2,1.2,1.2,1.2,1.2,1.2,1.2,1.2,2.201
434.48362970352173,0.49904298782348633,1056,31.527114868164062,3520.0579299128863,33.49497740011548,4,2.2,2.2,2.2,1.2,1.2,1.2,1.2,1.2,1.2,1.2,1.2,2.2,2.2,1.2,1.2,1.2,1.2,1.2,1.2,1.2,2.201
434.98416209220886,0.49925780296325684,2272,31.342422485351562,3227.0675209639285,72.48961056095328,4,2.2,2.2,2.2,1.2,1.2,1.2,1.2,1.2,1.2,1.2,1.2,2.2,2.2,1.2,1.2,1.2,1.2,1.2,1.2,1.2,2.201
435.4847033023834,0.49929285049438477,1952,31.020584106445312,3588.5303263417677,62.92595888271564,4,2.2,2.2,2.2,1.2,1.2,1.2,1.2,1.2,1.2,1.2,1.2,2.2,2.2,1.2,1.2,1.2,1.2,1.2,1.2,1.2,2.201
435.98521852493286,0.49924159049987793,1184,30.928817749023438,3011.801148472686,38.2814503162632,4,2.2,2.2,2.2,1.2,1.2,1.2,1.2,1.2,1.2,1.2,1.2,2.2,2.2,1.2,1.2,1.2,1.2,1.2,1.2,1.2,2.201
436.48573422431946,0.49918460845947266,2272,31.536102294921875,3695.6490492738026,72.04441369299624,4,2.2,2.2,2.2,1.2,1.2,1.2,1.2,1.2,1.2,1.2,1.2,2.2,2.2,1.2,1.2,1.2,1.2,1.2,1.2,1.2,2.201
436.98625016212463,0.49924707412719727,1472,31.750045776367188,3314.565294737689,46.362137880622136,4,2.2,2.2,2.2,1.2,1.2,1.2,1.2,1.2,1.2,1.2,1.2,2.2,2.2,1.2,1.2,1.2,1.2,1.2,1.2,1.2,2.201
437.48676657676697,0.4992496967315674,768,31.024124145507812,2704.4041425369574,24.754929305915756,4,2.2,2.2,2.2,1.2,1.2,1.2,1.2,1.2,1.2,1.2,1.2,2.2,2.2,1.2,1.2,1.2,1.2,1.2,1.2,1.2,2.201
437.98729944229126,0.49927282333374023,2496,30.68743896484375,3781.707393050278,81.33621065151368,4,2.2,2.2,2.2,1.2,1.2,1.2,1.2,1.2,1.2,1.2,1.2,2.2,2.2,1.2,1.2,1.2,1.2,1.2,1.2,1.2,2.201
438.48780608177185,0.49926328659057617,1664,30.738021850585938,3052.015590610766,54.13490848853308,4,2.2,2.2,2.2,1.2,1.2,1.2,1.2,1.2,1.2,1.2,1.2,2.2,2.2,1.2,1.2,1.2,1.2,1.2,1.2,1.2,2.201
438.988356590271,0.499239444732666,1760,31.244094848632812,3770.7298544440105,56.33064451143844,4,2.2,2.2,2.2,1.2,1.2,1.2,1.2,1.2,1.2,1.2,1.2,2.2,2.2,1.2,1.2,1.2,1.2,1.2,1.2,1.2,2.201
439.48888993263245,0.4991281032562256,2016,31.464080810546875,3316.5357405089144,64.07306198260937,4,2.2,2.2,2.2,1.2,1.2,1.2,1.2,1.2,1.2,1.2,1.2,2.2,2.2,1.2,1.2,1.2,1.2,1.2,1.2,1.2,2.201
439.9894394874573,0.49925851821899414,1568,31.343368530273438,3530.1690937787907,50.026531082181705,4,2.2,2.2,2.2,1.2,1.2,1.2,1.2,1.2,1.2,1.2,1.2,2.2,2.2,1.2,1.2,1.2,1.2,1.2,1.2,1.2,2.201
440.4899477958679,0.498579740524292,1600,31.297637939453125,3372.558208334244,51.122068799418074,4,2.2,2.2,2.2,1.2,1.2,1.2,1.2,1.2,1.2,1.2,1.2,2.2,2.2,1.2,1.2,1.2,1.2,1.2,1.2,1.2,2.201
440.9904360771179,0.47908568382263184,1280,33.095367431640625,3065.2558752976615,38.67610784632848,5,1.2,1.2,1.2,1.2,1.2,1.2,1.2,1.2,1.2,1.2,1.2,1.2,1.2,1.2,1.2,1.2,1.2,1.2,1.2,1.2,2.201
441.4909439086914,0.49920058250427246,1472,22.8370361328125,3097.255103248995,64.45670057354836,5,1.2,1.2,1.2,1.2,1.2,1.2,1.2,1.2,1.2,1.2,1.2,1.2,1.2,1.2,1.2,1.2,1.2,1.2,1.2,1.2,2.201
441.9914984703064,0.4992232322692871,1152,21.520538330078125,2139.038675034051,53.530259435467286,5,1.2,1.2,1.2,1.2,1.2,1.2,1.2,1.2,1.2,1.2,1.2,1.2,1.2,1.2,1.2,1.2,1.2,1.2,1.2,1.2,2.201
442.49200773239136,0.4990060329437256,640,20.520904541015625,2404.29583257767,31.187709036939214,5,1.2,1.2,1.2,1.2,1.2,1.2,1.2,1.2,1.2,1.2,1.2,1.2,1.2,1.2,1.2,1.2,1.2,1.2,1.2,1.2,2.201
442.9925456047058,0.4992094039916992,1888,22.127334594726562,2145.4619569251854,85.32433004605771,5,1.2,1.2,1.2,1.2,1.2,1.2,1.2,1.2,1.2,1.2,1.2,1.2,1.2,1.2,1.2,1.2,1.2,1.2,1.2,1.2,2.201
443.4930999279022,0.4991426467895508,1088,20.834228515625,2472.7334621186346,52.221756096417735,5,1.2,1.2,1.2,1.2,1.2,1.2,1.2,1.2,1.2,1.2,1.2,1.2,1.2,1.2,1.2,1.2,1.2,1.2,1.2,1.2,2.201
443.99363899230957,0.4988894462585449,992,20.6796875,2156.5175871284505,47.96977710615791,5,1.2,1.2,1.2,1.2,1.2,1.2,1.2,1.2,1.2,1.2,1.2,1.2,1.2,1.2,1.2,1.2,1.2,1.2,1.2,1.2,2.201
444.494176864624,0.49909353256225586,960,20.523513793945312,2181.827799390201,46.775615990435895,5,1.2,1.2,1.2,1.2,1.2,1.2,1.2,1.2,1.2,1.2,1.2,1.2,1.2,1.2,1.2,1.2,1.2,1.2,1.2,1.2,2.201
444.99471616744995,0.4991176128387451,1056,20.588119506835938,2400.0006683172655,51.29171703366949,5,1.2,1.2,1.2,1.2,1.2,1.2,1.2,1.2,1.2,1.2,1.2,1.2,1.2,1.2,1.2,1.2,1.2,1.2,1.2,1.2,2.201
445.4952759742737,0.49909234046936035,1760,20.483657836914062,2427.288493306326,85.92215384638305,5,1.2,1.2,1.2,1.2,1.2,1.2,1.2,1.2,1.2,1.2,1.2,1.2,1.2,1.2,1.2,1.2,1.2,1.2,1.2,1.2,2.201
445.9957902431488,0.49901485443115234,960,21.686538696289062,2097.2211777485245,44.26709183260639,5,1.2,1.2,1.2,1.2,1.2,1.2,1.2,1.2,1.2,1.2,1.2,1.2,1.2,1.2,1.2,1.2,1.2,1.2,1.2,1.2,2.201
446.4963357448578,0.4992189407348633,928,23.614593505859375,2153.8572178753147,39.2977334024293,5,1.2,1.2,1.2,1.2,1.2,1.2,1.2,1.2,1.2,1.2,1.2,1.2,1.2,1.2,1.2,1.2,1.2,1.2,1.2,1.2,2.201
446.9968502521515,0.49907445907592773,1312,21.681869506835938,2090.33279585452,60.511387156275795,5,1.2,1.2,1.2,1.2,1.2,1.2,1.2,1.2,1.2,1.2,1.2,1.2,1.2,1.2,1.2,1.2,1.2,1.2,1.2,1.2,2.201
447.4974160194397,0.4992215633392334,1344,20.762939453125,2904.964543451318,64.73071903110119,5,1.2,1.2,1.2,1.2,1.2,1.2,1.2,1.2,1.2,1.2,1.2,1.2,1.2,1.2,1.2,1.2,1.2,1.2,1.2,1.2,2.201
447.9979660511017,0.49896883964538574,1152,20.695877075195312,2322.578284554606,55.66326064918069,5,1.2,1.2,1.2,1.2,1.2,1.2,1.2,1.2,1.2,1.2,1.2,1.2,1.2,1.2,1.2,1.2,1.2,1.2,1.2,1.2,2.201
448.4985065460205,0.4990391731262207,832,20.7978515625,2079.9929517001333,40.00413203737616,5,1.2,1.2,1.2,1.2,1.2,1.2,1.2,1.2,1.2,1.2,1.2,1.2,1.2,1.2,1.2,1.2,1.2,1.2,1.2,1.2,2.201
448.99906182289124,0.4990832805633545,1056,20.38323974609375,2378.3886596689263,51.807269754670486,5,1.2,1.2,1.2,1.2,1.2,1.2,1.2,1.2,1.2,1.2,1.2,1.2,1.2,1.2,1.2,1.2,1.2,1.2,1.2,1.2,2.201
449.49956798553467,0.499037504196167,928,20.359603881835938,2071.419589432672,45.58045457986175,5,1.2,1.2,1.2,1.2,1.2,1.2,1.2,1.2,1.2,1.2,1.2,1.2,1.2,1.2,1.2,1.2,1.2,1.2,1.2,1.2,2.201
450.00010657310486,0.4993252754211426,1120,23.254974365234375,2500.007479457343,48.161738749296276,5,1.2,1.2,1.2,1.2,1.2,1.2,1.2,1.2,1.2,1.2,1.2,1.2,1.2,1.2,1.2,1.2,1.2,1.2,1.2,1.2,2.201
450.5006482601166,0.4990835189819336,1344,22.509201049804688,2176.7332812014674,59.70891623501945,5,1.2,1.2,1.2,1.2,1.2,1.2,1.2,1.2,1.2,1.2,1.2,1.2,1.2,1.2,1.2,1.2,1.2,1.2,1.2,1.2,2.201
451.0011794567108,0.4739840030670166,1120,21.570205688476562,2151.7058712692174,51.923473339817846,5,1.3,1.3,1.3,1.3,1.2,1.2,1.2,1.2,1.2,1.2,1.2,1.3,1.3,1.2,1.2,1.2,1.2,1.2,1.2,1.2,2.201
451.5017328262329,0.4989931583404541,1312,19.663116455078125,2036.4850931881388,66.72390935574039,5,1.3,1.3,1.3,1.3,1.2,1.2,1.2,1.2,1.2,1.2,1.2,1.3,1.3,1.2,1.2,1.2,1.2,1.2,1.2,1.2,2.201
452.0022692680359,0.498964786529541,1312,21.309799194335938,3081.2732742617745,61.56791943627158,5,1.3,1.3,1.3,1.3,1.2,1.2,1.2,1.2,1.2,1.2,1.2,1.3,1.3,1.2,1.2,1.2,1.2,1.2,1.2,1.2,2.201
452.50277853012085,0.49912047386169434,704,22.344818115234375,1745.2293576751863,31.506186193568652,5,1.3,1.3,1.3,1.3,1.2,1.2,1.2,1.2,1.2,1.2,1.2,1.3,1.3,1.2,1.2,1.2,1.2,1.2,1.2,1.2,2.201
453.00330352783203,0.49921131134033203,1856,21.68487548828125,2753.555021371406,85.5896083425982,5,1.3,1.3,1.3,1.3,1.2,1.2,1.2,1.2,1.2,1.2,1.2,1.3,1.3,1.2,1.2,1.2,1.2,1.2,1.2,1.2,2.201
453.5038101673126,0.4992637634277344,960,23.037994384765625,2452.7207610402183,41.67029403544003,5,1.3,1.3,1.3,1.3,1.2,1.2,1.2,1.2,1.2,1.2,1.2,1.3,1.3,1.2,1.2,1.2,1.2,1.2,1.2,1.2,2.201
454.00431656837463,0.49927377700805664,1632,21.480636596679688,2652.913515643141,75.97540196980299,5,1.3,1.3,1.3,1.3,1.2,1.2,1.2,1.2,1.2,1.2,1.2,1.3,1.3,1.2,1.2,1.2,1.2,1.2,1.2,1.2,2.201
454.5048246383667,0.4991934299468994,768,22.366302490234375,1887.749782611472,34.337369814940395,5,1.3,1.3,1.3,1.3,1.2,1.2,1.2,1.2,1.2,1.2,1.2,1.3,1.3,1.2,1.2,1.2,1.2,1.2,1.2,1.2,2.201
455.00533270835876,0.4992177486419678,896,21.613540649414062,2158.0480301193734,41.45549378205603,5,1.3,1.3,1.3,1.3,1.2,1.2,1.2,1.2,1.2,1.2,1.2,1.3,1.3,1.2,1.2,1.2,1.2,1.2,1.2,1.2,2.201
455.50585412979126,0.4992485046386719,1056,22.85784912109375,2577.2553766060823,46.1985725080974,5,1.3,1.3,1.3,1.3,1.2,1.2,1.2,1.2,1.2,1.2,1.2,1.3,1.3,1.2,1.2,1.2,1.2,1.2,1.2,1.2,2.201
456.0063638687134,0.4991793632507324,1120,23.3280029296875,2703.469252277813,48.01096790735886,5,1.3,1.3,1.3,1.3,1.2,1.2,1.2,1.2,1.2,1.2,1.2,1.3,1.3,1.2,1.2,1.2,1.2,1.2,1.2,1.2,2.201
456.5069019794464,0.4992680549621582,2400,22.4512939453125,2864.1296215575708,106.89807036716851,5,1.3,1.3,1.3,1.3,1.2,1.2,1.2,1.2,1.2,1.2,1.2,1.3,1.3,1.2,1.2,1.2,1.2,1.2,1.2,1.2,2.201
457.0074405670166,0.49916672706604004,1184,21.944580078125,2111.243788180572,53.954096901596486,5,1.3,1.3,1.3,1.3,1.2,1.2,1.2,1.2,1.2,1.2,1.2,1.3,1.3,1.2,1.2,1.2,1.2,1.2,1.2,1.2,2.201
457.507985830307,0.4991333484649658,800,20.9080810546875,2949.906558851924,38.26271755439954,5,1.3,1.3,1.3,1.3,1.2,1.2,1.2,1.2,1.2,1.2,1.2,1.3,1.3,1.2,1.2,1.2,1.2,1.2,1.2,1.2,2.201
458.00854420661926,0.49913883209228516,800,22.028472900390625,1923.0744896553522,36.31663454917993,5,1.3,1.3,1.3,1.3,1.2,1.2,1.2,1.2,1.2,1.2,1.2,1.3,1.3,1.2,1.2,1.2,1.2,1.2,1.2,1.2,2.201
458.5090913772583,0.49906325340270996,2016,22.188217163085938,2482.759762827357,90.85903500863405,5,1.3,1.3,1.3,1.3,1.2,1.2,1.2,1.2,1.2,1.2,1.2,1.3,1.3,1.2,1.2,1.2,1.2,1.2,1.2,1.2,2.201
459.00963735580444,0.499112606048584,896,22.28497314453125,2059.2946224007933,40.20646532481369,5,1.3,1.3,1.3,1.3,1.2,1.2,1.2,1.2,1.2,1.2,1.2,1.3,1.3,1.2,1.2,1.2,1.2,1.2,1.2,1.2,2.201
459.51017904281616,0.49913525581359863,992,21.746490478515625,2354.834810091327,45.616555967044114,5,1.3,1.3,1.3,1.3,1.2,1.2,1.2,1.2,1.2,1.2,1.2,1.3,1.3,1.2,1.2,1.2,1.2,1.2,1.2,1.2,2.201
460.01067543029785,0.49904322624206543,1600,22.622512817382812,3202.3087755878605,70.72600700531301,5,1.3,1.3,1.3,1.3,1.2,1.2,1.2,1.2,1.2,1.2,1.2,1.3,1.3,1.2,1.2,1.2,1.2,1.2,1.2,1.2,2.201
460.5112135410309,0.4992096424102783,1344,23.975936889648438,2415.9249901208186,56.056203608888765,5,1.3,1.3,1.3,1.3,1.2,1.2,1.2,1.2,1.2,1.2,1.2,1.3,1.3,1.2,1.2,1.2,1.2,1.2,1.2,1.2,2.201
461.0117015838623,0.4760706424713135,992,23.739410400390625,2134.5699858886164,41.78705297515211,5,1.4,1.4,1.4,1.4,1.2,1.2,1.2,1.2,1.2,1.2,1.2,1.4,1.4,1.2,1.2,1.2,1.2,1.2,1.2,1.2,2.201
461.5122101306915,0.4992191791534424,1376,23.027130126953125,2497.451982755374,59.75560099820689,5,1.4,1.4,1.4,1.4,1.2,1.2,1.2,1.2,1.2,1.2,1.2,1.4,1.4,1.2,1.2,1.2,1.2,1.2,1.2,1.2,2.201
462.01274967193604,0.49921178817749023,960,23.277252197265625,2472.7025545505176,41.24198130708791,5,1.4,1.4,1.4,1.4,1.2,1.2,1.2,1.2,1.2,1.2,1.2,1.4,1.4,1.2,1.2,1.2,1.2,1.2,1.2,1.2,2.201
462.51325845718384,0.49909043312072754,1280,23.309066772460938,3234.2871279322203,54.914253431728426,5,1.4,1.4,1.4,1.4,1.2,1.2,1.2,1.2,1.2,1.2,1.2,1.4,1.4,1.2,1.2,1.2,1.2,1.2,1.2,1.2,2.201
463.0137667655945,0.4991896152496338,1824,23.157257080078125,2387.430356973511,78.76580519413771,5,1.4,1.4,1.4,1.4,1.2,1.2,1.2,1.2,1.2,1.2,1.2,1.4,1.4,1.2,1.2,1.2,1.2,1.2,1.2,1.2,2.201
463.51427578926086,0.49919867515563965,1152,22.573776245117188,3031.5616811734485,51.03266673200869,5,1.4,1.4,1.4,1.4,1.2,1.2,1.2,1.2,1.2,1.2,1.2,1.4,1.4,1.2,1.2,1.2,1.2,1.2,1.2,1.2,2.201
464.0148272514343,0.49915242195129395,1216,22.392440795898438,3070.74221441165,54.30403996971744,5,1.4,1.4,1.4,1.4,1.2,1.2,1.2,1.2,1.2,1.2,1.2,1.4,1.4,1.2,1.2,1.2,1.2,1.2,1.2,1.2,2.201
464.5153775215149,0.4990675449371338,1440,21.35968017578125,2421.6346650554847,67.41673977088614,5,1.4,1.4,1.4,1.4,1.2,1.2,1.2,1.2,1.2,1.2,1.2,1.4,1.4,1.2,1.2,1.2,1.2,1.2,1.2,1.2,2.201
465.01591300964355,0.49897336959838867,1760,22.701156616210938,2753.6202221697104,77.52908936556919,5,1.4,1.4,1.4,1.4,1.2,1.2,1.2,1.2,1.2,1.2,1.2,1.4,1.4,1.2,1.2,1.2,1.2,1.2,1.2,1.2,2.201
465.5164668560028,0.49920010566711426,416,23.584060668945312,1450.1914100815375,17.639031964829307,5,1.4,1.4,1.4,1.4,1.2,1.2,1.2,1.2,1.2,1.2,1.2,1.4,1.4,1.2,1.2,1.2,1.2,1.2,1.2,1.2,2.201
466.0169749259949,0.49903321266174316,1440,21.905776977539062,3605.921813308798,65.73608420630293,5,1.4,1.4,1.4,1.4,1.2,1.2,1.2,1.2,1.2,1.2,1.2,1.4,1.4,1.2,1.2,1.2,1.2,1.2,1.2,1.2,2.201
466.5175259113312,0.49923253059387207,2144,23.668075561523438,2601.9436237555806,90.58615663224617,5,1.4,1.4,1.4,1.4,1.2,1.2,1.2,1.2,1.2,1.2,1.2,1.4,1.4,1.2,1.2,1.2,1.2,1.2,1.2,1.2,2.201
467.0180652141571,0.4988851547241211,864,23.45550537109375,2602.392896036044,36.835701739549044,5,1.4,1.4,1.4,1.4,1.2,1.2,1.2,1.2,1.2,1.2,1.2,1.4,1.4,1.2,1.2,1.2,1.2,1.2,1.2,1.2,2.201
467.5186047554016,0.4990849494934082,1024,22.972366333007812,2694.7442794645794,44.57529473264002,5,1.4,1.4,1.4,1.4,1.2,1.2,1.2,1.2,1.2,1.2,1.2,1.4,1.4,1.2,1.2,1.2,1.2,1.2,1.2,1.2,2.201
468.0191490650177,0.49912405014038086,1760,22.379730224609375,2266.4340361613827,78.64259230724126,5,1.4,1.4,1.4,1.4,1.2,1.2,1.2,1.2,1.2,1.2,1.2,1.4,1.4,1.2,1.2,1.2,1.2,1.2,1.2,1.2,2.201
468.51969265937805,0.49910783767700195,1632,22.722091674804688,3162.8319544856577,71.82437353730236,5,1.4,1.4,1.4,1.4,1.2,1.2,1.2,1.2,1.2,1.2,1.2,1.4,1.4,1.2,1.2,1.2,1.2,1.2,1.2,1.2,2.201
469.02023792266846,0.4991459846496582,928,21.638259887695312,2298.5616610942393,42.886997605926304,5,1.4,1.4,1.4,1.4,1.2,1.2,1.2,1.2,1.2,1.2,1.2,1.4,1.4,1.2,1.2,1.2,1.2,1.2,1.2,1.2,2.201
469.52078342437744,0.4991025924682617,608,22.024307250976562,2536.1902721584347,27.605862607689563,5,1.4,1.4,1.4,1.4,1.2,1.2,1.2,1.2,1.2,1.2,1.2,1.4,1.4,1.2,1.2,1.2,1.2,1.2,1.2,1.2,2.201
470.02133417129517,0.4992210865020752,2144,23.767608642578125,2720.807614274465,90.20680339540611,5,1.4,1.4,1.4,1.4,1.2,1.2,1.2,1.2,1.2,1.2,1.2,1.4,1.4,1.2,1.2,1.2,1.2,1.2,1.2,1.2,2.201
470.5218744277954,0.49898862838745117,1024,21.858566284179688,2723.4155396665265,46.846622357895825,5,1.4,1.4,1.4,1.4,1.2,1.2,1.2,1.2,1.2,1.2,1.2,1.4,1.4,1.2,1.2,1.2,1.2,1.2,1.2,1.2,2.201
471.02238965034485,0.4754679203033447,1472,23.547561645507812,2672.141972604845,62.511780292156686,5,1.5,1.5,1.5,1.5,1.2,1.2,1.2,1.2,1.2,1.2,1.2,1.5,1.5,1.2,1.2,1.2,1.2,1.2,1.2,1.2,2.201
471.5229253768921,0.4991178512573242,1568,23.671371459960938,2774.552492279985,66.24035293655045,5,1.5,1.5,1.5,1.5,1.2,1.2,1.2,1.2,1.2,1.2,1.2,1.5,1.5,1.2,1.2,1.2,1.2,1.2,1.2,1.2,2.201
472.02346181869507,0.4991576671600342,1152,24.546142578125,3063.8840244881835,46.932017783789696,5,1.5,1.5,1.5,1.5,1.2,1.2,1.2,1.2,1.2,1.2,1.2,1.5,1.5,1.2,1.2,1.2,1.2,1.2,1.2,1.2,2.201
472.52399945259094,0.49913930892944336,1408,22.402420043945312,2669.3927369413527,62.85035265109848,5,1.5,1.5,1.5,1.5,1.2,1.2,1.2,1.2,1.2,1.2,1.2,1.5,1.5,1.2,1.2,1.2,1.2,1.2,1.2,1.2,2.201
473.02453565597534,0.4991428852081299,1824,24.42767333984375,3120.408093982031,74.66941180291987,5,1.5,1.5,1.5,1.5,1.2,1.2,1.2,1.2,1.2,1.2,1.2,1.5,1.5,1.2,1.2,1.2,1.2,1.2,1.2,1.2,2.201
473.52507305145264,0.4991154670715332,1216,23.503265380859375,2592.8926029817662,51.737491803597976,5,1.5,1.5,1.5,1.5,1.2,1.2,1.2,1.2,1.2,1.2,1.2,1.5,1.5,1.2,1.2,1.2,1.2,1.2,1.2,1.2,2.201
474.02562499046326,0.4992196559906006,1344,23.660873413085938,2299.2683970830367,56.80263684842184,5,1.5,1.5,1.5,1.5,1.2,1.2,1.2,1.2,1.2,1.2,1.2,1.5,1.5,1.2,1.2,1.2,1.2,1.2,1.2,1.2,2.201
474.5261619091034,0.49896955490112305,1600,22.154998779296875,3787.0696562701114,72.21846482316884,5,1.5,1.5,1.5,1.5,1.2,1.2,1.2,1.2,1.2,1.2,1.2,1.5,1.5,1.2,1.2,1.2,1.2,1.2,1.2,1.2,2.201
475.0267174243927,0.4990859031677246,640,23.8402099609375,2051.230092562612,26.845401154127774,5,1.5,1.5,1.5,1.5,1.2,1.2,1.2,1.2,1.2,1.2,1.2,1.5,1.5,1.2,1.2,1.2,1.2,1.2,1.2,1.2,2.201
475.52726435661316,0.499068021774292,2048,23.47125244140625,2920.4220416388443,87.25567607065867,5,1.5,1.5,1.5,1.5,1.2,1.2,1.2,1.2,1.2,1.2,1.2,1.5,1.5,1.2,1.2,1.2,1.2,1.2,1.2,1.2,2.201
476.0278024673462,0.499096155166626,1312,23.266845703125,3163.55743679922,56.38925089978069,5,1.5,1.5,1.5,1.5,1.2,1.2,1.2,1.2,1.2,1.2,1.2,1.5,1.5,1.2,1.2,1.2,1.2,1.2,1.2,1.2,2.201
476.5283410549164,0.49915313720703125,1408,24.264801025390625,2800.5537259704706,58.02643914230627,5,1.5,1.5,1.5,1.5,1.2,1.2,1.2,1.2,1.2,1.2,1.2,1.5,1.5,1.2,1.2,1.2,1.2,1.2,1.2,1.2,2.201
477.0288944244385,0.4991292953491211,1600,22.728073120117188,2771.7783727993374,70.39752079043603,5,1.5,1.5,1.5,1.5,1.2,1.2,1.2,1.2,1.2,1.2,1.2,1.5,1.5,1.2,1.2,1.2,1.2,1.2,1.2,1.2,2.201
477.52943205833435,0.49898529052734375,1024,23.064285278320312,2813.2203618823414,44.397647169345724,5,1.5,1.5,1.5,1.5,1.2,1.2,1.2,1.2,1.2,1.2,1.2,1.5,1.5,1.2,1.2,1.2,1.2,1.2,1.2,1.2,2.201
478.02996850013733,0.49918174743652344,1824,22.760910034179688,2605.7143647573457,80.137393331854,5,1.5,1.5,1.5,1.5,1.2,1.2,1.2,1.2,1.2,1.2,1.2,1.5,1.5,1.2,1.2,1.2,1.2,1.2,1.2,1.2,2.201
478.5305461883545,0.49910497665405273,992,24.520111083984375,2725.263826339819,40.45658670151529,5,1.5,1.5,1.5,1.5,1.2,1.2,1.2,1.2,1.2,1.2,1.2,1.5,1.5,1.2,1.2,1.2,1.2,1.2,1.2,1.2,2.201
479.0310528278351,0.49905848503112793,1984,23.40301513671875,2817.3623277980428,84.77540130661,5,1.5,1.5,1.5,1.5,1.2,1.2,1.2,1.2,1.2,1.2,1.2,1.5,1.5,1.2,1.2,1.2,1.2,1.2,1.2,1.2,2.201
479.5315914154053,0.4992077350616455,1504,24.147750854492188,3328.9123948739725,62.283233294177045,5,1.5,1.5,1.5,1.5,1.2,1.2,1.2,1.2,1.2,1.2,1.2,1.5,1.5,1.2,1.2,1.2,1.2,1.2,1.2,1.2,2.201
480.0321307182312,0.4991300106048584,928,22.336669921875,2974.4041495635906,41.546031850127335,5,1.5,1.5,1.5,1.5,1.2,1.2,1.2,1.2,1.2,1.2,1.2,1.5,1.5,1.2,1.2,1.2,1.2,1.2,1.2,1.2,2.201
480.5326702594757,0.49910759925842285,1600,22.109909057617188,2348.9394215750876,72.36574315301296,5,1.5,1.5,1.5,1.5,1.2,1.2,1.2,1.2,1.2,1.2,1.2,1.5,1.5,1.2,1.2,1.2,1.2,1.2,1.2,1.2,2.201
481.03320360183716,0.4770500659942627,1472,25.273757934570312,3548.3741417157644,58.24222910620458,5,1.6,1.6,1.6,1.6,1.2,1.2,1.2,1.2,1.2,1.2,1.2,1.6,1.6,1.2,1.2,1.2,1.2,1.2,1.2,1.2,2.201
481.5337107181549,0.4990196228027344,1344,21.458175659179688,2922.1004225872275,62.633469934572204,5,1.6,1.6,1.6,1.6,1.2,1.2,1.2,1.2,1.2,1.2,1.2,1.6,1.6,1.2,1.2,1.2,1.2,1.2,1.2,1.2,2.201
482.0342478752136,0.4992647171020508,1472,23.087966918945312,2787.526108967337,63.75615510745209,5,1.6,1.6,1.6,1.6,1.2,1.2,1.2,1.2,1.2,1.2,1.2,1.6,1.6,1.2,1.2,1.2,1.2,1.2,1.2,1.2,2.201
482.5347845554352,0.49913477897644043,1568,22.91156005859375,2962.6933039629985,68.43706827426921,5,1.6,1.6,1.6,1.6,1.2,1.2,1.2,1.2,1.2,1.2,1.2,1.6,1.6,1.2,1.2,1.2,1.2,1.2,1.2,1.2,2.201
483.03529143333435,0.4991719722747803,1504,23.69964599609375,3089.906971199256,63.46086351871644,5,1.6,1.6,1.6,1.6,1.2,1.2,1.2,1.2,1.2,1.2,1.2,1.6,1.6,1.2,1.2,1.2,1.2,1.2,1.2,1.2,2.201
483.5358419418335,0.49922943115234375,1312,25.080703735351562,3526.8841002948066,52.31113185036829,5,1.6,1.6,1.6,1.6,1.2,1.2,1.2,1.2,1.2,1.2,1.2,1.6,1.6,1.2,1.2,1.2,1.2,1.2,1.2,1.2,2.201
484.03639221191406,0.49895572662353516,2144,23.461349487304688,2840.4929323735437,91.38434262531031,5,1.6,1.6,1.6,1.6,1.2,1.2,1.2,1.2,1.2,1.2,1.2,1.6,1.6,1.2,1.2,1.2,1.2,1.2,1.2,1.2,2.201
484.5369288921356,0.498934268951416,1088,23.285263061523438,2934.1337673692915,46.72483180135555,5,1.6,1.6,1.6,1.6,1.2,1.2,1.2,1.2,1.2,1.2,1.2,1.6,1.6,1.2,1.2,1.2,1.2,1.2,1.2,1.2,2.201
485.0374610424042,0.49915051460266113,1696,23.823867797851562,3246.5841830875625,71.1891122965745,5,1.6,1.6,1.6,1.6,1.2,1.2,1.2,1.2,1.2,1.2,1.2,1.6,1.6,1.2,1.2,1.2,1.2,1.2,1.2,1.2,2.201
485.5380139350891,0.4991910457611084,1696,23.774734497070312,3170.173234020862,71.33623301698671,5,1.6,1.6,1.6,1.6,1.2,1.2,1.2,1.2,1.2,1.2,1.2,1.6,1.6,1.2,1.2,1.2,1.2,1.2,1.2,1.2,2.201
486.0385217666626,0.4990706443786621,1312,24.985443115234375,2845.8958052070134,52.51057561592871,5,1.6,1.6,1.6,1.6,1.2,1.2,1.2,1.2,1.2,1.2,1.2,1.6,1.6,1.2,1.2,1.2,1.2,1.2,1.2,1.2,2.201
486.53907561302185,0.49919724464416504,1600,23.672210693359375,3069.168010478527,67.5898005778074,5,1.6,1.6,1.6,1.6,1.2,1.2,1.2,1.2,1.2,1.2,1.2,1.6,1.6,1.2,1.2,1.2,1.2,1.2,1.2,1.2,2.201
487.03964352607727,0.4989967346191406,1664,23.313018798828125,3363.7540566108387,71.37642766725878,5,1.6,1.6,1.6,1.6,1.2,1.2,1.2,1.2,1.2,1.2,1.2,1.6,1.6,1.2,1.2,1.2,1.2,1.2,1.2,1.2,2.201
487.54015159606934,0.499129056930542,1312,23.026138305664062,2746.8350177249577,56.97872489879334,5,1.6,1.6,1.6,1.6,1.2,1.2,1.2,1.2,1.2,1.2,1.2,1.6,1.6,1.2,1.2,1.2,1.2,1.2,1.2,1.2,2.201
488.04068899154663,0.49921631813049316,1440,23.63592529296875,2853.563509353004,60.92420678061516,5,1.6,1.6,1.6,1.6,1.2,1.2,1.2,1.2,1.2,1.2,1.2,1.6,1.6,1.2,1.2,1.2,1.2,1.2,1.2,1.2,2.201
488.5411982536316,0.49916744232177734,1728,24.441513061523438,3230.1206578991696,70.69938737631875,5,1.6,1.6,1.6,1.6,1.2,1.2,1.2,1.2,1.2,1.2,1.2,1.6,1.6,1.2,1.2,1.2,1.2,1.2,1.2,1.2,2.201
489.04170536994934,0.49920010566711426,1472,25.019668579101562,2904.711013848218,58.83371297849775,5,1.6,1.6,1.6,1.6,1.2,1.2,1.2,1.2,1.2,1.2,1.2,1.6,1.6,1.2,1.2,1.2,1.2,1.2,1.2,1.2,2.201
489.54221177101135,0.4992668628692627,1728,26.012496948242188,3077.556622822109,66.42960894674015,5,1.6,1.6,1.6,1.6,1.2,1.2,1.2,1.2,1.2,1.2,1.2,1.6,1.6,1.2,1.2,1.2,1.2,1.2,1.2,1.2,2.201
490.042720079422,0.4992067813873291,1376,23.13323974609375,3054.3156582656247,59.48150864741501,5,1.6,1.6,1.6,1.6,1.2,1.2,1.2,1.2,1.2,1.2,1.2,1.6,1.6,1.2,1.2,1.2,1.2,1.2,1.2,1.2,2.201
490.54322695732117,0.49922680854797363,1728,23.508285522460938,3014.395709114818,73.50599848504419,5,1.6,1.6,1.6,1.6,1.2,1.2,1.2,1.2,1.2,1.2,1.2,1.6,1.6,1.2,1.2,1.2,1.2,1.2,1.2,1.2,2.201
491.04371404647827,0.47681283950805664,1120,26.387710571289062,2630.652956638549,42.444000474167964,5,1.7,1.7,1.7,1.7,1.2,1.2,1.2,1.2,1.2,1.2,1.2,1.7,1.7,1.2,1.2,1.2,1.2,1.2,1.2,1.2,2.201
491.5442214012146,0.49915599822998047,1856,25.50213623046875,3674.3284684720984,72.77821682179467,5,1.7,1.7,1.7,1.7,1.2,1.2,1.2,1.2,1.2,1.2,1.2,1.7,1.7,1.2,1.2,1.2,1.2,1.2,1.2,1.2,2.201
492.0447361469269,0.49921083450317383,1696,24.803436279296875,3287.6179491954667,68.37762239483045,5,1.7,1.7,1.7,1.7,1.2,1.2,1.2,1.2,1.2,1.2,1.2,1.7,1.7,1.2,1.2,1.2,1.2,1.2,1.2,1.2,2.201
492.5452823638916,0.4992032051086426,736,24.565032958984375,2705.8619807934997,29.96128689218048,5,1.7,1.7,1.7,1.7,1.2,1.2,1.2,1.2,1.2,1.2,1.2,1.7,1.7,1.2,1.2,1.2,1.2,1.2,1.2,1.2,2.201
493.04583525657654,0.49915266036987305,1952,24.23089599609375,3108.2845438611903,80.55830871110507,5,1.7,1.7,1.7,1.7,1.2,1.2,1.2,1.2,1.2,1.2,1.2,1.7,1.7,1.2,1.2,1.2,1.2,1.2,1.2,1.2,2.201
493.5463855266571,0.49899744987487793,1888,23.546676635742188,2994.87974502749,80.18116650628096,5,1.7,1.7,1.7,1.7,1.2,1.2,1.2,1.2,1.2,1.2,1.2,1.7,1.7,1.2,1.2,1.2,1.2,1.2,1.2,1.2,2.201
494.0469391345978,0.4991567134857178,1920,23.654220581054688,3853.596690864258,81.16944684018803,5,1.7,1.7,1.7,1.7,1.2,1.2,1.2,1.2,1.2,1.2,1.2,1.7,1.7,1.2,1.2,1.2,1.2,1.2,1.2,1.2,2.201
494.54749035835266,0.4990253448486328,1632,24.755935668945312,3462.3519894662895,65.92358381538519,5,1.7,1.7,1.7,1.7,1.2,1.2,1.2,1.2,1.2,1.2,1.2,1.7,1.7,1.2,1.2,1.2,1.2,1.2,1.2,1.2,2.201
495.0480411052704,0.49895524978637695,768,24.07489013671875,2666.684476708663,31.900457100265438,5,1.7,1.7,1.7,1.7,1.2,1.2,1.2,1.2,1.2,1.2,1.2,1.7,1.7,1.2,1.2,1.2,1.2,1.2,1.2,1.2,2.201
495.54857778549194,0.49907398223876953,2528,24.243865966796875,3385.356141752647,104.27379871932207,5,1.7,1.7,1.7,1.7,1.2,1.2,1.2,1.2,1.2,1.2,1.2,1.7,1.7,1.2,1.2,1.2,1.2,1.2,1.2,1.2,2.201
496.04912996292114,0.49910569190979004,1376,25.509658813476562,2819.8195735047866,53.94035294870621,5,1.7,1.7,1.7,1.7,1.2,1.2,1.2,1.2,1.2,1.2,1.2,1.7,1.7,1.2,1.2,1.2,1.2,1.2,1.2,1.2,2.201
496.54963874816895,0.4990830421447754,1856,23.870529174804688,3816.2384056187266,77.7527798570551,5,1.7,1.7,1.7,1.7,1.2,1.2,1.2,1.2,1.2,1.2,1.2,1.7,1.7,1.2,1.2,1.2,1.2,1.2,1.2,1.2,2.201
497.0501766204834,0.4991919994354248,1312,24.295684814453125,2775.948821546603,54.00135908988709,5,1.7,1.7,1.7,1.7,1.2,1.2,1.2,1.2,1.2,1.2,1.2,1.7,1.7,1.2,1.2,1.2,1.2,1.2,1.2,1.2,2.201
497.5506842136383,0.49922990798950195,1024,25.246719360351562,3322.858781137638,40.55972522149273,5,1.7,1.7,1.7,1.7,1.2,1.2,1.2,1.2,1.2,1.2,1.2,1.7,1.7,1.2,1.2,1.2,1.2,1.2,1.2,1.2,2.201
498.0512411594391,0.499284029006958,2432,24.627288818359375,3565.262810400866,98.75224260118193,5,1.7,1.7,1.7,1.7,1.2,1.2,1.2,1.2,1.2,1.2,1.2,1.7,1.7,1.2,1.2,1.2,1.2,1.2,1.2,1.2,2.201
498.55179238319397,0.49892282485961914,1600,25.41375732421875,2785.528195286496,62.958026221303186,5,1.7,1.7,1.7,1.7,1.2,1.2,1.2,1.2,1.2,1.2,1.2,1.7,1.7,1.2,1.2,1.2,1.2,1.2,1.2,1.2,2.201
499.0523302555084,0.49902987480163574,992,24.179214477539062,3139.5961709451035,41.02697384654511,5,1.7,1.7,1.7,1.7,1.2,1.2,1.2,1.2,1.2,1.2,1.2,1.7,1.7,1.2,1.2,1.2,1.2,1.2,1.2,1.2,2.201
499.5528829097748,0.4991326332092285,2496,24.008651733398438,3818.6359583730746,103.96252266543624,5,1.7,1.7,1.7,1.7,1.2,1.2,1.2,1.2,1.2,1.2,1.2,1.7,1.7,1.2,1.2,1.2,1.2,1.2,1.2,1.2,2.201
500.0534317493439,0.49909138679504395,608,24.028427124023438,2055.4095553639927,25.303362424090018,5,1.7,1.7,1.7,1.7,1.2,1.2,1.2,1.2,1.2,1.2,1.2,1.7,1.7,1.2,1.2,1.2,1.2,1.2,1.2,1.2,2.201
500.55397605895996,0.498990535736084,2016,24.183639526367188,3199.445536933187,83.36214231947903,5,1.7,1.7,1.7,1.7,1.2,1.2,1.2,1.2,1.2,1.2,1.2,1.7,1.7,1.2,1.2,1.2,1.2,1.2,1.2,1.2,2.201
501.0544948577881,0.47650146484375,2048,26.355850219726562,3235.5238808078566,77.7057079519724,5,1.8,1.8,1.8,1.8,1.2,1.2,1.2,1.2,1.2,1.2,1.2,1.8,1.8,1.2,1.2,1.2,1.2,1.2,1.2,1.2,2.201
501.5550608634949,0.499147891998291,1920,24.821975708007812,4048.7023681077,77.35081294840641,5,1.8,1.8,1.8,1.8,1.2,1.2,1.2,1.2,1.2,1.2,1.2,1.8,1.8,1.2,1.2,1.2,1.2,1.2,1.2,1.2,2.201
502.0556044578552,0.4990379810333252,1216,24.399612426757812,2795.14644151052,49.83685718984924,5,1.8,1.8,1.8,1.8,1.2,1.2,1.2,1.2,1.2,1.2,1.2,1.8,1.8,1.2,1.2,1.2,1.2,1.2,1.2,1.2,2.201
502.5561492443085,0.4990675449371338,1472,25.997589111328125,4183.621129131032,56.62063484796728,5,1.8,1.8,1.8,1.8,1.2,1.2,1.2,1.2,1.2,1.2,1.2,1.8,1.8,1.2,1.2,1.2,1.2,1.2,1.2,1.2,2.201
503.05670714378357,0.49915027618408203,2176,25.347763061523438,3465.5101967386163,85.84583952116283,5,1.8,1.8,1.8,1.8,1.2,1.2,1.2,1.2,1.2,1.2,1.2,1.8,1.8,1.2,1.2,1.2,1.2,1.2,1.2,1.2,2.201
503.55725359916687,0.49906086921691895,1600,26.103973388671875,3124.3805914233067,61.29335086950168,5,1.8,1.8,1.8,1.8,1.2,1.2,1.2,1.2,1.2,1.2,1.2,1.8,1.8,1.2,1.2,1.2,1.2,1.2,1.2,1.2,2.201
504.0578007698059,0.49913549423217773,1664,25.868804931640625,3628.377381138249,64.32457952337528,5,1.8,1.8,1.8,1.8,1.2,1.2,1.2,1.2,1.2,1.2,1.2,1.8,1.8,1.2,1.2,1.2,1.2,1.2,1.2,1.2,2.201
504.55834579467773,0.4991118907928467,2176,25.335342407226562,3480.936743503131,85.88792545307481,5,1.8,1.8,1.8,1.8,1.2,1.2,1.2,1.2,1.2,1.2,1.2,1.8,1.8,1.2,1.2,1.2,1.2,1.2,1.2,1.2,2.201
505.0588822364807,0.499143123626709,1696,25.227523803710938,3530.6352506524377,67.22815973522223,5,1.8,1.8,1.8,1.8,1.2,1.2,1.2,1.2,1.2,1.2,1.2,1.8,1.8,1.2,1.2,1.2,1.2,1.2,1.2,1.2,2.201
505.5594415664673,0.4991776943206787,1792,24.069442749023438,3473.485683411472,74.4512458674477,5,1.8,1.8,1.8,1.8,1.2,1.2,1.2,1.2,1.2,1.2,1.2,1.8,1.8,1.2,1.2,1.2,1.2,1.2,1.2,1.2,2.201
506.05999183654785,0.49899768829345703,1056,25.303924560546875,3473.718855351843,41.732656824565616,5,1.8,1.8,1.8,1.8,1.2,1.2,1.2,1.2,1.2,1.2,1.2,1.8,1.8,1.2,1.2,1.2,1.2,1.2,1.2,1.2,2.201
506.56055545806885,0.49907469749450684,1824,25.313034057617188,3060.4057983102402,72.05773894382774,5,1.8,1.8,1.8,1.8,1.2,1.2,1.2,1.2,1.2,1.2,1.2,1.8,1.8,1.2,1.2,1.2,1.2,1.2,1.2,1.2,2.201
507.06110763549805,0.49903440475463867,1920,25.76409912109375,3267.716520757744,74.52230295248496,5,1.8,1.8,1.8,1.8,1.2,1.2,1.2,1.2,1.2,1.2,1.2,1.8,1.8,1.2,1.2,1.2,1.2,1.2,1.2,1.2,2.201
507.56166791915894,0.4990551471710205,1792,25.413040161132812,3761.192286016112,70.51497926409918,5,1.8,1.8,1.8,1.8,1.2,1.2,1.2,1.2,1.2,1.2,1.2,1.8,1.8,1.2,1.2,1.2,1.2,1.2,1.2,1.2,2.201
508.06217646598816,0.49899959564208984,1728,24.831039428710938,3512.272439990215,69.59032081443988,5,1.8,1.8,1.8,1.8,1.2,1.2,1.2,1.2,1.2,1.2,1.2,1.8,1.8,1.2,1.2,1.2,1.2,1.2,1.2,1.2,2.201
508.56272149086,0.49917173385620117,1344,26.54736328125,3202.7290184703097,50.6264967168791,5,1.8,1.8,1.8,1.8,1.2,1.2,1.2,1.2,1.2,1.2,1.2,1.8,1.8,1.2,1.2,1.2,1.2,1.2,1.2,1.2,2.201
509.0632584095001,0.49913716316223145,2112,25.263412475585938,3563.91213748729,83.59915755802962,5,1.8,1.8,1.8,1.8,1.2,1.2,1.2,1.2,1.2,1.2,1.2,1.8,1.8,1.2,1.2,1.2,1.2,1.2,1.2,1.2,2.201
509.56382298469543,0.4992187023162842,1376,25.375839233398438,3019.1899004046986,54.22480759528836,5,1.8,1.8,1.8,1.8,1.2,1.2,1.2,1.2,1.2,1.2,1.2,1.8,1.8,1.2,1.2,1.2,1.2,1.2,1.2,1.2,2.201
510.0643746852875,0.49918198585510254,1088,24.641738891601562,3675.426777945005,44.152728213949786,5,1.8,1.8,1.8,1.8,1.2,1.2,1.2,1.2,1.2,1.2,1.2,1.8,1.8,1.2,1.2,1.2,1.2,1.2,1.2,1.2,2.201
510.56492137908936,0.49906420707702637,2080,25.217269897460938,3376.7398660965337,82.48315572850453,5,1.8,1.8,1.8,1.8,1.2,1.2,1.2,1.2,1.2,1.2,1.2,1.8,1.8,1.2,1.2,1.2,1.2,1.2,1.2,1.2,2.201
511.06544041633606,0.4760611057281494,1920,26.033798217773438,3287.6769435909823,73.75028353293466,5,1.9,1.9,1.9,1.9,1.2,1.2,1.2,1.2,1.2,1.2,1.2,1.9,1.9,1.2,1.2,1.2,1.2,1.2,1.2,1.2,2.201
511.566002368927,0.49904966354370117,1408,23.815338134765625,3744.650454580927,59.12156241630691,5,1.9,1.9,1.9,1.9,1.2,1.2,1.2,1.2,1.2,1.2,1.2,1.9,1.9,1.2,1.2,1.2,1.2,1.2,1.2,1.2,2.201
512.06653881073,0.49890637397766113,1472,25.220443725585938,2880.5705053786164,58.36534900084521,5,1.9,1.9,1.9,1.9,1.2,1.2,1.2,1.2,1.2,1.2,1.2,1.9,1.9,1.2,1.2,1.2,1.2,1.2,1.2,1.2,2.201
512.5670835971832,0.49915409088134766,2560,26.938568115234375,4406.266129141921,95.03103465073414,5,1.9,1.9,1.9,1.9,1.2,1.2,1.2,1.2,1.2,1.2,1.2,1.9,1.9,1.2,1.2,1.2,1.2,1.2,1.2,1.2,2.201
513.067640542984,0.4991574287414551,2080,27.15216064453125,3513.5288344421356,76.60532166227203,5,1.9,1.9,1.9,1.9,1.2,1.2,1.2,1.2,1.2,1.2,1.2,1.9,1.9,1.2,1.2,1.2,1.2,1.2,1.2,1.2,2.201
513.5682034492493,0.4991443157196045,2016,24.673492431640625,3678.817627807804,81.70711971908507,5,1.9,1.9,1.9,1.9,1.2,1.2,1.2,1.2,1.2,1.2,1.2,1.9,1.9,1.2,1.2,1.2,1.2,1.2,1.2,1.2,2.201
514.0687386989594,0.49905872344970703,512,24.903274536132812,2079.981606793259,20.559545262094982,5,1.9,1.9,1.9,1.9,1.2,1.2,1.2,1.2,1.2,1.2,1.2,1.9,1.9,1.2,1.2,1.2,1.2,1.2,1.2,1.2,2.201
514.569287776947,0.499157190322876,2496,26.206161499023438,4203.128348829212,95.24477669471023,5,1.9,1.9,1.9,1.9,1.2,1.2,1.2,1.2,1.2,1.2,1.2,1.9,1.9,1.2,1.2,1.2,1.2,1.2,1.2,1.2,2.201
515.0698404312134,0.49913859367370605,2080,25.62066650390625,3537.424314429625,81.18446097734706,5,1.9,1.9,1.9,1.9,1.2,1.2,1.2,1.2,1.2,1.2,1.2,1.9,1.9,1.2,1.2,1.2,1.2,1.2,1.2,1.2,2.201
515.5703566074371,0.498945951461792,1696,24.7078857421875,3233.3636966182985,68.6420528934276,5,1.9,1.9,1.9,1.9,1.2,1.2,1.2,1.2,1.2,1.2,1.2,1.9,1.9,1.2,1.2,1.2,1.2,1.2,1.2,1.2,2.201
516.070892572403,0.4991917610168457,1824,25.026824951171875,3729.6828827817017,72.8817979731221,5,1.9,1.9,1.9,1.9,1.2,1.2,1.2,1.2,1.2,1.2,1.2,1.9,1.9,1.2,1.2,1.2,1.2,1.2,1.2,1.2,2.201
516.5714521408081,0.49913549423217773,1792,26.256988525390625,3695.8218649775513,68.24849690082044,5,1.9,1.9,1.9,1.9,1.2,1.2,1.2,1.2,1.2,1.2,1.2,1.9,1.9,1.2,1.2,1.2,1.2,1.2,1.2,1.2,2.201
517.0720031261444,0.4989662170410156,1760,24.54437255859375,3654.880456281706,71.70686461014336,5,1.9,1.9,1.9,1.9,1.2,1.2,1.2,1.2,1.2,1.2,1.2,1.9,1.9,1.2,1.2,1.2,1.2,1.2,1.2,1.2,2.201
517.5725483894348,0.49898576736450195,2144,26.04071044921875,3696.543188205522,82.33262315100633,5,1.9,1.9,1.9,1.9,1.2,1.2,1.2,1.2,1.2,1.2,1.2,1.9,1.9,1.2,1.2,1.2,1.2,1.2,1.2,1.2,2.201
518.0730819702148,0.4991767406463623,1408,26.006362915039062,3539.6116134767785,54.140596460944415,5,1.9,1.9,1.9,1.9,1.2,1.2,1.2,1.2,1.2,1.2,1.2,1.9,1.9,1.2,1.2,1.2,1.2,1.2,1.2,1.2,2.201
518.5736293792725,0.49904966354370117,2048,25.887161254882812,3633.7651230979036,79.11257552867865,5,1.9,1.9,1.9,1.9,1.2,1.2,1.2,1.2,1.2,1.2,1.2,1.9,1.9,1.2,1.2,1.2,1.2,1.2,1.2,1.2,2.201
519.0741338729858,0.49918603897094727,1440,26.804458618164062,3541.4495771970137,53.72240568306733,5,1.9,1.9,1.9,1.9,1.2,1.2,1.2,1.2,1.2,1.2,1.2,1.9,1.9,1.2,1.2,1.2,1.2,1.2,1.2,1.2,2.201
519.574679851532,0.49918293952941895,2400,27.068878173828125,3797.4763834000137,88.66270647006233,5,1.9,1.9,1.9,1.9,1.2,1.2,1.2,1.2,1.2,1.2,1.2,1.9,1.9,1.2,1.2,1.2,1.2,1.2,1.2,1.2,2.201
520.0752196311951,0.4991130828857422,1728,26.433380126953125,3455.9944446176182,65.37188931952079,5,1.9,1.9,1.9,1.9,1.2,1.2,1.2,1.2,1.2,1.2,1.2,1.9,1.9,1.2,1.2,1.2,1.2,1.2,1.2,1.2,2.201
520.5757784843445,0.49912500381469727,1600,25.336685180664062,3814.4244959428333,63.14953943624226,5,1.9,1.9,1.9,1.9,1.2,1.2,1.2,1.2,1.2,1.2,1.2,1.9,1.9,1.2,1.2,1.2,1.2,1.2,1.2,1.2,2.201
521.0762948989868,0.47620487213134766,2144,26.1976318359375,3507.305141799954,81.83945836886274,5,2.0,2.0,2.0,2.0,1.2,1.2,1.2,1.2,1.2,1.2,1.2,2.0,2.0,1.2,1.2,1.2,1.2,1.2,1.2,1.2,2.201
521.5768404006958,0.4991581439971924,1696,25.263748168945312,3955.2001464252708,67.1317647982557,5,2.0,2.0,2.0,2.0,1.2,1.2,1.2,1.2,1.2,1.2,1.2,2.0,2.0,1.2,1.2,1.2,1.2,1.2,1.2,1.2,2.201
522.0773794651031,0.4991419315338135,1696,26.577880859375,3444.060269372772,63.81246153422191,5,2.0,2.0,2.0,2.0,1.2,1.2,1.2,1.2,1.2,1.2,1.2,2.0,2.0,1.2,1.2,1.2,1.2,1.2,1.2,1.2,2.201
522.5779356956482,0.49912476539611816,2240,26.607803344726562,4000.0300582628306,84.18582965977718,5,2.0,2.0,2.0,2.0,1.2,1.2,1.2,1.2,1.2,1.2,1.2,2.0,2.0,1.2,1.2,1.2,1.2,1.2,1.2,1.2,2.201
523.0784730911255,0.49896669387817383,1504,25.481857299804688,3680.90547722117,59.02238531143206,5,2.0,2.0,2.0,2.0,1.2,1.2,1.2,1.2,1.2,1.2,1.2,2.0,2.0,1.2,1.2,1.2,1.2,1.2,1.2,1.2,2.201
523.5790197849274,0.49916625022888184,1824,26.553726196289062,3597.173658087495,68.69092444942464,5,2.0,2.0,2.0,2.0,1.2,1.2,1.2,1.2,1.2,1.2,1.2,2.0,2.0,1.2,1.2,1.2,1.2,1.2,1.2,1.2,2.201
524.0795564651489,0.4991333484649658,2112,25.071945190429688,3771.0322145493947,84.23758044932947,5,2.0,2.0,2.0,2.0,1.2,1.2,1.2,1.2,1.2,1.2,1.2,2.0,2.0,1.2,1.2,1.2,1.2,1.2,1.2,1.2,2.201
524.5801148414612,0.49913954734802246,2080,26.151565551757812,4002.1308004073826,79.53634729375466,5,2.0,2.0,2.0,2.0,1.2,1.2,1.2,1.2,1.2,1.2,1.2,2.0,2.0,1.2,1.2,1.2,1.2,1.2,1.2,1.2,2.201
525.0806562900543,0.4989278316497803,1600,26.73992919921875,3665.021644090925,59.83561093522815,5,2.0,2.0,2.0,2.0,1.2,1.2,1.2,1.2,1.2,1.2,1.2,2.0,2.0,1.2,1.2,1.2,1.2,1.2,1.2,1.2,2.201
525.5811996459961,0.49917149543762207,2080,26.50677490234375,3909.7678816120415,78.47050452811159,5,2.0,2.0,2.0,2.0,1.2,1.2,1.2,1.2,1.2,1.2,1.2,2.0,2.0,1.2,1.2,1.2,1.2,1.2,1.2,1.2,2.201
526.081737279892,0.49918317794799805,1536,26.340530395507812,3843.4813131763303,58.313176573769894,5,2.0,2.0,2.0,2.0,1.2,1.2,1.2,1.2,1.2,1.2,1.2,2.0,2.0,1.2,1.2,1.2,1.2,1.2,1.2,1.2,2.201
526.5822529792786,0.49906301498413086,2048,26.71148681640625,3849.1365449717578,76.67113456006179,5,2.0,2.0,2.0,2.0,1.2,1.2,1.2,1.2,1.2,1.2,1.2,2.0,2.0,1.2,1.2,1.2,1.2,1.2,1.2,1.2,2.201
527.0827865600586,0.4992210865020752,2208,26.221832275390625,3834.385978651699,84.20464202542489,5,2.0,2.0,2.0,2.0,1.2,1.2,1.2,1.2,1.2,1.2,1.2,2.0,2.0,1.2,1.2,1.2,1.2,1.2,1.2,1.2,2.201
527.5833315849304,0.4991300106048584,1600,26.359588623046875,3917.2127723532744,60.69897458874143,5,2.0,2.0,2.0,2.0,1.2,1.2,1.2,1.2,1.2,1.2,1.2,2.0,2.0,1.2,1.2,1.2,1.2,1.2,1.2,1.2,2.201
528.0838840007782,0.4991436004638672,2304,26.701339721679688,3718.1423814335017,86.28780518189907,5,2.0,2.0,2.0,2.0,1.2,1.2,1.2,1.2,1.2,1.2,1.2,2.0,2.0,1.2,1.2,1.2,1.2,1.2,1.2,1.2,2.201
528.5844259262085,0.4990503787994385,1600,26.752548217773438,3633.5973556719014,59.8073868319212,5,2.0,2.0,2.0,2.0,1.2,1.2,1.2,1.2,1.2,1.2,1.2,2.0,2.0,1.2,1.2,1.2,1.2,1.2,1.2,1.2,2.201
529.0849621295929,0.4991462230682373,1920,25.379135131835938,3663.3808335725835,75.6526962020674,5,2.0,2.0,2.0,2.0,1.2,1.2,1.2,1.2,1.2,1.2,1.2,2.0,2.0,1.2,1.2,1.2,1.2,1.2,1.2,1.2,2.201
529.5854761600494,0.4992036819458008,1376,26.02825927734375,4248.31561598922,52.86561753277664,5,2.0,2.0,2.0,2.0,1.2,1.2,1.2,1.2,1.2,1.2,1.2,2.0,2.0,1.2,1.2,1.2,1.2,1.2,1.2,1.2,2.201
530.0859837532043,0.4992802143096924,1632,26.75323486328125,3238.0877065894565,61.00196885872355,5,2.0,2.0,2.0,2.0,1.2,1.2,1.2,1.2,1.2,1.2,1.2,2.0,2.0,1.2,1.2,1.2,1.2,1.2,1.2,1.2,2.201
530.5865054130554,0.49915337562561035,2464,26.930007934570312,4134.219796763137,91.49644537746086,5,2.0,2.0,2.0,2.0,1.2,1.2,1.2,1.2,1.2,1.2,1.2,2.0,2.0,1.2,1.2,1.2,1.2,1.2,1.2,1.2,2.201
531.087033033371,0.4779391288757324,2336,30.623397827148438,3702.907774159561,76.28154175396811,5,2.1,2.1,2.1,2.1,1.2,1.2,1.2,1.2,1.2,1.2,1.2,2.1,2.1,1.2,1.2,1.2,1.2,1.2,1.2,1.2,2.201
531.5875771045685,0.4991471767425537,1472,27.148880004882812,3706.4217118422966,54.21954790530055,5,2.1,2.1,2.1,2.1,1.2,1.2,1.2,1.2,1.2,1.2,1.2,2.1,2.1,1.2,1.2,1.2,1.2,1.2,1.2,1.2,2.201
532.0881288051605,0.4991481304168701,2368,28.05108642578125,4112.014105753177,84.417407727339,5,2.1,2.1,2.1,2.1,1.2,1.2,1.2,1.2,1.2,1.2,1.2,2.1,2.1,1.2,1.2,1.2,1.2,1.2,1.2,1.2,2.201
532.5886707305908,0.49910402297973633,1952,28.049148559570312,4065.610692528138,69.59213025145398,5,2.1,2.1,2.1,2.1,1.2,1.2,1.2,1.2,1.2,1.2,1.2,2.1,2.1,1.2,1.2,1.2,1.2,1.2,1.2,1.2,2.201
533.0891788005829,0.4991593360900879,2208,28.72039794921875,4018.0514653225023,76.87915759050483,5,2.1,2.1,2.1,2.1,1.2,1.2,1.2,1.2,1.2,1.2,1.2,2.1,2.1,1.2,1.2,1.2,1.2,1.2,1.2,1.2,2.201
533.5896954536438,0.4992208480834961,1632,27.798629760742188,3826.681683263777,58.70792963704797,5,2.1,2.1,2.1,2.1,1.2,1.2,1.2,1.2,1.2,1.2,1.2,2.1,2.1,1.2,1.2,1.2,1.2,1.2,1.2,1.2,2.201
534.0902054309845,0.49921298027038574,2048,27.864151000976562,4031.516525733807,73.49945813630652,5,2.1,2.1,2.1,2.1,1.2,1.2,1.2,1.2,1.2,1.2,1.2,2.1,2.1,1.2,1.2,1.2,1.2,1.2,1.2,1.2,2.201
534.5907182693481,0.4992084503173828,1920,28.138473510742188,3777.001782822173,68.23397862243728,5,2.1,2.1,2.1,2.1,1.2,1.2,1.2,1.2,1.2,1.2,1.2,2.1,2.1,1.2,1.2,1.2,1.2,1.2,1.2,1.2,2.201
535.0912570953369,0.49918603897094727,2016,27.2147216796875,3975.946185819468,74.07755345536752,5,2.1,2.1,2.1,2.1,1.2,1.2,1.2,1.2,1.2,1.2,1.2,2.1,2.1,1.2,1.2,1.2,1.2,1.2,1.2,1.2,2.201
535.5918018817902,0.49915218353271484,2464,27.755447387695312,4557.821830963766,88.77536598788002,5,2.1,2.1,2.1,2.1,1.2,1.2,1.2,1.2,1.2,1.2,1.2,2.1,2.1,1.2,1.2,1.2,1.2,1.2,1.2,1.2,2.201
536.0923101902008,0.49913620948791504,1696,27.923141479492188,3504.118400896049,60.73815158819457,5,2.1,2.1,2.1,2.1,1.2,1.2,1.2,1.2,1.2,1.2,1.2,2.1,2.1,1.2,1.2,1.2,1.2,1.2,1.2,1.2,2.201
536.5928230285645,0.49916553497314453,2080,28.385055541992188,4094.4819555490053,73.27799647680438,5,2.1,2.1,2.1,2.1,1.2,1.2,1.2,1.2,1.2,1.2,1.2,2.1,2.1,1.2,1.2,1.2,1.2,1.2,1.2,1.2,2.201
537.0933299064636,0.4991617202758789,1888,28.012374877929688,3688.7351135962804,67.398783867037,5,2.1,2.1,2.1,2.1,1.2,1.2,1.2,1.2,1.2,1.2,1.2,2.1,2.1,1.2,1.2,1.2,1.2,1.2,1.2,1.2,2.201
537.5938465595245,0.49927568435668945,2176,27.813796997070312,4344.430570679908,78.23455388810103,5,2.1,2.1,2.1,2.1,1.2,1.2,1.2,1.2,1.2,1.2,1.2,2.1,2.1,1.2,1.2,1.2,1.2,1.2,1.2,1.2,2.201
538.0943546295166,0.4992237091064453,1824,27.94488525390625,4547.940713528594,65.27133618289,5,2.1,2.1,2.1,2.1,1.2,1.2,1.2,1.2,1.2,1.2,1.2,2.1,2.1,1.2,1.2,1.2,1.2,1.2,1.2,1.2,2.201
538.5948688983917,0.49918246269226074,1984,27.774200439453125,3993.1126769561715,71.43319946599568,5,2.1,2.1,2.1,2.1,1.2,1.2,1.2,1.2,1.2,1.2,1.2,2.1,2.1,1.2,1.2,1.2,1.2,1.2,1.2,1.2,2.201
539.0953781604767,0.49919867515563965,1664,28.531723022460938,3986.753652043608,58.321048423540866,5,2.1,2.1,2.1,2.1,1.2,1.2,1.2,1.2,1.2,1.2,1.2,2.1,2.1,1.2,1.2,1.2,1.2,1.2,1.2,1.2,2.201
539.5959355831146,0.49918246269226074,2144,28.44146728515625,3870.0576518714247,75.38289000718908,5,2.1,2.1,2.1,2.1,1.2,1.2,1.2,1.2,1.2,1.2,1.2,2.1,2.1,1.2,1.2,1.2,1.2,1.2,1.2,1.2,2.201
540.0964860916138,0.4991281032562256,2080,27.848098754882812,4279.821862393363,74.69091582545822,5,2.1,2.1,2.1,2.1,1.2,1.2,1.2,1.2,1.2,1.2,1.2,2.1,2.1,1.2,1.2,1.2,1.2,1.2,1.2,1.2,2.201
540.5970406532288,0.49905920028686523,1568,27.7425537109375,3563.6203844354927,56.519670695701535,5,2.1,2.1,2.1,2.1,1.2,1.2,1.2,1.2,1.2,1.2,1.2,2.1,2.1,1.2,1.2,1.2,1.2,1.2,1.2,1.2,2.201
541.0975298881531,0.477550745010376,2080,28.181991577148438,4031.009586708652,73.8059975039728,5,2.2,2.2,2.2,2.2,1.2,1.2,1.2,1.2,1.2,1.2,1.2,2.2,2.2,1.2,1.2,1.2,1.2,1.2,1.2,1.2,2.201
541.598072052002,0.4991641044616699,2752,27.367446899414062,4222.884836930974,100.55742540086632,5,2.2,2.2,2.2,2.2,1.2,1.2,1.2,1.2,1.2,1.2,1.2,2.2,2.2,1.2,1.2,1.2,1.2,1.2,1.2,1.2,2.201
542.0985805988312,0.4991936683654785,1312,28.050582885742188,3601.2911141800732,46.772646591485824,5,2.2,2.2,2.2,2.2,1.2,1.2,1.2,1.2,1.2,1.2,1.2,2.2,2.2,1.2,1.2,1.2,1.2,1.2,1.2,1.2,2.201
542.5990934371948,0.4991731643676758,2272,31.23681640625,4507.926647649656,72.73468494521126,5,2.2,2.2,2.2,2.2,1.2,1.2,1.2,1.2,1.2,1.2,1.2,2.2,2.2,1.2,1.2,1.2,1.2,1.2,1.2,1.2,2.201
543.0996286869049,0.4991755485534668,1920,32.8704833984375,3934.4483884926517,58.4110667533191,5,2.2,2.2,2.2,2.2,1.2,1.2,1.2,1.2,1.2,1.2,1.2,2.2,2.2,1.2,1.2,1.2,1.2,1.2,1.2,1.2,2.201
543.6001689434052,0.49917030334472656,2592,32.97679138183594,4408.960968225568,78.60073377022692,5,2.2,2.2,2.2,2.2,1.2,1.2,1.2,1.2,1.2,1.2,1.2,2.2,2.2,1.2,1.2,1.2,1.2,1.2,1.2,1.2,2.201
544.1007063388824,0.49913954734802246,2080,33.00288391113281,4145.350176528782,63.024795214892016,5,2.2,2.2,2.2,2.2,1.2,1.2,1.2,1.2,1.2,1.2,1.2,2.2,2.2,1.2,1.2,1.2,1.2,1.2,1.2,1.2,2.201
544.6012461185455,0.49915504455566406,1984,32.48997497558594,4183.834101458223,61.06499009281615,5,2.2,2.2,2.2,2.2,1.2,1.2,1.2,1.2,1.2,1.2,1.2,2.2,2.2,1.2,1.2,1.2,1.2,1.2,1.2,1.2,2.201
545.1017835140228,0.4991931915283203,2496,32.53096008300781,3948.522815769505,76.72690857051458,5,2.2,2.2,2.2,2.2,1.2,1.2,1.2,1.2,1.2,1.2,1.2,2.2,2.2,1.2,1.2,1.2,1.2,1.2,1.2,1.2,2.201
545.6023168563843,0.49922823905944824,1824,32.174163818359375,4606.334301610434,56.69145001863826,5,2.2,2.2,2.2,2.2,1.2,1.2,1.2,1.2,1.2,1.2,1.2,2.2,2.2,1.2,1.2,1.2,1.2,1.2,1.2,1.2,2.201
546.1028528213501,0.49922657012939453,2464,32.24769592285156,4134.054118429333,76.40855972764072,5,2.2,2.2,2.2,2.2,1.2,1.2,1.2,1.2,1.2,1.2,1.2,2.2,2.2,1.2,1.2,1.2,1.2,1.2,1.2,1.2,2.201
546.603392124176,0.4992101192474365,1504,32.60191345214844,4179.017769415021,46.13226159892427,5,2.2,2.2,2.2,2.2,1.2,1.2,1.2,1.2,1.2,1.2,1.2,2.2,2.2,1.2,1.2,1.2,1.2,1.2,1.2,1.2,2.201
547.1038982868195,0.499204158782959,2784,33.05711364746094,4269.245679641632,84.21787908315567,5,2.2,2.2,2.2,2.2,1.2,1.2,1.2,1.2,1.2,1.2,1.2,2.2,2.2,1.2,1.2,1.2,1.2,1.2,1.2,1.2,2.201
547.6044108867645,0.4991726875305176,1760,32.88426208496094,4074.060460112603,53.52104284574798,5,2.2,2.2,2.2,2.2,1.2,1.2,1.2,1.2,1.2,1.2,1.2,2.2,2.2,1.2,1.2,1.2,1.2,1.2,1.2,1.2,2.201
548.1049683094025,0.499190092086792,1984,32.706207275390625,4032.5358163164965,60.66126785336054,5,2.2,2.2,2.2,2.2,1.2,1.2,1.2,1.2,1.2,1.2,1.2,2.2,2.2,1.2,1.2,1.2,1.2,1.2,1.2,1.2,2.201
548.6055116653442,0.4991159439086914,2336,33.097686767578125,4424.262043599005,70.57895061984519,5,2.2,2.2,2.2,2.2,1.2,1.2,1.2,1.2,1.2,1.2,1.2,2.2,2.2,1.2,1.2,1.2,1.2,1.2,1.2,1.2,2.201
549.1060545444489,0.4992530345916748,2048,33.06341552734375,4129.025735552807,61.94157401271158,5,2.2,2.2,2.2,2.2,1.2,1.2,1.2,1.2,1.2,1.2,1.2,2.2,2.2,1.2,1.2,1.2,1.2,1.2,1.2,1.2,2.201
549.6065995693207,0.49921178817749023,1952,32.15550231933594,4357.115132694391,60.70500720575625,5,2.2,2.2,2.2,2.2,1.2,1.2,1.2,1.2,1.2,1.2,1.2,2.2,2.2,1.2,1.2,1.2,1.2,1.2,1.2,1.2,2.201
550.1071333885193,0.4991748332977295,2400,32.65724182128906,4182.380430935376,73.49059094254109,5,2.2,2.2,2.2,2.2,1.2,1.2,1.2,1.2,1.2,1.2,1.2,2.2,2.2,1.2,1.2,1.2,1.2,1.2,1.2,1.2,2.201
550.6076917648315,0.4991946220397949,1824,32.79866027832031,3946.6747628054127,55.612027580457344,5,2.2,2.2,2.2,2.2,1.2,1.2,1.2,1.2,1.2,1.2,1.2,2.2,2.2,1.2,1.2,1.2,1.2,1.2,1.2,1.2,2.201
551.1081852912903,0.47842860221862793,2048,34.124420166015625,4266.651091036436,60.01567176926262,6,1.2,1.2,1.2,1.2,1.2,1.2,1.2,1.2,1.2,1.2,1.2,1.2,1.2,1.2,1.2,1.2,1.2,1.2,1.2,1.2,2.201
551.608747959137,0.49913740158081055,1248,24.492721557617188,2853.353212115122,50.95391286199775,6,1.2,1.2,1.2,1.2,1.2,1.2,1.2,1.2,1.2,1.2,1.2,1.2,1.2,1.2,1.2,1.2,1.2,1.2,1.2,1.2,2.201
552.1093013286591,0.4989447593688965,1856,23.378128051757812,3003.212355177817,79.39044545786233,6,1.2,1.2,1.2,1.2,1.2,1.2,1.2,1.2,1.2,1.2,1.2,1.2,1.2,1.2,1.2,1.2,1.2,1.2,1.2,1.2,2.201
552.6098520755768,0.49877381324768066,1088,21.11383056640625,2460.41300875822,51.530204174845124,6,1.2,1.2,1.2,1.2,1.2,1.2,1.2,1.2,1.2,1.2,1.2,1.2,1.2,1.2,1.2,1.2,1.2,1.2,1.2,1.2,2.201
553.1103618144989,0.4990086555480957,1280,21.273284912109375,2573.465504637032,60.16936290226558,6,1.2,1.2,1.2,1.2,1.2,1.2,1.2,1.2,1.2,1.2,1.2,1.2,1.2,1.2,1.2,1.2,1.2,1.2,1.2,1.2,2.201
553.6108999252319,0.4991915225982666,1696,22.720306396484375,2939.1835596183614,74.64688065396999,6,1.2,1.2,1.2,1.2,1.2,1.2,1.2,1.2,1.2,1.2,1.2,1.2,1.2,1.2,1.2,1.2,1.2,1.2,1.2,1.2,2.201
554.1114377975464,0.4991939067840576,1056,25.194625854492188,2778.945850435225,41.9137004097132,6,1.2,1.2,1.2,1.2,1.2,1.2,1.2,1.2,1.2,1.2,1.2,1.2,1.2,1.2,1.2,1.2,1.2,1.2,1.2,1.2,2.201
554.6119511127472,0.4991300106048584,1024,22.595108032226562,2639.186398963391,45.31954432523654,6,1.2,1.2,1.2,1.2,1.2,1.2,1.2,1.2,1.2,1.2,1.2,1.2,1.2,1.2,1.2,1.2,1.2,1.2,1.2,1.2,2.201
555.1124582290649,0.4991936683654785,1792,23.004928588867188,2650.8757960254907,77.89635134391182,6,1.2,1.2,1.2,1.2,1.2,1.2,1.2,1.2,1.2,1.2,1.2,1.2,1.2,1.2,1.2,1.2,1.2,1.2,1.2,1.2,2.201
555.6129710674286,0.4991929531097412,736,23.236160278320312,2022.5011918293492,31.67476860136393,6,1.2,1.2,1.2,1.2,1.2,1.2,1.2,1.2,1.2,1.2,1.2,1.2,1.2,1.2,1.2,1.2,1.2,1.2,1.2,1.2,2.201
556.1134793758392,0.4991912841796875,1824,23.223251342773438,3221.20232490632,78.54197386394772,6,1.2,1.2,1.2,1.2,1.2,1.2,1.2,1.2,1.2,1.2,1.2,1.2,1.2,1.2,1.2,1.2,1.2,1.2,1.2,1.2,2.201
556.6140265464783,0.4992094039916992,1312,23.234588623046875,2349.4015769455023,56.46753731196255,6,1.2,1.2,1.2,1.2,1.2,1.2,1.2,1.2,1.2,1.2,1.2,1.2,1.2,1.2,1.2,1.2,1.2,1.2,1.2,1.2,2.201
557.1145343780518,0.499187707901001,1344,25.302871704101562,3469.229565795107,53.11650059791985,6,1.2,1.2,1.2,1.2,1.2,1.2,1.2,1.2,1.2,1.2,1.2,1.2,1.2,1.2,1.2,1.2,1.2,1.2,1.2,1.2,2.201
557.6150758266449,0.4992198944091797,1472,22.840835571289062,2494.582638691015,64.44597858102462,6,1.2,1.2,1.2,1.2,1.2,1.2,1.2,1.2,1.2,1.2,1.2,1.2,1.2,1.2,1.2,1.2,1.2,1.2,1.2,1.2,2.201
558.1155915260315,0.4991793632507324,1440,22.921142578125,2738.054545440411,62.82409330563988,6,1.2,1.2,1.2,1.2,1.2,1.2,1.2,1.2,1.2,1.2,1.2,1.2,1.2,1.2,1.2,1.2,1.2,1.2,1.2,1.2,2.201
558.6161048412323,0.4991433620452881,1152,22.666732788085938,3031.5705970283534,50.82338115378997,6,1.2,1.2,1.2,1.2,1.2,1.2,1.2,1.2,1.2,1.2,1.2,1.2,1.2,1.2,1.2,1.2,1.2,1.2,1.2,1.2,2.201
559.116614818573,0.499133825302124,704,21.942550659179688,1979.5707541219012,32.083781458901676,6,1.2,1.2,1.2,1.2,1.2,1.2,1.2,1.2,1.2,1.2,1.2,1.2,1.2,1.2,1.2,1.2,1.2,1.2,1.2,1.2,2.201
559.6171269416809,0.4991023540496826,2528,21.698562622070312,3239.4905075697566,116.50541300964743,6,1.2,1.2,1.2,1.2,1.2,1.2,1.2,1.2,1.2,1.2,1.2,1.2,1.2,1.2,1.2,1.2,1.2,1.2,1.2,1.2,2.201
560.1176342964172,0.4991130828857422,1024,21.692047119140625,2534.66894299277,47.206240811474316,6,1.2,1.2,1.2,1.2,1.2,1.2,1.2,1.2,1.2,1.2,1.2,1.2,1.2,1.2,1.2,1.2,1.2,1.2,1.2,1.2,2.201
560.6181538105011,0.4990701675415039,1312,22.78558349609375,2614.144045596114,57.58026781385357,6,1.2,1.2,1.2,1.2,1.2,1.2,1.2,1.2,1.2,1.2,1.2,1.2,1.2,1.2,1.2,1.2,1.2,1.2,1.2,1.2,2.201
561.118643283844,0.4780604839324951,1664,26.745758056640625,2918.726409470065,62.21547343979096,6,1.3,1.3,1.3,1.3,1.2,1.2,1.2,1.2,1.2,1.2,1.2,1.3,1.3,1.3,1.2,1.2,1.2,1.2,1.2,1.2,2.201
561.6191546916962,0.49915051460266113,896,22.729827880859375,2574.6776594635944,39.41956818575451,6,1.3,1.3,1.3,1.3,1.2,1.2,1.2,1.2,1.2,1.2,1.2,1.3,1.3,1.3,1.2,1.2,1.2,1.2,1.2,1.2,2.201
562.119663476944,0.499176025390625,2016,22.608184814453125,2947.371862743316,89.17124557081632,6,1.3,1.3,1.3,1.3,1.2,1.2,1.2,1.2,1.2,1.2,1.2,1.3,1.3,1.3,1.2,1.2,1.2,1.2,1.2,1.2,2.201
562.6202166080475,0.49919867515563965,1728,22.6502685546875,3038.209412532985,76.29048617361265,6,1.3,1.3,1.3,1.3,1.2,1.2,1.2,1.2,1.2,1.2,1.2,1.3,1.3,1.3,1.2,1.2,1.2,1.2,1.2,1.2,2.201
563.1207258701324,0.49901700019836426,1152,22.946746826171875,2541.4265873653735,50.203194759009946,6,1.3,1.3,1.3,1.3,1.2,1.2,1.2,1.2,1.2,1.2,1.2,1.3,1.3,1.3,1.2,1.2,1.2,1.2,1.2,1.2,2.201
563.62126994133,0.49912333488464355,1440,23.3289794921875,3809.9536834286564,61.72580332895542,6,1.3,1.3,1.3,1.3,1.2,1.2,1.2,1.2,1.2,1.2,1.2,1.3,1.3,1.3,1.2,1.2,1.2,1.2,1.2,1.2,2.201
564.1218414306641,0.49904775619506836,1536,22.771453857421875,2351.258841780618,67.45287365564378,6,1.3,1.3,1.3,1.3,1.2,1.2,1.2,1.2,1.2,1.2,1.2,1.3,1.3,1.3,1.2,1.2,1.2,1.2,1.2,1.2,2.201
564.6223886013031,0.4990839958190918,1472,22.060302734375,3928.119305409195,66.72619218893524,6,1.3,1.3,1.3,1.3,1.2,1.2,1.2,1.2,1.2,1.2,1.2,1.3,1.3,1.3,1.2,1.2,1.2,1.2,1.2,1.2,2.201
565.1229288578033,0.49914073944091797,1504,22.226531982421875,2720.61674070062,67.66687673945071,6,1.3,1.3,1.3,1.3,1.2,1.2,1.2,1.2,1.2,1.2,1.2,1.3,1.3,1.3,1.2,1.2,1.2,1.2,1.2,1.2,2.201
565.6234846115112,0.4991295337677002,1344,22.112640380859375,2901.6793193907242,60.77971589332958,6,1.3,1.3,1.3,1.3,1.2,1.2,1.2,1.2,1.2,1.2,1.2,1.3,1.3,1.3,1.2,1.2,1.2,1.2,1.2,1.2,2.201
566.1240372657776,0.4989888668060303,1632,22.634033203125,3157.950181498638,72.10380869171279,6,1.3,1.3,1.3,1.3,1.2,1.2,1.2,1.2,1.2,1.2,1.2,1.3,1.3,1.3,1.2,1.2,1.2,1.2,1.2,1.2,2.201
566.6245493888855,0.49904465675354004,1216,22.408279418945312,2395.6505767014714,54.265656780945,6,1.3,1.3,1.3,1.3,1.2,1.2,1.2,1.2,1.2,1.2,1.2,1.3,1.3,1.3,1.2,1.2,1.2,1.2,1.2,1.2,2.201
567.1251029968262,0.499187707901001,1728,22.889923095703125,3598.4077554198097,75.49173462816826,6,1.3,1.3,1.3,1.3,1.2,1.2,1.2,1.2,1.2,1.2,1.2,1.3,1.3,1.3,1.2,1.2,1.2,1.2,1.2,1.2,2.201
567.6256589889526,0.4991004467010498,1728,23.046401977539062,2961.8949543657673,74.97916601837035,6,1.3,1.3,1.3,1.3,1.2,1.2,1.2,1.2,1.2,1.2,1.2,1.3,1.3,1.3,1.2,1.2,1.2,1.2,1.2,1.2,2.201
568.1262147426605,0.4989922046661377,800,22.671127319335938,2455.9978662219555,35.28717336070401,6,1.3,1.3,1.3,1.3,1.2,1.2,1.2,1.2,1.2,1.2,1.2,1.3,1.3,1.3,1.2,1.2,1.2,1.2,1.2,1.2,2.201
568.626763343811,0.4989161491394043,2144,22.464202880859375,2984.9463030325073,95.44073348032283,6,1.3,1.3,1.3,1.3,1.2,1.2,1.2,1.2,1.2,1.2,1.2,1.3,1.3,1.3,1.2,1.2,1.2,1.2,1.2,1.2,2.201
569.1272807121277,0.49911069869995117,1088,22.679031372070312,3090.9403722227617,47.97383019364284,6,1.3,1.3,1.3,1.3,1.2,1.2,1.2,1.2,1.2,1.2,1.2,1.3,1.3,1.3,1.2,1.2,1.2,1.2,1.2,1.2,2.201
569.6278376579285,0.49921345710754395,1152,22.83660888671875,3272.718830648573,50.445318116823245,6,1.3,1.3,1.3,1.3,1.2,1.2,1.2,1.2,1.2,1.2,1.2,1.3,1.3,1.3,1.2,1.2,1.2,1.2,1.2,1.2,2.201
570.1283974647522,0.498945951461792,1888,22.714202880859375,2744.1883195908563,83.11979997286036,6,1.3,1.3,1.3,1.3,1.2,1.2,1.2,1.2,1.2,1.2,1.2,1.3,1.3,1.3,1.2,1.2,1.2,1.2,1.2,1.2,2.201
570.6289567947388,0.49901485443115234,1440,22.844879150390625,3151.2489815479903,63.033819987416194,6,1.3,1.3,1.3,1.3,1.2,1.2,1.2,1.2,1.2,1.2,1.2,1.3,1.3,1.3,1.2,1.2,1.2,1.2,1.2,1.2,2.201
571.1294522285461,0.4757876396179199,1792,23.093429565429688,3031.952118440458,77.59782906747559,6,1.4,1.4,1.4,1.4,1.2,1.2,1.2,1.2,1.2,1.2,1.2,1.4,1.4,1.4,1.2,1.2,1.2,1.2,1.2,1.2,2.201
571.6300148963928,0.4991776943206787,1216,22.44451904296875,2895.633024642726,54.17803775042082,6,1.4,1.4,1.4,1.4,1.2,1.2,1.2,1.2,1.2,1.2,1.2,1.4,1.4,1.4,1.2,1.2,1.2,1.2,1.2,1.2,2.201
572.1305246353149,0.49908900260925293,1952,22.139450073242188,3171.2625617623657,88.16840497583965,6,1.4,1.4,1.4,1.4,1.2,1.2,1.2,1.2,1.2,1.2,1.2,1.4,1.4,1.4,1.2,1.2,1.2,1.2,1.2,1.2,2.201
572.6310694217682,0.4991738796234131,960,23.09405517578125,3327.2620378734587,41.569139447053566,6,1.4,1.4,1.4,1.4,1.2,1.2,1.2,1.2,1.2,1.2,1.2,1.4,1.4,1.4,1.2,1.2,1.2,1.2,1.2,1.2,2.201
573.1316130161285,0.4991414546966553,1792,22.990966796875,2835.420202550478,77.94365569018063,6,1.4,1.4,1.4,1.4,1.2,1.2,1.2,1.2,1.2,1.2,1.2,1.4,1.4,1.4,1.2,1.2,1.2,1.2,1.2,1.2,2.201
573.6321234703064,0.4991331100463867,1792,23.209869384765625,3340.605694515287,77.20853445113413,6,1.4,1.4,1.4,1.4,1.2,1.2,1.2,1.2,1.2,1.2,1.2,1.4,1.4,1.4,1.2,1.2,1.2,1.2,1.2,1.2,2.201
574.13263463974,0.499204158782959,1088,23.606842041015625,2603.7190676280793,46.08833312433989,6,1.4,1.4,1.4,1.4,1.2,1.2,1.2,1.2,1.2,1.2,1.2,1.4,1.4,1.4,1.2,1.2,1.2,1.2,1.2,1.2,2.201
574.6331443786621,0.4991872310638428,2144,26.45916748046875,3364.3606190632017,81.03051623157181,6,1.4,1.4,1.4,1.4,1.2,1.2,1.2,1.2,1.2,1.2,1.2,1.4,1.4,1.4,1.2,1.2,1.2,1.2,1.2,1.2,2.201
575.1336872577667,0.499222993850708,1600,26.459945678710938,3350.393045245624,60.46875603706636,6,1.4,1.4,1.4,1.4,1.2,1.2,1.2,1.2,1.2,1.2,1.2,1.4,1.4,1.4,1.2,1.2,1.2,1.2,1.2,1.2,2.201
575.634197473526,0.49900364875793457,1728,24.093917846679688,3436.219310126125,71.71934473239398,6,1.4,1.4,1.4,1.4,1.2,1.2,1.2,1.2,1.2,1.2,1.2,1.4,1.4,1.4,1.2,1.2,1.2,1.2,1.2,1.2,2.201
576.1347064971924,0.49915122985839844,1600,22.7578125,3009.3452871090362,70.3055269481634,6,1.4,1.4,1.4,1.4,1.2,1.2,1.2,1.2,1.2,1.2,1.2,1.4,1.4,1.4,1.2,1.2,1.2,1.2,1.2,1.2,2.201
576.635222196579,0.49918556213378906,1216,23.661376953125,2970.502051598797,51.39176821403882,6,1.4,1.4,1.4,1.4,1.2,1.2,1.2,1.2,1.2,1.2,1.2,1.4,1.4,1.4,1.2,1.2,1.2,1.2,1.2,1.2,2.201
577.1357307434082,0.49921298027038574,1440,24.1077880859375,3840.3627261391225,59.73173461069112,6,1.4,1.4,1.4,1.4,1.2,1.2,1.2,1.2,1.2,1.2,1.2,1.4,1.4,1.4,1.2,1.2,1.2,1.2,1.2,1.2,2.201
577.6362402439117,0.49921488761901855,2080,23.440505981445312,3291.129103202503,88.73528590408652,6,1.4,1.4,1.4,1.4,1.2,1.2,1.2,1.2,1.2,1.2,1.2,1.4,1.4,1.4,1.2,1.2,1.2,1.2,1.2,1.2,2.201
578.1367485523224,0.4992389678955078,896,23.285552978515625,2909.072531624257,38.47879416162858,6,1.4,1.4,1.4,1.4,1.2,1.2,1.2,1.2,1.2,1.2,1.2,1.4,1.4,1.4,1.2,1.2,1.2,1.2,1.2,1.2,2.201
578.6372575759888,0.4991755485534668,2112,23.692047119140625,3239.281392124775,89.14383756622412,6,1.4,1.4,1.4,1.4,1.2,1.2,1.2,1.2,1.2,1.2,1.2,1.4,1.4,1.4,1.2,1.2,1.2,1.2,1.2,1.2,2.201
579.1377668380737,0.49918580055236816,1664,23.587387084960938,2705.1758956939025,70.54617766717146,6,1.4,1.4,1.4,1.4,1.2,1.2,1.2,1.2,1.2,1.2,1.2,1.4,1.4,1.4,1.2,1.2,1.2,1.2,1.2,1.2,2.201
579.6382765769958,0.4991919994354248,1632,23.504226684570312,3418.673338721751,69.43432012895578,6,1.4,1.4,1.4,1.4,1.2,1.2,1.2,1.2,1.2,1.2,1.2,1.4,1.4,1.4,1.2,1.2,1.2,1.2,1.2,1.2,2.201
580.1387856006622,0.49921131134033203,1440,23.943710327148438,2999.161668691792,60.14105501298453,6,1.4,1.4,1.4,1.4,1.2,1.2,1.2,1.2,1.2,1.2,1.2,1.4,1.4,1.4,1.2,1.2,1.2,1.2,1.2,1.2,2.201
580.6393008232117,0.49921417236328125,1632,23.637908935546875,3507.9325243972985,69.04164003888624,6,1.4,1.4,1.4,1.4,1.2,1.2,1.2,1.2,1.2,1.2,1.2,1.4,1.4,1.4,1.2,1.2,1.2,1.2,1.2,1.2,2.201
581.1397955417633,0.47911524772644043,1536,24.545089721679688,2987.5109120686775,62.57870789705499,6,1.5,1.5,1.5,1.5,1.2,1.2,1.2,1.2,1.2,1.2,1.2,1.5,1.5,1.5,1.2,1.2,1.2,1.2,1.2,1.2,2.201
581.6403043270111,0.4990987777709961,992,23.44024658203125,3179.5034476290384,42.32037391451522,6,1.5,1.5,1.5,1.5,1.2,1.2,1.2,1.2,1.2,1.2,1.2,1.5,1.5,1.5,1.2,1.2,1.2,1.2,1.2,1.2,2.201
582.1408417224884,0.4991486072540283,2656,27.084579467773438,3550.8007744910415,98.0631803111523,6,1.5,1.5,1.5,1.5,1.2,1.2,1.2,1.2,1.2,1.2,1.2,1.5,1.5,1.5,1.2,1.2,1.2,1.2,1.2,1.2,2.201
582.641393661499,0.4991288185119629,1312,24.358428955078125,2982.0149764860244,53.862258621834506,6,1.5,1.5,1.5,1.5,1.2,1.2,1.2,1.2,1.2,1.2,1.2,1.5,1.5,1.5,1.2,1.2,1.2,1.2,1.2,1.2,2.201
583.1419332027435,0.49907684326171875,1952,23.938339233398438,3898.0576993259,81.54283306657284,6,1.5,1.5,1.5,1.5,1.2,1.2,1.2,1.2,1.2,1.2,1.2,1.5,1.5,1.5,1.2,1.2,1.2,1.2,1.2,1.2,2.201
583.6424467563629,0.49909186363220215,1632,23.92462158203125,3584.6972095971028,68.21424507820532,6,1.5,1.5,1.5,1.5,1.2,1.2,1.2,1.2,1.2,1.2,1.2,1.5,1.5,1.5,1.2,1.2,1.2,1.2,1.2,1.2,2.201
584.1429624557495,0.49912500381469727,1792,24.455413818359375,3154.937207805956,73.27620842198526,6,1.5,1.5,1.5,1.5,1.2,1.2,1.2,1.2,1.2,1.2,1.2,1.5,1.5,1.5,1.2,1.2,1.2,1.2,1.2,1.2,2.201
584.6435222625732,0.49918055534362793,1120,25.107009887695312,3544.3191151689966,44.60905559880711,6,1.5,1.5,1.5,1.5,1.2,1.2,1.2,1.2,1.2,1.2,1.2,1.5,1.5,1.5,1.2,1.2,1.2,1.2,1.2,1.2,2.201
585.1440365314484,0.49891161918640137,2208,23.906234741210938,3428.5588924832264,92.36084326544837,6,1.5,1.5,1.5,1.5,1.2,1.2,1.2,1.2,1.2,1.2,1.2,1.5,1.5,1.5,1.2,1.2,1.2,1.2,1.2,1.2,2.201
585.6445906162262,0.49915456771850586,1824,23.910491943359375,3280.583579706586,76.28450323484778,6,1.5,1.5,1.5,1.5,1.2,1.2,1.2,1.2,1.2,1.2,1.2,1.5,1.5,1.5,1.2,1.2,1.2,1.2,1.2,1.2,2.201
586.1451303958893,0.4989352226257324,1152,26.002548217773438,3692.3017857260925,44.3033502082914,6,1.5,1.5,1.5,1.5,1.2,1.2,1.2,1.2,1.2,1.2,1.2,1.5,1.5,1.5,1.2,1.2,1.2,1.2,1.2,1.2,2.201
586.6456828117371,0.4990851879119873,2272,22.7108154296875,3317.564817905067,100.04044139384133,6,1.5,1.5,1.5,1.5,1.2,1.2,1.2,1.2,1.2,1.2,1.2,1.5,1.5,1.5,1.2,1.2,1.2,1.2,1.2,1.2,2.201
587.1462383270264,0.4990499019622803,1664,22.722869873046875,3360.5344399698333,73.23018656079981,6,1.5,1.5,1.5,1.5,1.2,1.2,1.2,1.2,1.2,1.2,1.2,1.5,1.5,1.5,1.2,1.2,1.2,1.2,1.2,1.2,2.201
587.6467778682709,0.4989025592803955,1632,22.542388916015625,3310.2464636593268,72.3969409843922,6,1.5,1.5,1.5,1.5,1.2,1.2,1.2,1.2,1.2,1.2,1.2,1.5,1.5,1.5,1.2,1.2,1.2,1.2,1.2,1.2,2.201
588.1473422050476,0.4991018772125244,1888,23.839202880859375,3375.223503598215,79.19727892898153,6,1.5,1.5,1.5,1.5,1.2,1.2,1.2,1.2,1.2,1.2,1.2,1.5,1.5,1.5,1.2,1.2,1.2,1.2,1.2,1.2,2.201
588.6478807926178,0.4988749027252197,1728,22.793869018554688,3792.662539185564,75.80985915964384,6,1.5,1.5,1.5,1.5,1.2,1.2,1.2,1.2,1.2,1.2,1.2,1.5,1.5,1.5,1.2,1.2,1.2,1.2,1.2,1.2,2.201
589.1483917236328,0.49921679496765137,928,23.929244995117188,3093.312948281794,38.78099790400242,6,1.5,1.5,1.5,1.5,1.2,1.2,1.2,1.2,1.2,1.2,1.2,1.5,1.5,1.5,1.2,1.2,1.2,1.2,1.2,1.2,2.201
589.6489024162292,0.49920010566711426,1728,24.24505615234375,2974.87405466053,71.27226223532404,6,1.5,1.5,1.5,1.5,1.2,1.2,1.2,1.2,1.2,1.2,1.2,1.5,1.5,1.5,1.2,1.2,1.2,1.2,1.2,1.2,2.201
590.1494238376617,0.4991576671600342,2464,24.116592407226562,3954.199983831376,102.17032151116257,6,1.5,1.5,1.5,1.5,1.2,1.2,1.2,1.2,1.2,1.2,1.2,1.5,1.5,1.5,1.2,1.2,1.2,1.2,1.2,1.2,2.201
590.649980545044,0.4990425109863281,768,24.426681518554688,2666.696118447172,31.441028918177917,6,1.5,1.5,1.5,1.5,1.2,1.2,1.2,1.2,1.2,1.2,1.2,1.5,1.5,1.5,1.2,1.2,1.2,1.2,1.2,1.2,2.201
591.1505017280579,0.4762425422668457,2656,28.368499755859375,3493.28905525077,93.6249721648187,6,1.6,1.6,1.6,1.6,1.2,1.2,1.2,1.2,1.2,1.2,1.2,1.6,1.6,1.6,1.2,1.2,1.2,1.2,1.2,1.2,2.201
591.6510465145111,0.49912333488464355,1824,24.09466552734375,3834.4629521740026,75.70140361276398,6,1.6,1.6,1.6,1.6,1.2,1.2,1.2,1.2,1.2,1.2,1.2,1.6,1.6,1.6,1.2,1.2,1.2,1.2,1.2,1.2,2.201
592.1516060829163,0.4990851879119873,1984,24.824295043945312,3844.9749684162753,79.9217055907455,6,1.6,1.6,1.6,1.6,1.2,1.2,1.2,1.2,1.2,1.2,1.2,1.6,1.6,1.6,1.2,1.2,1.2,1.2,1.2,1.2,2.201
592.6521208286285,0.4990661144256592,512,24.728652954101562,1861.167877679714,20.70472665657586,6,1.6,1.6,1.6,1.6,1.2,1.2,1.2,1.2,1.2,1.2,1.2,1.6,1.6,1.6,1.2,1.2,1.2,1.2,1.2,1.2,2.201
593.1526310443878,0.49919915199279785,2464,24.880355834960938,4271.053749260238,99.03395338653799,6,1.6,1.6,1.6,1.6,1.2,1.2,1.2,1.2,1.2,1.2,1.2,1.6,1.6,1.6,1.2,1.2,1.2,1.2,1.2,1.2,2.201
593.6531693935394,0.49921083450317383,2368,25.144943237304688,3624.934500836571,94.17400459615547,6,1.6,1.6,1.6,1.6,1.2,1.2,1.2,1.2,1.2,1.2,1.2,1.6,1.6,1.6,1.2,1.2,1.2,1.2,1.2,1.2,2.201
594.1536824703217,0.49913454055786133,1632,24.922256469726562,3466.8493112608517,65.4836371651345,6,1.6,1.6,1.6,1.6,1.2,1.2,1.2,1.2,1.2,1.2,1.2,1.6,1.6,1.6,1.2,1.2,1.2,1.2,1.2,1.2,2.201
594.6541924476624,0.4991188049316406,1888,25.344741821289062,3504.802242195653,74.49276908451752,6,1.6,1.6,1.6,1.6,1.2,1.2,1.2,1.2,1.2,1.2,1.2,1.6,1.6,1.6,1.2,1.2,1.2,1.2,1.2,1.2,2.201
595.1547346115112,0.499157190322876,1792,25.843490600585938,4012.60616531572,69.3404783314902,6,1.6,1.6,1.6,1.6,1.2,1.2,1.2,1.2,1.2,1.2,1.2,1.6,1.6,1.6,1.2,1.2,1.2,1.2,1.2,1.2,2.201
595.6552741527557,0.4991004467010498,1568,24.980743408203125,3744.725848715923,62.768348178345384,6,1.6,1.6,1.6,1.6,1.2,1.2,1.2,1.2,1.2,1.2,1.2,1.6,1.6,1.6,1.2,1.2,1.2,1.2,1.2,1.2,2.201
596.1558084487915,0.4991190433502197,1952,24.317794799804688,3510.809239346539,80.27043636438933,6,1.6,1.6,1.6,1.6,1.2,1.2,1.2,1.2,1.2,1.2,1.2,1.6,1.6,1.6,1.2,1.2,1.2,1.2,1.2,1.2,2.201
596.6563498973846,0.4990570545196533,1568,23.854888916015625,3456.512838168544,65.73076091531412,6,1.6,1.6,1.6,1.6,1.2,1.2,1.2,1.2,1.2,1.2,1.2,1.6,1.6,1.6,1.2,1.2,1.2,1.2,1.2,1.2,2.201
597.1568849086761,0.4991953372955322,1632,24.882080078125,3863.955691206687,65.58937174367378,6,1.6,1.6,1.6,1.6,1.2,1.2,1.2,1.2,1.2,1.2,1.2,1.6,1.6,1.6,1.2,1.2,1.2,1.2,1.2,1.2,2.201
597.6573960781097,0.4991269111633301,2432,23.837356567382812,3466.6760702572997,102.02473555007185,6,1.6,1.6,1.6,1.6,1.2,1.2,1.2,1.2,1.2,1.2,1.2,1.6,1.6,1.6,1.2,1.2,1.2,1.2,1.2,1.2,2.201
598.1579365730286,0.4991936683654785,1376,24.751907348632812,3568.8272575781507,55.59167544621584,6,1.6,1.6,1.6,1.6,1.2,1.2,1.2,1.2,1.2,1.2,1.2,1.6,1.6,1.6,1.2,1.2,1.2,1.2,1.2,1.2,2.201
598.6584832668304,0.49907875061035156,2368,24.825408935546875,3863.575463708752,95.38614272771639,6,1.6,1.6,1.6,1.6,1.2,1.2,1.2,1.2,1.2,1.2,1.2,1.6,1.6,1.6,1.2,1.2,1.2,1.2,1.2,1.2,2.201
599.1590213775635,0.4991590976715088,1344,24.525299072265625,3149.022010245502,54.80055497141151,6,1.6,1.6,1.6,1.6,1.2,1.2,1.2,1.2,1.2,1.2,1.2,1.6,1.6,1.6,1.2,1.2,1.2,1.2,1.2,1.2,2.201
599.6595752239227,0.4991161823272705,1760,24.661972045898438,4025.6329115962576,71.36493370134639,6,1.6,1.6,1.6,1.6,1.2,1.2,1.2,1.2,1.2,1.2,1.2,1.6,1.6,1.6,1.2,1.2,1.2,1.2,1.2,1.2,2.201
600.1600849628448,0.49890828132629395,2048,24.482635498046875,3631.220044983983,83.6511249029289,6,1.6,1.6,1.6,1.6,1.2,1.2,1.2,1.2,1.2,1.2,1.2,1.6,1.6,1.6,1.2,1.2,1.2,1.2,1.2,1.2,2.201
600.6605973243713,0.4991602897644043,1728,25.24810791015625,3297.6922511414245,68.44077212236955,6,1.6,1.6,1.6,1.6,1.2,1.2,1.2,1.2,1.2,1.2,1.2,1.6,1.6,1.6,1.2,1.2,1.2,1.2,1.2,1.2,2.201
601.161119222641,0.47867679595947266,2048,26.221405029296875,3555.5586233117674,78.10412896302823,6,1.7,1.7,1.7,1.7,1.2,1.2,1.2,1.2,1.2,1.2,1.2,1.7,1.7,1.7,1.2,1.2,1.2,1.2,1.2,1.2,2.201
601.6616725921631,0.4990825653076172,1664,24.342636108398438,4202.951878560922,68.35742820088021,6,1.7,1.7,1.7,1.7,1.2,1.2,1.2,1.2,1.2,1.2,1.2,1.7,1.7,1.7,1.2,1.2,1.2,1.2,1.2,1.2,2.201
602.1621859073639,0.4990553855895996,1632,25.060821533203125,3812.334859824987,65.12156825496564,6,1.7,1.7,1.7,1.7,1.2,1.2,1.2,1.2,1.2,1.2,1.2,1.7,1.7,1.7,1.2,1.2,1.2,1.2,1.2,1.2,2.201
602.6627004146576,0.4991438388824463,2176,25.399978637695312,3777.7764561079052,85.66936338956863,6,1.7,1.7,1.7,1.7,1.2,1.2,1.2,1.2,1.2,1.2,1.2,1.7,1.7,1.7,1.2,1.2,1.2,1.2,1.2,1.2,2.201
603.1632168292999,0.499178409576416,2016,25.635040283203125,3937.4885252734816,78.64235740331354,6,1.7,1.7,1.7,1.7,1.2,1.2,1.2,1.2,1.2,1.2,1.2,1.7,1.7,1.7,1.2,1.2,1.2,1.2,1.2,1.2,2.201
603.6637783050537,0.4991767406463623,1888,28.706619262695312,3868.824417500884,65.76880344992364,6,1.7,1.7,1.7,1.7,1.2,1.2,1.2,1.2,1.2,1.2,1.2,1.7,1.7,1.7,1.2,1.2,1.2,1.2,1.2,1.2,2.201
604.1643409729004,0.4988996982574463,2240,27.943405151367188,3888.903549880182,80.16202706384921,6,1.7,1.7,1.7,1.7,1.2,1.2,1.2,1.2,1.2,1.2,1.2,1.7,1.7,1.7,1.2,1.2,1.2,1.2,1.2,1.2,2.201
604.6648895740509,0.4989774227142334,1440,24.931594848632812,3666.3415739062184,57.75803789298967,6,1.7,1.7,1.7,1.7,1.2,1.2,1.2,1.2,1.2,1.2,1.2,1.7,1.7,1.7,1.2,1.2,1.2,1.2,1.2,1.2,2.201
605.1654529571533,0.4991474151611328,1312,24.74090576171875,3572.5840664854445,53.02958641191055,6,1.7,1.7,1.7,1.7,1.2,1.2,1.2,1.2,1.2,1.2,1.2,1.7,1.7,1.7,1.2,1.2,1.2,1.2,1.2,1.2,2.201
605.6660051345825,0.49909496307373047,2144,24.223312377929688,3856.139091814573,88.50977795891525,6,1.7,1.7,1.7,1.7,1.2,1.2,1.2,1.2,1.2,1.2,1.2,1.7,1.7,1.7,1.2,1.2,1.2,1.2,1.2,1.2,2.201
606.1665596961975,0.49895644187927246,2560,24.347900390625,3961.6625825882434,105.14253627330065,6,1.7,1.7,1.7,1.7,1.2,1.2,1.2,1.2,1.2,1.2,1.2,1.7,1.7,1.7,1.2,1.2,1.2,1.2,1.2,1.2,2.201
606.667069196701,0.4990203380584717,1824,24.298507690429688,3674.1299266481424,75.06633836276325,6,1.7,1.7,1.7,1.7,1.2,1.2,1.2,1.2,1.2,1.2,1.2,1.7,1.7,1.7,1.2,1.2,1.2,1.2,1.2,1.2,2.201
607.1675732135773,0.4991490840911865,1408,24.865005493164062,3043.508908463341,56.62576669798405,6,1.7,1.7,1.7,1.7,1.2,1.2,1.2,1.2,1.2,1.2,1.2,1.7,1.7,1.7,1.2,1.2,1.2,1.2,1.2,1.2,2.201
607.6681132316589,0.4991626739501953,2304,26.195892333984375,4276.663658152721,87.95272062601134,6,1.7,1.7,1.7,1.7,1.2,1.2,1.2,1.2,1.2,1.2,1.2,1.7,1.7,1.7,1.2,1.2,1.2,1.2,1.2,1.2,2.201
608.1686518192291,0.49906039237976074,1856,27.781539916992188,3440.377229000562,66.80695186607721,6,1.7,1.7,1.7,1.7,1.2,1.2,1.2,1.2,1.2,1.2,1.2,1.7,1.7,1.7,1.2,1.2,1.2,1.2,1.2,1.2,2.201
608.6691982746124,0.49898481369018555,1856,25.9886474609375,4306.570970943687,71.41579810144717,6,1.7,1.7,1.7,1.7,1.2,1.2,1.2,1.2,1.2,1.2,1.2,1.7,1.7,1.7,1.2,1.2,1.2,1.2,1.2,1.2,2.201
609.169707775116,0.49916625022888184,2080,24.780502319335938,3935.1550610905497,83.93695871035673,6,1.7,1.7,1.7,1.7,1.2,1.2,1.2,1.2,1.2,1.2,1.2,1.7,1.7,1.7,1.2,1.2,1.2,1.2,1.2,1.2,2.201
609.6702468395233,0.49915075302124023,1952,25.115524291992188,3700.7068758638893,77.72085413412509,6,1.7,1.7,1.7,1.7,1.2,1.2,1.2,1.2,1.2,1.2,1.2,1.7,1.7,1.7,1.2,1.2,1.2,1.2,1.2,1.2,2.201
610.1707587242126,0.499131441116333,2080,25.254592895507812,3963.944988700133,82.36125637051873,6,1.7,1.7,1.7,1.7,1.2,1.2,1.2,1.2,1.2,1.2,1.2,1.7,1.7,1.7,1.2,1.2,1.2,1.2,1.2,1.2,2.201
610.6712980270386,0.4992027282714844,1184,25.362533569335938,3231.8407230848975,46.68303333194959,6,1.7,1.7,1.7,1.7,1.2,1.2,1.2,1.2,1.2,1.2,1.2,1.7,1.7,1.7,1.2,1.2,1.2,1.2,1.2,1.2,2.201
611.1718168258667,0.4764242172241211,2080,28.37835693359375,3859.991704566823,73.29529348253902,6,1.8,1.8,1.8,1.8,1.2,1.2,1.2,1.2,1.2,1.2,1.2,1.8,1.8,1.8,1.2,1.2,1.2,1.2,1.2,1.2,2.201
611.6723561286926,0.4990885257720947,2112,25.005584716796875,4190.181916909189,84.46113233982155,6,1.8,1.8,1.8,1.8,1.2,1.2,1.2,1.2,1.2,1.2,1.2,1.8,1.8,1.8,1.2,1.2,1.2,1.2,1.2,1.2,2.201
612.1728682518005,0.499112606048584,2176,25.65606689453125,4220.821589561324,84.81424720886692,6,1.8,1.8,1.8,1.8,1.2,1.2,1.2,1.2,1.2,1.2,1.2,1.8,1.8,1.8,1.2,1.2,1.2,1.2,1.2,1.2,2.201
612.6734108924866,0.49913501739501953,1920,25.925750732421875,3900.0667594130136,74.0576432989812,6,1.8,1.8,1.8,1.8,1.2,1.2,1.2,1.2,1.2,1.2,1.2,1.8,1.8,1.8,1.2,1.2,1.2,1.2,1.2,1.2,2.201
613.173953294754,0.4991738796234131,2304,26.475814819335938,4467.704045596847,87.02281745517166,6,1.8,1.8,1.8,1.8,1.2,1.2,1.2,1.2,1.2,1.2,1.2,1.8,1.8,1.8,1.2,1.2,1.2,1.2,1.2,1.2,2.201
613.6744921207428,0.4990856647491455,2240,25.322265625,4087.5923353640737,88.45969919012727,6,1.8,1.8,1.8,1.8,1.2,1.2,1.2,1.2,1.2,1.2,1.2,1.8,1.8,1.8,1.2,1.2,1.2,1.2,1.2,1.2,2.201
614.1750330924988,0.49907803535461426,1856,25.76397705078125,3834.6945017126295,72.03856750616535,6,1.8,1.8,1.8,1.8,1.2,1.2,1.2,1.2,1.2,1.2,1.2,1.8,1.8,1.8,1.2,1.2,1.2,1.2,1.2,1.2,2.201
614.6755940914154,0.49911952018737793,1888,25.824859619140625,3687.5123947937104,73.1078514208329,6,1.8,1.8,1.8,1.8,1.2,1.2,1.2,1.2,1.2,1.2,1.2,1.8,1.8,1.8,1.2,1.2,1.2,1.2,1.2,1.2,2.201
615.1761343479156,0.4990537166595459,2112,26.062759399414062,4223.960763580486,81.03516468204367,6,1.8,1.8,1.8,1.8,1.2,1.2,1.2,1.2,1.2,1.2,1.2,1.8,1.8,1.8,1.2,1.2,1.2,1.2,1.2,1.2,2.201
615.6766819953918,0.49907612800598145,1920,26.409011840820312,3846.4002868657326,72.70245519115801,6,1.8,1.8,1.8,1.8,1.2,1.2,1.2,1.2,1.2,1.2,1.2,1.8,1.8,1.8,1.2,1.2,1.2,1.2,1.2,1.2,2.201
616.1772289276123,0.49909257888793945,2112,25.906753540039062,4104.237614146245,81.52314402249938,6,1.8,1.8,1.8,1.8,1.2,1.2,1.2,1.2,1.2,1.2,1.2,1.8,1.8,1.8,1.2,1.2,1.2,1.2,1.2,1.2,2.201
616.6777844429016,0.49915027618408203,1632,26.792327880859375,4099.119446521748,60.91296013012412,6,1.8,1.8,1.8,1.8,1.2,1.2,1.2,1.2,1.2,1.2,1.2,1.8,1.8,1.8,1.2,1.2,1.2,1.2,1.2,1.2,2.201
617.1783351898193,0.4991462230682373,2176,26.388900756835938,4248.823835117233,82.45891028395019,6,1.8,1.8,1.8,1.8,1.2,1.2,1.2,1.2,1.2,1.2,1.2,1.8,1.8,1.8,1.2,1.2,1.2,1.2,1.2,1.2,2.201
617.6788744926453,0.49910712242126465,1856,26.112686157226562,4012.2324602285044,71.07656366047048,6,1.8,1.8,1.8,1.8,1.2,1.2,1.2,1.2,1.2,1.2,1.2,1.8,1.8,1.8,1.2,1.2,1.2,1.2,1.2,1.2,2.201
618.1794152259827,0.49910807609558105,2176,25.574142456054688,3905.0482889535647,85.08594193291636,6,1.8,1.8,1.8,1.8,1.2,1.2,1.2,1.2,1.2,1.2,1.2,1.8,1.8,1.8,1.2,1.2,1.2,1.2,1.2,1.2,2.201
618.6799583435059,0.49914097785949707,1888,25.8900146484375,4033.238712227313,72.92386758514034,6,1.8,1.8,1.8,1.8,1.2,1.2,1.2,1.2,1.2,1.2,1.2,1.8,1.8,1.8,1.2,1.2,1.2,1.2,1.2,1.2,2.201
619.1804978847504,0.4991152286529541,2304,25.74920654296875,4088.4696058901422,89.47848533333334,6,1.8,1.8,1.8,1.8,1.2,1.2,1.2,1.2,1.2,1.2,1.2,1.8,1.8,1.8,1.2,1.2,1.2,1.2,1.2,1.2,2.201
619.6810097694397,0.49915122985839844,1504,26.085494995117188,4218.767226703494,57.65656355309823,6,1.8,1.8,1.8,1.8,1.2,1.2,1.2,1.2,1.2,1.2,1.2,1.8,1.8,1.8,1.2,1.2,1.2,1.2,1.2,1.2,2.201
620.181562423706,0.49913811683654785,2048,26.219818115234375,4031.5059934926094,78.1088560950032,6,1.8,1.8,1.8,1.8,1.2,1.2,1.2,1.2,1.2,1.2,1.2,1.8,1.8,1.8,1.2,1.2,1.2,1.2,1.2,1.2,2.201
620.6821141242981,0.49889135360717773,2176,28.989974975585938,4059.6961785857075,75.06043043612594,6,1.8,1.8,1.8,1.8,1.2,1.2,1.2,1.2,1.2,1.2,1.2,1.8,1.8,1.8,1.2,1.2,1.2,1.2,1.2,1.2,2.201
621.182648897171,0.47783851623535156,1984,27.62908935546875,4032.513496537318,71.80837466173303,6,1.9,1.9,1.9,1.9,1.2,1.2,1.2,1.2,1.2,1.2,1.2,1.9,1.9,1.9,1.2,1.2,1.2,1.2,1.2,1.2,2.201
621.6831586360931,0.49902796745300293,2272,24.715545654296875,4064.4672711202434,91.92594943195218,6,1.9,1.9,1.9,1.9,1.2,1.2,1.2,1.2,1.2,1.2,1.2,1.9,1.9,1.9,1.2,1.2,1.2,1.2,1.2,1.2,2.201
622.1836988925934,0.49915194511413574,1824,26.587265014648438,4503.650499858146,68.60427347435152,6,1.9,1.9,1.9,1.9,1.2,1.2,1.2,1.2,1.2,1.2,1.2,1.9,1.9,1.9,1.2,1.2,1.2,1.2,1.2,1.2,2.201
622.684210062027,0.49915122985839844,2944,27.092559814453125,4279.019442861421,108.66451971177187,6,1.9,1.9,1.9,1.9,1.2,1.2,1.2,1.2,1.2,1.2,1.2,1.9,1.9,1.9,1.2,1.2,1.2,1.2,1.2,1.2,2.201
623.1847522258759,0.4991624355316162,2080,27.17156982421875,4333.371744754032,76.55060099420683,6,1.9,1.9,1.9,1.9,1.2,1.2,1.2,1.2,1.2,1.2,1.2,1.9,1.9,1.9,1.2,1.2,1.2,1.2,1.2,1.2,2.201
623.6852920055389,0.4990882873535156,2304,27.099227905273438,4253.163520323998,85.02087247849772,6,1.9,1.9,1.9,1.9,1.2,1.2,1.2,1.2,1.2,1.2,1.2,1.9,1.9,1.9,1.2,1.2,1.2,1.2,1.2,1.2,2.201
624.1858022212982,0.4990353584289551,2016,27.004150390625,4349.078749529762,74.655190807258,6,1.9,1.9,1.9,1.9,1.2,1.2,1.2,1.2,1.2,1.2,1.2,1.9,1.9,1.9,1.2,1.2,1.2,1.2,1.2,1.2,2.201
624.6863222122192,0.4991588592529297,1888,26.406997680664062,4383.155578323722,71.49620047047023,6,1.9,1.9,1.9,1.9,1.2,1.2,1.2,1.2,1.2,1.2,1.2,1.9,1.9,1.9,1.2,1.2,1.2,1.2,1.2,1.2,2.201
625.1868324279785,0.4992058277130127,1856,27.019287109375,3932.2094954505947,68.69167171164985,6,1.9,1.9,1.9,1.9,1.2,1.2,1.2,1.2,1.2,1.2,1.2,1.9,1.9,1.9,1.2,1.2,1.2,1.2,1.2,1.2,2.201
625.6873474121094,0.49922657012939453,2208,27.117050170898438,4487.807472524757,81.42478573755741,6,1.9,1.9,1.9,1.9,1.2,1.2,1.2,1.2,1.2,1.2,1.2,1.9,1.9,1.9,1.2,1.2,1.2,1.2,1.2,1.2,2.201
626.1878635883331,0.4991881847381592,2048,26.4854736328125,4338.987211087848,77.32540593356654,6,1.9,1.9,1.9,1.9,1.2,1.2,1.2,1.2,1.2,1.2,1.2,1.9,1.9,1.9,1.2,1.2,1.2,1.2,1.2,1.2,2.201
626.6884276866913,0.4991774559020996,2368,26.9537353515625,4247.163739118817,87.85424243110437,6,1.9,1.9,1.9,1.9,1.2,1.2,1.2,1.2,1.2,1.2,1.2,1.9,1.9,1.9,1.2,1.2,1.2,1.2,1.2,1.2,2.201
627.1889882087708,0.49905872344970703,2272,26.637649536132812,4120.196809496385,85.29281072333845,6,1.9,1.9,1.9,1.9,1.2,1.2,1.2,1.2,1.2,1.2,1.2,1.9,1.9,1.9,1.2,1.2,1.2,1.2,1.2,1.2,2.201
627.689551115036,0.4990370273590088,2496,26.638961791992188,4433.23897526987,93.69734524527568,6,1.9,1.9,1.9,1.9,1.2,1.2,1.2,1.2,1.2,1.2,1.2,1.9,1.9,1.9,1.2,1.2,1.2,1.2,1.2,1.2,2.201
628.1900615692139,0.4989604949951172,1408,26.356842041015625,4269.109843445136,53.420663894745736,6,1.9,1.9,1.9,1.9,1.2,1.2,1.2,1.2,1.2,1.2,1.2,1.9,1.9,1.9,1.2,1.2,1.2,1.2,1.2,1.2,2.201
628.6905732154846,0.4991188049316406,2464,27.407485961914062,4068.981831488364,89.90244502629751,6,1.9,1.9,1.9,1.9,1.2,1.2,1.2,1.2,1.2,1.2,1.2,1.9,1.9,1.9,1.2,1.2,1.2,1.2,1.2,1.2,2.201
629.1911280155182,0.4992105960845947,1920,29.248077392578125,3964.3882500737227,65.64534052030413,6,1.9,1.9,1.9,1.9,1.2,1.2,1.2,1.2,1.2,1.2,1.2,1.9,1.9,1.9,1.2,1.2,1.2,1.2,1.2,1.2,2.201
629.6916682720184,0.4989969730377197,2656,26.080459594726562,4786.683897723046,101.83869614540995,6,1.9,1.9,1.9,1.9,1.2,1.2,1.2,1.2,1.2,1.2,1.2,1.9,1.9,1.9,1.2,1.2,1.2,1.2,1.2,1.2,2.201
630.1922090053558,0.49916529655456543,1952,26.1170654296875,4382.116338347243,74.74040317642825,6,1.9,1.9,1.9,1.9,1.2,1.2,1.2,1.2,1.2,1.2,1.2,1.9,1.9,1.9,1.2,1.2,1.2,1.2,1.2,1.2,2.201
630.6927492618561,0.49912190437316895,2304,26.090682983398438,4161.3540629257595,88.30738549335948,6,1.9,1.9,1.9,1.9,1.2,1.2,1.2,1.2,1.2,1.2,1.2,1.9,1.9,1.9,1.2,1.2,1.2,1.2,1.2,1.2,2.201
631.1932697296143,0.4768850803375244,2112,27.065780639648438,4061.7387127832963,78.03211103049246,6,2.0,2.0,2.0,2.0,1.2,1.2,1.2,1.2,1.2,1.2,1.2,2.0,2.0,2.0,1.2,1.2,1.2,1.2,1.2,1.2,2.201
631.6938104629517,0.49910855293273926,2016,25.592864990234375,4821.4317287681715,78.77195463537424,6,2.0,2.0,2.0,2.0,1.2,1.2,1.2,1.2,1.2,1.2,1.2,2.0,2.0,2.0,1.2,1.2,1.2,1.2,1.2,1.2,2.201
632.1943278312683,0.49909281730651855,1888,26.515869140625,4291.663715115227,71.20264434807429,6,2.0,2.0,2.0,2.0,1.2,1.2,1.2,1.2,1.2,1.2,1.2,2.0,2.0,2.0,1.2,1.2,1.2,1.2,1.2,1.2,2.201
632.6948657035828,0.49915552139282227,2688,27.3016357421875,4477.710511285474,98.45563926583354,6,2.0,2.0,2.0,2.0,1.2,1.2,1.2,1.2,1.2,1.2,1.2,2.0,2.0,2.0,1.2,1.2,1.2,1.2,1.2,1.2,2.201
633.1953768730164,0.4991576671600342,2432,29.658645629882812,4553.196845052883,81.99969851454101,6,2.0,2.0,2.0,2.0,1.2,1.2,1.2,1.2,1.2,1.2,1.2,2.0,2.0,2.0,1.2,1.2,1.2,1.2,1.2,1.2,2.201
633.6958882808685,0.4991931915283203,1536,27.459701538085938,4359.192413027492,55.93651474578503,6,2.0,2.0,2.0,2.0,1.2,1.2,1.2,1.2,1.2,1.2,1.2,2.0,2.0,2.0,1.2,1.2,1.2,1.2,1.2,1.2,2.201
634.1964280605316,0.49919891357421875,2048,28.865341186523438,4440.990014106365,70.95014005779929,6,2.0,2.0,2.0,2.0,1.2,1.2,1.2,1.2,1.2,1.2,1.2,2.0,2.0,2.0,1.2,1.2,1.2,1.2,1.2,1.2,2.201
634.6969690322876,0.499114990234375,3264,27.041595458984375,4714.3596478615345,120.70293725644652,6,2.0,2.0,2.0,2.0,1.2,1.2,1.2,1.2,1.2,1.2,1.2,2.0,2.0,2.0,1.2,1.2,1.2,1.2,1.2,1.2,2.201
635.1974816322327,0.4990854263305664,2112,27.133773803710938,4551.717334659696,77.83657427376185,6,2.0,2.0,2.0,2.0,1.2,1.2,1.2,1.2,1.2,1.2,1.2,2.0,2.0,2.0,1.2,1.2,1.2,1.2,1.2,1.2,2.201
635.6980011463165,0.4991879463195801,2464,27.700942993164062,4466.861155767203,88.95004045920231,6,2.0,2.0,2.0,2.0,1.2,1.2,1.2,1.2,1.2,1.2,1.2,2.0,2.0,2.0,1.2,1.2,1.2,1.2,1.2,1.2,2.201
636.19850897789,0.4991457462310791,2176,29.832000732421875,4498.822601677823,72.94180566424731,6,2.0,2.0,2.0,2.0,1.2,1.2,1.2,1.2,1.2,1.2,1.2,2.0,2.0,2.0,1.2,1.2,1.2,1.2,1.2,1.2,2.201
636.6990690231323,0.49921727180480957,1984,30.364028930664062,4550.221862418161,65.34047258782564,6,2.0,2.0,2.0,2.0,1.2,1.2,1.2,1.2,1.2,1.2,1.2,2.0,2.0,2.0,1.2,1.2,1.2,1.2,1.2,1.2,2.201
637.1996083259583,0.49900269508361816,2336,26.850921630859375,4280.642426643791,86.99887594604087,6,2.0,2.0,2.0,2.0,1.2,1.2,1.2,1.2,1.2,1.2,1.2,2.0,2.0,2.0,1.2,1.2,1.2,1.2,1.2,1.2,2.201
637.7001466751099,0.4991486072540283,2112,26.716476440429688,4522.814420061785,79.05234077963733,6,2.0,2.0,2.0,2.0,1.2,1.2,1.2,1.2,1.2,1.2,1.2,2.0,2.0,2.0,1.2,1.2,1.2,1.2,1.2,1.2,2.201
638.200690984726,0.4991490840911865,2688,27.100784301757812,4717.062184999412,99.18532135712584,6,2.0,2.0,2.0,2.0,1.2,1.2,1.2,1.2,1.2,1.2,1.2,2.0,2.0,2.0,1.2,1.2,1.2,1.2,1.2,1.2,2.201
638.7012376785278,0.49915361404418945,1856,27.362640380859375,4307.886229010111,67.82971139357966,6,2.0,2.0,2.0,2.0,1.2,1.2,1.2,1.2,1.2,1.2,1.2,2.0,2.0,2.0,1.2,1.2,1.2,1.2,1.2,1.2,2.201
639.2017498016357,0.4991447925567627,2368,27.199691772460938,4787.993452015453,87.05981008202254,6,2.0,2.0,2.0,2.0,1.2,1.2,1.2,1.2,1.2,1.2,1.2,2.0,2.0,2.0,1.2,1.2,1.2,1.2,1.2,1.2,2.201
639.7023220062256,0.49912548065185547,2624,27.611526489257812,4549.704142035187,95.03277557004536,6,2.0,2.0,2.0,2.0,1.2,1.2,1.2,1.2,1.2,1.2,1.2,2.0,2.0,2.0,1.2,1.2,1.2,1.2,1.2,1.2,2.201
640.2028343677521,0.49892091751098633,2080,29.112442016601562,4406.752583711203,71.44711525106229,6,2.0,2.0,2.0,2.0,1.2,1.2,1.2,1.2,1.2,1.2,1.2,2.0,2.0,2.0,1.2,1.2,1.2,1.2,1.2,1.2,2.201
640.7033727169037,0.49913597106933594,2144,27.582351684570312,4407.707574555295,77.7308629995956,6,2.0,2.0,2.0,2.0,1.2,1.2,1.2,1.2,1.2,1.2,1.2,2.0,2.0,2.0,1.2,1.2,1.2,1.2,1.2,1.2,2.201
641.2038652896881,0.47792816162109375,2368,30.443374633789062,4619.345719213981,77.78375520077067,6,2.1,2.1,2.1,2.1,1.2,1.2,1.2,1.2,1.2,1.2,1.2,2.1,2.1,2.1,1.2,1.2,1.2,1.2,1.2,1.2,2.201
641.7043769359589,0.499143123626709,2432,26.812469482421875,4741.21634075298,90.70406594194569,6,2.1,2.1,2.1,2.1,1.2,1.2,1.2,1.2,1.2,1.2,1.2,2.1,2.1,2.1,1.2,1.2,1.2,1.2,1.2,1.2,2.201
642.2048881053925,0.4991638660430908,2240,27.94287109375,4955.752145486447,80.16355915913817,6,2.1,2.1,2.1,2.1,1.2,1.2,1.2,1.2,1.2,1.2,1.2,2.1,2.1,2.1,1.2,1.2,1.2,1.2,1.2,1.2,2.201
642.7054297924042,0.4991428852081299,1536,28.086151123046875,3927.2403970974897,54.688874715182756,6,2.1,2.1,2.1,2.1,1.2,1.2,1.2,1.2,1.2,1.2,1.2,2.1,2.1,2.1,1.2,1.2,1.2,1.2,1.2,1.2,2.201
643.2059700489044,0.49910688400268555,2592,27.371170043945312,5093.463202605094,94.69818045185716,6,2.1,2.1,2.1,2.1,1.2,1.2,1.2,1.2,1.2,1.2,1.2,2.1,2.1,2.1,1.2,1.2,1.2,1.2,1.2,1.2,2.201
643.7065110206604,0.49910807609558105,2848,28.211868286132812,4653.578598744229,100.95042168475948,6,2.1,2.1,2.1,2.1,1.2,1.2,1.2,1.2,1.2,1.2,1.2,2.1,2.1,2.1,1.2,1.2,1.2,1.2,1.2,1.2,2.201
644.2070484161377,0.4991483688354492,2336,28.032257080078125,4504.850373028906,83.33256909448583,6,2.1,2.1,2.1,2.1,1.2,1.2,1.2,1.2,1.2,1.2,1.2,2.1,2.1,2.1,1.2,1.2,1.2,1.2,1.2,1.2,2.201
644.7075607776642,0.49907422065734863,1472,27.575942993164062,4391.116800331715,53.37986085788259,6,2.1,2.1,2.1,2.1,1.2,1.2,1.2,1.2,1.2,1.2,1.2,2.1,2.1,2.1,1.2,1.2,1.2,1.2,1.2,1.2,2.201
645.2081007957458,0.4991779327392578,3168,28.175872802734375,4887.235431196261,112.436623425293,6,2.1,2.1,2.1,2.1,1.2,1.2,1.2,1.2,1.2,1.2,1.2,2.1,2.1,2.1,1.2,1.2,1.2,1.2,1.2,1.2,2.201
645.7086403369904,0.4991450309753418,2368,28.200576782226562,5215.7774054082,83.96991374631862,6,2.1,2.1,2.1,2.1,1.2,1.2,1.2,1.2,1.2,1.2,1.2,2.1,2.1,2.1,1.2,1.2,1.2,1.2,1.2,1.2,2.201
646.2091534137726,0.4991343021392822,2112,27.808303833007812,4631.585065197517,75.94853726724263,6,2.1,2.1,2.1,2.1,1.2,1.2,1.2,1.2,1.2,1.2,1.2,2.1,2.1,2.1,1.2,1.2,1.2,1.2,1.2,1.2,2.201
646.7096643447876,0.49912333488464355,2944,28.501205444335938,4874.1818256884835,103.2938766660153,6,2.1,2.1,2.1,2.1,1.2,1.2,1.2,1.2,1.2,1.2,1.2,2.1,2.1,2.1,1.2,1.2,1.2,1.2,1.2,1.2,2.201
647.2101731300354,0.4991178512573242,2560,30.263137817382812,4653.91633680223,84.59136046790113,6,2.1,2.1,2.1,2.1,1.2,1.2,1.2,1.2,1.2,1.2,1.2,2.1,2.1,2.1,1.2,1.2,1.2,1.2,1.2,1.2,2.201
647.7106857299805,0.4991006851196289,2112,28.797515869140625,4846.213467677974,73.33965921217587,6,2.1,2.1,2.1,2.1,1.2,1.2,1.2,1.2,1.2,1.2,1.2,2.1,2.1,2.1,1.2,1.2,1.2,1.2,1.2,1.2,2.201
648.211225271225,0.49914026260375977,2208,28.487747192382812,4388.607864750089,77.50700626093682,6,2.1,2.1,2.1,2.1,1.2,1.2,1.2,1.2,1.2,1.2,1.2,2.1,2.1,2.1,1.2,1.2,1.2,1.2,1.2,1.2,2.201
648.7117643356323,0.4991166591644287,2368,27.796905517578125,4943.633833703333,85.18933873781494,6,2.1,2.1,2.1,2.1,1.2,1.2,1.2,1.2,1.2,1.2,1.2,2.1,2.1,2.1,1.2,1.2,1.2,1.2,1.2,1.2,2.201
649.2123117446899,0.4991590976715088,2304,27.769668579101562,4635.454637277485,82.96822100836688,6,2.1,2.1,2.1,2.1,1.2,1.2,1.2,1.2,1.2,1.2,1.2,2.1,2.1,2.1,1.2,1.2,1.2,1.2,1.2,1.2,2.201
649.7128734588623,0.4991726875305176,2720,27.26513671875,4831.592421163262,99.76109887354717,6,2.1,2.1,2.1,2.1,1.2,1.2,1.2,1.2,1.2,1.2,1.2,2.1,2.1,2.1,1.2,1.2,1.2,1.2,1.2,1.2,2.201
650.2133836746216,0.4990520477294922,2176,27.834335327148438,4771.920037036499,78.17682637018537,6,2.1,2.1,2.1,2.1,1.2,1.2,1.2,1.2,1.2,1.2,1.2,2.1,2.1,2.1,1.2,1.2,1.2,1.2,1.2,1.2,2.201
650.7139277458191,0.49916577339172363,2304,28.515853881835938,4641.175988037175,80.79715969745534,6,2.1,2.1,2.1,2.1,1.2,1.2,1.2,1.2,1.2,1.2,1.2,2.1,2.1,2.1,1.2,1.2,1.2,1.2,1.2,1.2,2.201
651.2144477367401,0.4768221378326416,2816,31.988479614257812,4858.652241859871,88.03169247046242,6,2.2,2.2,2.2,2.2,1.2,1.2,1.2,1.2,1.2,1.2,1.2,2.2,2.2,2.2,1.2,1.2,1.2,1.2,1.2,1.2,2.201
651.7149586677551,0.4990878105163574,1952,27.6544189453125,4880.1394014765065,70.58546425654947,6,2.2,2.2,2.2,2.2,1.2,1.2,1.2,1.2,1.2,1.2,1.2,2.2,2.2,2.2,1.2,1.2,1.2,1.2,1.2,1.2,2.201
652.2154970169067,0.4991800785064697,2592,28.862991333007812,4797.483098373996,89.80358169029348,6,2.2,2.2,2.2,2.2,1.2,1.2,1.2,1.2,1.2,1.2,1.2,2.2,2.2,2.2,1.2,1.2,1.2,1.2,1.2,1.2,2.201
652.716034412384,0.499176025390625,2848,32.98583984375,5125.814180975529,86.34007845459256,6,2.2,2.2,2.2,2.2,1.2,1.2,1.2,1.2,1.2,1.2,1.2,2.2,2.2,2.2,1.2,1.2,1.2,1.2,1.2,1.2,2.201
653.2165734767914,0.4992084503173828,2080,33.90940856933594,4953.233600196389,61.3399079416835,6,2.2,2.2,2.2,2.2,1.2,1.2,1.2,1.2,1.2,1.2,1.2,2.2,2.2,2.2,1.2,1.2,1.2,1.2,1.2,1.2,2.201
653.7171115875244,0.4990992546081543,2496,33.59490966796875,4725.197339122116,74.29697012639463,6,2.2,2.2,2.2,2.2,1.2,1.2,1.2,1.2,1.2,1.2,1.2,2.2,2.2,2.2,1.2,1.2,1.2,1.2,1.2,1.2,2.201
654.2176477909088,0.49918532371520996,2816,34.142974853515625,5222.363275314574,82.47670310163505,6,2.2,2.2,2.2,2.2,1.2,1.2,1.2,1.2,1.2,1.2,1.2,2.2,2.2,2.2,1.2,1.2,1.2,1.2,1.2,1.2,2.201
654.718183517456,0.4991598129272461,1920,33.74049377441406,5101.341274428929,56.90491706603196,6,2.2,2.2,2.2,2.2,1.2,1.2,1.2,1.2,1.2,1.2,1.2,2.2,2.2,2.2,1.2,1.2,1.2,1.2,1.2,1.2,2.201
655.2187204360962,0.499133825302124,2336,33.795989990234375,4405.0980201554985,69.12062646115726,6,2.2,2.2,2.2,2.2,1.2,1.2,1.2,1.2,1.2,1.2,1.2,2.2,2.2,2.2,1.2,1.2,1.2,1.2,1.2,1.2,2.201
655.7192318439484,0.49915242195129395,2848,33.330413818359375,5069.086345646984,85.44748395626692,6,2.2,2.2,2.2,2.2,1.2,1.2,1.2,1.2,1.2,1.2,1.2,2.2,2.2,2.2,1.2,1.2,1.2,1.2,1.2,1.2,2.201
656.2197701931,0.4991579055786133,2272,33.734161376953125,4770.106828904093,67.35012542959524,6,2.2,2.2,2.2,2.2,1.2,1.2,1.2,1.2,1.2,1.2,1.2,2.2,2.2,2.2,1.2,1.2,1.2,1.2,1.2,1.2,2.201
656.7203226089478,0.4991416931152344,2944,33.82472229003906,5414.975403740587,87.03693040717054,6,2.2,2.2,2.2,2.2,1.2,1.2,1.2,1.2,1.2,1.2,1.2,2.2,2.2,2.2,1.2,1.2,1.2,1.2,1.2,1.2,2.201
657.2208333015442,0.49904561042785645,2336,33.33045959472656,4745.684460116263,70.08604226896392,6,2.2,2.2,2.2,2.2,1.2,1.2,1.2,1.2,1.2,1.2,1.2,2.2,2.2,2.2,1.2,1.2,1.2,1.2,1.2,1.2,2.201
657.7213447093964,0.4992339611053467,2752,32.94126892089844,5137.040574049497,83.54262267820806,6,2.2,2.2,2.2,2.2,1.2,1.2,1.2,1.2,1.2,1.2,1.2,2.2,2.2,2.2,1.2,1.2,1.2,1.2,1.2,1.2,2.201
658.2218582630157,0.49921560287475586,1888,32.80879211425781,4863.297507912413,57.54555039469211,6,2.2,2.2,2.2,2.2,1.2,1.2,1.2,1.2,1.2,1.2,1.2,2.2,2.2,2.2,1.2,1.2,1.2,1.2,1.2,1.2,2.201
658.7223670482635,0.4991145133972168,3008,33.4862060546875,5014.28321275482,89.82803232732694,6,2.2,2.2,2.2,2.2,1.2,1.2,1.2,1.2,1.2,1.2,1.2,2.2,2.2,2.2,1.2,1.2,1.2,1.2,1.2,1.2,2.201
659.2228810787201,0.49918460845947266,1856,34.069732666015625,5096.3187757858,54.476506117447464,6,2.2,2.2,2.2,2.2,1.2,1.2,1.2,1.2,1.2,1.2,1.2,2.2,2.2,2.2,1.2,1.2,1.2,1.2,1.2,1.2,2.201
659.7233963012695,0.4991438388824463,3200,33.57884216308594,4909.000702178178,95.29810421866898,6,2.2,2.2,2.2,2.2,1.2,1.2,1.2,1.2,1.2,1.2,1.2,2.2,2.2,2.2,1.2,1.2,1.2,1.2,1.2,1.2,2.201
660.2239410877228,0.4991586208343506,1984,34.2452392578125,5164.797086775466,57.93506025943102,6,2.2,2.2,2.2,2.2,1.2,1.2,1.2,1.2,1.2,1.2,1.2,2.2,2.2,2.2,1.2,1.2,1.2,1.2,1.2,1.2,2.201
660.7244505882263,0.49915480613708496,2560,34.179046630859375,4542.624647566704,74.89969008347478,6,2.2,2.2,2.2,2.2,1.2,1.2,1.2,1.2,1.2,1.2,1.2,2.2,2.2,2.2,1.2,1.2,1.2,1.2,1.2,1.2,2.201
661.224981546402,0.47945237159729004,2176,34.810302734375,5175.448020461339,62.510229129699894,7,1.2,1.2,1.2,1.2,1.2,1.2,1.2,1.2,1.2,1.2,1.2,1.2,1.2,1.2,1.2,1.2,1.2,1.2,1.2,1.2,2.201
661.7254920005798,0.4991612434387207,2016,23.682022094726562,3658.1018461412937,85.12786585267634,7,1.2,1.2,1.2,1.2,1.2,1.2,1.2,1.2,1.2,1.2,1.2,1.2,1.2,1.2,1.2,1.2,1.2,1.2,1.2,1.2,2.201
662.2260010242462,0.4991471767425537,1760,22.258407592773438,3314.371498968949,79.07124499649352,7,1.2,1.2,1.2,1.2,1.2,1.2,1.2,1.2,1.2,1.2,1.2,1.2,1.2,1.2,1.2,1.2,1.2,1.2,1.2,1.2,2.201
662.7265462875366,0.4991333484649658,1280,21.932464599609375,2677.535374210208,58.36097417080966,7,1.2,1.2,1.2,1.2,1.2,1.2,1.2,1.2,1.2,1.2,1.2,1.2,1.2,1.2,1.2,1.2,1.2,1.2,1.2,1.2,2.201
663.2270889282227,0.499042272567749,1120,21.810348510742188,3458.5592464841197,51.351769984251725,7,1.2,1.2,1.2,1.2,1.2,1.2,1.2,1.2,1.2,1.2,1.2,1.2,1.2,1.2,1.2,1.2,1.2,1.2,1.2,1.2,2.201
663.727644443512,0.49905824661254883,2176,20.650100708007812,3144.5194207462787,105.37478876101454,7,1.2,1.2,1.2,1.2,1.2,1.2,1.2,1.2,1.2,1.2,1.2,1.2,1.2,1.2,1.2,1.2,1.2,1.2,1.2,1.2,2.201
664.2281863689423,0.4989466667175293,1216,21.208282470703125,3415.748917793357,57.33609035431173,7,1.2,1.2,1.2,1.2,1.2,1.2,1.2,1.2,1.2,1.2,1.2,1.2,1.2,1.2,1.2,1.2,1.2,1.2,1.2,1.2,2.201
664.7287411689758,0.4990413188934326,1792,21.051376342773438,2871.8159863566925,85.12507547351704,7,1.2,1.2,1.2,1.2,1.2,1.2,1.2,1.2,1.2,1.2,1.2,1.2,1.2,1.2,1.2,1.2,1.2,1.2,1.2,1.2,2.201
665.2292838096619,0.4989805221557617,1312,21.251922607421875,3644.4497114238507,61.73559090328167,7,1.2,1.2,1.2,1.2,1.2,1.2,1.2,1.2,1.2,1.2,1.2,1.2,1.2,1.2,1.2,1.2,1.2,1.2,1.2,1.2,2.201
665.7298254966736,0.4990718364715576,2048,20.840621948242188,3141.073911402892,98.26962002795409,7,1.2,1.2,1.2,1.2,1.2,1.2,1.2,1.2,1.2,1.2,1.2,1.2,1.2,1.2,1.2,1.2,1.2,1.2,1.2,1.2,2.201
666.2303657531738,0.49899911880493164,1088,20.983291625976562,2589.6249200902416,51.85077819978897,7,1.2,1.2,1.2,1.2,1.2,1.2,1.2,1.2,1.2,1.2,1.2,1.2,1.2,1.2,1.2,1.2,1.2,1.2,1.2,1.2,2.201
666.7309262752533,0.49907541275024414,1504,21.1007080078125,2826.8295065615575,71.27722915473484,7,1.2,1.2,1.2,1.2,1.2,1.2,1.2,1.2,1.2,1.2,1.2,1.2,1.2,1.2,1.2,1.2,1.2,1.2,1.2,1.2,2.201
667.2314689159393,0.49892091751098633,1792,21.332656860351562,3631.066069380283,84.00266369683067,7,1.2,1.2,1.2,1.2,1.2,1.2,1.2,1.2,1.2,1.2,1.2,1.2,1.2,1.2,1.2,1.2,1.2,1.2,1.2,1.2,2.201
667.7319808006287,0.4990353584289551,1504,21.518081665039062,3171.0351955855094,69.89470638749292,7,1.2,1.2,1.2,1.2,1.2,1.2,1.2,1.2,1.2,1.2,1.2,1.2,1.2,1.2,1.2,1.2,1.2,1.2,1.2,1.2,2.201
668.2325222492218,0.4991416931152344,2112,21.900665283203125,3239.2723740423844,96.43542662696251,7,1.2,1.2,1.2,1.2,1.2,1.2,1.2,1.2,1.2,1.2,1.2,1.2,1.2,1.2,1.2,1.2,1.2,1.2,1.2,1.2,2.201
668.7330648899078,0.49905824661254883,1472,21.733261108398438,3045.9191630532973,67.73028643322982,7,1.2,1.2,1.2,1.2,1.2,1.2,1.2,1.2,1.2,1.2,1.2,1.2,1.2,1.2,1.2,1.2,1.2,1.2,1.2,1.2,2.201
669.2336213588715,0.49907660484313965,1408,20.8380126953125,2980.7064333795024,67.56882340880466,7,1.2,1.2,1.2,1.2,1.2,1.2,1.2,1.2,1.2,1.2,1.2,1.2,1.2,1.2,1.2,1.2,1.2,1.2,1.2,1.2,2.201
669.7341351509094,0.49897265434265137,1664,21.280715942382812,3346.013515834911,78.19285800840782,7,1.2,1.2,1.2,1.2,1.2,1.2,1.2,1.2,1.2,1.2,1.2,1.2,1.2,1.2,1.2,1.2,1.2,1.2,1.2,1.2,2.201
670.234650850296,0.49912548065185547,1440,21.640487670898438,3054.65573135578,66.54193851354258,7,1.2,1.2,1.2,1.2,1.2,1.2,1.2,1.2,1.2,1.2,1.2,1.2,1.2,1.2,1.2,1.2,1.2,1.2,1.2,1.2,2.201
670.7351658344269,0.4991936683654785,1088,24.118743896484375,3280.6263101870118,45.11014357420953,7,1.2,1.2,1.2,1.2,1.2,1.2,1.2,1.2,1.2,1.2,1.2,1.2,1.2,1.2,1.2,1.2,1.2,1.2,1.2,1.2,2.201
671.2356629371643,0.47789788246154785,2240,23.13665771484375,3435.595229297738,96.81605820545491,7,1.3,1.3,1.3,1.3,1.3,1.2,1.2,1.2,1.2,1.2,1.2,1.3,1.3,1.3,1.2,1.2,1.2,1.2,1.2,1.2,2.201
671.7361736297607,0.4991128444671631,1312,25.36712646484375,3149.26660241228,51.7204816958002,7,1.3,1.3,1.3,1.3,1.3,1.2,1.2,1.2,1.2,1.2,1.2,1.3,1.3,1.3,1.2,1.2,1.2,1.2,1.2,1.2,2.201
672.2367143630981,0.4991905689239502,1824,23.097625732421875,3381.569077085779,78.9691555803362,7,1.3,1.3,1.3,1.3,1.3,1.2,1.2,1.2,1.2,1.2,1.2,1.3,1.3,1.3,1.2,1.2,1.2,1.2,1.2,1.2,2.201
672.7372555732727,0.4990875720977783,2080,22.24169921875,3354.834924476629,93.5180347303023,7,1.3,1.3,1.3,1.3,1.3,1.2,1.2,1.2,1.2,1.2,1.2,1.3,1.3,1.3,1.2,1.2,1.2,1.2,1.2,1.2,2.201
673.2377667427063,0.4990217685699463,1280,21.983352661132812,3467.4545445389604,58.22587754155789,7,1.3,1.3,1.3,1.3,1.3,1.2,1.2,1.2,1.2,1.2,1.2,1.3,1.3,1.3,1.2,1.2,1.2,1.2,1.2,1.2,2.201
673.7382786273956,0.49917125701904297,1824,22.27301025390625,3075.2718268275958,81.89283707980631,7,1.3,1.3,1.3,1.3,1.3,1.2,1.2,1.2,1.2,1.2,1.2,1.3,1.3,1.3,1.2,1.2,1.2,1.2,1.2,1.2,2.201
674.2388157844543,0.49913501739501953,1472,22.817230224609375,3038.447682614752,64.51265055003846,7,1.3,1.3,1.3,1.3,1.3,1.2,1.2,1.2,1.2,1.2,1.2,1.3,1.3,1.3,1.2,1.2,1.2,1.2,1.2,1.2,2.201
674.7393267154694,0.4991297721862793,1472,26.5048828125,4525.381834227246,55.5369367377768,7,1.3,1.3,1.3,1.3,1.3,1.2,1.2,1.2,1.2,1.2,1.2,1.3,1.3,1.3,1.2,1.2,1.2,1.2,1.2,1.2,2.201
675.2398817539215,0.49915385246276855,1792,23.007583618164062,3089.6320433199203,77.88736226020924,7,1.3,1.3,1.3,1.3,1.3,1.2,1.2,1.2,1.2,1.2,1.2,1.3,1.3,1.3,1.2,1.2,1.2,1.2,1.2,1.2,2.201
675.7404389381409,0.49889516830444336,2272,22.474395751953125,3664.542534086359,101.09281802615553,7,1.3,1.3,1.3,1.3,1.3,1.2,1.2,1.2,1.2,1.2,1.2,1.3,1.3,1.3,1.2,1.2,1.2,1.2,1.2,1.2,2.201
676.2409820556641,0.49886178970336914,832,21.996170043945312,2810.7875862749183,37.82476669064564,7,1.3,1.3,1.3,1.3,1.3,1.2,1.2,1.2,1.2,1.2,1.2,1.3,1.3,1.3,1.2,1.2,1.2,1.2,1.2,1.2,2.201
676.7415256500244,0.49902939796447754,2080,21.97412109375,3421.080080458522,94.65680065773392,7,1.3,1.3,1.3,1.3,1.3,1.2,1.2,1.2,1.2,1.2,1.2,1.3,1.3,1.3,1.2,1.2,1.2,1.2,1.2,1.2,2.201
677.2420680522919,0.4990389347076416,2080,21.979476928710938,3443.690336251815,94.63373522246914,7,1.3,1.3,1.3,1.3,1.3,1.2,1.2,1.2,1.2,1.2,1.2,1.3,1.3,1.3,1.2,1.2,1.2,1.2,1.2,1.2,2.201
677.742579460144,0.4990551471710205,1248,22.000396728515625,3670.6130111528605,56.72624977632406,7,1.3,1.3,1.3,1.3,1.3,1.2,1.2,1.2,1.2,1.2,1.2,1.3,1.3,1.3,1.2,1.2,1.2,1.2,1.2,1.2,2.201
678.2430891990662,0.49916744232177734,1888,22.23431396484375,3347.4998857393834,84.91379599052395,7,1.3,1.3,1.3,1.3,1.3,1.2,1.2,1.2,1.2,1.2,1.2,1.3,1.3,1.3,1.2,1.2,1.2,1.2,1.2,1.2,2.201
678.7436323165894,0.49918675422668457,2048,26.609573364257812,3483.0028156509234,76.96478150795494,7,1.3,1.3,1.3,1.3,1.3,1.2,1.2,1.2,1.2,1.2,1.2,1.3,1.3,1.3,1.2,1.2,1.2,1.2,1.2,1.2,2.201
679.2441735267639,0.4990997314453125,1088,24.265396118164062,3725.9795125062287,44.837512427236604,7,1.3,1.3,1.3,1.3,1.3,1.2,1.2,1.2,1.2,1.2,1.2,1.3,1.3,1.3,1.2,1.2,1.2,1.2,1.2,1.2,2.201
679.7446842193604,0.49906301498413086,1632,21.740554809570312,2839.049146551376,75.06708151171858,7,1.3,1.3,1.3,1.3,1.3,1.2,1.2,1.2,1.2,1.2,1.2,1.3,1.3,1.3,1.2,1.2,1.2,1.2,1.2,1.2,2.201
680.2451961040497,0.4991776943206787,2112,22.177963256835938,3504.239274350298,95.22966448909666,7,1.3,1.3,1.3,1.3,1.3,1.2,1.2,1.2,1.2,1.2,1.2,1.3,1.3,1.3,1.2,1.2,1.2,1.2,1.2,1.2,2.201
680.7457082271576,0.49916911125183105,960,27.071746826171875,3230.5586164157994,35.46132453750309,7,1.3,1.3,1.3,1.3,1.3,1.2,1.2,1.2,1.2,1.2,1.2,1.3,1.3,1.3,1.2,1.2,1.2,1.2,1.2,1.2,2.201
681.2462348937988,0.4772346019744873,2240,27.058349609375,3537.044946680612,82.78405861176024,7,1.4,1.4,1.4,1.4,1.4,1.2,1.2,1.2,1.2,1.2,1.2,1.4,1.4,1.4,1.2,1.2,1.2,1.2,1.2,1.2,2.201
681.7467820644379,0.4990415573120117,1824,23.448348999023438,3149.15125131413,77.78799266745666,7,1.4,1.4,1.4,1.4,1.4,1.2,1.2,1.2,1.2,1.2,1.2,1.4,1.4,1.4,1.2,1.2,1.2,1.2,1.2,1.2,2.201
682.2473423480988,0.49906444549560547,2368,22.912124633789062,4222.583807173883,103.35139310947416,7,1.4,1.4,1.4,1.4,1.4,1.2,1.2,1.2,1.2,1.2,1.2,1.4,1.4,1.4,1.2,1.2,1.2,1.2,1.2,1.2,2.201
682.747859954834,0.49893832206726074,1536,23.113235473632812,3991.9486609341348,66.45542990950976,7,1.4,1.4,1.4,1.4,1.4,1.2,1.2,1.2,1.2,1.2,1.2,1.4,1.4,1.4,1.2,1.2,1.2,1.2,1.2,1.2,2.201
683.2484042644501,0.49916768074035645,1440,23.4559326171875,3135.708120046553,61.39171797180342,7,1.4,1.4,1.4,1.4,1.4,1.2,1.2,1.2,1.2,1.2,1.2,1.4,1.4,1.4,1.2,1.2,1.2,1.2,1.2,1.2,2.201
683.7489149570465,0.49919962882995605,2272,27.735305786132812,3971.950569721575,81.91725079649065,7,1.4,1.4,1.4,1.4,1.4,1.2,1.2,1.2,1.2,1.2,1.2,1.4,1.4,1.4,1.2,1.2,1.2,1.2,1.2,1.2,2.201
684.2494232654572,0.49921631813049316,1792,23.961013793945312,3359.4475062967686,74.78815443329944,7,1.4,1.4,1.4,1.4,1.4,1.2,1.2,1.2,1.2,1.2,1.2,1.4,1.4,1.4,1.2,1.2,1.2,1.2,1.2,1.2,2.201
684.7499349117279,0.4991593360900879,1920,25.195465087890625,3395.4662694116564,76.20418965485916,7,1.4,1.4,1.4,1.4,1.4,1.2,1.2,1.2,1.2,1.2,1.2,1.4,1.4,1.4,1.2,1.2,1.2,1.2,1.2,1.2,2.201
685.2504456043243,0.49920177459716797,1216,25.615234375,4265.0612895195845,47.47174990468929,7,1.4,1.4,1.4,1.4,1.4,1.2,1.2,1.2,1.2,1.2,1.2,1.4,1.4,1.4,1.2,1.2,1.2,1.2,1.2,1.2,2.201
685.7509846687317,0.4991579055786133,2304,23.027053833007812,3865.770302524566,100.05622155177156,7,1.4,1.4,1.4,1.4,1.4,1.2,1.2,1.2,1.2,1.2,1.2,1.4,1.4,1.4,1.2,1.2,1.2,1.2,1.2,1.2,2.201
686.2514963150024,0.4990577697753906,1856,22.769378662109375,3488.696265888772,81.51298406260764,7,1.4,1.4,1.4,1.4,1.4,1.2,1.2,1.2,1.2,1.2,1.2,1.4,1.4,1.4,1.2,1.2,1.2,1.2,1.2,1.2,2.201
686.7520086765289,0.49913573265075684,2208,23.324066162109375,3914.900862133508,94.66616946863924,7,1.4,1.4,1.4,1.4,1.4,1.2,1.2,1.2,1.2,1.2,1.2,1.4,1.4,1.4,1.2,1.2,1.2,1.2,1.2,1.2,2.201
687.2525188922882,0.4991574287414551,1248,26.805679321289062,3243.3693893885857,46.557297990535865,7,1.4,1.4,1.4,1.4,1.4,1.2,1.2,1.2,1.2,1.2,1.2,1.4,1.4,1.4,1.2,1.2,1.2,1.2,1.2,1.2,2.201
687.753057718277,0.4991896152496338,1856,23.78643798828125,3809.421035856997,78.02765596573924,7,1.4,1.4,1.4,1.4,1.4,1.2,1.2,1.2,1.2,1.2,1.2,1.4,1.4,1.4,1.2,1.2,1.2,1.2,1.2,1.2,2.201
688.2535676956177,0.4990668296813965,2304,23.103866577148438,3642.8358635527647,99.72356758149043,7,1.4,1.4,1.4,1.4,1.4,1.2,1.2,1.2,1.2,1.2,1.2,1.4,1.4,1.4,1.2,1.2,1.2,1.2,1.2,1.2,2.201
688.7541129589081,0.49918627738952637,1728,22.903533935546875,3760.398018518788,75.44687229764571,7,1.4,1.4,1.4,1.4,1.4,1.2,1.2,1.2,1.2,1.2,1.2,1.4,1.4,1.4,1.2,1.2,1.2,1.2,1.2,1.2,2.201
689.2546248435974,0.4989924430847168,1792,25.458450317382812,3345.5010981308114,70.38920192154971,7,1.4,1.4,1.4,1.4,1.4,1.2,1.2,1.2,1.2,1.2,1.2,1.4,1.4,1.4,1.2,1.2,1.2,1.2,1.2,1.2,2.201
689.7551357746124,0.4992058277130127,1600,23.181106567382812,4028.254538788882,69.02172660951805,7,1.4,1.4,1.4,1.4,1.4,1.2,1.2,1.2,1.2,1.2,1.2,1.4,1.4,1.4,1.2,1.2,1.2,1.2,1.2,1.2,2.201
690.2556447982788,0.4991452693939209,2112,23.048416137695312,3385.438650296413,91.63319454935812,7,1.4,1.4,1.4,1.4,1.4,1.2,1.2,1.2,1.2,1.2,1.2,1.4,1.4,1.4,1.2,1.2,1.2,1.2,1.2,1.2,2.201
690.7561564445496,0.4991903305053711,1440,27.345535278320312,3535.3485969775834,52.65941899998717,7,1.4,1.4,1.4,1.4,1.4,1.2,1.2,1.2,1.2,1.2,1.2,1.4,1.4,1.4,1.2,1.2,1.2,1.2,1.2,1.2,2.201
691.2566483020782,0.4756202697753906,2080,27.732650756835938,3714.305743398003,75.00184595543188,7,1.5,1.5,1.5,1.5,1.5,1.2,1.2,1.2,1.2,1.2,1.2,1.5,1.5,1.5,1.2,1.2,1.2,1.2,1.2,1.2,2.201
691.7571771144867,0.49912095069885254,1856,27.167984008789062,3641.3336337689116,68.31570569975192,7,1.5,1.5,1.5,1.5,1.5,1.2,1.2,1.2,1.2,1.2,1.2,1.5,1.5,1.5,1.2,1.2,1.2,1.2,1.2,1.2,2.201
692.2576923370361,0.4991593360900879,2208,24.77813720703125,4132.527132290789,89.11081497173402,7,1.5,1.5,1.5,1.5,1.5,1.2,1.2,1.2,1.2,1.2,1.2,1.5,1.5,1.5,1.2,1.2,1.2,1.2,1.2,1.2,2.201
692.75825548172,0.4991626739501953,1280,24.162185668945312,4637.661682892554,52.97533996045451,7,1.5,1.5,1.5,1.5,1.5,1.2,1.2,1.2,1.2,1.2,1.2,1.5,1.5,1.5,1.2,1.2,1.2,1.2,1.2,1.2,2.201
693.2587957382202,0.4990978240966797,1984,23.717880249023438,3701.5315747641644,83.64997121029353,7,1.5,1.5,1.5,1.5,1.5,1.2,1.2,1.2,1.2,1.2,1.2,1.5,1.5,1.5,1.2,1.2,1.2,1.2,1.2,1.2,2.201
693.7593414783478,0.49907660484313965,2208,23.320953369140625,3914.869360322956,94.67880515218253,7,1.5,1.5,1.5,1.5,1.5,1.2,1.2,1.2,1.2,1.2,1.2,1.5,1.5,1.5,1.2,1.2,1.2,1.2,1.2,1.2,2.201
694.2598586082458,0.4991278648376465,1984,24.119277954101562,3875.0093245095472,82.25785215359709,7,1.5,1.5,1.5,1.5,1.5,1.2,1.2,1.2,1.2,1.2,1.2,1.5,1.5,1.5,1.2,1.2,1.2,1.2,1.2,1.2,2.201
694.7603697776794,0.49916815757751465,2080,24.053543090820312,3909.7550483048276,86.47374701292144,7,1.5,1.5,1.5,1.5,1.5,1.2,1.2,1.2,1.2,1.2,1.2,1.5,1.5,1.5,1.2,1.2,1.2,1.2,1.2,1.2,2.201
695.2608807086945,0.49917125701904297,2176,23.80938720703125,3734.0326295100967,91.39252434675834,7,1.5,1.5,1.5,1.5,1.5,1.2,1.2,1.2,1.2,1.2,1.2,1.5,1.5,1.5,1.2,1.2,1.2,1.2,1.2,1.2,2.201
695.7613925933838,0.4991617202758789,1504,23.86102294921875,3543.299550914321,63.031664786577956,7,1.5,1.5,1.5,1.5,1.5,1.2,1.2,1.2,1.2,1.2,1.2,1.5,1.5,1.5,1.2,1.2,1.2,1.2,1.2,1.2,2.201
696.2619023323059,0.4991490840911865,2048,23.750381469726562,3921.448429334565,86.23019392806319,7,1.5,1.5,1.5,1.5,1.5,1.2,1.2,1.2,1.2,1.2,1.2,1.5,1.5,1.5,1.2,1.2,1.2,1.2,1.2,1.2,2.201
696.7624135017395,0.49914026260375977,2368,28.060699462890625,4430.043968695416,84.3884880037151,7,1.5,1.5,1.5,1.5,1.5,1.2,1.2,1.2,1.2,1.2,1.2,1.5,1.5,1.5,1.2,1.2,1.2,1.2,1.2,1.2,2.201
697.2629251480103,0.4992332458496094,1600,23.796157836914062,3044.483448350972,67.23774531021061,7,1.5,1.5,1.5,1.5,1.5,1.2,1.2,1.2,1.2,1.2,1.2,1.5,1.5,1.5,1.2,1.2,1.2,1.2,1.2,1.2,2.201
697.7634346485138,0.4991433620452881,1824,23.596466064453125,4757.585868920822,77.29971068624396,7,1.5,1.5,1.5,1.5,1.5,1.2,1.2,1.2,1.2,1.2,1.2,1.5,1.5,1.5,1.2,1.2,1.2,1.2,1.2,1.2,2.201
698.2639427185059,0.4991934299468994,2240,23.954055786132812,3661.96512474801,93.51234797143427,7,1.5,1.5,1.5,1.5,1.5,1.2,1.2,1.2,1.2,1.2,1.2,1.5,1.5,1.5,1.2,1.2,1.2,1.2,1.2,1.2,2.201
698.7644531726837,0.4991579055786133,1920,27.552047729492188,4125.361803258361,69.68629042932439,7,1.5,1.5,1.5,1.5,1.5,1.2,1.2,1.2,1.2,1.2,1.2,1.5,1.5,1.5,1.2,1.2,1.2,1.2,1.2,1.2,2.201
699.2649624347687,0.49916696548461914,1824,23.96826171875,3597.132048277027,76.1006376433679,7,1.5,1.5,1.5,1.5,1.5,1.2,1.2,1.2,1.2,1.2,1.2,1.5,1.5,1.5,1.2,1.2,1.2,1.2,1.2,1.2,2.201
699.7654719352722,0.49915075302124023,2144,23.85430908203125,4001.902224686193,89.87893938269679,7,1.5,1.5,1.5,1.5,1.5,1.2,1.2,1.2,1.2,1.2,1.2,1.5,1.5,1.5,1.2,1.2,1.2,1.2,1.2,1.2,2.201
700.2659833431244,0.49912428855895996,1728,26.53045654296875,4122.639238958876,65.13268994076034,7,1.5,1.5,1.5,1.5,1.5,1.2,1.2,1.2,1.2,1.2,1.2,1.5,1.5,1.5,1.2,1.2,1.2,1.2,1.2,1.2,2.201
700.7664935588837,0.4990983009338379,1760,24.033065795898438,3506.697596130845,73.23243796471307,7,1.5,1.5,1.5,1.5,1.5,1.2,1.2,1.2,1.2,1.2,1.2,1.5,1.5,1.5,1.2,1.2,1.2,1.2,1.2,1.2,2.201
701.2670183181763,0.4775846004486084,1952,25.191390991210938,3747.6610429449115,77.4867890654008,7,1.6,1.6,1.6,1.6,1.6,1.2,1.2,1.2,1.2,1.2,1.2,1.6,1.6,1.6,1.2,1.2,1.2,1.2,1.2,1.2,2.201
701.7675294876099,0.4990549087524414,2624,22.985443115234375,4843.263116844798,114.15920880206376,7,1.6,1.6,1.6,1.6,1.6,1.2,1.2,1.2,1.2,1.2,1.2,1.6,1.6,1.6,1.2,1.2,1.2,1.2,1.2,1.2,2.201
702.2680718898773,0.49918127059936523,1568,23.844970703125,3362.098158912939,65.75810134228875,7,1.6,1.6,1.6,1.6,1.6,1.2,1.2,1.2,1.2,1.2,1.2,1.6,1.6,1.6,1.2,1.2,1.2,1.2,1.2,1.2,2.201
702.7686128616333,0.49903082847595215,2112,24.176437377929688,4398.543310842835,87.35778423366934,7,1.6,1.6,1.6,1.6,1.6,1.2,1.2,1.2,1.2,1.2,1.2,1.6,1.6,1.6,1.2,1.2,1.2,1.2,1.2,1.2,2.201
703.2691261768341,0.49912405014038086,2336,24.237380981445312,4484.314752849959,96.38005037707258,7,1.6,1.6,1.6,1.6,1.6,1.2,1.2,1.2,1.2,1.2,1.2,1.6,1.6,1.6,1.2,1.2,1.2,1.2,1.2,1.2,2.201
703.7696714401245,0.4991483688354492,2176,24.733856201171875,4041.03577620477,87.9765768144517,7,1.6,1.6,1.6,1.6,1.6,1.2,1.2,1.2,1.2,1.2,1.2,1.6,1.6,1.6,1.2,1.2,1.2,1.2,1.2,1.2,2.201
704.2702152729034,0.49906039237976074,1952,24.745040893554688,4461.485172126352,78.88449279178339,7,1.6,1.6,1.6,1.6,1.6,1.2,1.2,1.2,1.2,1.2,1.2,1.6,1.6,1.6,1.2,1.2,1.2,1.2,1.2,1.2,2.201
704.7707753181458,0.49909234046936035,2272,24.894073486328125,4224.646068864825,91.26670254459508,7,1.6,1.6,1.6,1.6,1.6,1.2,1.2,1.2,1.2,1.2,1.2,1.6,1.6,1.6,1.2,1.2,1.2,1.2,1.2,1.2,2.201
705.2712924480438,0.49906396865844727,2080,24.223678588867188,4193.754940069313,85.86639689629693,7,1.6,1.6,1.6,1.6,1.6,1.2,1.2,1.2,1.2,1.2,1.2,1.6,1.6,1.6,1.2,1.2,1.2,1.2,1.2,1.2,2.201
705.7718396186829,0.4991297721862793,1984,24.0875244140625,3911.728690368301,82.36628911693906,7,1.6,1.6,1.6,1.6,1.6,1.2,1.2,1.2,1.2,1.2,1.2,1.6,1.6,1.6,1.2,1.2,1.2,1.2,1.2,1.2,2.201
706.2723512649536,0.4991428852081299,2176,26.405059814453125,4135.800950793269,82.40844805088987,7,1.6,1.6,1.6,1.6,1.6,1.2,1.2,1.2,1.2,1.2,1.2,1.6,1.6,1.6,1.2,1.2,1.2,1.2,1.2,1.2,2.201
706.7728915214539,0.4991309642791748,1952,24.651947021484375,3980.7149655011035,79.1823866203678,7,1.6,1.6,1.6,1.6,1.6,1.2,1.2,1.2,1.2,1.2,1.2,1.6,1.6,1.6,1.2,1.2,1.2,1.2,1.2,1.2,2.201
707.2734022140503,0.49910831451416016,2176,24.48468017578125,4248.293737041892,88.87189803493395,7,1.6,1.6,1.6,1.6,1.6,1.2,1.2,1.2,1.2,1.2,1.2,1.6,1.6,1.6,1.2,1.2,1.2,1.2,1.2,1.2,2.201
707.7739446163177,0.4991915225982666,1760,24.493484497070312,4509.0114961604595,71.85584395762535,7,1.6,1.6,1.6,1.6,1.6,1.2,1.2,1.2,1.2,1.2,1.2,1.6,1.6,1.6,1.2,1.2,1.2,1.2,1.2,1.2,2.201
708.2744989395142,0.49904823303222656,2464,24.306442260742188,4017.5003862211006,101.37230177777415,7,1.6,1.6,1.6,1.6,1.6,1.2,1.2,1.2,1.2,1.2,1.2,1.6,1.6,1.6,1.2,1.2,1.2,1.2,1.2,1.2,2.201
708.7750089168549,0.499042272567749,1888,24.404937744140625,4212.559327282875,77.36139382094058,7,1.6,1.6,1.6,1.6,1.6,1.2,1.2,1.2,1.2,1.2,1.2,1.6,1.6,1.6,1.2,1.2,1.2,1.2,1.2,1.2,2.201
709.2755200862885,0.49917173385620117,1696,24.427139282226562,4480.862602352497,69.43097103613877,7,1.6,1.6,1.6,1.6,1.6,1.2,1.2,1.2,1.2,1.2,1.2,1.6,1.6,1.6,1.2,1.2,1.2,1.2,1.2,1.2,2.201
709.7760303020477,0.49913716316223145,2336,24.042755126953125,3869.9634740510123,97.16024588967458,7,1.6,1.6,1.6,1.6,1.6,1.2,1.2,1.2,1.2,1.2,1.2,1.6,1.6,1.6,1.2,1.2,1.2,1.2,1.2,1.2,2.201
710.2765419483185,0.4991445541381836,1984,24.681594848632812,4119.779965531835,80.3837844421103,7,1.6,1.6,1.6,1.6,1.6,1.2,1.2,1.2,1.2,1.2,1.2,1.6,1.6,1.6,1.2,1.2,1.2,1.2,1.2,1.2,2.201
710.7770512104034,0.49911975860595703,1408,24.94610595703125,3725.9586529252674,56.441674801880026,7,1.6,1.6,1.6,1.6,1.6,1.2,1.2,1.2,1.2,1.2,1.2,1.6,1.6,1.6,1.2,1.2,1.2,1.2,1.2,1.2,2.201
711.2775726318359,0.4781355857849121,2368,29.446731567382812,4545.958877363811,80.41639509571095,7,1.7,1.7,1.7,1.7,1.7,1.2,1.2,1.2,1.2,1.2,1.2,1.7,1.7,1.7,1.2,1.2,1.2,1.2,1.2,1.2,2.201
711.7780847549438,0.49903440475463867,1856,24.036712646484375,3932.135609634048,77.21521770871026,7,1.7,1.7,1.7,1.7,1.7,1.2,1.2,1.2,1.2,1.2,1.2,1.7,1.7,1.7,1.2,1.2,1.2,1.2,1.2,1.2,2.201
712.2785985469818,0.4991636276245117,3136,25.229354858398438,4480.016670289081,124.29965084723825,7,1.7,1.7,1.7,1.7,1.7,1.2,1.2,1.2,1.2,1.2,1.2,1.7,1.7,1.7,1.2,1.2,1.2,1.2,1.2,1.2,2.201
712.7791414260864,0.49914002418518066,2304,25.146453857421875,4500.004689352293,91.6232568243408,7,1.7,1.7,1.7,1.7,1.7,1.2,1.2,1.2,1.2,1.2,1.2,1.7,1.7,1.7,1.2,1.2,1.2,1.2,1.2,1.2,2.201
713.2796533107758,0.49912238121032715,1632,24.994537353515625,3854.126463760643,65.29426717996242,7,1.7,1.7,1.7,1.7,1.7,1.2,1.2,1.2,1.2,1.2,1.2,1.7,1.7,1.7,1.2,1.2,1.2,1.2,1.2,1.2,2.201
713.7801637649536,0.4991445541381836,1952,25.020462036132812,4141.298532951469,78.01614523269224,7,1.7,1.7,1.7,1.7,1.7,1.2,1.2,1.2,1.2,1.2,1.2,1.7,1.7,1.7,1.2,1.2,1.2,1.2,1.2,1.2,2.201
714.2806780338287,0.4992079734802246,2592,25.174774169921875,4583.219402686934,102.96020860027615,7,1.7,1.7,1.7,1.7,1.7,1.2,1.2,1.2,1.2,1.2,1.2,1.7,1.7,1.7,1.2,1.2,1.2,1.2,1.2,1.2,2.201
714.781192779541,0.49915575981140137,2112,26.779205322265625,4451.624139737196,78.86716482374379,7,1.7,1.7,1.7,1.7,1.7,1.2,1.2,1.2,1.2,1.2,1.2,1.7,1.7,1.7,1.2,1.2,1.2,1.2,1.2,1.2,2.201
715.2817106246948,0.49917173385620117,2048,26.753265380859375,4340.698915943328,76.55140300986368,7,1.7,1.7,1.7,1.7,1.7,1.2,1.2,1.2,1.2,1.2,1.2,1.7,1.7,1.7,1.2,1.2,1.2,1.2,1.2,1.2,2.201
715.7822299003601,0.49918293952941895,2816,24.870773315429688,4651.303527069489,113.22526904513136,7,1.7,1.7,1.7,1.7,1.7,1.2,1.2,1.2,1.2,1.2,1.2,1.7,1.7,1.7,1.2,1.2,1.2,1.2,1.2,1.2,2.201
716.282749414444,0.4991281032562256,2016,24.548782348632812,4165.3028641254905,82.12219943822494,7,1.7,1.7,1.7,1.7,1.7,1.2,1.2,1.2,1.2,1.2,1.2,1.7,1.7,1.7,1.2,1.2,1.2,1.2,1.2,1.2,2.201
716.7832615375519,0.49916529655456543,1792,25.9915771484375,3547.1703819105437,68.94541219126162,7,1.7,1.7,1.7,1.7,1.7,1.2,1.2,1.2,1.2,1.2,1.2,1.7,1.7,1.7,1.2,1.2,1.2,1.2,1.2,1.2,2.201
717.2837738990784,0.49920010566711426,2336,25.052093505859375,4919.75961538982,93.24570018284653,7,1.7,1.7,1.7,1.7,1.7,1.2,1.2,1.2,1.2,1.2,1.2,1.7,1.7,1.7,1.2,1.2,1.2,1.2,1.2,1.2,2.201
717.7842879295349,0.49918580055236816,1760,24.943649291992188,3880.3573164861655,70.55904207910041,7,1.7,1.7,1.7,1.7,1.7,1.2,1.2,1.2,1.2,1.2,1.2,1.7,1.7,1.7,1.2,1.2,1.2,1.2,1.2,1.2,2.201
718.2848024368286,0.49913573265075684,2464,25.173934936523438,4827.389072485607,97.87901677719529,7,1.7,1.7,1.7,1.7,1.7,1.2,1.2,1.2,1.2,1.2,1.2,1.7,1.7,1.7,1.2,1.2,1.2,1.2,1.2,1.2,2.201
718.7853465080261,0.4991326332092285,1984,26.92779541015625,4239.3091413267,73.6785158153609,7,1.7,1.7,1.7,1.7,1.7,1.2,1.2,1.2,1.2,1.2,1.2,1.7,1.7,1.7,1.2,1.2,1.2,1.2,1.2,1.2,2.201
719.2858626842499,0.49910426139831543,1920,26.21990966796875,4067.7878689299678,73.22679690027864,7,1.7,1.7,1.7,1.7,1.7,1.2,1.2,1.2,1.2,1.2,1.2,1.7,1.7,1.7,1.2,1.2,1.2,1.2,1.2,1.2,2.201
719.7863776683807,0.49912142753601074,2336,24.471832275390625,4181.835596364143,95.45668561765721,7,1.7,1.7,1.7,1.7,1.7,1.2,1.2,1.2,1.2,1.2,1.2,1.7,1.7,1.7,1.2,1.2,1.2,1.2,1.2,1.2,2.201
720.2868931293488,0.49909162521362305,1984,25.02264404296875,4494.890444125679,79.28818379836622,7,1.7,1.7,1.7,1.7,1.7,1.2,1.2,1.2,1.2,1.2,1.2,1.7,1.7,1.7,1.2,1.2,1.2,1.2,1.2,1.2,2.201
720.7874081134796,0.49912571907043457,2848,25.16302490234375,4449.993960602489,113.1819410048245,7,1.7,1.7,1.7,1.7,1.7,1.2,1.2,1.2,1.2,1.2,1.2,1.7,1.7,1.7,1.2,1.2,1.2,1.2,1.2,1.2,2.201
721.2879042625427,0.4780299663543701,2080,26.436767578125,4444.416430933262,78.67830262732603,7,1.8,1.8,1.8,1.8,1.8,1.2,1.2,1.2,1.2,1.2,1.2,1.8,1.8,1.8,1.2,1.2,1.2,1.2,1.2,1.2,2.201
721.7884199619293,0.4991171360015869,1792,24.743942260742188,4275.428615855642,72.42176614852194,7,1.8,1.8,1.8,1.8,1.8,1.2,1.2,1.2,1.2,1.2,1.2,1.8,1.8,1.8,1.2,1.2,1.2,1.2,1.2,1.2,2.201
722.2889361381531,0.49916529655456543,2656,26.231094360351562,4837.593680439808,101.2538769261018,7,1.8,1.8,1.8,1.8,1.8,1.2,1.2,1.2,1.2,1.2,1.2,1.8,1.8,1.8,1.2,1.2,1.2,1.2,1.2,1.2,2.201
722.7894511222839,0.49912309646606445,2304,26.124160766601562,4186.318344233101,88.19422069035608,7,1.8,1.8,1.8,1.8,1.8,1.2,1.2,1.2,1.2,1.2,1.2,1.8,1.8,1.8,1.2,1.2,1.2,1.2,1.2,1.2,2.201
723.2899672985077,0.4990994930267334,2592,26.0279541015625,5048.101707163984,99.58523785180634,7,1.8,1.8,1.8,1.8,1.8,1.2,1.2,1.2,1.2,1.2,1.2,1.8,1.8,1.8,1.2,1.2,1.2,1.2,1.2,1.2,2.201
723.79048204422,0.4990980625152588,1760,26.678665161132812,4489.792057016507,65.97031708183364,7,1.8,1.8,1.8,1.8,1.8,1.2,1.2,1.2,1.2,1.2,1.2,1.8,1.8,1.8,1.2,1.2,1.2,1.2,1.2,1.2,2.201
724.2909934520721,0.49918079376220703,2432,26.389480590820312,4857.876328241496,92.15793359896523,7,1.8,1.8,1.8,1.8,1.8,1.2,1.2,1.2,1.2,1.2,1.2,1.8,1.8,1.8,1.2,1.2,1.2,1.2,1.2,1.2,2.201
724.791510105133,0.49918222427368164,2944,29.6534423828125,4753.2199412910495,99.28021043878462,7,1.8,1.8,1.8,1.8,1.8,1.2,1.2,1.2,1.2,1.2,1.2,1.8,1.8,1.8,1.2,1.2,1.2,1.2,1.2,1.2,2.201
725.2920253276825,0.4991452693939209,1888,25.693267822265625,4370.298529901515,73.48228388309062,7,1.8,1.8,1.8,1.8,1.8,1.2,1.2,1.2,1.2,1.2,1.2,1.8,1.8,1.8,1.2,1.2,1.2,1.2,1.2,1.2,2.201
725.7925448417664,0.49909090995788574,1984,25.836517333984375,4635.578783757543,76.79053544071598,7,1.8,1.8,1.8,1.8,1.8,1.2,1.2,1.2,1.2,1.2,1.2,1.8,1.8,1.8,1.2,1.2,1.2,1.2,1.2,1.2,2.201
726.2930588722229,0.49913501739501953,2336,25.672164916992188,4786.903298782573,90.99349460994704,7,1.8,1.8,1.8,1.8,1.8,1.2,1.2,1.2,1.2,1.2,1.2,1.8,1.8,1.8,1.2,1.2,1.2,1.2,1.2,1.2,2.201
726.7935769557953,0.49917006492614746,2496,25.9429931640625,4077.475392407316,96.21094930008235,7,1.8,1.8,1.8,1.8,1.8,1.2,1.2,1.2,1.2,1.2,1.2,1.8,1.8,1.8,1.2,1.2,1.2,1.2,1.2,1.2,2.201
727.2940900325775,0.4991300106048584,2464,25.880935668945312,5551.332224412503,95.2052132704216,7,1.8,1.8,1.8,1.8,1.8,1.2,1.2,1.2,1.2,1.2,1.2,1.8,1.8,1.8,1.2,1.2,1.2,1.2,1.2,1.2,2.201
727.7946054935455,0.49915218353271484,1632,29.801864624023438,3772.9031423822794,54.76167416331515,7,1.8,1.8,1.8,1.8,1.8,1.2,1.2,1.2,1.2,1.2,1.2,1.8,1.8,1.8,1.2,1.2,1.2,1.2,1.2,1.2,2.201
728.2951200008392,0.49915456771850586,3456,26.52178955078125,5209.18553775461,130.3079489935172,7,1.8,1.8,1.8,1.8,1.8,1.2,1.2,1.2,1.2,1.2,1.2,1.8,1.8,1.8,1.2,1.2,1.2,1.2,1.2,1.2,2.201
728.7956359386444,0.49916958808898926,1696,26.207550048828125,3907.40946865122,64.7141757562278,7,1.8,1.8,1.8,1.8,1.8,1.2,1.2,1.2,1.2,1.2,1.2,1.8,1.8,1.8,1.2,1.2,1.2,1.2,1.2,1.2,2.201
729.296151638031,0.49915385246276855,2912,26.090103149414062,5144.329338300903,111.61320380082124,7,1.8,1.8,1.8,1.8,1.8,1.2,1.2,1.2,1.2,1.2,1.2,1.8,1.8,1.8,1.2,1.2,1.2,1.2,1.2,1.2,2.201
729.7966685295105,0.49918079376220703,1760,26.23980712890625,4594.480509294822,67.07366374126858,7,1.8,1.8,1.8,1.8,1.8,1.2,1.2,1.2,1.2,1.2,1.2,1.8,1.8,1.8,1.2,1.2,1.2,1.2,1.2,1.2,2.201
730.2971832752228,0.4991607666015625,2944,25.815658569335938,4867.550988980354,114.03931424383295,7,1.8,1.8,1.8,1.8,1.8,1.2,1.2,1.2,1.2,1.2,1.2,1.8,1.8,1.8,1.2,1.2,1.2,1.2,1.2,1.2,2.201
730.797700881958,0.4991490840911865,1952,26.189498901367188,4737.852623328506,74.53369029134416,7,1.8,1.8,1.8,1.8,1.8,1.2,1.2,1.2,1.2,1.2,1.2,1.8,1.8,1.8,1.2,1.2,1.2,1.2,1.2,1.2,2.201
731.298225402832,0.4769093990325928,2464,26.661651611328125,4515.585375299432,92.41738043539225,7,1.9,1.9,1.9,1.9,1.9,1.2,1.2,1.2,1.2,1.2,1.2,1.9,1.9,1.9,1.2,1.2,1.2,1.2,1.2,1.2,2.201
731.7987415790558,0.49904441833496094,2560,25.4952392578125,4685.756735385514,100.41090315383252,7,1.9,1.9,1.9,1.9,1.9,1.2,1.2,1.2,1.2,1.2,1.2,1.9,1.9,1.9,1.2,1.2,1.2,1.2,1.2,1.2,2.201
732.2992570400238,0.49912238121032715,2144,27.079010009765625,4917.454860907991,79.17571577494154,7,1.9,1.9,1.9,1.9,1.9,1.2,1.2,1.2,1.2,1.2,1.2,1.9,1.9,1.9,1.2,1.2,1.2,1.2,1.2,1.2,2.201
732.7997732162476,0.4991602897644043,2176,27.374374389648438,4945.466913769459,79.49040109653976,7,1.9,1.9,1.9,1.9,1.9,1.2,1.2,1.2,1.2,1.2,1.2,1.9,1.9,1.9,1.2,1.2,1.2,1.2,1.2,1.2,2.201
733.300288438797,0.49916934967041016,2976,26.888931274414062,5061.195787399098,110.67751148710725,7,1.9,1.9,1.9,1.9,1.9,1.2,1.2,1.2,1.2,1.2,1.2,1.9,1.9,1.9,1.2,1.2,1.2,1.2,1.2,1.2,2.201
733.8008050918579,0.49919891357421875,2624,27.253646850585938,4842.949089502326,96.28069279629582,7,1.9,1.9,1.9,1.9,1.9,1.2,1.2,1.2,1.2,1.2,1.2,1.9,1.9,1.9,1.2,1.2,1.2,1.2,1.2,1.2,2.201
734.3013205528259,0.49912452697753906,2272,27.10302734375,4821.29294111694,83.82827391139857,7,1.9,1.9,1.9,1.9,1.9,1.2,1.2,1.2,1.2,1.2,1.2,1.9,1.9,1.9,1.2,1.2,1.2,1.2,1.2,1.2,2.201
734.8018381595612,0.49914026260375977,2304,27.18865966796875,5249.087897400632,84.74121299603331,7,1.9,1.9,1.9,1.9,1.9,1.2,1.2,1.2,1.2,1.2,1.2,1.9,1.9,1.9,1.2,1.2,1.2,1.2,1.2,1.2,2.201
735.3023579120636,0.4991154670715332,2624,27.40374755859375,4383.077844425192,95.75332696338168,7,1.9,1.9,1.9,1.9,1.9,1.2,1.2,1.2,1.2,1.2,1.2,1.9,1.9,1.9,1.2,1.2,1.2,1.2,1.2,1.2,2.201
735.8028736114502,0.4991321563720703,2624,27.641494750976562,5638.922741196739,94.92974325881184,7,1.9,1.9,1.9,1.9,1.9,1.2,1.2,1.2,1.2,1.2,1.2,1.9,1.9,1.9,1.2,1.2,1.2,1.2,1.2,1.2,2.201
736.303391456604,0.4992094039916992,1920,27.1796875,5161.260842535682,70.64098878988214,7,1.9,1.9,1.9,1.9,1.9,1.2,1.2,1.2,1.2,1.2,1.2,1.9,1.9,1.9,1.2,1.2,1.2,1.2,1.2,1.2,2.201
736.8039093017578,0.4991271495819092,3136,26.7047119140625,4869.515723335353,117.43245948849221,7,1.9,1.9,1.9,1.9,1.9,1.2,1.2,1.2,1.2,1.2,1.2,1.9,1.9,1.9,1.2,1.2,1.2,1.2,1.2,1.2,2.201
737.3044557571411,0.4991648197174072,2176,27.395706176757812,4829.923336505224,79.42850554610241,7,1.9,1.9,1.9,1.9,1.9,1.2,1.2,1.2,1.2,1.2,1.2,1.9,1.9,1.9,1.2,1.2,1.2,1.2,1.2,1.2,2.201
737.8049716949463,0.4991312026977539,2912,26.739669799804688,5223.61469228983,108.90186834024666,7,1.9,1.9,1.9,1.9,1.9,1.2,1.2,1.2,1.2,1.2,1.2,1.9,1.9,1.9,1.2,1.2,1.2,1.2,1.2,1.2,2.201
738.305490732193,0.4991483688354492,2368,26.711471557617188,4791.983305111446,88.65104997649328,7,1.9,1.9,1.9,1.9,1.9,1.2,1.2,1.2,1.2,1.2,1.2,1.9,1.9,1.9,1.2,1.2,1.2,1.2,1.2,1.2,2.201
738.8060059547424,0.4991283416748047,1760,27.331954956054688,4974.024540220469,64.393491165553,7,1.9,1.9,1.9,1.9,1.9,1.2,1.2,1.2,1.2,1.2,1.2,1.9,1.9,1.9,1.2,1.2,1.2,1.2,1.2,1.2,2.201
739.306524515152,0.4991910457611084,3136,27.23211669921875,4962.016620689523,115.15814340241747,7,1.9,1.9,1.9,1.9,1.9,1.2,1.2,1.2,1.2,1.2,1.2,1.9,1.9,1.9,1.2,1.2,1.2,1.2,1.2,1.2,2.201
739.8070411682129,0.49916815757751465,2432,30.06610107421875,4959.238848670024,80.88843957507363,7,1.9,1.9,1.9,1.9,1.9,1.2,1.2,1.2,1.2,1.2,1.2,1.9,1.9,1.9,1.2,1.2,1.2,1.2,1.2,1.2,2.201
740.3075571060181,0.4991424083709717,2144,26.946273803710938,4183.767402729489,79.56573200502166,7,1.9,1.9,1.9,1.9,1.9,1.2,1.2,1.2,1.2,1.2,1.2,1.9,1.9,1.9,1.2,1.2,1.2,1.2,1.2,1.2,2.201
740.8080761432648,0.49915051460266113,2464,28.252166748046875,5535.274828703403,87.21454966530456,7,1.9,1.9,1.9,1.9,1.9,1.2,1.2,1.2,1.2,1.2,1.2,1.9,1.9,1.9,1.2,1.2,1.2,1.2,1.2,1.2,2.201
741.3085715770721,0.4770848751068115,2400,28.52581787109375,5002.290477540745,84.13430986783406,7,2.0,2.0,2.0,2.0,2.0,1.2,1.2,1.2,1.2,1.2,1.2,2.0,2.0,2.0,1.2,1.2,1.2,1.2,1.2,1.2,2.201
741.8090896606445,0.49918150901794434,2720,29.9168701171875,5072.563976702293,90.91860175698449,7,2.0,2.0,2.0,2.0,2.0,1.2,1.2,1.2,1.2,1.2,1.2,2.0,2.0,2.0,1.2,1.2,1.2,1.2,1.2,1.2,2.201
742.3096067905426,0.49912428855895996,3104,28.113662719726562,5388.828852445145,110.40895065665033,7,2.0,2.0,2.0,2.0,2.0,1.2,1.2,1.2,1.2,1.2,1.2,2.0,2.0,2.0,1.2,1.2,1.2,1.2,1.2,1.2,2.201
742.8101661205292,0.49913501739501953,1664,27.60247802734375,4487.607705774795,60.28444251822598,7,2.0,2.0,2.0,2.0,2.0,1.2,1.2,1.2,1.2,1.2,1.2,2.0,2.0,2.0,1.2,1.2,1.2,1.2,1.2,1.2,2.201
743.3106820583344,0.49909210205078125,3232,27.294540405273438,5270.755672817466,118.41195902223589,7,2.0,2.0,2.0,2.0,2.0,1.2,1.2,1.2,1.2,1.2,1.2,2.0,2.0,2.0,1.2,1.2,1.2,1.2,1.2,1.2,2.201
743.8111975193024,0.49907398223876953,2304,27.619720458984375,5592.181579323202,83.41865745605458,7,2.0,2.0,2.0,2.0,2.0,1.2,1.2,1.2,1.2,1.2,1.2,2.0,2.0,2.0,1.2,1.2,1.2,1.2,1.2,1.2,2.201
744.3117139339447,0.4991343021392822,3104,27.72967529296875,5243.17703126011,111.93784157966908,7,2.0,2.0,2.0,2.0,2.0,1.2,1.2,1.2,1.2,1.2,1.2,2.0,2.0,2.0,1.2,1.2,1.2,1.2,1.2,1.2,2.201
744.8122298717499,0.4991774559020996,2368,27.944351196289062,5221.398357189241,84.7398453936717,7,2.0,2.0,2.0,2.0,2.0,1.2,1.2,1.2,1.2,1.2,1.2,2.0,2.0,2.0,1.2,1.2,1.2,1.2,1.2,1.2,2.201
745.3127474784851,0.49916553497314453,2720,27.397415161132812,5127.495626883231,99.27943873547285,7,2.0,2.0,2.0,2.0,2.0,1.2,1.2,1.2,1.2,1.2,1.2,2.0,2.0,2.0,1.2,1.2,1.2,1.2,1.2,1.2,2.201
745.8132655620575,0.49910640716552734,2336,27.5032958984375,5230.381755556843,84.93527498036013,7,2.0,2.0,2.0,2.0,2.0,1.2,1.2,1.2,1.2,1.2,1.2,2.0,2.0,2.0,1.2,1.2,1.2,1.2,1.2,1.2,2.201
746.3137843608856,0.4991164207458496,2944,27.851470947265625,5214.621836033282,105.70357327173893,7,2.0,2.0,2.0,2.0,2.0,1.2,1.2,1.2,1.2,1.2,1.2,2.0,2.0,2.0,1.2,1.2,1.2,1.2,1.2,1.2,2.201
746.8143217563629,0.49910402297973633,1952,27.7166748046875,5350.712989155087,70.42691858800731,7,2.0,2.0,2.0,2.0,2.0,1.2,1.2,1.2,1.2,1.2,1.2,2.0,2.0,2.0,1.2,1.2,1.2,1.2,1.2,1.2,2.201
747.314840555191,0.4991323947906494,2560,29.638595581054688,4645.358814248803,86.37386319466432,7,2.0,2.0,2.0,2.0,2.0,1.2,1.2,1.2,1.2,1.2,1.2,2.0,2.0,2.0,1.2,1.2,1.2,1.2,1.2,1.2,2.201
747.8153567314148,0.4991276264190674,3008,27.331893920898438,5045.010424832166,110.05457611922134,7,2.0,2.0,2.0,2.0,2.0,1.2,1.2,1.2,1.2,1.2,1.2,2.0,2.0,2.0,1.2,1.2,1.2,1.2,1.2,1.2,2.201
748.3158762454987,0.49916768074035645,2400,27.953643798828125,5872.586806723315,85.8564277799309,7,2.0,2.0,2.0,2.0,2.0,1.2,1.2,1.2,1.2,1.2,1.2,2.0,2.0,2.0,1.2,1.2,1.2,1.2,1.2,1.2,2.201
748.8163928985596,0.49910879135131836,2880,27.375579833984375,5007.467599374145,105.2032511262002,7,2.0,2.0,2.0,2.0,2.0,1.2,1.2,1.2,1.2,1.2,1.2,2.0,2.0,2.0,1.2,1.2,1.2,1.2,1.2,1.2,2.201
749.3169097900391,0.4991774559020996,2880,27.325973510742188,5515.084843201407,105.39423229945807,7,2.0,2.0,2.0,2.0,2.0,1.2,1.2,1.2,1.2,1.2,1.2,2.0,2.0,2.0,1.2,1.2,1.2,1.2,1.2,1.2,2.201
749.8174276351929,0.49916720390319824,2048,27.65313720703125,5143.963249632112,74.06031310904079,7,2.0,2.0,2.0,2.0,2.0,1.2,1.2,1.2,1.2,1.2,1.2,2.0,2.0,2.0,1.2,1.2,1.2,1.2,1.2,1.2,2.201
750.317946434021,0.49915361404418945,2912,27.337997436523438,5098.055947075281,106.51840928588213,7,2.0,2.0,2.0,2.0,2.0,1.2,1.2,1.2,1.2,1.2,1.2,2.0,2.0,2.0,1.2,1.2,1.2,1.2,1.2,1.2,2.201
750.8184645175934,0.4991440773010254,2656,27.683273315429688,5214.782561111219,95.94241149653493,7,2.0,2.0,2.0,2.0,2.0,1.2,1.2,1.2,1.2,1.2,1.2,2.0,2.0,2.0,1.2,1.2,1.2,1.2,1.2,1.2,2.201
751.3189632892609,0.47762250900268555,2592,31.050765991210938,5270.942211574924,83.47620154471157,7,2.1,2.1,2.1,2.1,2.1,1.2,1.2,1.2,1.2,1.2,1.2,2.1,2.1,2.1,1.2,1.2,1.2,1.2,1.2,1.2,2.201
751.8194813728333,0.49913859367370605,2752,29.160186767578125,5107.700157485221,94.37525287251667,7,2.1,2.1,2.1,2.1,2.1,1.2,1.2,1.2,1.2,1.2,1.2,2.1,2.1,2.1,1.2,1.2,1.2,1.2,1.2,1.2,2.201
752.3199994564056,0.49915027618408203,1696,27.870437622070312,5342.513603974794,60.85300930678444,7,2.1,2.1,2.1,2.1,2.1,1.2,1.2,1.2,1.2,1.2,1.2,2.1,2.1,2.1,1.2,1.2,1.2,1.2,1.2,1.2,2.201
752.8205194473267,0.4991140365600586,3360,29.66937255859375,5490.192028757832,113.24809762540038,7,2.1,2.1,2.1,2.1,2.1,1.2,1.2,1.2,1.2,1.2,1.2,2.1,2.1,2.1,1.2,1.2,1.2,1.2,1.2,1.2,2.201
753.3210382461548,0.4991316795349121,2656,28.082199096679688,5081.911003728885,94.5794875556606,7,2.1,2.1,2.1,2.1,2.1,1.2,1.2,1.2,1.2,1.2,1.2,2.1,2.1,2.1,1.2,1.2,1.2,1.2,1.2,1.2,2.201
753.8215556144714,0.4990966320037842,2656,28.182769775390625,5688.361134001541,94.24197909458978,7,2.1,2.1,2.1,2.1,2.1,1.2,1.2,1.2,1.2,1.2,1.2,2.1,2.1,2.1,1.2,1.2,1.2,1.2,1.2,1.2,2.201
754.3220744132996,0.4991118907928467,2752,28.285003662109375,5391.363041739197,97.29537365012197,7,2.1,2.1,2.1,2.1,2.1,1.2,1.2,1.2,1.2,1.2,1.2,2.1,2.1,2.1,1.2,1.2,1.2,1.2,1.2,1.2,2.201
754.8225915431976,0.4991142749786377,2816,27.956192016601562,4996.934182464734,100.72902626823212,7,2.1,2.1,2.1,2.1,2.1,1.2,1.2,1.2,1.2,1.2,1.2,2.1,2.1,2.1,1.2,1.2,1.2,1.2,1.2,1.2,2.201
755.3231081962585,0.49916768074035645,2400,28.3988037109375,5549.752594151139,84.51060208130053,7,2.1,2.1,2.1,2.1,2.1,1.2,1.2,1.2,1.2,1.2,1.2,2.1,2.1,2.1,1.2,1.2,1.2,1.2,1.2,1.2,2.201
755.8236265182495,0.4991593360900879,3104,28.759689331054688,5388.876539059576,107.92884318984292,7,2.1,2.1,2.1,2.1,2.1,1.2,1.2,1.2,1.2,1.2,1.2,2.1,2.1,2.1,1.2,1.2,1.2,1.2,1.2,1.2,2.201
756.3241431713104,0.49913501739501953,2144,28.277359008789062,5183.323388653661,75.82037627112241,7,2.1,2.1,2.1,2.1,2.1,1.2,1.2,1.2,1.2,1.2,1.2,2.1,2.1,2.1,1.2,1.2,1.2,1.2,1.2,1.2,2.201
756.8246607780457,0.49918508529663086,2400,28.466567993164062,5022.70496785459,84.30942572973089,7,2.1,2.1,2.1,2.1,2.1,1.2,1.2,1.2,1.2,1.2,1.2,2.1,2.1,2.1,1.2,1.2,1.2,1.2,1.2,1.2,2.201
757.3251781463623,0.49916601181030273,3520,29.921340942382812,5784.403095758486,117.64178640182567,7,2.1,2.1,2.1,2.1,2.1,1.2,1.2,1.2,1.2,1.2,1.2,2.1,2.1,2.1,1.2,1.2,1.2,1.2,1.2,1.2,2.201
757.8256943225861,0.4991583824157715,2368,31.88702392578125,5394.742248362433,74.26218280864487,7,2.1,2.1,2.1,2.1,2.1,1.2,1.2,1.2,1.2,1.2,1.2,2.1,2.1,2.1,1.2,1.2,1.2,1.2,1.2,1.2,2.201
758.3262114524841,0.49915289878845215,2880,30.4132080078125,5570.051482570893,94.6956992915772,7,2.1,2.1,2.1,2.1,2.1,1.2,1.2,1.2,1.2,1.2,1.2,2.1,2.1,2.1,1.2,1.2,1.2,1.2,1.2,1.2,2.201
758.8267288208008,0.4991438388824463,2592,28.115936279296875,4874.271133037275,92.18970957437456,7,2.1,2.1,2.1,2.1,2.1,1.2,1.2,1.2,1.2,1.2,1.2,2.1,2.1,2.1,1.2,1.2,1.2,1.2,1.2,1.2,2.201
759.3272473812103,0.4991779327392578,2880,28.657394409179688,5847.972962083341,100.49762231968525,7,2.1,2.1,2.1,2.1,2.1,1.2,1.2,1.2,1.2,1.2,1.2,2.1,2.1,2.1,1.2,1.2,1.2,1.2,1.2,1.2,2.201
759.8277654647827,0.4991426467895508,2816,28.527114868164062,5467.363688488166,98.71310200887592,7,2.1,2.1,2.1,2.1,2.1,1.2,1.2,1.2,1.2,1.2,1.2,2.1,2.1,2.1,1.2,1.2,1.2,1.2,1.2,1.2,2.201
760.3282849788666,0.4991180896759033,2464,29.440841674804688,4919.069988636515,83.69325942568679,7,2.1,2.1,2.1,2.1,2.1,1.2,1.2,1.2,1.2,1.2,1.2,2.1,2.1,2.1,1.2,1.2,1.2,1.2,1.2,1.2,2.201
760.8288040161133,0.4991323947906494,2560,28.477737426757812,5748.024669610643,89.89478207614248,7,2.1,2.1,2.1,2.1,2.1,1.2,1.2,1.2,1.2,1.2,1.2,2.1,2.1,2.1,1.2,1.2,1.2,1.2,1.2,1.2,2.201
761.3293042182922,0.4766547679901123,2944,29.795211791992188,5467.8311858266525,98.80782256400119,7,2.2,2.2,2.2,2.2,2.2,1.2,1.2,1.2,1.2,1.2,1.2,2.2,2.2,2.2,1.2,1.2,1.2,1.2,1.2,1.2,2.201
761.8298227787018,0.49909424781799316,2720,27.715423583984375,5458.473863155014,98.14030053546713,7,2.2,2.2,2.2,2.2,2.2,1.2,1.2,1.2,1.2,1.2,1.2,2.2,2.2,2.2,1.2,1.2,1.2,1.2,1.2,1.2,2.201
762.3303394317627,0.4991626739501953,2336,28.95648193359375,5933.55719614857,80.67278357077966,7,2.2,2.2,2.2,2.2,2.2,1.2,1.2,1.2,1.2,1.2,1.2,2.2,2.2,2.2,1.2,1.2,1.2,1.2,1.2,1.2,2.201
762.8308553695679,0.4991908073425293,3200,32.727996826171875,5405.472345537641,97.77561446843666,7,2.2,2.2,2.2,2.2,2.2,1.2,1.2,1.2,1.2,1.2,1.2,2.2,2.2,2.2,1.2,1.2,1.2,1.2,1.2,1.2,2.201
763.3313722610474,0.4991626739501953,2816,34.47190856933594,5631.9697143275935,81.6897037869536,7,2.2,2.2,2.2,2.2,2.2,1.2,1.2,1.2,1.2,1.2,1.2,2.2,2.2,2.2,1.2,1.2,1.2,1.2,1.2,1.2,2.201
763.8318908214569,0.4991590976715088,2752,34.84043884277344,5296.054241517462,78.98867211228645,7,2.2,2.2,2.2,2.2,2.2,1.2,1.2,1.2,1.2,1.2,1.2,2.2,2.2,2.2,1.2,1.2,1.2,1.2,1.2,1.2,2.201
764.3324098587036,0.4991741180419922,2752,34.775604248046875,6251.132895617564,79.13593622617104,7,2.2,2.2,2.2,2.2,2.2,1.2,1.2,1.2,1.2,1.2,1.2,2.2,2.2,2.2,1.2,1.2,1.2,1.2,1.2,1.2,2.201
764.8329286575317,0.49915456771850586,2464,34.580535888671875,5480.720159368421,71.25395650121123,7,2.2,2.2,2.2,2.2,2.2,1.2,1.2,1.2,1.2,1.2,1.2,2.2,2.2,2.2,1.2,1.2,1.2,1.2,1.2,1.2,2.201
765.3334469795227,0.49916744232177734,3488,34.69206237792969,6156.554281279412,100.54173090092758,7,2.2,2.2,2.2,2.2,2.2,1.2,1.2,1.2,1.2,1.2,1.2,2.2,2.2,2.2,1.2,1.2,1.2,1.2,1.2,1.2,2.201
765.8339686393738,0.4991903305053711,2624,34.61053466796875,5248.975517612362,75.81506686253105,7,2.2,2.2,2.2,2.2,2.2,1.2,1.2,1.2,1.2,1.2,1.2,2.2,2.2,2.2,1.2,1.2,1.2,1.2,1.2,1.2,2.201
766.3344881534576,0.499082088470459,3200,34.17445373535156,5944.62414972088,93.63719533839334,7,2.2,2.2,2.2,2.2,2.2,1.2,1.2,1.2,1.2,1.2,1.2,2.2,2.2,2.2,1.2,1.2,1.2,1.2,1.2,1.2,2.201
766.8350071907043,0.4991612434387207,2848,34.579010009765625,5863.801818372646,82.3621034609054,7,2.2,2.2,2.2,2.2,2.2,1.2,1.2,1.2,1.2,1.2,1.2,2.2,2.2,2.2,1.2,1.2,1.2,1.2,1.2,1.2,2.201
767.3355267047882,0.49915075302124023,2912,34.48736572265625,5472.4307286980575,84.43671875138264,7,2.2,2.2,2.2,2.2,2.2,1.2,1.2,1.2,1.2,1.2,1.2,2.2,2.2,2.2,1.2,1.2,1.2,1.2,1.2,1.2,2.201
767.8360471725464,0.4991753101348877,2784,34.64717102050781,5658.761566546399,80.35288071144794,7,2.2,2.2,2.2,2.2,2.2,1.2,1.2,1.2,1.2,1.2,1.2,2.2,2.2,2.2,1.2,1.2,1.2,1.2,1.2,1.2,2.201
768.3365659713745,0.49915122985839844,2816,34.50018310546875,5543.340558314718,81.62275520078691,7,2.2,2.2,2.2,2.2,2.2,1.2,1.2,1.2,1.2,1.2,1.2,2.2,2.2,2.2,1.2,1.2,1.2,1.2,1.2,1.2,2.201
768.8370847702026,0.4991166591644287,2304,35.0377197265625,5999.986618321432,65.75770392538733,7,2.2,2.2,2.2,2.2,2.2,1.2,1.2,1.2,1.2,1.2,1.2,2.2,2.2,2.2,1.2,1.2,1.2,1.2,1.2,1.2,2.201
769.3376035690308,0.49915385246276855,3200,34.411163330078125,5635.544657199575,92.99307812714784,7,2.2,2.2,2.2,2.2,2.2,1.2,1.2,1.2,1.2,1.2,1.2,2.2,2.2,2.2,1.2,1.2,1.2,1.2,1.2,1.2,2.201
769.8381223678589,0.49913477897644043,3136,35.081024169921875,5764.0127711767645,89.39305719269096,7,2.2,2.2,2.2,2.2,2.2,1.2,1.2,1.2,1.2,1.2,1.2,2.2,2.2,2.2,1.2,1.2,1.2,1.2,1.2,1.2,2.201
770.3386468887329,0.49913644790649414,2496,35.782958984375,5626.145240592794,69.75387365505196,7,2.2,2.2,2.2,2.2,2.2,1.2,1.2,1.2,1.2,1.2,1.2,2.2,2.2,2.2,1.2,1.2,1.2,1.2,1.2,1.2,2.201
770.8391673564911,0.4990804195404053,2912,35.348297119140625,5389.076693057383,82.38020604458457,7,2.2,2.2,2.2,2.2,2.2,1.2,1.2,1.2,1.2,1.2,1.2,2.2,2.2,2.2,1.2,1.2,1.2,1.2,1.2,1.2,2.201
771.3396699428558,0.47715139389038086,3520,37.30474853515625,6329.617411019025,94.3579608017657,8,1.2,1.2,1.2,1.2,1.2,1.2,1.2,1.2,1.2,1.2,1.2,1.2,1.2,1.2,1.2,1.2,1.2,1.2,1.2,1.2,2.201
771.8401947021484,0.4990708827972412,1344,26.975753784179688,3349.3136942743454,49.82251879790687,8,1.2,1.2,1.2,1.2,1.2,1.2,1.2,1.2,1.2,1.2,1.2,1.2,1.2,1.2,1.2,1.2,1.2,1.2,1.2,1.2,2.201
772.3407196998596,0.49898624420166016,1376,22.210311889648438,3229.889815741983,61.95320474726483,8,1.2,1.2,1.2,1.2,1.2,1.2,1.2,1.2,1.2,1.2,1.2,1.2,1.2,1.2,1.2,1.2,1.2,1.2,1.2,1.2,2.201
772.8412444591522,0.4990062713623047,2528,22.221054077148438,4208.293907261859,113.76598028262441,8,1.2,1.2,1.2,1.2,1.2,1.2,1.2,1.2,1.2,1.2,1.2,1.2,1.2,1.2,1.2,1.2,1.2,1.2,1.2,1.2,2.201
773.3417699337006,0.49895143508911133,1600,22.288589477539062,3098.0824139440783,71.78561037307328,8,1.2,1.2,1.2,1.2,1.2,1.2,1.2,1.2,1.2,1.2,1.2,1.2,1.2,1.2,1.2,1.2,1.2,1.2,1.2,1.2,2.201
773.8422944545746,0.49890756607055664,1376,22.012039184570312,4533.111627088477,62.51124616226056,8,1.2,1.2,1.2,1.2,1.2,1.2,1.2,1.2,1.2,1.2,1.2,1.2,1.2,1.2,1.2,1.2,1.2,1.2,1.2,1.2,2.201
774.3428194522858,0.49895596504211426,2240,21.634536743164062,3322.72929836022,103.53815413717052,8,1.2,1.2,1.2,1.2,1.2,1.2,1.2,1.2,1.2,1.2,1.2,1.2,1.2,1.2,1.2,1.2,1.2,1.2,1.2,1.2,2.201
774.8433403968811,0.49896788597106934,1440,22.059921264648438,3113.539266694824,65.27675156790497,8,1.2,1.2,1.2,1.2,1.2,1.2,1.2,1.2,1.2,1.2,1.2,1.2,1.2,1.2,1.2,1.2,1.2,1.2,1.2,1.2,2.201
775.3438653945923,0.4990811347961426,1984,21.926025390625,3551.866064832043,90.48607600574553,8,1.2,1.2,1.2,1.2,1.2,1.2,1.2,1.2,1.2,1.2,1.2,1.2,1.2,1.2,1.2,1.2,1.2,1.2,1.2,1.2,2.201
775.8443908691406,0.4989962577819824,1856,21.788253784179688,4307.30250062981,85.18351302423464,8,1.2,1.2,1.2,1.2,1.2,1.2,1.2,1.2,1.2,1.2,1.2,1.2,1.2,1.2,1.2,1.2,1.2,1.2,1.2,1.2,2.201
776.3449161052704,0.4989802837371826,1728,21.626144409179688,3982.6728283370026,79.90328591658312,8,1.2,1.2,1.2,1.2,1.2,1.2,1.2,1.2,1.2,1.2,1.2,1.2,1.2,1.2,1.2,1.2,1.2,1.2,1.2,1.2,2.201
776.8454411029816,0.49896669387817383,2208,21.428466796875,3327.0242836900793,103.04050312745667,8,1.2,1.2,1.2,1.2,1.2,1.2,1.2,1.2,1.2,1.2,1.2,1.2,1.2,1.2,1.2,1.2,1.2,1.2,1.2,1.2,2.201
777.3459606170654,0.4989471435546875,1824,21.658416748046875,4142.184036853917,84.21668218959198,8,1.2,1.2,1.2,1.2,1.2,1.2,1.2,1.2,1.2,1.2,1.2,1.2,1.2,1.2,1.2,1.2,1.2,1.2,1.2,1.2,2.201
777.8464858531952,0.4990241527557373,1888,22.179244995117188,3557.6725091188514,85.12462892292535,8,1.2,1.2,1.2,1.2,1.2,1.2,1.2,1.2,1.2,1.2,1.2,1.2,1.2,1.2,1.2,1.2,1.2,1.2,1.2,1.2,2.201
778.3470063209534,0.4989910125732422,1632,21.785614013671875,3782.948948096078,74.91182020280975,8,1.2,1.2,1.2,1.2,1.2,1.2,1.2,1.2,1.2,1.2,1.2,1.2,1.2,1.2,1.2,1.2,1.2,1.2,1.2,1.2,2.201
778.8475298881531,0.4991774559020996,1792,25.81640625,3230.8776974858974,69.413224390982,8,1.2,1.2,1.2,1.2,1.2,1.2,1.2,1.2,1.2,1.2,1.2,1.2,1.2,1.2,1.2,1.2,1.2,1.2,1.2,1.2,2.201
779.3480503559113,0.4989902973175049,1952,24.787765502929688,4142.127092701807,78.74852615373061,8,1.2,1.2,1.2,1.2,1.2,1.2,1.2,1.2,1.2,1.2,1.2,1.2,1.2,1.2,1.2,1.2,1.2,1.2,1.2,1.2,2.201
779.8486132621765,0.4989316463470459,1824,21.605560302734375,3428.5737835967366,84.42271222973822,8,1.2,1.2,1.2,1.2,1.2,1.2,1.2,1.2,1.2,1.2,1.2,1.2,1.2,1.2,1.2,1.2,1.2,1.2,1.2,1.2,2.201
780.3491740226746,0.49877333641052246,1888,21.453536987304688,3368.2071474267423,88.00413661939474,8,1.2,1.2,1.2,1.2,1.2,1.2,1.2,1.2,1.2,1.2,1.2,1.2,1.2,1.2,1.2,1.2,1.2,1.2,1.2,1.2,2.201
780.8497323989868,0.49876880645751953,1824,21.5428466796875,3724.6546599428034,84.66847613597085,8,1.2,1.2,1.2,1.2,1.2,1.2,1.2,1.2,1.2,1.2,1.2,1.2,1.2,1.2,1.2,1.2,1.2,1.2,1.2,1.2,2.201
781.3502252101898,0.474015474319458,1952,24.651519775390625,3668.934614466381,79.18375896437277,8,1.3,1.3,1.3,1.3,1.3,1.2,1.2,1.2,1.2,1.2,1.2,1.3,1.3,1.3,1.3,1.2,1.2,1.2,1.2,1.2,2.201
781.8507397174835,0.4990699291229248,1536,21.892913818359375,3941.278286100981,70.15968786721811,8,1.3,1.3,1.3,1.3,1.3,1.2,1.2,1.2,1.2,1.2,1.2,1.3,1.3,1.3,1.3,1.2,1.2,1.2,1.2,1.2,2.201
782.3512561321259,0.49912261962890625,2272,22.795761108398438,3970.6386780287776,99.66765264805953,8,1.3,1.3,1.3,1.3,1.3,1.2,1.2,1.2,1.2,1.2,1.2,1.3,1.3,1.3,1.3,1.2,1.2,1.2,1.2,1.2,2.201
782.851772069931,0.4990546703338623,2016,22.745468139648438,3908.495218955157,88.63304055218975,8,1.3,1.3,1.3,1.3,1.3,1.2,1.2,1.2,1.2,1.2,1.2,1.3,1.3,1.3,1.3,1.2,1.2,1.2,1.2,1.2,2.201
783.3522865772247,0.49904298782348633,1952,22.954208374023438,3873.0031074454646,85.0388725323683,8,1.3,1.3,1.3,1.3,1.3,1.2,1.2,1.2,1.2,1.2,1.2,1.3,1.3,1.3,1.3,1.2,1.2,1.2,1.2,1.2,2.201
783.8528017997742,0.4990983009338379,1344,25.312057495117188,3528.9150661472304,53.09722452468606,8,1.3,1.3,1.3,1.3,1.3,1.2,1.2,1.2,1.2,1.2,1.2,1.3,1.3,1.3,1.3,1.2,1.2,1.2,1.2,1.2,2.201
784.353348493576,0.49906039237976074,1824,23.222946166992188,4079.22269153654,78.54300599432698,8,1.3,1.3,1.3,1.3,1.3,1.2,1.2,1.2,1.2,1.2,1.2,1.3,1.3,1.3,1.3,1.2,1.2,1.2,1.2,1.2,2.201
784.8538625240326,0.4990572929382324,2176,22.332839965820312,3606.9633061570457,97.43498826527649,8,1.3,1.3,1.3,1.3,1.3,1.2,1.2,1.2,1.2,1.2,1.2,1.3,1.3,1.3,1.3,1.2,1.2,1.2,1.2,1.2,2.201
785.3543779850006,0.4990818500518799,1920,22.558425903320312,4027.477903999051,85.1123215878906,8,1.3,1.3,1.3,1.3,1.3,1.2,1.2,1.2,1.2,1.2,1.2,1.3,1.3,1.3,1.3,1.2,1.2,1.2,1.2,1.2,2.201
785.85489320755,0.4991278648376465,1792,23.0360107421875,3733.3104691316266,77.79124693314115,8,1.3,1.3,1.3,1.3,1.3,1.2,1.2,1.2,1.2,1.2,1.2,1.3,1.3,1.3,1.3,1.2,1.2,1.2,1.2,1.2,2.201
786.355406999588,0.4991145133972168,2048,22.279922485351562,3657.1717074782255,91.9213251907184,8,1.3,1.3,1.3,1.3,1.3,1.2,1.2,1.2,1.2,1.2,1.2,1.3,1.3,1.3,1.3,1.2,1.2,1.2,1.2,1.2,2.201
786.8559527397156,0.4991178512573242,1728,22.674667358398438,3268.639102380587,76.20839471146502,8,1.3,1.3,1.3,1.3,1.3,1.2,1.2,1.2,1.2,1.2,1.2,1.3,1.3,1.3,1.3,1.2,1.2,1.2,1.2,1.2,2.201
787.3564984798431,0.49901390075683594,2240,22.567550659179688,4297.793885967113,99.2575593970738,8,1.3,1.3,1.3,1.3,1.3,1.2,1.2,1.2,1.2,1.2,1.2,1.3,1.3,1.3,1.3,1.2,1.2,1.2,1.2,1.2,2.201
787.857013463974,0.49903035163879395,1632,24.499099731445312,4304.658866164964,66.61469269849455,8,1.3,1.3,1.3,1.3,1.3,1.2,1.2,1.2,1.2,1.2,1.2,1.3,1.3,1.3,1.3,1.2,1.2,1.2,1.2,1.2,2.201
788.3575270175934,0.4991123676300049,1920,22.566909790039062,3806.2326616460064,85.08032414998529,8,1.3,1.3,1.3,1.3,1.3,1.2,1.2,1.2,1.2,1.2,1.2,1.3,1.3,1.3,1.3,1.2,1.2,1.2,1.2,1.2,2.201
788.8580431938171,0.4990501403808594,2336,23.590438842773438,4024.775166059183,99.02316847808862,8,1.3,1.3,1.3,1.3,1.3,1.2,1.2,1.2,1.2,1.2,1.2,1.3,1.3,1.3,1.3,1.2,1.2,1.2,1.2,1.2,2.201
789.3585586547852,0.49909210205078125,1376,25.181137084960938,3757.7454458042253,54.64407724549483,8,1.3,1.3,1.3,1.3,1.3,1.2,1.2,1.2,1.2,1.2,1.2,1.3,1.3,1.3,1.3,1.2,1.2,1.2,1.2,1.2,2.201
789.8590726852417,0.4991445541381836,2528,25.55657958984375,3943.404114960249,98.91777540546285,8,1.3,1.3,1.3,1.3,1.3,1.2,1.2,1.2,1.2,1.2,1.2,1.3,1.3,1.3,1.3,1.2,1.2,1.2,1.2,1.2,2.201
790.3595871925354,0.4991419315338135,2048,24.920303344726562,3998.9911874932213,82.18198517368295,8,1.3,1.3,1.3,1.3,1.3,1.2,1.2,1.2,1.2,1.2,1.2,1.3,1.3,1.3,1.3,1.2,1.2,1.2,1.2,1.2,2.201
790.860101222992,0.4991304874420166,2112,23.44195556640625,4126.639550698016,90.09487258932546,8,1.3,1.3,1.3,1.3,1.3,1.2,1.2,1.2,1.2,1.2,1.2,1.3,1.3,1.3,1.3,1.2,1.2,1.2,1.2,1.2,2.201
791.3605964183807,0.4758462905883789,1824,24.208602905273438,4231.972034976703,75.34511624388999,8,1.4,1.4,1.4,1.4,1.4,1.2,1.2,1.2,1.2,1.2,1.2,1.4,1.4,1.4,1.4,1.2,1.2,1.2,1.2,1.2,2.201
791.861109495163,0.49911046028137207,2048,22.997299194335938,4302.502827182079,89.0539355379786,8,1.4,1.4,1.4,1.4,1.4,1.2,1.2,1.2,1.2,1.2,1.2,1.4,1.4,1.4,1.4,1.2,1.2,1.2,1.2,1.2,2.201
792.3616676330566,0.49910879135131836,2464,24.990707397460938,4147.992735354035,98.59664877875137,8,1.4,1.4,1.4,1.4,1.4,1.2,1.2,1.2,1.2,1.2,1.2,1.4,1.4,1.4,1.4,1.2,1.2,1.2,1.2,1.2,2.201
792.8622131347656,0.49892425537109375,1920,25.3143310546875,4078.4417204816627,75.84636528028933,8,1.4,1.4,1.4,1.4,1.4,1.2,1.2,1.2,1.2,1.2,1.2,1.4,1.4,1.4,1.4,1.2,1.2,1.2,1.2,1.2,2.201
793.3627772331238,0.49903011322021484,1760,24.368743896484375,3971.055267201122,72.22366517848756,8,1.4,1.4,1.4,1.4,1.4,1.2,1.2,1.2,1.2,1.2,1.2,1.4,1.4,1.4,1.4,1.2,1.2,1.2,1.2,1.2,2.201
793.8633260726929,0.49895691871643066,1952,23.695968627929688,4206.915578793515,82.37688151305363,8,1.4,1.4,1.4,1.4,1.4,1.2,1.2,1.2,1.2,1.2,1.2,1.4,1.4,1.4,1.4,1.2,1.2,1.2,1.2,1.2,2.201
794.3638858795166,0.49904918670654297,2528,24.790924072265625,4342.250897370132,101.97280233003303,8,1.4,1.4,1.4,1.4,1.4,1.2,1.2,1.2,1.2,1.2,1.2,1.4,1.4,1.4,1.4,1.2,1.2,1.2,1.2,1.2,2.201
794.864449262619,0.4989354610443115,1664,24.008773803710938,4358.100085265227,69.30799605196007,8,1.4,1.4,1.4,1.4,1.4,1.2,1.2,1.2,1.2,1.2,1.2,1.4,1.4,1.4,1.4,1.2,1.2,1.2,1.2,1.2,2.201
795.3649938106537,0.49886584281921387,2400,25.816452026367188,4072.2119796874435,92.96397497025546,8,1.4,1.4,1.4,1.4,1.4,1.2,1.2,1.2,1.2,1.2,1.2,1.4,1.4,1.4,1.4,1.2,1.2,1.2,1.2,1.2,2.201
795.8655169010162,0.49907422065734863,1952,23.147369384765625,4177.627698615244,84.32923705294577,8,1.4,1.4,1.4,1.4,1.4,1.2,1.2,1.2,1.2,1.2,1.2,1.4,1.4,1.4,1.4,1.2,1.2,1.2,1.2,1.2,2.201
796.3660340309143,0.4989326000213623,2048,24.8004150390625,4129.281574537338,82.57926316048533,8,1.4,1.4,1.4,1.4,1.4,1.2,1.2,1.2,1.2,1.2,1.2,1.4,1.4,1.4,1.4,1.2,1.2,1.2,1.2,1.2,2.201
796.8665943145752,0.4990665912628174,2208,25.061264038085938,4035.9812318600216,88.1040954935263,8,1.4,1.4,1.4,1.4,1.4,1.2,1.2,1.2,1.2,1.2,1.2,1.4,1.4,1.4,1.4,1.2,1.2,1.2,1.2,1.2,2.201
797.3671383857727,0.4989328384399414,2336,24.810928344726562,4081.52069098985,94.15205942894535,8,1.4,1.4,1.4,1.4,1.4,1.2,1.2,1.2,1.2,1.2,1.2,1.4,1.4,1.4,1.4,1.2,1.2,1.2,1.2,1.2,2.201
797.8676557540894,0.4990530014038086,2080,23.45941162109375,4499.413634182529,88.66377527259671,8,1.4,1.4,1.4,1.4,1.4,1.2,1.2,1.2,1.2,1.2,1.2,1.4,1.4,1.4,1.4,1.2,1.2,1.2,1.2,1.2,2.201
798.3682014942169,0.4991037845611572,2240,24.651229858398438,4360.3418072806635,90.8676773072583,8,1.4,1.4,1.4,1.4,1.4,1.2,1.2,1.2,1.2,1.2,1.2,1.4,1.4,1.4,1.4,1.2,1.2,1.2,1.2,1.2,2.201
798.8687460422516,0.4990208148956299,2048,26.60498046875,4338.982082790162,76.97806816304806,8,1.4,1.4,1.4,1.4,1.4,1.2,1.2,1.2,1.2,1.2,1.2,1.4,1.4,1.4,1.4,1.2,1.2,1.2,1.2,1.2,2.201
799.3692927360535,0.49904870986938477,2048,23.704818725585938,4376.063652915906,86.39593593641276,8,1.4,1.4,1.4,1.4,1.4,1.2,1.2,1.2,1.2,1.2,1.2,1.4,1.4,1.4,1.4,1.2,1.2,1.2,1.2,1.2,2.201
799.8698079586029,0.4990248680114746,2080,24.920150756835938,4094.539943712792,83.46658976087565,8,1.4,1.4,1.4,1.4,1.4,1.2,1.2,1.2,1.2,1.2,1.2,1.4,1.4,1.4,1.4,1.2,1.2,1.2,1.2,1.2,2.201
800.3703331947327,0.499068021774292,2080,23.498825073242188,4159.940437335257,88.51506377518719,8,1.4,1.4,1.4,1.4,1.4,1.2,1.2,1.2,1.2,1.2,1.2,1.4,1.4,1.4,1.4,1.2,1.2,1.2,1.2,1.2,2.201
800.8708794116974,0.4991281032562256,1792,24.889068603515625,3829.1077023725925,71.99948011501229,8,1.4,1.4,1.4,1.4,1.4,1.2,1.2,1.2,1.2,1.2,1.2,1.4,1.4,1.4,1.4,1.2,1.2,1.2,1.2,1.2,2.201
801.37140417099,0.47521448135375977,2560,25.706649780273438,4381.296296616553,99.5851276569097,8,1.5,1.5,1.5,1.5,1.5,1.2,1.2,1.2,1.2,1.2,1.2,1.5,1.5,1.5,1.5,1.2,1.2,1.2,1.2,1.2,2.201
801.8719494342804,0.4989898204803467,2144,22.841033935546875,4283.089083355341,93.86615360976946,8,1.5,1.5,1.5,1.5,1.5,1.2,1.2,1.2,1.2,1.2,1.2,1.5,1.5,1.5,1.5,1.2,1.2,1.2,1.2,1.2,2.201
802.3724646568298,0.4990193843841553,2048,23.86956787109375,4739.179504706325,85.7996261624889,8,1.5,1.5,1.5,1.5,1.5,1.2,1.2,1.2,1.2,1.2,1.2,1.5,1.5,1.5,1.5,1.2,1.2,1.2,1.2,1.2,2.201
802.8730087280273,0.4991629123687744,2496,28.05645751953125,4340.964440434469,88.96347652808385,8,1.5,1.5,1.5,1.5,1.5,1.2,1.2,1.2,1.2,1.2,1.2,1.5,1.5,1.5,1.5,1.2,1.2,1.2,1.2,1.2,2.201
803.3735365867615,0.49904680252075195,2048,25.456466674804688,4530.934179988326,80.45107069108651,8,1.5,1.5,1.5,1.5,1.5,1.2,1.2,1.2,1.2,1.2,1.2,1.5,1.5,1.5,1.5,1.2,1.2,1.2,1.2,1.2,2.201
803.8740530014038,0.4990103244781494,2208,24.64691162109375,4638.687592800285,89.58526057724453,8,1.5,1.5,1.5,1.5,1.5,1.2,1.2,1.2,1.2,1.2,1.2,1.5,1.5,1.5,1.5,1.2,1.2,1.2,1.2,1.2,2.201
804.3745663166046,0.4991168975830078,2368,28.365386962890625,4346.9804666292985,83.48202698937145,8,1.5,1.5,1.5,1.5,1.5,1.2,1.2,1.2,1.2,1.2,1.2,1.5,1.5,1.5,1.5,1.2,1.2,1.2,1.2,1.2,2.201
804.8751108646393,0.4991123676300049,2048,28.7479248046875,4449.552249776662,71.23992475679715,8,1.5,1.5,1.5,1.5,1.5,1.2,1.2,1.2,1.2,1.2,1.2,1.5,1.5,1.5,1.5,1.2,1.2,1.2,1.2,1.2,2.201
805.3756601810455,0.49906396865844727,2720,26.335678100585938,4633.881394567816,103.28194283098726,8,1.5,1.5,1.5,1.5,1.5,1.2,1.2,1.2,1.2,1.2,1.2,1.5,1.5,1.5,1.5,1.2,1.2,1.2,1.2,1.2,2.201
805.8762078285217,0.49907684326171875,1824,26.118270874023438,4289.318141724157,69.83616981375684,8,1.5,1.5,1.5,1.5,1.5,1.2,1.2,1.2,1.2,1.2,1.2,1.5,1.5,1.5,1.5,1.2,1.2,1.2,1.2,1.2,2.201
806.3767521381378,0.4990832805633545,2624,25.022567749023438,4558.136091521712,104.86533701571884,8,1.5,1.5,1.5,1.5,1.5,1.2,1.2,1.2,1.2,1.2,1.2,1.5,1.5,1.5,1.5,1.2,1.2,1.2,1.2,1.2,2.201
806.877311706543,0.4990847110748291,1920,25.552139282226562,4275.058996418899,75.14047958150826,8,1.5,1.5,1.5,1.5,1.5,1.2,1.2,1.2,1.2,1.2,1.2,1.5,1.5,1.5,1.5,1.2,1.2,1.2,1.2,1.2,2.201
807.3778624534607,0.49892401695251465,2272,25.570693969726562,4869.171795142142,88.85171449354667,8,1.5,1.5,1.5,1.5,1.5,1.2,1.2,1.2,1.2,1.2,1.2,1.5,1.5,1.5,1.5,1.2,1.2,1.2,1.2,1.2,2.201
807.8783783912659,0.4990122318267822,2368,24.103164672851562,4231.370596464708,98.24436052860648,8,1.5,1.5,1.5,1.5,1.5,1.2,1.2,1.2,1.2,1.2,1.2,1.5,1.5,1.5,1.5,1.2,1.2,1.2,1.2,1.2,2.201
808.3788959980011,0.49912476539611816,2368,24.434249877929688,4895.377451604708,96.91314494327503,8,1.5,1.5,1.5,1.5,1.5,1.2,1.2,1.2,1.2,1.2,1.2,1.5,1.5,1.5,1.5,1.2,1.2,1.2,1.2,1.2,2.201
808.8794116973877,0.4990556240081787,2080,25.560333251953125,4444.382610367926,81.37609081607191,8,1.5,1.5,1.5,1.5,1.5,1.2,1.2,1.2,1.2,1.2,1.2,1.5,1.5,1.5,1.5,1.2,1.2,1.2,1.2,1.2,2.201
809.3799273967743,0.49911975860595703,2208,25.748703002929688,4192.828527108786,85.75189203699983,8,1.5,1.5,1.5,1.5,1.5,1.2,1.2,1.2,1.2,1.2,1.2,1.5,1.5,1.5,1.5,1.2,1.2,1.2,1.2,1.2,2.201
809.8804442882538,0.4991190433502197,2208,25.420562744140625,4615.798928205758,86.85881670770402,8,1.5,1.5,1.5,1.5,1.5,1.2,1.2,1.2,1.2,1.2,1.2,1.5,1.5,1.5,1.5,1.2,1.2,1.2,1.2,1.2,2.201
810.3809616565704,0.499082088470459,2240,25.03656005859375,3980.2413268545615,89.46916009059018,8,1.5,1.5,1.5,1.5,1.5,1.2,1.2,1.2,1.2,1.2,1.2,1.5,1.5,1.5,1.5,1.2,1.2,1.2,1.2,1.2,2.201
810.8814766407013,0.4990980625152588,2240,25.560653686523438,4694.835378946644,87.6346914860403,8,1.5,1.5,1.5,1.5,1.5,1.2,1.2,1.2,1.2,1.2,1.2,1.5,1.5,1.5,1.5,1.2,1.2,1.2,1.2,1.2,2.201
811.3820040225983,0.47658467292785645,2080,25.733139038085938,4414.924313034355,80.82962583466899,8,1.6,1.6,1.6,1.6,1.6,1.2,1.2,1.2,1.2,1.2,1.2,1.6,1.6,1.6,1.6,1.2,1.2,1.2,1.2,1.2,2.201
811.8825490474701,0.49901342391967773,2560,24.772476196289062,4948.187911545369,103.34049691744138,8,1.6,1.6,1.6,1.6,1.6,1.2,1.2,1.2,1.2,1.2,1.2,1.6,1.6,1.6,1.6,1.2,1.2,1.2,1.2,1.2,2.201
812.3830904960632,0.4990980625152588,2560,25.684432983398438,5013.363885320646,99.67126787088112,8,1.6,1.6,1.6,1.6,1.6,1.2,1.2,1.2,1.2,1.2,1.2,1.6,1.6,1.6,1.6,1.2,1.2,1.2,1.2,1.2,2.201
812.8836350440979,0.49904751777648926,2624,25.8165283203125,4844.730771416141,101.64031226210346,8,1.6,1.6,1.6,1.6,1.6,1.2,1.2,1.2,1.2,1.2,1.2,1.6,1.6,1.6,1.6,1.2,1.2,1.2,1.2,1.2,2.201
813.3841814994812,0.4991016387939453,2176,26.6629638671875,4881.22441210488,81.61133213993031,8,1.6,1.6,1.6,1.6,1.6,1.2,1.2,1.2,1.2,1.2,1.2,1.6,1.6,1.6,1.6,1.2,1.2,1.2,1.2,1.2,2.201
813.8846981525421,0.49906468391418457,2624,27.139480590820312,5001.960620760694,96.68571184400429,8,1.6,1.6,1.6,1.6,1.6,1.2,1.2,1.2,1.2,1.2,1.2,1.6,1.6,1.6,1.6,1.2,1.2,1.2,1.2,1.2,2.201
814.3852529525757,0.4991447925567627,2304,28.306350708007812,4419.847667055103,81.39516194675716,8,1.6,1.6,1.6,1.6,1.6,1.2,1.2,1.2,1.2,1.2,1.2,1.6,1.6,1.6,1.6,1.2,1.2,1.2,1.2,1.2,2.201
814.8858110904694,0.49907779693603516,1888,28.9615478515625,4985.306897614539,65.18988590239111,8,1.6,1.6,1.6,1.6,1.6,1.2,1.2,1.2,1.2,1.2,1.2,1.6,1.6,1.6,1.6,1.2,1.2,1.2,1.2,1.2,2.201
815.3863878250122,0.4989736080169678,3072,27.079696655273438,4923.047555737961,113.44292512234496,8,1.6,1.6,1.6,1.6,1.6,1.2,1.2,1.2,1.2,1.2,1.2,1.6,1.6,1.6,1.6,1.2,1.2,1.2,1.2,1.2,2.201
815.8869099617004,0.4990694522857666,2400,25.43719482421875,4787.117595697968,94.35002627392547,8,1.6,1.6,1.6,1.6,1.6,1.2,1.2,1.2,1.2,1.2,1.2,1.6,1.6,1.6,1.6,1.2,1.2,1.2,1.2,1.2,2.201
816.3874559402466,0.4990580081939697,2240,25.59161376953125,4398.9739334557835,87.52867326666555,8,1.6,1.6,1.6,1.6,1.6,1.2,1.2,1.2,1.2,1.2,1.2,1.6,1.6,1.6,1.6,1.2,1.2,1.2,1.2,1.2,2.201
816.8880033493042,0.49913620948791504,2432,27.9532470703125,5225.150139506344,87.00241492098012,8,1.6,1.6,1.6,1.6,1.6,1.2,1.2,1.2,1.2,1.2,1.2,1.6,1.6,1.6,1.6,1.2,1.2,1.2,1.2,1.2,2.201
817.3885543346405,0.4991025924682617,2496,26.388916015625,4642.915670241739,94.58516592807779,8,1.6,1.6,1.6,1.6,1.6,1.2,1.2,1.2,1.2,1.2,1.2,1.6,1.6,1.6,1.6,1.2,1.2,1.2,1.2,1.2,2.201
817.8890709877014,0.4990670680999756,2496,26.98114013671875,4968.074220132758,92.50906326983502,8,1.6,1.6,1.6,1.6,1.6,1.2,1.2,1.2,1.2,1.2,1.2,1.6,1.6,1.6,1.6,1.2,1.2,1.2,1.2,1.2,2.201
818.3896148204803,0.49915170669555664,1760,28.781387329101562,4369.668294955096,61.15063113098864,8,1.6,1.6,1.6,1.6,1.6,1.2,1.2,1.2,1.2,1.2,1.2,1.6,1.6,1.6,1.6,1.2,1.2,1.2,1.2,1.2,2.201
818.8901307582855,0.4990823268890381,2944,25.864059448242188,5241.010501643342,113.82590601801623,8,1.6,1.6,1.6,1.6,1.6,1.2,1.2,1.2,1.2,1.2,1.2,1.6,1.6,1.6,1.6,1.2,1.2,1.2,1.2,1.2,2.201
819.3906903266907,0.49911022186279297,2304,26.595901489257812,4807.370420209876,86.6298892305115,8,1.6,1.6,1.6,1.6,1.6,1.2,1.2,1.2,1.2,1.2,1.2,1.6,1.6,1.6,1.6,1.2,1.2,1.2,1.2,1.2,2.201
819.8912289142609,0.4989466667175293,2528,28.041412353515625,5037.389893960673,90.15237778075247,8,1.6,1.6,1.6,1.6,1.6,1.2,1.2,1.2,1.2,1.2,1.2,1.6,1.6,1.6,1.6,1.2,1.2,1.2,1.2,1.2,2.201
820.3917875289917,0.49887800216674805,2368,26.635726928710938,5066.443112722459,88.90314900501204,8,1.6,1.6,1.6,1.6,1.6,1.2,1.2,1.2,1.2,1.2,1.2,1.6,1.6,1.6,1.6,1.2,1.2,1.2,1.2,1.2,2.201
820.8923044204712,0.49901771545410156,2784,26.2288818359375,4762.3742151321485,106.14253468424653,8,1.6,1.6,1.6,1.6,1.6,1.2,1.2,1.2,1.2,1.2,1.2,1.6,1.6,1.6,1.6,1.2,1.2,1.2,1.2,1.2,2.201
821.3928003311157,0.4773125648498535,2176,27.592559814453125,4944.4568298797985,78.86183864898972,8,1.7,1.7,1.7,1.7,1.7,1.2,1.2,1.2,1.2,1.2,1.2,1.7,1.7,1.7,1.7,1.2,1.2,1.2,1.2,1.2,2.201
821.8933157920837,0.4991164207458496,2496,25.38409423828125,4890.977200158266,98.32929142832411,8,1.7,1.7,1.7,1.7,1.7,1.2,1.2,1.2,1.2,1.2,1.2,1.7,1.7,1.7,1.7,1.2,1.2,1.2,1.2,1.2,2.201
822.3938858509064,0.49910783767700195,2048,26.955734252929688,5171.726176029746,75.97641306236771,8,1.7,1.7,1.7,1.7,1.7,1.2,1.2,1.2,1.2,1.2,1.2,1.7,1.7,1.7,1.7,1.2,1.2,1.2,1.2,1.2,2.201
822.8944246768951,0.4990577697753906,3360,26.933990478515625,5419.33285822155,124.74943149178596,8,1.7,1.7,1.7,1.7,1.7,1.2,1.2,1.2,1.2,1.2,1.2,1.7,1.7,1.7,1.7,1.2,1.2,1.2,1.2,1.2,2.201
823.3949704170227,0.49895238876342773,2688,27.065780639648438,4906.3432618314455,99.3135958569904,8,1.7,1.7,1.7,1.7,1.7,1.2,1.2,1.2,1.2,1.2,1.2,1.7,1.7,1.7,1.7,1.2,1.2,1.2,1.2,1.2,2.201
823.8955256938934,0.4991030693054199,2592,27.284317016601562,5598.9443203162255,94.99962921640508,8,1.7,1.7,1.7,1.7,1.7,1.2,1.2,1.2,1.2,1.2,1.2,1.7,1.7,1.7,1.7,1.2,1.2,1.2,1.2,1.2,2.201
824.3960816860199,0.49903392791748047,2048,26.362625122070312,4786.99069200293,77.68573844664094,8,1.7,1.7,1.7,1.7,1.7,1.2,1.2,1.2,1.2,1.2,1.2,1.7,1.7,1.7,1.7,1.2,1.2,1.2,1.2,1.2,2.201
824.8966236114502,0.49897313117980957,3136,27.625961303710938,5327.143336684692,113.51641181002985,8,1.7,1.7,1.7,1.7,1.7,1.2,1.2,1.2,1.2,1.2,1.2,1.7,1.7,1.7,1.7,1.2,1.2,1.2,1.2,1.2,2.201
825.3971712589264,0.4990818500518799,2368,26.763504028320312,4557.700270209598,88.47869836080714,8,1.7,1.7,1.7,1.7,1.7,1.2,1.2,1.2,1.2,1.2,1.2,1.7,1.7,1.7,1.7,1.2,1.2,1.2,1.2,1.2,2.201
825.8977153301239,0.4990823268890381,2848,26.788101196289062,5686.58853031516,106.3158593859027,8,1.7,1.7,1.7,1.7,1.7,1.2,1.2,1.2,1.2,1.2,1.2,1.7,1.7,1.7,1.7,1.2,1.2,1.2,1.2,1.2,2.201
826.3982610702515,0.4990575313568115,2496,26.486526489257812,4989.023280949345,94.23659236753099,8,1.7,1.7,1.7,1.7,1.7,1.2,1.2,1.2,1.2,1.2,1.2,1.7,1.7,1.7,1.7,1.2,1.2,1.2,1.2,1.2,2.201
826.8988053798676,0.4990689754486084,2624,27.43756103515625,5463.9444642807875,95.6353225652171,8,1.7,1.7,1.7,1.7,1.7,1.2,1.2,1.2,1.2,1.2,1.2,1.7,1.7,1.7,1.7,1.2,1.2,1.2,1.2,1.2,2.201
827.3993668556213,0.4991190433502197,2720,26.552688598632812,5193.257345379312,102.43783750546646,8,1.7,1.7,1.7,1.7,1.7,1.2,1.2,1.2,1.2,1.2,1.2,1.7,1.7,1.7,1.7,1.2,1.2,1.2,1.2,1.2,2.201
827.8999314308167,0.49906110763549805,1824,27.22125244140625,5010.922816174701,67.00646871139233,8,1.7,1.7,1.7,1.7,1.7,1.2,1.2,1.2,1.2,1.2,1.2,1.7,1.7,1.7,1.7,1.2,1.2,1.2,1.2,1.2,2.201
828.4004807472229,0.4989621639251709,3136,26.794448852539062,5058.059948891587,117.03916797313897,8,1.7,1.7,1.7,1.7,1.7,1.2,1.2,1.2,1.2,1.2,1.2,1.7,1.7,1.7,1.7,1.2,1.2,1.2,1.2,1.2,2.201
828.9006943702698,0.4991168975830078,2624,27.023452758789062,5228.114210411801,97.10084138476992,8,1.7,1.7,1.7,1.7,1.7,1.2,1.2,1.2,1.2,1.2,1.2,1.7,1.7,1.7,1.7,1.2,1.2,1.2,1.2,1.2,2.201
829.4012544155121,0.4990425109863281,2016,26.685379028320312,4932.012051573534,75.54698765419393,8,1.7,1.7,1.7,1.7,1.7,1.2,1.2,1.2,1.2,1.2,1.2,1.7,1.7,1.7,1.7,1.2,1.2,1.2,1.2,1.2,2.201
829.9017992019653,0.49902915954589844,2656,27.152496337890625,5255.92006355335,97.81789368271156,8,1.7,1.7,1.7,1.7,1.7,1.2,1.2,1.2,1.2,1.2,1.2,1.7,1.7,1.7,1.7,1.2,1.2,1.2,1.2,1.2,2.201
830.4023373126984,0.4990386962890625,2752,25.713027954101562,4613.352753551803,107.02745724511298,8,1.7,1.7,1.7,1.7,1.7,1.2,1.2,1.2,1.2,1.2,1.2,1.7,1.7,1.7,1.7,1.2,1.2,1.2,1.2,1.2,2.201
830.902880191803,0.4991326332092285,2208,29.256271362304688,5418.747560233668,75.47099808641039,8,1.7,1.7,1.7,1.7,1.7,1.2,1.2,1.2,1.2,1.2,1.2,1.7,1.7,1.7,1.7,1.2,1.2,1.2,1.2,1.2,2.201
831.4034049510956,0.4777705669403076,2464,27.98797607421875,4886.77081421713,88.03780571578109,8,1.8,1.8,1.8,1.8,1.8,1.2,1.2,1.2,1.2,1.2,1.2,1.8,1.8,1.8,1.8,1.2,1.2,1.2,1.2,1.2,2.201
831.9039492607117,0.4990689754486084,3072,26.167739868164062,5310.068890139613,117.39645897876822,8,1.8,1.8,1.8,1.8,1.8,1.2,1.2,1.2,1.2,1.2,1.2,1.8,1.8,1.8,1.8,1.2,1.2,1.2,1.2,1.2,2.201
832.4044935703278,0.49906325340270996,2752,28.601058959960938,5766.22294382039,96.22021351910666,8,1.8,1.8,1.8,1.8,1.8,1.2,1.2,1.2,1.2,1.2,1.2,1.8,1.8,1.8,1.8,1.2,1.2,1.2,1.2,1.2,2.201
832.9050378799438,0.4991116523742676,2336,28.72021484375,5134.5762142362255,81.33643890579575,8,1.8,1.8,1.8,1.8,1.8,1.2,1.2,1.2,1.2,1.2,1.2,1.8,1.8,1.8,1.8,1.2,1.2,1.2,1.2,1.2,2.201
833.4055821895599,0.499100923538208,2784,28.319564819335938,5556.433629336207,98.30659537886507,8,1.8,1.8,1.8,1.8,1.8,1.2,1.2,1.2,1.2,1.2,1.2,1.8,1.8,1.8,1.8,1.2,1.2,1.2,1.2,1.2,2.201
833.906097650528,0.49899983406066895,2656,28.499191284179688,4753.371608505628,93.1956269746638,8,1.8,1.8,1.8,1.8,1.8,1.2,1.2,1.2,1.2,1.2,1.2,1.8,1.8,1.8,1.8,1.2,1.2,1.2,1.2,1.2,2.201
834.4066421985626,0.4991323947906494,2944,28.642425537109375,6064.380281130766,102.7845912066954,8,1.8,1.8,1.8,1.8,1.8,1.2,1.2,1.2,1.2,1.2,1.2,1.8,1.8,1.8,1.8,1.2,1.2,1.2,1.2,1.2,2.201
834.9072029590607,0.4991116523742676,2432,27.944229125976562,5068.978828251052,87.03049166381358,8,1.8,1.8,1.8,1.8,1.8,1.2,1.2,1.2,1.2,1.2,1.2,1.8,1.8,1.8,1.8,1.2,1.2,1.2,1.2,1.2,2.201
835.4077205657959,0.4989326000213623,2656,27.750473022460938,5605.919487313895,95.71008025161451,8,1.8,1.8,1.8,1.8,1.8,1.2,1.2,1.2,1.2,1.2,1.2,1.8,1.8,1.8,1.8,1.2,1.2,1.2,1.2,1.2,2.201
835.9082810878754,0.4991433620452881,3008,27.32452392578125,5347.513517733775,110.08426013826686,8,1.8,1.8,1.8,1.8,1.8,1.2,1.2,1.2,1.2,1.2,1.2,1.8,1.8,1.8,1.8,1.2,1.2,1.2,1.2,1.2,2.201
836.4088242053986,0.49895453453063965,2656,28.516693115234375,5401.619053531432,93.13842910421806,8,1.8,1.8,1.8,1.8,1.8,1.2,1.2,1.2,1.2,1.2,1.2,1.8,1.8,1.8,1.8,1.2,1.2,1.2,1.2,1.2,2.201
836.9093706607819,0.4991445541381836,2592,30.23345947265625,5709.692261249776,85.73282863458802,8,1.8,1.8,1.8,1.8,1.8,1.2,1.2,1.2,1.2,1.2,1.2,1.8,1.8,1.8,1.8,1.2,1.2,1.2,1.2,1.2,2.201
837.4099133014679,0.49912357330322266,2912,28.275970458984375,5441.25444873873,102.98497108079785,8,1.8,1.8,1.8,1.8,1.8,1.2,1.2,1.2,1.2,1.2,1.2,1.8,1.8,1.8,1.8,1.2,1.2,1.2,1.2,1.2,2.201
837.9104568958282,0.4991476535797119,2816,29.789108276367188,5427.180144261264,94.53119488756359,8,1.8,1.8,1.8,1.8,1.8,1.2,1.2,1.2,1.2,1.2,1.2,1.8,1.8,1.8,1.8,1.2,1.2,1.2,1.2,1.2,2.201
838.4110023975372,0.49910521507263184,2336,28.290695190429688,5167.588180754805,82.57131838846553,8,1.8,1.8,1.8,1.8,1.8,1.2,1.2,1.2,1.2,1.2,1.2,1.8,1.8,1.8,1.8,1.2,1.2,1.2,1.2,1.2,2.201
838.911566734314,0.4991114139556885,2752,29.398040771484375,5333.835343561812,93.61168049910984,8,1.8,1.8,1.8,1.8,1.8,1.2,1.2,1.2,1.2,1.2,1.2,1.8,1.8,1.8,1.8,1.2,1.2,1.2,1.2,1.2,2.201
839.4121153354645,0.49904632568359375,2720,27.909469604492188,5103.848513491054,97.45796099121141,8,1.8,1.8,1.8,1.8,1.8,1.2,1.2,1.2,1.2,1.2,1.2,1.8,1.8,1.8,1.8,1.2,1.2,1.2,1.2,1.2,2.201
839.9126598834991,0.49910640716552734,2688,28.66455078125,5709.422858560921,93.77436334213441,8,1.8,1.8,1.8,1.8,1.8,1.2,1.2,1.2,1.2,1.2,1.2,1.8,1.8,1.8,1.8,1.2,1.2,1.2,1.2,1.2,2.201
840.4132053852081,0.49909281730651855,2368,27.761978149414062,5006.388812318894,85.2965155168519,8,1.8,1.8,1.8,1.8,1.8,1.2,1.2,1.2,1.2,1.2,1.2,1.8,1.8,1.8,1.8,1.2,1.2,1.2,1.2,1.2,2.201
840.9137523174286,0.4990832805633545,3168,28.85626220703125,5717.001213546798,109.78552860626802,8,1.8,1.8,1.8,1.8,1.8,1.2,1.2,1.2,1.2,1.2,1.2,1.8,1.8,1.8,1.8,1.2,1.2,1.2,1.2,1.2,2.201
841.4142513275146,0.4773750305175781,3008,29.36529541015625,5427.200119758771,102.4338409672411,8,1.9,1.9,1.9,1.9,1.9,1.2,1.2,1.2,1.2,1.2,1.2,1.9,1.9,1.9,1.9,1.2,1.2,1.2,1.2,1.2,2.201
841.914767742157,0.4990997314453125,2912,28.443008422851562,6362.253312115596,102.38016867654736,8,1.9,1.9,1.9,1.9,1.9,1.2,1.2,1.2,1.2,1.2,1.2,1.9,1.9,1.9,1.9,1.2,1.2,1.2,1.2,1.2,2.201
842.4152843952179,0.4990999698638916,2656,29.432647705078125,5709.485353156034,90.23992766854442,8,1.9,1.9,1.9,1.9,1.9,1.2,1.2,1.2,1.2,1.2,1.2,1.9,1.9,1.9,1.9,1.2,1.2,1.2,1.2,1.2,2.201
842.9158020019531,0.49913454055786133,2912,28.883010864257812,5352.973042866816,100.82051395838187,8,1.9,1.9,1.9,1.9,1.9,1.2,1.2,1.2,1.2,1.2,1.2,1.9,1.9,1.9,1.9,1.2,1.2,1.2,1.2,1.2,2.201
843.4163212776184,0.49907612800598145,2272,29.442306518554688,5597.1487393101725,77.1678672174741,8,1.9,1.9,1.9,1.9,1.9,1.2,1.2,1.2,1.2,1.2,1.2,1.9,1.9,1.9,1.9,1.2,1.2,1.2,1.2,1.2,2.201
843.9168381690979,0.49913501739501953,3040,31.13720703125,5913.451164240804,97.63239191456664,8,1.9,1.9,1.9,1.9,1.9,1.2,1.2,1.2,1.2,1.2,1.2,1.9,1.9,1.9,1.9,1.2,1.2,1.2,1.2,1.2,2.201
844.4173550605774,0.49915218353271484,3424,29.208328247070312,5808.494166606599,117.22683924381869,8,1.9,1.9,1.9,1.9,1.9,1.2,1.2,1.2,1.2,1.2,1.2,1.9,1.9,1.9,1.9,1.2,1.2,1.2,1.2,1.2,2.201
844.9178733825684,0.49916601181030273,2336,30.322265625,5224.149337728516,77.03909822866345,8,1.9,1.9,1.9,1.9,1.9,1.2,1.2,1.2,1.2,1.2,1.2,1.9,1.9,1.9,1.9,1.2,1.2,1.2,1.2,1.2,2.201
845.4184198379517,0.4991333484649658,3168,29.335433959960938,5745.7581383809975,107.99226642850789,8,1.9,1.9,1.9,1.9,1.9,1.2,1.2,1.2,1.2,1.2,1.2,1.9,1.9,1.9,1.9,1.2,1.2,1.2,1.2,1.2,2.201
845.9189646244049,0.4990823268890381,2560,29.338882446289062,6070.3457270848285,87.25622063780423,8,1.9,1.9,1.9,1.9,1.9,1.2,1.2,1.2,1.2,1.2,1.2,1.9,1.9,1.9,1.9,1.2,1.2,1.2,1.2,1.2,2.201
846.4195115566254,0.4991292953491211,3040,28.831619262695312,5546.715075653227,105.43979414758014,8,1.9,1.9,1.9,1.9,1.9,1.2,1.2,1.2,1.2,1.2,1.2,1.9,1.9,1.9,1.9,1.2,1.2,1.2,1.2,1.2,2.201
846.9200587272644,0.4991321563720703,2976,28.771820068359375,5647.220729209442,103.43454091292381,8,1.9,1.9,1.9,1.9,1.9,1.2,1.2,1.2,1.2,1.2,1.2,1.9,1.9,1.9,1.9,1.2,1.2,1.2,1.2,1.2,2.201
847.4206218719482,0.49909067153930664,2624,29.021514892578125,5674.710463989823,90.41567987448697,8,1.9,1.9,1.9,1.9,1.9,1.2,1.2,1.2,1.2,1.2,1.2,1.9,1.9,1.9,1.9,1.2,1.2,1.2,1.2,1.2,2.201
847.9211645126343,0.4990568161010742,2976,29.143646240234375,5547.8464823624445,102.11488210735524,8,1.9,1.9,1.9,1.9,1.9,1.2,1.2,1.2,1.2,1.2,1.2,1.9,1.9,1.9,1.9,1.2,1.2,1.2,1.2,1.2,2.201
848.4217116832733,0.49910402297973633,2592,29.275070190429688,6240.5312320308485,88.53949736548712,8,1.9,1.9,1.9,1.9,1.9,1.2,1.2,1.2,1.2,1.2,1.2,1.9,1.9,1.9,1.9,1.2,1.2,1.2,1.2,1.2,2.201
848.9222598075867,0.49910545349121094,3296,31.015335083007812,6118.748219119556,106.27001098581584,8,1.9,1.9,1.9,1.9,1.9,1.2,1.2,1.2,1.2,1.2,1.2,1.9,1.9,1.9,1.9,1.2,1.2,1.2,1.2,1.2,2.201
849.4227800369263,0.49910426139831543,3008,28.163787841796875,5568.0836378788,106.80381548450434,8,1.9,1.9,1.9,1.9,1.9,1.2,1.2,1.2,1.2,1.2,1.2,1.9,1.9,1.9,1.9,1.2,1.2,1.2,1.2,1.2,2.201
849.9233286380768,0.4991118907928467,2560,29.403350830078125,5445.061700072811,87.06490681263615,8,1.9,1.9,1.9,1.9,1.9,1.2,1.2,1.2,1.2,1.2,1.2,1.9,1.9,1.9,1.9,1.2,1.2,1.2,1.2,1.2,2.201
850.4238471984863,0.4991028308868408,3392,29.83270263671875,6089.238038644998,113.70072773175607,8,1.9,1.9,1.9,1.9,1.9,1.2,1.2,1.2,1.2,1.2,1.2,1.9,1.9,1.9,1.9,1.2,1.2,1.2,1.2,1.2,2.201
850.9243943691254,0.49918079376220703,2624,30.802215576171875,5314.547551199807,85.18867720768394,8,1.9,1.9,1.9,1.9,1.9,1.2,1.2,1.2,1.2,1.2,1.2,1.9,1.9,1.9,1.9,1.2,1.2,1.2,1.2,1.2,2.201
851.4249224662781,0.4766504764556885,2656,31.275955200195312,5950.197924942702,84.921467082272,8,2.0,2.0,2.0,2.0,2.0,1.2,1.2,1.2,1.2,1.2,1.2,2.0,2.0,2.0,2.0,1.2,1.2,1.2,1.2,1.2,2.201
851.925439119339,0.49907588958740234,2528,29.712982177734375,5760.656974123315,85.08065548177706,8,2.0,2.0,2.0,2.0,2.0,1.2,1.2,1.2,1.2,1.2,1.2,2.0,2.0,2.0,2.0,1.2,1.2,1.2,1.2,1.2,2.201
852.4259831905365,0.49910497665405273,3776,31.698883056640625,6455.364192301664,119.12091644531817,8,2.0,2.0,2.0,2.0,2.0,1.2,1.2,1.2,1.2,1.2,1.2,2.0,2.0,2.0,2.0,1.2,1.2,1.2,1.2,1.2,2.201
852.9265298843384,0.4990568161010742,2464,31.416046142578125,5716.137203556333,78.4312573522912,8,2.0,2.0,2.0,2.0,2.0,1.2,1.2,1.2,1.2,1.2,1.2,2.0,2.0,2.0,2.0,1.2,1.2,1.2,1.2,1.2,2.201
853.427090883255,0.49912357330322266,3328,29.586944580078125,5882.08422859655,112.4820439296342,8,2.0,2.0,2.0,2.0,2.0,1.2,1.2,1.2,1.2,1.2,1.2,2.0,2.0,2.0,2.0,1.2,1.2,1.2,1.2,1.2,2.201
853.9276509284973,0.49900174140930176,2752,30.028472900390625,6337.935363673136,91.64635208486412,8,2.0,2.0,2.0,2.0,2.0,1.2,1.2,1.2,1.2,1.2,1.2,2.0,2.0,2.0,2.0,1.2,1.2,1.2,1.2,1.2,2.201
854.4281964302063,0.4989612102508545,3616,28.815582275390625,5950.0544055786895,125.48766030274436,8,2.0,2.0,2.0,2.0,2.0,1.2,1.2,1.2,1.2,1.2,1.2,2.0,2.0,2.0,2.0,1.2,1.2,1.2,1.2,1.2,2.201
854.9287443161011,0.4991161823272705,2688,30.13720703125,6050.252445137699,89.19207401046646,8,2.0,2.0,2.0,2.0,2.0,1.2,1.2,1.2,1.2,1.2,1.2,2.0,2.0,2.0,2.0,1.2,1.2,1.2,1.2,1.2,2.201
855.4293067455292,0.49911022186279297,2656,29.520294189453125,5407.4271637623215,89.97200308894358,8,2.0,2.0,2.0,2.0,2.0,1.2,1.2,1.2,1.2,1.2,1.2,2.0,2.0,2.0,2.0,1.2,1.2,1.2,1.2,1.2,2.201
855.9298515319824,0.4989757537841797,3584,29.085372924804688,6483.08744622192,123.22345012614505,8,2.0,2.0,2.0,2.0,2.0,1.2,1.2,1.2,1.2,1.2,1.2,2.0,2.0,2.0,2.0,1.2,1.2,1.2,1.2,1.2,2.201
856.4304094314575,0.498981237411499,2880,29.219818115234375,5999.980727738206,98.56324186010079,8,2.0,2.0,2.0,2.0,2.0,1.2,1.2,1.2,1.2,1.2,1.2,2.0,2.0,2.0,2.0,1.2,1.2,1.2,1.2,1.2,2.201
856.9309496879578,0.49900054931640625,3200,31.3515625,6299.205606925272,102.06827809618738,8,2.0,2.0,2.0,2.0,2.0,1.2,1.2,1.2,1.2,1.2,1.2,2.0,2.0,2.0,2.0,1.2,1.2,1.2,1.2,1.2,2.201
857.4314661026001,0.49910974502563477,2368,29.166152954101562,5589.981834931401,81.19000142824781,8,2.0,2.0,2.0,2.0,2.0,1.2,1.2,1.2,1.2,1.2,1.2,2.0,2.0,2.0,2.0,1.2,1.2,1.2,1.2,1.2,2.201
857.9320111274719,0.49906063079833984,3072,28.686553955078125,5951.844451275626,107.0884988420225,8,2.0,2.0,2.0,2.0,2.0,1.2,1.2,1.2,1.2,1.2,1.2,2.0,2.0,2.0,2.0,1.2,1.2,1.2,1.2,1.2,2.201
858.4325568675995,0.4991140365600586,2752,29.59228515625,6139.522716847501,92.9972114512004,8,2.0,2.0,2.0,2.0,2.0,1.2,1.2,1.2,1.2,1.2,1.2,2.0,2.0,2.0,2.0,1.2,1.2,1.2,1.2,1.2,2.201
858.9331023693085,0.4991137981414795,2880,29.923919677734375,5714.3143858180265,96.24407601063488,8,2.0,2.0,2.0,2.0,2.0,1.2,1.2,1.2,1.2,1.2,1.2,2.0,2.0,2.0,2.0,1.2,1.2,1.2,1.2,1.2,2.201
859.4336507320404,0.499129056930542,3392,28.3856201171875,5898.39388066547,119.49712516395381,8,2.0,2.0,2.0,2.0,2.0,1.2,1.2,1.2,1.2,1.2,1.2,2.0,2.0,2.0,2.0,1.2,1.2,1.2,1.2,1.2,2.201
859.9342176914215,0.4990503787994385,3008,30.000717163085938,6469.809583446969,100.2642698055619,8,2.0,2.0,2.0,2.0,2.0,1.2,1.2,1.2,1.2,1.2,1.2,2.0,2.0,2.0,2.0,1.2,1.2,1.2,1.2,1.2,2.201
860.4347352981567,0.49894189834594727,3328,28.821884155273438,6120.201792665326,115.4678154304873,8,2.0,2.0,2.0,2.0,2.0,1.2,1.2,1.2,1.2,1.2,1.2,2.0,2.0,2.0,2.0,1.2,1.2,1.2,1.2,1.2,2.201
860.9352967739105,0.4991433620452881,2752,31.110427856445312,6251.315368352703,88.45908557409484,8,2.0,2.0,2.0,2.0,2.0,1.2,1.2,1.2,1.2,1.2,1.2,2.0,2.0,2.0,2.0,1.2,1.2,1.2,1.2,1.2,2.201
861.4358232021332,0.47615480422973633,3552,31.590423583984375,6031.468875847418,112.43913810009128,8,2.1,2.1,2.1,2.1,2.1,1.2,1.2,1.2,1.2,1.2,1.2,2.1,2.1,2.1,2.1,1.2,1.2,1.2,1.2,1.2,2.201
861.9363703727722,0.49907827377319336,3008,29.055221557617188,5986.935827236667,103.52700267781697,8,2.1,2.1,2.1,2.1,2.1,1.2,1.2,1.2,1.2,1.2,1.2,2.1,2.1,2.1,2.1,1.2,1.2,1.2,1.2,1.2,2.201
862.4369163513184,0.4991035461425781,2656,30.4793701171875,6313.82184304672,87.14090841733851,8,2.1,2.1,2.1,2.1,2.1,1.2,1.2,1.2,1.2,1.2,1.2,2.1,2.1,2.1,2.1,1.2,1.2,1.2,1.2,1.2,2.201
862.9374649524689,0.49906110763549805,2944,30.490203857421875,6290.599963447569,96.55560237533066,8,2.1,2.1,2.1,2.1,2.1,1.2,1.2,1.2,1.2,1.2,1.2,2.1,2.1,2.1,2.1,1.2,1.2,1.2,1.2,1.2,2.201
863.4380130767822,0.49905848503112793,3424,30.968505859375,6348.695401691828,110.56393923388019,8,2.1,2.1,2.1,2.1,2.1,1.2,1.2,1.2,1.2,1.2,1.2,2.1,2.1,2.1,2.1,1.2,1.2,1.2,1.2,1.2,2.201
863.9385590553284,0.49905824661254883,3360,31.428497314453125,6533.528459056412,106.90934302019033,8,2.1,2.1,2.1,2.1,2.1,1.2,1.2,1.2,1.2,1.2,1.2,2.1,2.1,2.1,2.1,1.2,1.2,1.2,1.2,1.2,2.201
864.4391052722931,0.4991278648376465,3104,30.804092407226562,5818.897488010776,100.76583198639572,8,2.1,2.1,2.1,2.1,2.1,1.2,1.2,1.2,1.2,1.2,1.2,2.1,2.1,2.1,2.1,1.2,1.2,1.2,1.2,1.2,2.201
864.9396517276764,0.499112606048584,3072,30.933700561523438,6453.587592554688,99.30916586879603,8,2.1,2.1,2.1,2.1,2.1,1.2,1.2,1.2,1.2,1.2,1.2,2.1,2.1,2.1,2.1,1.2,1.2,1.2,1.2,1.2,2.201
865.4401981830597,0.4991168975830078,3232,30.861618041992188,6667.87333037754,104.72555248407083,8,2.1,2.1,2.1,2.1,2.1,1.2,1.2,1.2,1.2,1.2,1.2,2.1,2.1,2.1,2.1,1.2,1.2,1.2,1.2,1.2,2.201
865.9407429695129,0.4991025924682617,3456,31.14251708984375,6592.3671879557305,110.97368880073847,8,2.1,2.1,2.1,2.1,2.1,1.2,1.2,1.2,1.2,1.2,1.2,2.1,2.1,2.1,2.1,1.2,1.2,1.2,1.2,1.2,2.201
866.4413077831268,0.4991171360015869,3136,30.526748657226562,6644.094827942377,102.72957776188255,8,2.1,2.1,2.1,2.1,2.1,1.2,1.2,1.2,1.2,1.2,1.2,2.1,2.1,2.1,2.1,1.2,1.2,1.2,1.2,1.2,2.201
866.9418525695801,0.4989194869995117,3584,30.767730712890625,6074.545790089106,116.48567889013755,8,2.1,2.1,2.1,2.1,2.1,1.2,1.2,1.2,1.2,1.2,1.2,2.1,2.1,2.1,2.1,1.2,1.2,1.2,1.2,1.2,2.201
867.4423983097076,0.49907708168029785,3392,30.417617797851562,6757.019918633667,111.51432115895616,8,2.1,2.1,2.1,2.1,2.1,1.2,1.2,1.2,1.2,1.2,1.2,2.1,2.1,2.1,2.1,1.2,1.2,1.2,1.2,1.2,2.201
867.9429433345795,0.4991128444671631,3168,30.493270874023438,6545.388093141371,103.89177379782997,8,2.1,2.1,2.1,2.1,2.1,1.2,1.2,1.2,1.2,1.2,1.2,2.1,2.1,2.1,2.1,1.2,1.2,1.2,1.2,1.2,2.201
868.4434905052185,0.4990663528442383,2816,29.40057373046875,5845.075610858769,95.78044380411833,8,2.1,2.1,2.1,2.1,2.1,1.2,1.2,1.2,1.2,1.2,1.2,2.1,2.1,2.1,2.1,1.2,1.2,1.2,1.2,1.2,2.201
868.9440097808838,0.4991171360015869,3296,30.529922485351562,6669.0103114017065,107.95965831821029,8,2.1,2.1,2.1,2.1,2.1,1.2,1.2,1.2,1.2,1.2,1.2,2.1,2.1,2.1,2.1,1.2,1.2,1.2,1.2,1.2,2.201
869.4445555210114,0.49914026260375977,3072,30.230377197265625,6295.095796514227,101.61963841714373,8,2.1,2.1,2.1,2.1,2.1,1.2,1.2,1.2,1.2,1.2,1.2,2.1,2.1,2.1,2.1,1.2,1.2,1.2,1.2,1.2,2.201
869.9451162815094,0.49909496307373047,2848,30.003952026367188,5917.348992975843,94.92082901269822,8,2.1,2.1,2.1,2.1,2.1,1.2,1.2,1.2,1.2,1.2,1.2,2.1,2.1,2.1,2.1,1.2,1.2,1.2,1.2,1.2,2.201
870.4456615447998,0.4989502429962158,3360,30.991668701171875,6631.16397124102,108.41623380779589,8,2.1,2.1,2.1,2.1,2.1,1.2,1.2,1.2,1.2,1.2,1.2,2.1,2.1,2.1,2.1,1.2,1.2,1.2,1.2,1.2,2.201
870.9462251663208,0.4990880489349365,3136,30.9686279296875,6479.285217656289,101.2637694869824,8,2.1,2.1,2.1,2.1,2.1,1.2,1.2,1.2,1.2,1.2,1.2,2.1,2.1,2.1,2.1,1.2,1.2,1.2,1.2,1.2,2.201
871.4467539787292,0.4773571491241455,3328,31.741226196289062,6237.351234533631,104.84787132732396,8,2.2,2.2,2.2,2.2,2.2,1.2,1.2,1.2,1.2,1.2,1.2,2.2,2.2,2.2,2.2,1.2,1.2,1.2,1.2,1.2,2.201
871.9473030567169,0.4990541934967041,3616,29.708084106445312,6569.325408388181,121.71771114703056,8,2.2,2.2,2.2,2.2,2.2,1.2,1.2,1.2,1.2,1.2,1.2,2.2,2.2,2.2,2.2,1.2,1.2,1.2,1.2,1.2,2.201
872.4478216171265,0.49908876419067383,3296,30.523880004882812,6754.04360648247,107.98102991732208,8,2.2,2.2,2.2,2.2,2.2,1.2,1.2,1.2,1.2,1.2,1.2,2.2,2.2,2.2,2.2,1.2,1.2,1.2,1.2,1.2,2.201
872.9483392238617,0.4991798400878906,3072,34.905517578125,6678.294672533168,88.00900869394921,8,2.2,2.2,2.2,2.2,2.2,1.2,1.2,1.2,1.2,1.2,1.2,2.2,2.2,2.2,2.2,1.2,1.2,1.2,1.2,1.2,2.201
873.4488618373871,0.49919939041137695,3360,35.86048889160156,6667.866197982963,93.69643593417109,8,2.2,2.2,2.2,2.2,2.2,1.2,1.2,1.2,1.2,1.2,1.2,2.2,2.2,2.2,2.2,1.2,1.2,1.2,1.2,1.2,2.201
873.9494054317474,0.49918484687805176,3200,35.53242492675781,5825.227907716397,90.05858751819184,8,2.2,2.2,2.2,2.2,2.2,1.2,1.2,1.2,1.2,1.2,1.2,2.2,2.2,2.2,2.2,1.2,1.2,1.2,1.2,1.2,2.201
874.4499514102936,0.4991602897644043,3232,36.15362548828125,7108.53467054946,89.3962903125058,8,2.2,2.2,2.2,2.2,2.2,1.2,1.2,1.2,1.2,1.2,1.2,2.2,2.2,2.2,2.2,1.2,1.2,1.2,1.2,1.2,2.201
874.9504671096802,0.4991328716278076,3616,36.3896484375,6927.252590063618,99.36891822987951,8,2.2,2.2,2.2,2.2,2.2,1.2,1.2,1.2,1.2,1.2,1.2,2.2,2.2,2.2,2.2,1.2,1.2,1.2,1.2,1.2,2.201
875.4509851932526,0.4991645812988281,3008,36.53721618652344,6621.0947362986635,82.32701650405116,8,2.2,2.2,2.2,2.2,2.2,1.2,1.2,1.2,1.2,1.2,1.2,2.2,2.2,2.2,2.2,1.2,1.2,1.2,1.2,1.2,2.201
875.9515407085419,0.49911999702453613,3712,36.15008544921875,6631.0451861082975,102.68302146102454,8,2.2,2.2,2.2,2.2,2.2,1.2,1.2,1.2,1.2,1.2,1.2,2.2,2.2,2.2,2.2,1.2,1.2,1.2,1.2,1.2,2.201
876.452086687088,0.4991464614868164,3232,36.579132080078125,7087.74494570431,88.3563883616644,8,2.2,2.2,2.2,2.2,2.2,1.2,1.2,1.2,1.2,1.2,1.2,2.2,2.2,2.2,2.2,1.2,1.2,1.2,1.2,1.2,2.201
876.9526302814484,0.49913525581359863,3520,36.76512145996094,6617.696148538399,95.74291774973345,8,2.2,2.2,2.2,2.2,2.2,1.2,1.2,1.2,1.2,1.2,1.2,2.2,2.2,2.2,2.2,1.2,1.2,1.2,1.2,1.2,2.201
877.4531738758087,0.49916958808898926,3520,36.32133483886719,6924.087550979638,96.9127378059155,8,2.2,2.2,2.2,2.2,2.2,1.2,1.2,1.2,1.2,1.2,1.2,2.2,2.2,2.2,2.2,1.2,1.2,1.2,1.2,1.2,2.201
877.9537172317505,0.49914097785949707,3008,36.23576354980469,6480.130966702402,83.0119115846867,8,2.2,2.2,2.2,2.2,2.2,1.2,1.2,1.2,1.2,1.2,1.2,2.2,2.2,2.2,2.2,1.2,1.2,1.2,1.2,1.2,2.201
878.4542350769043,0.4991133213043213,3680,36.581451416015625,6771.719546802998,100.59743005136393,8,2.2,2.2,2.2,2.2,2.2,1.2,1.2,1.2,1.2,1.2,1.2,2.2,2.2,2.2,2.2,1.2,1.2,1.2,1.2,1.2,2.201
878.954779624939,0.49903440475463867,2528,36.452239990234375,6513.801846246042,69.3510193249374,8,2.2,2.2,2.2,2.2,2.2,1.2,1.2,1.2,1.2,1.2,1.2,2.2,2.2,2.2,2.2,1.2,1.2,1.2,1.2,1.2,2.201
879.4552972316742,0.4991452693939209,3936,35.980438232421875,6515.674882997189,109.39277544577767,8,2.2,2.2,2.2,2.2,2.2,1.2,1.2,1.2,1.2,1.2,1.2,2.2,2.2,2.2,2.2,1.2,1.2,1.2,1.2,1.2,2.201
879.9558560848236,0.49913835525512695,3168,36.77772521972656,6770.433894148351,86.13909590854118,8,2.2,2.2,2.2,2.2,2.2,1.2,1.2,1.2,1.2,1.2,1.2,2.2,2.2,2.2,2.2,1.2,1.2,1.2,1.2,1.2,2.201
880.4563992023468,0.4989628791809082,3552,36.30604553222656,6677.562423742507,97.83494588654983,8,2.2,2.2,2.2,2.2,2.2,1.2,1.2,1.2,1.2,1.2,1.2,2.2,2.2,2.2,2.2,1.2,1.2,1.2,1.2,1.2,2.201
880.9569149017334,0.49916982650756836,3264,36.026092529296875,6743.97548897461,90.60099974332975,8,2.2,2.2,2.2,2.2,2.2,1.2,1.2,1.2,1.2,1.2,1.2,2.2,2.2,2.2,2.2,1.2,1.2,1.2,1.2,1.2,2.201
881.457417011261,0.47869229316711426,3104,37.51249694824219,6518.72551803493,82.74575814781777,9,1.2,1.2,1.2,1.2,1.2,1.2,1.2,1.2,1.2,1.2,1.2,1.2,1.2,1.2,1.2,1.2,1.2,1.2,1.2,1.2,2.201
881.9579350948334,0.49896979331970215,1120,24.848388671875,3360.93329954898,45.073345189086155,9,1.2,1.2,1.2,1.2,1.2,1.2,1.2,1.2,1.2,1.2,1.2,1.2,1.2,1.2,1.2,1.2,1.2,1.2,1.2,1.2,2.201
882.4584522247314,0.4989743232727051,2336,23.293624877929688,4538.733509857588,100.28494973374968,9,1.2,1.2,1.2,1.2,1.2,1.2,1.2,1.2,1.2,1.2,1.2,1.2,1.2,1.2,1.2,1.2,1.2,1.2,1.2,1.2,2.201
882.9590017795563,0.49916744232177734,2528,25.6229248046875,4006.9227616269027,98.6616484757245,9,1.2,1.2,1.2,1.2,1.2,1.2,1.2,1.2,1.2,1.2,1.2,1.2,1.2,1.2,1.2,1.2,1.2,1.2,1.2,1.2,2.201
883.4595503807068,0.49902987480163574,2144,25.345428466796875,4097.755540171203,84.59119177285528,9,1.2,1.2,1.2,1.2,1.2,1.2,1.2,1.2,1.2,1.2,1.2,1.2,1.2,1.2,1.2,1.2,1.2,1.2,1.2,1.2,2.201
883.9601163864136,0.49905896186828613,2048,24.211013793945312,3940.491776867488,84.5896011389727,9,1.2,1.2,1.2,1.2,1.2,1.2,1.2,1.2,1.2,1.2,1.2,1.2,1.2,1.2,1.2,1.2,1.2,1.2,1.2,1.2,2.201
884.4606671333313,0.49886560440063477,2048,23.653228759765625,3880.8091408758933,86.58437377833458,9,1.2,1.2,1.2,1.2,1.2,1.2,1.2,1.2,1.2,1.2,1.2,1.2,1.2,1.2,1.2,1.2,1.2,1.2,1.2,1.2,2.201
884.9611840248108,0.4990518093109131,1664,22.79107666015625,4397.173213562118,73.0110308000075,9,1.2,1.2,1.2,1.2,1.2,1.2,1.2,1.2,1.2,1.2,1.2,1.2,1.2,1.2,1.2,1.2,1.2,1.2,1.2,1.2,2.201
885.4617028236389,0.49909520149230957,2048,22.793975830078125,3938.452054503667,89.84830094000239,9,1.2,1.2,1.2,1.2,1.2,1.2,1.2,1.2,1.2,1.2,1.2,1.2,1.2,1.2,1.2,1.2,1.2,1.2,1.2,1.2,2.201
885.9622521400452,0.4990391731262207,2112,22.949310302734375,3911.164056058265,92.0289094591378,9,1.2,1.2,1.2,1.2,1.2,1.2,1.2,1.2,1.2,1.2,1.2,1.2,1.2,1.2,1.2,1.2,1.2,1.2,1.2,1.2,2.201
886.4627721309662,0.4989969730377197,1600,23.37677001953125,3420.1512730491236,68.4440150911868,9,1.2,1.2,1.2,1.2,1.2,1.2,1.2,1.2,1.2,1.2,1.2,1.2,1.2,1.2,1.2,1.2,1.2,1.2,1.2,1.2,2.201
886.9633355140686,0.49909019470214844,1952,22.430755615234375,3872.503501744736,87.02337243932404,9,1.2,1.2,1.2,1.2,1.2,1.2,1.2,1.2,1.2,1.2,1.2,1.2,1.2,1.2,1.2,1.2,1.2,1.2,1.2,1.2,2.201
887.4638860225677,0.4989347457885742,2560,22.692123413085938,4570.494455278594,112.8144754634869,9,1.2,1.2,1.2,1.2,1.2,1.2,1.2,1.2,1.2,1.2,1.2,1.2,1.2,1.2,1.2,1.2,1.2,1.2,1.2,1.2,2.201
887.9644498825073,0.4990391731262207,1600,23.783920288085938,3297.4860379625643,67.27234117083242,9,1.2,1.2,1.2,1.2,1.2,1.2,1.2,1.2,1.2,1.2,1.2,1.2,1.2,1.2,1.2,1.2,1.2,1.2,1.2,1.2,2.201
888.4649662971497,0.4989328384399414,2080,22.920364379882812,4040.127541723168,90.74899358169081,9,1.2,1.2,1.2,1.2,1.2,1.2,1.2,1.2,1.2,1.2,1.2,1.2,1.2,1.2,1.2,1.2,1.2,1.2,1.2,1.2,2.201
888.9654855728149,0.4991135597229004,2080,23.843795776367188,4059.8515417652666,87.23443278530321,9,1.2,1.2,1.2,1.2,1.2,1.2,1.2,1.2,1.2,1.2,1.2,1.2,1.2,1.2,1.2,1.2,1.2,1.2,1.2,1.2,2.201
889.4660036563873,0.4990220069885254,2400,22.57666015625,4514.493543440245,106.30447477128706,9,1.2,1.2,1.2,1.2,1.2,1.2,1.2,1.2,1.2,1.2,1.2,1.2,1.2,1.2,1.2,1.2,1.2,1.2,1.2,1.2,2.201
889.9665231704712,0.4990391731262207,1696,22.629150390625,3501.57735524903,74.94757738242942,9,1.2,1.2,1.2,1.2,1.2,1.2,1.2,1.2,1.2,1.2,1.2,1.2,1.2,1.2,1.2,1.2,1.2,1.2,1.2,1.2,2.201
890.4670479297638,0.49907898902893066,2432,22.664810180664062,4716.406141896432,107.30290616220569,9,1.2,1.2,1.2,1.2,1.2,1.2,1.2,1.2,1.2,1.2,1.2,1.2,1.2,1.2,1.2,1.2,1.2,1.2,1.2,1.2,2.201
890.9675669670105,0.4990098476409912,1984,24.660247802734375,3875.0156612273668,80.45336834693163,9,1.2,1.2,1.2,1.2,1.2,1.2,1.2,1.2,1.2,1.2,1.2,1.2,1.2,1.2,1.2,1.2,1.2,1.2,1.2,1.2,2.201
891.4680650234222,0.47423505783081055,2112,24.641921997070312,4190.473412881312,85.70760025338512,9,1.3,1.3,1.3,1.3,1.3,1.3,1.2,1.2,1.2,1.2,1.2,1.3,1.3,1.3,1.3,1.2,1.2,1.2,1.2,1.2,2.201
891.9686117172241,0.49906396865844727,1536,22.473541259765625,3409.3661137357262,68.34703895775876,9,1.3,1.3,1.3,1.3,1.3,1.3,1.2,1.2,1.2,1.2,1.2,1.3,1.3,1.3,1.3,1.2,1.2,1.2,1.2,1.2,2.201
892.4691298007965,0.4990265369415283,2400,23.947860717773438,5026.3945018526,100.21771999946478,9,1.3,1.3,1.3,1.3,1.3,1.3,1.2,1.2,1.2,1.2,1.2,1.3,1.3,1.3,1.3,1.2,1.2,1.2,1.2,1.2,2.201
892.9696476459503,0.49909162521362305,2240,24.616561889648438,4242.458762685206,90.99564797234935,9,1.3,1.3,1.3,1.3,1.3,1.3,1.2,1.2,1.2,1.2,1.2,1.3,1.3,1.3,1.3,1.2,1.2,1.2,1.2,1.2,2.201
893.4701659679413,0.49913597106933594,2336,25.95196533203125,4321.495141719003,90.0124506993229,9,1.3,1.3,1.3,1.3,1.3,1.3,1.2,1.2,1.2,1.2,1.2,1.3,1.3,1.3,1.3,1.2,1.2,1.2,1.2,1.2,2.201
893.9706838130951,0.4990518093109131,1760,24.2603759765625,4589.881293418675,72.54627882520467,9,1.3,1.3,1.3,1.3,1.3,1.3,1.2,1.2,1.2,1.2,1.2,1.3,1.3,1.3,1.3,1.2,1.2,1.2,1.2,1.2,2.201
894.4712469577789,0.4990522861480713,1824,24.894332885742188,4183.507035489214,73.26968785914586,9,1.3,1.3,1.3,1.3,1.3,1.3,1.2,1.2,1.2,1.2,1.2,1.3,1.3,1.3,1.3,1.2,1.2,1.2,1.2,1.2,2.201
894.9717950820923,0.4989151954650879,2176,24.098709106445312,4352.016115248272,90.29529301293647,9,1.3,1.3,1.3,1.3,1.3,1.3,1.2,1.2,1.2,1.2,1.2,1.3,1.3,1.3,1.3,1.2,1.2,1.2,1.2,1.2,2.201
895.4723150730133,0.49900031089782715,2304,23.971023559570312,4090.141380568336,96.11604586989526,9,1.3,1.3,1.3,1.3,1.3,1.3,1.2,1.2,1.2,1.2,1.2,1.3,1.3,1.3,1.3,1.2,1.2,1.2,1.2,1.2,2.201
895.9728600978851,0.4991922378540039,2496,25.681549072265625,4147.031831145668,97.1903989504868,9,1.3,1.3,1.3,1.3,1.3,1.3,1.2,1.2,1.2,1.2,1.2,1.3,1.3,1.3,1.3,1.2,1.2,1.2,1.2,1.2,2.201
896.4734036922455,0.49916672706604004,2432,25.8818359375,4875.546499035084,93.96551333811267,9,1.3,1.3,1.3,1.3,1.3,1.3,1.2,1.2,1.2,1.2,1.2,1.3,1.3,1.3,1.3,1.2,1.2,1.2,1.2,1.2,2.201
896.9739515781403,0.4991617202758789,2080,25.613632202148438,4094.4898448453728,81.20675676078196,9,1.3,1.3,1.3,1.3,1.3,1.3,1.2,1.2,1.2,1.2,1.2,1.3,1.3,1.3,1.3,1.2,1.2,1.2,1.2,1.2,2.201
897.4745099544525,0.4990096092224121,1568,24.967361450195312,3680.2511369127806,62.801990635968224,9,1.3,1.3,1.3,1.3,1.3,1.3,1.2,1.2,1.2,1.2,1.2,1.3,1.3,1.3,1.3,1.2,1.2,1.2,1.2,1.2,2.201
897.975058555603,0.49904918670654297,2272,25.759613037109375,4793.84004063944,88.2000826925059,9,1.3,1.3,1.3,1.3,1.3,1.3,1.2,1.2,1.2,1.2,1.2,1.3,1.3,1.3,1.3,1.2,1.2,1.2,1.2,1.2,2.201
898.4756295681,0.4990558624267578,2432,25.065872192382812,4319.747842109592,97.02435172948232,9,1.3,1.3,1.3,1.3,1.3,1.3,1.2,1.2,1.2,1.2,1.2,1.3,1.3,1.3,1.3,1.2,1.2,1.2,1.2,1.2,2.201
898.9761874675751,0.4990847110748291,2304,23.438690185546875,4700.116604778787,98.29900825348713,9,1.3,1.3,1.3,1.3,1.3,1.3,1.2,1.2,1.2,1.2,1.2,1.3,1.3,1.3,1.3,1.2,1.2,1.2,1.2,1.2,2.201
899.4767496585846,0.499114990234375,1184,25.513229370117188,3432.7296104334173,46.407296497980006,9,1.3,1.3,1.3,1.3,1.3,1.3,1.2,1.2,1.2,1.2,1.2,1.3,1.3,1.3,1.3,1.2,1.2,1.2,1.2,1.2,2.201
899.9772682189941,0.49895405769348145,2752,23.402725219726562,4446.329349584243,117.59314242942492,9,1.3,1.3,1.3,1.3,1.3,1.3,1.2,1.2,1.2,1.2,1.2,1.3,1.3,1.3,1.3,1.2,1.2,1.2,1.2,1.2,2.201
900.4778168201447,0.4991145133972168,2496,23.909530639648438,4222.525306727541,104.39351728055088,9,1.3,1.3,1.3,1.3,1.3,1.3,1.2,1.2,1.2,1.2,1.2,1.3,1.3,1.3,1.3,1.2,1.2,1.2,1.2,1.2,2.201
900.978363275528,0.49902987480163574,2304,25.448501586914062,4801.620801772204,90.53578231830929,9,1.3,1.3,1.3,1.3,1.3,1.3,1.2,1.2,1.2,1.2,1.2,1.3,1.3,1.3,1.3,1.2,1.2,1.2,1.2,1.2,2.201
901.4788861274719,0.47426414489746094,2112,24.89642333984375,4474.551434795684,84.83146238198788,9,1.4,1.4,1.4,1.4,1.4,1.4,1.2,1.2,1.2,1.2,1.2,1.4,1.4,1.4,1.4,1.2,1.2,1.2,1.2,1.2,2.201
901.9794347286224,0.4991493225097656,2304,25.337295532226562,4251.097263803556,90.9331462416554,9,1.4,1.4,1.4,1.4,1.4,1.4,1.2,1.2,1.2,1.2,1.2,1.4,1.4,1.4,1.4,1.2,1.2,1.2,1.2,1.2,2.201
902.4799973964691,0.4990847110748291,2176,25.1839599609375,4662.367224122995,86.40420344438144,9,1.4,1.4,1.4,1.4,1.4,1.4,1.2,1.2,1.2,1.2,1.2,1.4,1.4,1.4,1.4,1.2,1.2,1.2,1.2,1.2,2.201
902.9805455207825,0.4989800453186035,1952,24.164871215820312,4435.974780801597,80.77841518650678,9,1.4,1.4,1.4,1.4,1.4,1.4,1.2,1.2,1.2,1.2,1.2,1.4,1.4,1.4,1.4,1.2,1.2,1.2,1.2,1.2,2.201
903.4810631275177,0.4990675449371338,2720,24.153961181640625,4728.258118285195,112.61092868143989,9,1.4,1.4,1.4,1.4,1.4,1.4,1.2,1.2,1.2,1.2,1.2,1.4,1.4,1.4,1.4,1.2,1.2,1.2,1.2,1.2,2.201
903.9816148281097,0.49920177459716797,2080,26.363372802734375,4727.289793073918,78.89734047171176,9,1.4,1.4,1.4,1.4,1.4,1.4,1.2,1.2,1.2,1.2,1.2,1.4,1.4,1.4,1.4,1.2,1.2,1.2,1.2,1.2,2.201
904.4821665287018,0.4990365505218506,2464,24.579681396484375,4491.30237752894,100.24540026594589,9,1.4,1.4,1.4,1.4,1.4,1.4,1.2,1.2,1.2,1.2,1.2,1.4,1.4,1.4,1.4,1.2,1.2,1.2,1.2,1.2,2.201
904.9827163219452,0.49901509284973145,1696,23.862991333007812,4616.454626664876,71.07239726706247,9,1.4,1.4,1.4,1.4,1.4,1.4,1.2,1.2,1.2,1.2,1.2,1.4,1.4,1.4,1.4,1.2,1.2,1.2,1.2,1.2,2.201
905.4832789897919,0.4990859031677246,2912,24.456451416015625,4666.612188147888,119.06878681888571,9,1.4,1.4,1.4,1.4,1.4,1.4,1.2,1.2,1.2,1.2,1.2,1.4,1.4,1.4,1.4,1.2,1.2,1.2,1.2,1.2,2.201
905.9838247299194,0.49904894828796387,2208,24.574615478515625,4599.966473004205,89.84881175171776,9,1.4,1.4,1.4,1.4,1.4,1.4,1.2,1.2,1.2,1.2,1.2,1.4,1.4,1.4,1.4,1.2,1.2,1.2,1.2,1.2,2.201
906.484386920929,0.49895572662353516,1824,24.189682006835938,4183.509055087308,75.40405035025027,9,1.4,1.4,1.4,1.4,1.4,1.4,1.2,1.2,1.2,1.2,1.2,1.4,1.4,1.4,1.4,1.2,1.2,1.2,1.2,1.2,2.201
906.9849553108215,0.4988982677459717,1952,24.024993896484375,4509.7601872888,81.2487199127089,9,1.4,1.4,1.4,1.4,1.4,1.4,1.2,1.2,1.2,1.2,1.2,1.4,1.4,1.4,1.4,1.2,1.2,1.2,1.2,1.2,2.201
907.4855015277863,0.49898648262023926,3040,24.124465942382812,4563.6228364642675,126.01315226046965,9,1.4,1.4,1.4,1.4,1.4,1.4,1.2,1.2,1.2,1.2,1.2,1.4,1.4,1.4,1.4,1.2,1.2,1.2,1.2,1.2,2.201
907.9860491752625,0.4990570545196533,2304,24.859024047851562,4997.629046414039,92.68264094217821,9,1.4,1.4,1.4,1.4,1.4,1.4,1.2,1.2,1.2,1.2,1.2,1.4,1.4,1.4,1.4,1.2,1.2,1.2,1.2,1.2,2.201
908.4865975379944,0.4990670680999756,2144,24.135467529296875,4504.268563530738,88.83192328458118,9,1.4,1.4,1.4,1.4,1.4,1.4,1.2,1.2,1.2,1.2,1.2,1.4,1.4,1.4,1.4,1.2,1.2,1.2,1.2,1.2,2.201
908.9871587753296,0.4991016387939453,2432,24.068374633789062,4565.553688625815,101.04546056823332,9,1.4,1.4,1.4,1.4,1.4,1.4,1.2,1.2,1.2,1.2,1.2,1.4,1.4,1.4,1.4,1.2,1.2,1.2,1.2,1.2,2.201
909.4877097606659,0.4989926815032959,2176,24.996810913085938,3993.112165786786,87.05110454153392,9,1.4,1.4,1.4,1.4,1.4,1.4,1.2,1.2,1.2,1.2,1.2,1.4,1.4,1.4,1.4,1.2,1.2,1.2,1.2,1.2,2.201
909.9882712364197,0.4991135597229004,2496,24.464202880859375,5541.914966929523,102.02662282337648,9,1.4,1.4,1.4,1.4,1.4,1.4,1.2,1.2,1.2,1.2,1.2,1.4,1.4,1.4,1.4,1.2,1.2,1.2,1.2,1.2,2.201
910.4888315200806,0.49898743629455566,2080,25.563156127929688,4770.66135233075,81.36710465604214,9,1.4,1.4,1.4,1.4,1.4,1.4,1.2,1.2,1.2,1.2,1.2,1.4,1.4,1.4,1.4,1.2,1.2,1.2,1.2,1.2,2.201
910.9893794059753,0.498948335647583,2592,24.4044189453125,4041.5049844823534,106.21027305785785,9,1.4,1.4,1.4,1.4,1.4,1.4,1.2,1.2,1.2,1.2,1.2,1.4,1.4,1.4,1.4,1.2,1.2,1.2,1.2,1.2,2.201
911.4899048805237,0.4747457504272461,2208,25.615310668945312,4972.2749004573225,86.19844703569673,9,1.5,1.5,1.5,1.5,1.5,1.5,1.2,1.2,1.2,1.2,1.2,1.5,1.5,1.5,1.5,1.2,1.2,1.2,1.2,1.2,2.201
911.9904708862305,0.4990246295928955,2688,24.17535400390625,5176.172515619898,111.18761692447909,9,1.5,1.5,1.5,1.5,1.5,1.5,1.2,1.2,1.2,1.2,1.2,1.5,1.5,1.5,1.5,1.2,1.2,1.2,1.2,1.2,2.201
912.4910335540771,0.49909114837646484,2272,24.722747802734375,4391.7628154656595,91.89916987094425,9,1.5,1.5,1.5,1.5,1.5,1.5,1.2,1.2,1.2,1.2,1.2,1.5,1.5,1.5,1.5,1.2,1.2,1.2,1.2,1.2,2.201
912.9915969371796,0.49894118309020996,2272,25.934646606445312,5469.290565084702,87.60481815994206,9,1.5,1.5,1.5,1.5,1.5,1.5,1.2,1.2,1.2,1.2,1.2,1.5,1.5,1.5,1.5,1.2,1.2,1.2,1.2,1.2,2.201
913.4921464920044,0.49887657165527344,2784,25.719375610351562,5199.59150062261,108.24524056017489,9,1.5,1.5,1.5,1.5,1.5,1.5,1.2,1.2,1.2,1.2,1.2,1.5,1.5,1.5,1.5,1.2,1.2,1.2,1.2,1.2,2.201
913.9926958084106,0.49906039237976074,2464,24.732162475585938,4783.376336268037,99.62735779502938,9,1.5,1.5,1.5,1.5,1.5,1.5,1.2,1.2,1.2,1.2,1.2,1.5,1.5,1.5,1.5,1.2,1.2,1.2,1.2,1.2,2.201
914.4932312965393,0.4990856647491455,2080,25.355438232421875,5098.039241194702,82.03368369868339,9,1.5,1.5,1.5,1.5,1.5,1.5,1.2,1.2,1.2,1.2,1.2,1.5,1.5,1.5,1.5,1.2,1.2,1.2,1.2,1.2,2.201
914.993780374527,0.4991021156311035,3008,25.710662841796875,4915.025696008556,116.99426103904274,9,1.5,1.5,1.5,1.5,1.5,1.5,1.2,1.2,1.2,1.2,1.2,1.5,1.5,1.5,1.5,1.2,1.2,1.2,1.2,1.2,2.201
915.4943397045135,0.4990499019622803,1920,24.9371337890625,4776.272881445687,76.99361186577575,9,1.5,1.5,1.5,1.5,1.5,1.5,1.2,1.2,1.2,1.2,1.2,1.5,1.5,1.5,1.5,1.2,1.2,1.2,1.2,1.2,2.201
915.9948854446411,0.4990837574005127,3296,25.732345581054688,5166.046472651603,128.08781809718363,9,1.5,1.5,1.5,1.5,1.5,1.5,1.2,1.2,1.2,1.2,1.2,1.5,1.5,1.5,1.5,1.2,1.2,1.2,1.2,1.2,2.201
916.4954323768616,0.4991035461425781,1664,24.860061645507812,4154.5200988659235,66.9346690980826,9,1.5,1.5,1.5,1.5,1.5,1.5,1.2,1.2,1.2,1.2,1.2,1.5,1.5,1.5,1.5,1.2,1.2,1.2,1.2,1.2,2.201
916.995982170105,0.4991123676300049,2496,24.957962036132812,5432.2870977727625,100.00816558605321,9,1.5,1.5,1.5,1.5,1.5,1.5,1.2,1.2,1.2,1.2,1.2,1.5,1.5,1.5,1.5,1.2,1.2,1.2,1.2,1.2,2.201
917.4965462684631,0.49906420707702637,2752,24.527236938476562,4778.750129047985,112.20179455611083,9,1.5,1.5,1.5,1.5,1.5,1.5,1.2,1.2,1.2,1.2,1.2,1.5,1.5,1.5,1.5,1.2,1.2,1.2,1.2,1.2,2.201
917.9970927238464,0.4989640712738037,2432,25.901412963867188,5379.189382287219,93.89449152417562,9,1.5,1.5,1.5,1.5,1.5,1.5,1.2,1.2,1.2,1.2,1.2,1.5,1.5,1.5,1.5,1.2,1.2,1.2,1.2,1.2,2.201
918.4976437091827,0.4991271495819092,2752,24.462173461914062,4812.460019334154,112.50022424559602,9,1.5,1.5,1.5,1.5,1.5,1.5,1.2,1.2,1.2,1.2,1.2,1.5,1.5,1.5,1.5,1.2,1.2,1.2,1.2,1.2,2.201
918.9981637001038,0.4990885257720947,2784,24.952667236328125,5383.538835750093,111.57123900353331,9,1.5,1.5,1.5,1.5,1.5,1.5,1.2,1.2,1.2,1.2,1.2,1.5,1.5,1.5,1.5,1.2,1.2,1.2,1.2,1.2,2.201
919.4986984729767,0.49904489517211914,2240,24.750457763671875,4401.056459506759,90.5033765996772,9,1.5,1.5,1.5,1.5,1.5,1.5,1.2,1.2,1.2,1.2,1.2,1.5,1.5,1.5,1.5,1.2,1.2,1.2,1.2,1.2,2.201
919.9992625713348,0.49912071228027344,2624,27.48876953125,5156.351126394001,95.45716468017834,9,1.5,1.5,1.5,1.5,1.5,1.5,1.2,1.2,1.2,1.2,1.2,1.5,1.5,1.5,1.5,1.2,1.2,1.2,1.2,1.2,2.201
920.4998092651367,0.49901723861694336,2592,24.767181396484375,5004.594966911747,104.65462171516725,9,1.5,1.5,1.5,1.5,1.5,1.5,1.2,1.2,1.2,1.2,1.2,1.5,1.5,1.5,1.5,1.2,1.2,1.2,1.2,1.2,2.201
921.0003347396851,0.4990830421447754,2368,25.419830322265625,5294.689219377461,93.15561787703327,9,1.5,1.5,1.5,1.5,1.5,1.5,1.2,1.2,1.2,1.2,1.2,1.5,1.5,1.5,1.5,1.2,1.2,1.2,1.2,1.2,2.201
921.5008635520935,0.4761779308319092,2656,26.059677124023438,4687.249334205766,101.91991202959048,9,1.6,1.6,1.6,1.6,1.6,1.6,1.2,1.2,1.2,1.2,1.2,1.6,1.6,1.6,1.6,1.2,1.2,1.2,1.2,1.2,2.201
922.0014250278473,0.4990417957305908,2752,25.087371826171875,5607.77863674485,109.69662422466405,9,1.6,1.6,1.6,1.6,1.6,1.6,1.2,1.2,1.2,1.2,1.2,1.6,1.6,1.6,1.6,1.2,1.2,1.2,1.2,1.2,2.201
922.5019731521606,0.4989659786224365,2272,26.382369995117188,4767.214245114301,86.11811601537309,9,1.6,1.6,1.6,1.6,1.6,1.6,1.2,1.2,1.2,1.2,1.2,1.6,1.6,1.6,1.6,1.2,1.2,1.2,1.2,1.2,2.201
923.0024909973145,0.4990255832672119,2688,27.396026611328125,5566.240746825236,98.11641805343133,9,1.6,1.6,1.6,1.6,1.6,1.6,1.2,1.2,1.2,1.2,1.2,1.6,1.6,1.6,1.6,1.2,1.2,1.2,1.2,1.2,2.201
923.5030388832092,0.49909019470214844,2688,26.194839477539062,5518.220542858889,102.6156316897778,9,1.6,1.6,1.6,1.6,1.6,1.6,1.2,1.2,1.2,1.2,1.2,1.6,1.6,1.6,1.6,1.2,1.2,1.2,1.2,1.2,2.201
924.0035996437073,0.4989924430847168,2656,26.383148193359375,5381.850043635253,100.6703210903585,9,1.6,1.6,1.6,1.6,1.6,1.6,1.2,1.2,1.2,1.2,1.2,1.6,1.6,1.6,1.6,1.2,1.2,1.2,1.2,1.2,2.201
924.5041611194611,0.4990267753601074,2560,26.917877197265625,5350.16989310858,95.10408199128162,9,1.6,1.6,1.6,1.6,1.6,1.6,1.2,1.2,1.2,1.2,1.2,1.6,1.6,1.6,1.6,1.2,1.2,1.2,1.2,1.2,2.201
925.004723072052,0.4989957809448242,2720,25.968841552734375,4868.323257058743,104.74090630791342,9,1.6,1.6,1.6,1.6,1.6,1.6,1.2,1.2,1.2,1.2,1.2,1.6,1.6,1.6,1.6,1.2,1.2,1.2,1.2,1.2,2.201
925.505286693573,0.49898672103881836,2720,26.871536254882812,5598.598514931586,101.2223482200706,9,1.6,1.6,1.6,1.6,1.6,1.6,1.2,1.2,1.2,1.2,1.2,1.6,1.6,1.6,1.6,1.2,1.2,1.2,1.2,1.2,2.201
926.0058331489563,0.49907684326171875,2528,25.507415771484375,5191.850518828463,99.10843272591099,9,1.6,1.6,1.6,1.6,1.6,1.6,1.2,1.2,1.2,1.2,1.2,1.6,1.6,1.6,1.6,1.2,1.2,1.2,1.2,1.2,2.201
926.506377696991,0.4990394115447998,2432,25.461654663085938,5728.685865635451,95.51618039678664,9,1.6,1.6,1.6,1.6,1.6,1.6,1.2,1.2,1.2,1.2,1.2,1.6,1.6,1.6,1.6,1.2,1.2,1.2,1.2,1.2,2.201
927.0069246292114,0.49915623664855957,3008,27.395278930664062,5449.258683236635,109.79994062528371,9,1.6,1.6,1.6,1.6,1.6,1.6,1.2,1.2,1.2,1.2,1.2,1.6,1.6,1.6,1.6,1.2,1.2,1.2,1.2,1.2,2.201
927.5074734687805,0.4990377426147461,2816,25.92230224609375,4964.626049871744,108.63232645257598,9,1.6,1.6,1.6,1.6,1.6,1.6,1.2,1.2,1.2,1.2,1.2,1.6,1.6,1.6,1.6,1.2,1.2,1.2,1.2,1.2,2.201
928.0080378055573,0.49906444549560547,1952,26.9437255859375,5081.773853537151,72.44729366672254,9,1.6,1.6,1.6,1.6,1.6,1.6,1.2,1.2,1.2,1.2,1.2,1.6,1.6,1.6,1.6,1.2,1.2,1.2,1.2,1.2,2.201
928.5085835456848,0.4988889694213867,3360,26.117111206054688,5707.759902389,128.65128817237095,9,1.6,1.6,1.6,1.6,1.6,1.6,1.2,1.2,1.2,1.2,1.2,1.6,1.6,1.6,1.6,1.2,1.2,1.2,1.2,1.2,2.201
929.0091350078583,0.49909067153930664,2112,27.55731201171875,5499.977729082416,76.64027605819724,9,1.6,1.6,1.6,1.6,1.6,1.6,1.2,1.2,1.2,1.2,1.2,1.6,1.6,1.6,1.6,1.2,1.2,1.2,1.2,1.2,2.201
929.5096583366394,0.4990115165710449,3392,25.67755126953125,5176.18326483077,132.0998238654056,9,1.6,1.6,1.6,1.6,1.6,1.6,1.2,1.2,1.2,1.2,1.2,1.6,1.6,1.6,1.6,1.2,1.2,1.2,1.2,1.2,2.201
930.0101771354675,0.49904537200927734,2752,25.711929321289062,5631.3841968857105,107.03203037048598,9,1.6,1.6,1.6,1.6,1.6,1.6,1.2,1.2,1.2,1.2,1.2,1.6,1.6,1.6,1.6,1.2,1.2,1.2,1.2,1.2,2.201
930.5106949806213,0.49909186363220215,2432,26.865005493164062,5052.06479941534,90.52668910188143,9,1.6,1.6,1.6,1.6,1.6,1.6,1.2,1.2,1.2,1.2,1.2,1.6,1.6,1.6,1.6,1.2,1.2,1.2,1.2,1.2,2.201
931.0112152099609,0.49914050102233887,2752,25.726898193359375,5225.8705816885185,106.96975513007418,9,1.6,1.6,1.6,1.6,1.6,1.6,1.2,1.2,1.2,1.2,1.2,1.6,1.6,1.6,1.6,1.2,1.2,1.2,1.2,1.2,2.201
931.5117444992065,0.4761993885040283,2304,26.84747314453125,5132.985100317963,85.81813221663722,9,1.7,1.7,1.7,1.7,1.7,1.7,1.2,1.2,1.2,1.2,1.2,1.7,1.7,1.7,1.7,1.2,1.2,1.2,1.2,1.2,2.201
932.0122916698456,0.49906015396118164,2816,27.00140380859375,5733.690236342312,104.29087391018352,9,1.7,1.7,1.7,1.7,1.7,1.7,1.2,1.2,1.2,1.2,1.2,1.7,1.7,1.7,1.7,1.2,1.2,1.2,1.2,1.2,2.201
932.512838602066,0.49909090995788574,3136,27.129669189453125,5719.666050587792,115.59300550627964,9,1.7,1.7,1.7,1.7,1.7,1.7,1.2,1.2,1.2,1.2,1.2,1.7,1.7,1.7,1.7,1.2,1.2,1.2,1.2,1.2,2.201
933.0133872032166,0.49909090995788574,2656,27.277786254882812,5373.966481930593,97.36860517867602,9,1.7,1.7,1.7,1.7,1.7,1.7,1.2,1.2,1.2,1.2,1.2,1.7,1.7,1.7,1.7,1.2,1.2,1.2,1.2,1.2,2.201
933.5139350891113,0.4991316795349121,2688,28.548690795898438,5904.282330928682,94.15493057867937,9,1.7,1.7,1.7,1.7,1.7,1.7,1.2,1.2,1.2,1.2,1.2,1.7,1.7,1.7,1.7,1.2,1.2,1.2,1.2,1.2,2.201
934.0144548416138,0.49905824661254883,2176,27.060089111328125,4821.533282957314,80.41363023779047,9,1.7,1.7,1.7,1.7,1.7,1.7,1.2,1.2,1.2,1.2,1.2,1.7,1.7,1.7,1.7,1.2,1.2,1.2,1.2,1.2,2.201
934.5149736404419,0.4990682601928711,3616,26.946441650390625,6078.179561347083,134.19211511912488,9,1.7,1.7,1.7,1.7,1.7,1.7,1.2,1.2,1.2,1.2,1.2,1.7,1.7,1.7,1.7,1.2,1.2,1.2,1.2,1.2,2.201
935.0154931545258,0.4990980625152588,2176,27.520553588867188,5569.262219603492,79.06817691633395,9,1.7,1.7,1.7,1.7,1.7,1.7,1.2,1.2,1.2,1.2,1.2,1.7,1.7,1.7,1.7,1.2,1.2,1.2,1.2,1.2,2.201
935.516012430191,0.4990060329437256,3040,27.331207275390625,5507.54866054661,111.22816381174847,9,1.7,1.7,1.7,1.7,1.7,1.7,1.2,1.2,1.2,1.2,1.2,1.7,1.7,1.7,1.7,1.2,1.2,1.2,1.2,1.2,2.201
936.0165581703186,0.4991157054901123,3200,27.017807006835938,5840.12546167151,118.44040484819323,9,1.7,1.7,1.7,1.7,1.7,1.7,1.2,1.2,1.2,1.2,1.2,1.7,1.7,1.7,1.7,1.2,1.2,1.2,1.2,1.2,2.201
936.5171205997467,0.4991335868835449,2912,27.84417724609375,5531.842548871433,104.58200916705209,9,1.7,1.7,1.7,1.7,1.7,1.7,1.2,1.2,1.2,1.2,1.2,1.7,1.7,1.7,1.7,1.2,1.2,1.2,1.2,1.2,2.201
937.0176682472229,0.49895811080932617,2592,27.344329833984375,5724.988671306172,94.79113277731834,9,1.7,1.7,1.7,1.7,1.7,1.7,1.2,1.2,1.2,1.2,1.2,1.7,1.7,1.7,1.7,1.2,1.2,1.2,1.2,1.2,2.201
937.5182161331177,0.4990501403808594,3424,27.980575561523438,6178.01167007349,122.37060643986182,9,1.7,1.7,1.7,1.7,1.7,1.7,1.2,1.2,1.2,1.2,1.2,1.7,1.7,1.7,1.7,1.2,1.2,1.2,1.2,1.2,2.201
938.0187640190125,0.49905943870544434,2208,28.096160888671875,5465.378018454024,78.58724929533865,9,1.7,1.7,1.7,1.7,1.7,1.7,1.2,1.2,1.2,1.2,1.2,1.7,1.7,1.7,1.7,1.2,1.2,1.2,1.2,1.2,2.201
938.5192999839783,0.4990825653076172,3232,27.866287231445312,5401.879240810677,115.98244047211628,9,1.7,1.7,1.7,1.7,1.7,1.7,1.2,1.2,1.2,1.2,1.2,1.7,1.7,1.7,1.7,1.2,1.2,1.2,1.2,1.2,2.201
939.0198361873627,0.499096155166626,2304,27.763519287109375,5017.1917628137635,82.98659749053317,9,1.7,1.7,1.7,1.7,1.7,1.7,1.2,1.2,1.2,1.2,1.2,1.7,1.7,1.7,1.7,1.2,1.2,1.2,1.2,1.2,2.201
939.5203559398651,0.4991114139556885,2784,27.187774658203125,6090.67021422879,102.398965527692,9,1.7,1.7,1.7,1.7,1.7,1.7,1.2,1.2,1.2,1.2,1.2,1.7,1.7,1.7,1.7,1.2,1.2,1.2,1.2,1.2,2.201
940.0208756923676,0.4991004467010498,3232,28.0238037109375,5862.410318039651,115.33052519699788,9,1.7,1.7,1.7,1.7,1.7,1.7,1.2,1.2,1.2,1.2,1.2,1.7,1.7,1.7,1.7,1.2,1.2,1.2,1.2,1.2,2.201
940.5213952064514,0.4991176128387451,2336,26.9913330078125,5119.21728317963,86.54629985572987,9,1.7,1.7,1.7,1.7,1.7,1.7,1.2,1.2,1.2,1.2,1.2,1.7,1.7,1.7,1.7,1.2,1.2,1.2,1.2,1.2,2.201
941.0219130516052,0.4990270137786865,3168,26.9464111328125,5762.658097485932,117.56667648191352,9,1.7,1.7,1.7,1.7,1.7,1.7,1.2,1.2,1.2,1.2,1.2,1.7,1.7,1.7,1.7,1.2,1.2,1.2,1.2,1.2,2.201
941.5224139690399,0.47867536544799805,3200,30.0106201171875,5839.408690311573,106.62891961260459,9,1.8,1.8,1.8,1.8,1.8,1.8,1.2,1.2,1.2,1.2,1.2,1.8,1.8,1.8,1.8,1.2,1.2,1.2,1.2,1.2,2.201
942.0229330062866,0.49907732009887695,2272,26.960601806640625,5569.186130602874,84.2711159155352,9,1.8,1.8,1.8,1.8,1.8,1.8,1.2,1.2,1.2,1.2,1.2,1.8,1.8,1.8,1.8,1.2,1.2,1.2,1.2,1.2,2.201
942.5234496593475,0.4990999698638916,3136,27.90716552734375,6189.881566719616,112.37257316323696,9,1.8,1.8,1.8,1.8,1.8,1.8,1.2,1.2,1.2,1.2,1.2,1.8,1.8,1.8,1.8,1.2,1.2,1.2,1.2,1.2,2.201
943.0239670276642,0.49920105934143066,2944,28.827346801757812,5966.702559082969,102.12525003586119,9,1.8,1.8,1.8,1.8,1.8,1.8,1.2,1.2,1.2,1.2,1.2,1.8,1.8,1.8,1.8,1.2,1.2,1.2,1.2,1.2,2.201
943.5245158672333,0.4991326332092285,2816,28.451385498046875,5723.533415611393,98.97584777350517,9,1.8,1.8,1.8,1.8,1.8,1.8,1.2,1.2,1.2,1.2,1.2,1.8,1.8,1.8,1.8,1.2,1.2,1.2,1.2,1.2,2.201
944.025062084198,0.49911022186279297,3552,27.694046020507812,6155.0153554484605,128.2586154933698,9,1.8,1.8,1.8,1.8,1.8,1.8,1.2,1.2,1.2,1.2,1.2,1.8,1.8,1.8,1.8,1.2,1.2,1.2,1.2,1.2,2.201
944.5256252288818,0.49912023544311523,2880,28.628936767578125,5670.675899872646,100.59751863581467,9,1.8,1.8,1.8,1.8,1.8,1.8,1.2,1.2,1.2,1.2,1.2,1.8,1.8,1.8,1.8,1.2,1.2,1.2,1.2,1.2,2.201
945.0261881351471,0.49891018867492676,2720,27.699951171875,6191.882220488796,98.19511894164413,9,1.8,1.8,1.8,1.8,1.8,1.8,1.2,1.2,1.2,1.2,1.2,1.8,1.8,1.8,1.8,1.2,1.2,1.2,1.2,1.2,2.201
945.5267381668091,0.49901866912841797,3296,28.675979614257812,6245.370552863855,114.93940379149996,9,1.8,1.8,1.8,1.8,1.8,1.8,1.2,1.2,1.2,1.2,1.2,1.8,1.8,1.8,1.8,1.2,1.2,1.2,1.2,1.2,2.201
946.0273022651672,0.4990823268890381,3104,28.339797973632812,6062.5121071194235,109.52795086570285,9,1.8,1.8,1.8,1.8,1.8,1.8,1.2,1.2,1.2,1.2,1.2,1.8,1.8,1.8,1.8,1.2,1.2,1.2,1.2,1.2,2.201
946.5278491973877,0.4989333152770996,2752,27.403121948242188,5465.2092551797405,100.42651363584984,9,1.8,1.8,1.8,1.8,1.8,1.8,1.2,1.2,1.2,1.2,1.2,1.8,1.8,1.8,1.8,1.2,1.2,1.2,1.2,1.2,2.201
947.0284125804901,0.49911952018737793,3040,28.793212890625,6022.775940266464,105.5804370129815,9,1.8,1.8,1.8,1.8,1.8,1.8,1.2,1.2,1.2,1.2,1.2,1.8,1.8,1.8,1.8,1.2,1.2,1.2,1.2,1.2,2.201
947.5289750099182,0.49892735481262207,2144,27.854995727539062,6299.783214887219,76.97003514096099,9,1.8,1.8,1.8,1.8,1.8,1.8,1.2,1.2,1.2,1.2,1.2,1.8,1.8,1.8,1.8,1.2,1.2,1.2,1.2,1.2,2.201
948.0295379161835,0.4990050792694092,3328,28.718582153320312,6310.529900458326,115.8831582364602,9,1.8,1.8,1.8,1.8,1.8,1.8,1.2,1.2,1.2,1.2,1.2,1.8,1.8,1.8,1.8,1.2,1.2,1.2,1.2,1.2,2.201
948.5300869941711,0.49895429611206055,3328,27.874954223632812,5790.335458615742,119.39033059212957,9,1.8,1.8,1.8,1.8,1.8,1.8,1.2,1.2,1.2,1.2,1.2,1.8,1.8,1.8,1.8,1.2,1.2,1.2,1.2,1.2,2.201
949.0306329727173,0.4991273880004883,2976,29.500808715820312,5718.642910369656,100.87859043688077,9,1.8,1.8,1.8,1.8,1.8,1.8,1.2,1.2,1.2,1.2,1.2,1.8,1.8,1.8,1.8,1.2,1.2,1.2,1.2,1.2,2.201
949.5311949253082,0.49911928176879883,3360,27.519790649414062,6303.383590349825,122.09395205088667,9,1.8,1.8,1.8,1.8,1.8,1.8,1.2,1.2,1.2,1.2,1.2,1.8,1.8,1.8,1.8,1.2,1.2,1.2,1.2,1.2,2.201
950.0317440032959,0.49907374382019043,2496,27.417755126953125,5727.454264252508,91.03589949077552,9,1.8,1.8,1.8,1.8,1.8,1.8,1.2,1.2,1.2,1.2,1.2,1.8,1.8,1.8,1.8,1.2,1.2,1.2,1.2,1.2,2.201
950.5323193073273,0.4990854263305664,3008,27.9229736328125,5875.006923703924,107.72491639161511,9,1.8,1.8,1.8,1.8,1.8,1.8,1.2,1.2,1.2,1.2,1.2,1.8,1.8,1.8,1.8,1.2,1.2,1.2,1.2,1.2,2.201
951.0328686237335,0.49913907051086426,3040,28.98968505859375,5916.385757871767,104.86488534992958,9,1.8,1.8,1.8,1.8,1.8,1.8,1.2,1.2,1.2,1.2,1.2,1.8,1.8,1.8,1.8,1.2,1.2,1.2,1.2,1.2,2.201
951.5333964824677,0.47609782218933105,3136,28.96124267578125,6005.650346212074,108.2826464011667,9,1.9,1.9,1.9,1.9,1.9,1.9,1.2,1.2,1.2,1.2,1.2,1.9,1.9,1.9,1.9,1.2,1.2,1.2,1.2,1.2,2.201
952.0339577198029,0.49907565116882324,3328,27.4364013671875,6400.047345695087,121.29870661464057,9,1.9,1.9,1.9,1.9,1.9,1.9,1.2,1.2,1.2,1.2,1.2,1.9,1.9,1.9,1.9,1.2,1.2,1.2,1.2,1.2,2.201
952.534506559372,0.49901604652404785,2656,29.580307006835938,5777.124526220343,89.78946700540345,9,1.9,1.9,1.9,1.9,1.9,1.9,1.2,1.2,1.2,1.2,1.2,1.9,1.9,1.9,1.9,1.2,1.2,1.2,1.2,1.2,2.201
953.0350530147552,0.4991264343261719,3296,28.77197265625,6695.720648596317,114.55592702588035,9,1.9,1.9,1.9,1.9,1.9,1.9,1.2,1.2,1.2,1.2,1.2,1.9,1.9,1.9,1.9,1.2,1.2,1.2,1.2,1.2,2.201
953.53560090065,0.4991145133972168,3488,28.683456420898438,6248.85929445853,121.60319693754492,9,1.9,1.9,1.9,1.9,1.9,1.9,1.2,1.2,1.2,1.2,1.2,1.9,1.9,1.9,1.9,1.2,1.2,1.2,1.2,1.2,2.201
954.0361485481262,0.4991011619567871,2944,29.562286376953125,6135.540115111972,99.58634330445949,9,1.9,1.9,1.9,1.9,1.9,1.9,1.2,1.2,1.2,1.2,1.2,1.9,1.9,1.9,1.9,1.2,1.2,1.2,1.2,1.2,2.201
954.5366697311401,0.499114990234375,3232,28.595840454101562,6470.244660693542,113.023430984223,9,1.9,1.9,1.9,1.9,1.9,1.9,1.2,1.2,1.2,1.2,1.2,1.9,1.9,1.9,1.9,1.2,1.2,1.2,1.2,1.2,2.201
955.0372171401978,0.49910974502563477,3104,29.692108154296875,6359.310890946999,104.53956262956716,9,1.9,1.9,1.9,1.9,1.9,1.9,1.2,1.2,1.2,1.2,1.2,1.9,1.9,1.9,1.9,1.2,1.2,1.2,1.2,1.2,2.201
955.5377810001373,0.4991304874420166,2848,28.835311889648438,5991.77655451066,98.76778898383967,9,1.9,1.9,1.9,1.9,1.9,1.9,1.2,1.2,1.2,1.2,1.2,1.9,1.9,1.9,1.9,1.2,1.2,1.2,1.2,1.2,2.201
956.0383253097534,0.49904489517211914,2880,29.725738525390625,6385.0338595716485,96.88573414382995,9,1.9,1.9,1.9,1.9,1.9,1.9,1.2,1.2,1.2,1.2,1.2,1.9,1.9,1.9,1.9,1.2,1.2,1.2,1.2,1.2,2.201
956.5388739109039,0.49910831451416016,3680,29.363235473632812,5940.4859716243855,125.32678843598536,9,1.9,1.9,1.9,1.9,1.9,1.9,1.2,1.2,1.2,1.2,1.2,1.9,1.9,1.9,1.9,1.2,1.2,1.2,1.2,1.2,2.201
957.0394201278687,0.4991188049316406,3488,30.079055786132812,7081.864078478552,115.96108683730871,9,1.9,1.9,1.9,1.9,1.9,1.9,1.2,1.2,1.2,1.2,1.2,1.9,1.9,1.9,1.9,1.2,1.2,1.2,1.2,1.2,2.201
957.5399684906006,0.4991273880004883,3104,30.061660766601562,6360.668812772905,103.25444173225908,9,1.9,1.9,1.9,1.9,1.9,1.9,1.2,1.2,1.2,1.2,1.2,1.9,1.9,1.9,1.9,1.2,1.2,1.2,1.2,1.2,2.201
958.0405156612396,0.4990863800048828,2912,28.559036254882812,5918.720232177878,101.96422505336216,9,1.9,1.9,1.9,1.9,1.9,1.9,1.2,1.2,1.2,1.2,1.2,1.9,1.9,1.9,1.9,1.2,1.2,1.2,1.2,1.2,2.201
958.5410645008087,0.49911046028137207,3328,28.62933349609375,6493.033611255158,116.24441066551827,9,1.9,1.9,1.9,1.9,1.9,1.9,1.2,1.2,1.2,1.2,1.2,1.9,1.9,1.9,1.9,1.2,1.2,1.2,1.2,1.2,2.201
959.0415823459625,0.49909424781799316,2784,28.683425903320312,6059.462474639368,97.05953568390629,9,1.9,1.9,1.9,1.9,1.9,1.9,1.2,1.2,1.2,1.2,1.2,1.9,1.9,1.9,1.9,1.2,1.2,1.2,1.2,1.2,2.201
959.5421023368835,0.49918532371520996,3264,29.972183227539062,6476.176310707956,108.90097578880972,9,1.9,1.9,1.9,1.9,1.9,1.9,1.2,1.2,1.2,1.2,1.2,1.9,1.9,1.9,1.9,1.2,1.2,1.2,1.2,1.2,2.201
960.0426623821259,0.49912238121032715,3456,29.815231323242188,6428.084598996269,115.91390865064015,9,1.9,1.9,1.9,1.9,1.9,1.9,1.2,1.2,1.2,1.2,1.2,1.9,1.9,1.9,1.9,1.2,1.2,1.2,1.2,1.2,2.201
960.5432231426239,0.4990406036376953,2688,28.764556884765625,6188.395470959009,93.44833681146073,9,1.9,1.9,1.9,1.9,1.9,1.9,1.2,1.2,1.2,1.2,1.2,1.9,1.9,1.9,1.9,1.2,1.2,1.2,1.2,1.2,2.201
961.0437414646149,0.4990956783294678,2848,30.011245727539062,6137.984679561578,94.89776018816188,9,1.9,1.9,1.9,1.9,1.9,1.9,1.2,1.2,1.2,1.2,1.2,1.9,1.9,1.9,1.9,1.2,1.2,1.2,1.2,1.2,2.201
961.5442707538605,0.4781208038330078,3808,30.896087646484375,5921.433015937121,123.25185128846911,9,2.0,2.0,2.0,2.0,2.0,2.0,1.2,1.2,1.2,1.2,1.2,2.0,2.0,2.0,2.0,1.2,1.2,1.2,1.2,1.2,2.201
962.0447897911072,0.49913787841796875,2944,31.132186889648438,7279.595997437107,94.56451004985102,9,2.0,2.0,2.0,2.0,2.0,2.0,1.2,1.2,1.2,1.2,1.2,2.0,2.0,2.0,2.0,1.2,1.2,1.2,1.2,1.2,2.201
962.5453362464905,0.49915623664855957,3552,30.6007080078125,6429.004691547434,116.07574566879819,9,2.0,2.0,2.0,2.0,2.0,2.0,1.2,1.2,1.2,1.2,1.2,2.0,2.0,2.0,2.0,1.2,1.2,1.2,1.2,1.2,2.201
963.0458800792694,0.4991471767425537,3072,32.956787109375,6564.091573667149,93.21296975353913,9,2.0,2.0,2.0,2.0,2.0,2.0,1.2,1.2,1.2,1.2,1.2,2.0,2.0,2.0,2.0,1.2,1.2,1.2,1.2,1.2,2.201
963.5463979244232,0.4990849494934082,3552,30.685104370117188,6584.253748074019,115.75649074406049,9,2.0,2.0,2.0,2.0,2.0,2.0,1.2,1.2,1.2,1.2,1.2,2.0,2.0,2.0,2.0,1.2,1.2,1.2,1.2,1.2,2.201
964.0469167232513,0.4991891384124756,3008,30.601669311523438,6621.288132746776,98.29529132475464,9,2.0,2.0,2.0,2.0,2.0,2.0,1.2,1.2,1.2,1.2,1.2,2.0,2.0,2.0,2.0,1.2,1.2,1.2,1.2,1.2,2.201
964.5474355220795,0.4991633892059326,3392,30.968978881835938,6169.719030811437,109.52895841165402,9,2.0,2.0,2.0,2.0,2.0,2.0,1.2,1.2,1.2,1.2,1.2,2.0,2.0,2.0,2.0,1.2,1.2,1.2,1.2,1.2,2.201
965.0479547977448,0.4992094039916992,3584,30.48944091796875,6886.247877285653,117.54889207849638,9,2.0,2.0,2.0,2.0,2.0,2.0,1.2,1.2,1.2,1.2,1.2,2.0,2.0,2.0,2.0,1.2,1.2,1.2,1.2,1.2,2.201
965.5484745502472,0.4991590976715088,3168,31.800979614257812,6457.561466608644,99.61957268069952,9,2.0,2.0,2.0,2.0,2.0,2.0,1.2,1.2,1.2,1.2,1.2,2.0,2.0,2.0,2.0,1.2,1.2,1.2,1.2,1.2,2.201
966.0489926338196,0.49912309646606445,2912,29.648574829101562,6718.772261881281,98.21719987504176,9,2.0,2.0,2.0,2.0,2.0,2.0,1.2,1.2,1.2,1.2,1.2,2.0,2.0,2.0,2.0,1.2,1.2,1.2,1.2,1.2,2.201
966.5495111942291,0.4991569519042969,3360,29.94940185546875,6526.031425007039,112.18921887705297,9,2.0,2.0,2.0,2.0,2.0,2.0,1.2,1.2,1.2,1.2,1.2,2.0,2.0,2.0,2.0,1.2,1.2,1.2,1.2,1.2,2.201
967.0500299930573,0.49912142753601074,3680,29.52178955078125,6652.928220360292,124.65368990148546,9,2.0,2.0,2.0,2.0,2.0,2.0,1.2,1.2,1.2,1.2,1.2,2.0,2.0,2.0,2.0,1.2,1.2,1.2,1.2,1.2,2.201
967.5505492687225,0.49909329414367676,3104,30.158737182617188,6632.508100380248,102.92208129288235,9,2.0,2.0,2.0,2.0,2.0,2.0,1.2,1.2,1.2,1.2,1.2,2.0,2.0,2.0,2.0,1.2,1.2,1.2,1.2,1.2,2.201
968.0510675907135,0.4991459846496582,3136,30.725814819335938,6479.360933475958,102.06401419911235,9,2.0,2.0,2.0,2.0,2.0,2.0,1.2,1.2,1.2,1.2,1.2,2.0,2.0,2.0,2.0,1.2,1.2,1.2,1.2,1.2,2.201
968.5516288280487,0.4991157054901123,3392,32.234375,6396.893606705467,105.22927775084828,9,2.0,2.0,2.0,2.0,2.0,2.0,1.2,1.2,1.2,1.2,1.2,2.0,2.0,2.0,2.0,1.2,1.2,1.2,1.2,1.2,2.201
969.0521469116211,0.4989783763885498,3040,30.245040893554688,6634.663028941699,100.51234550150116,9,2.0,2.0,2.0,2.0,2.0,2.0,1.2,1.2,1.2,1.2,1.2,2.0,2.0,2.0,2.0,1.2,1.2,1.2,1.2,1.2,2.201
969.5526666641235,0.49915194511413574,3360,30.06097412109375,6129.792451544359,111.7728250077662,9,2.0,2.0,2.0,2.0,2.0,2.0,1.2,1.2,1.2,1.2,1.2,2.0,2.0,2.0,2.0,1.2,1.2,1.2,1.2,1.2,2.201
970.053183555603,0.49913954734802246,3264,29.90411376953125,6934.045312453165,109.14886243262053,9,2.0,2.0,2.0,2.0,2.0,2.0,1.2,1.2,1.2,1.2,1.2,2.0,2.0,2.0,2.0,1.2,1.2,1.2,1.2,1.2,2.201
970.5537028312683,0.4991636276245117,3104,30.077972412109375,6404.194079433018,103.19844560899762,9,2.0,2.0,2.0,2.0,2.0,2.0,1.2,1.2,1.2,1.2,1.2,2.0,2.0,2.0,2.0,1.2,1.2,1.2,1.2,1.2,2.201
971.0542209148407,0.49909043312072754,3584,30.297164916992188,6602.382805965295,118.29489689280831,9,2.0,2.0,2.0,2.0,2.0,2.0,1.2,1.2,1.2,1.2,1.2,2.0,2.0,2.0,2.0,1.2,1.2,1.2,1.2,1.2,2.201
971.5543429851532,0.47808051109313965,3232,31.514358520507812,6728.679875539376,102.55642671250287,9,2.1,2.1,2.1,2.1,2.1,2.1,1.2,1.2,1.2,1.2,1.2,2.1,2.1,2.1,2.1,1.2,1.2,1.2,1.2,1.2,2.201
972.0548605918884,0.499098539352417,3328,29.82122802734375,6394.0246646462465,111.59835527056373,9,2.1,2.1,2.1,2.1,2.1,2.1,1.2,1.2,1.2,1.2,1.2,2.1,2.1,2.1,2.1,1.2,1.2,1.2,1.2,1.2,2.201
972.5553810596466,0.4991769790649414,3520,31.239669799804688,6870.311939767475,112.6772473127103,9,2.1,2.1,2.1,2.1,2.1,2.1,1.2,1.2,1.2,1.2,1.2,2.1,2.1,2.1,2.1,1.2,1.2,1.2,1.2,1.2,2.201
973.0559005737305,0.4991333484649658,3424,30.612014770507812,7107.004336501855,111.85150751001028,9,2.1,2.1,2.1,2.1,2.1,2.1,1.2,1.2,1.2,1.2,1.2,2.1,2.1,2.1,2.1,1.2,1.2,1.2,1.2,1.2,2.201
973.5564208030701,0.4991731643676758,3584,30.172561645507812,6915.965521757314,118.78341793142371,9,2.1,2.1,2.1,2.1,2.1,2.1,1.2,1.2,1.2,1.2,1.2,2.1,2.1,2.1,2.1,1.2,1.2,1.2,1.2,1.2,2.201
974.0569415092468,0.4991953372955322,2656,31.118408203125,6085.733208214798,85.35140945073395,9,2.1,2.1,2.1,2.1,2.1,2.1,1.2,1.2,1.2,1.2,1.2,2.1,2.1,2.1,2.1,1.2,1.2,1.2,1.2,1.2,2.201
974.5574610233307,0.49911975860595703,3072,30.17034912109375,6807.336126395324,101.82182472168331,9,2.1,2.1,2.1,2.1,2.1,2.1,1.2,1.2,1.2,1.2,1.2,2.1,2.1,2.1,2.1,1.2,1.2,1.2,1.2,1.2,2.201
975.0579781532288,0.4990859031677246,4160,30.988479614257812,6981.221086288367,134.24343665076043,9,2.1,2.1,2.1,2.1,2.1,2.1,1.2,1.2,1.2,1.2,1.2,2.1,2.1,2.1,2.1,1.2,1.2,1.2,1.2,1.2,2.201
975.5584964752197,0.4991772174835205,3840,31.601119995117188,7243.0255961606,121.51468051111269,9,2.1,2.1,2.1,2.1,2.1,2.1,1.2,1.2,1.2,1.2,1.2,2.1,2.1,2.1,2.1,1.2,1.2,1.2,1.2,1.2,2.201
976.0590136051178,0.4991447925567627,3072,32.6549072265625,6984.195865296446,94.07468159949758,9,2.1,2.1,2.1,2.1,2.1,2.1,1.2,1.2,1.2,1.2,1.2,2.1,2.1,2.1,2.1,1.2,1.2,1.2,1.2,1.2,2.201
976.5595316886902,0.4991495609283447,3648,33.27113342285156,6826.48635240002,109.64459652265558,9,2.1,2.1,2.1,2.1,2.1,2.1,1.2,1.2,1.2,1.2,1.2,2.1,2.1,2.1,2.1,1.2,1.2,1.2,1.2,1.2,2.201
977.060051202774,0.4991326332092285,3136,33.38191223144531,6644.0368307395975,93.94309044542781,9,2.1,2.1,2.1,2.1,2.1,2.1,1.2,1.2,1.2,1.2,1.2,2.1,2.1,2.1,2.1,1.2,1.2,1.2,1.2,1.2,2.201
977.5605704784393,0.499208927154541,3264,31.095840454101562,6811.603795777975,104.96580739850934,9,2.1,2.1,2.1,2.1,2.1,2.1,1.2,1.2,1.2,1.2,1.2,2.1,2.1,2.1,2.1,1.2,1.2,1.2,1.2,1.2,2.201
978.0610892772675,0.4991614818572998,3744,31.26043701171875,6974.427369967412,119.76799935958888,9,2.1,2.1,2.1,2.1,2.1,2.1,1.2,1.2,1.2,1.2,1.2,2.1,2.1,2.1,2.1,1.2,1.2,1.2,1.2,1.2,2.201
978.5616097450256,0.499178409576416,3008,30.54779052734375,6654.83015829037,98.46866002657369,9,2.1,2.1,2.1,2.1,2.1,2.1,1.2,1.2,1.2,1.2,1.2,2.1,2.1,2.1,2.1,1.2,1.2,1.2,1.2,1.2,2.201
979.0621292591095,0.4991011619567871,3776,30.846649169921875,7237.498266979868,122.4119994103581,9,2.1,2.1,2.1,2.1,2.1,2.1,1.2,1.2,1.2,1.2,1.2,2.1,2.1,2.1,2.1,1.2,1.2,1.2,1.2,1.2,2.201
979.5626482963562,0.49915456771850586,3232,30.876800537109375,6311.072362570627,104.67405766719939,9,2.1,2.1,2.1,2.1,2.1,2.1,1.2,1.2,1.2,1.2,1.2,2.1,2.1,2.1,2.1,1.2,1.2,1.2,1.2,1.2,2.201
980.0632224082947,0.4991631507873535,2944,31.308609008789062,6663.4785595065705,94.03164475220059,9,2.1,2.1,2.1,2.1,2.1,2.1,1.2,1.2,1.2,1.2,1.2,2.1,2.1,2.1,2.1,1.2,1.2,1.2,1.2,1.2,2.201
980.563770532608,0.49913525581359863,4544,31.198928833007812,7420.736606060988,145.64602600049983,9,2.1,2.1,2.1,2.1,2.1,2.1,1.2,1.2,1.2,1.2,1.2,2.1,2.1,2.1,2.1,1.2,1.2,1.2,1.2,1.2,2.201
981.064337015152,0.4991118907928467,3008,32.1458740234375,6714.293239755932,93.57343955889557,9,2.1,2.1,2.1,2.1,2.1,2.1,1.2,1.2,1.2,1.2,1.2,2.1,2.1,2.1,2.1,1.2,1.2,1.2,1.2,1.2,2.201
981.5648663043976,0.4776902198791504,3392,33.08653259277344,6920.731307922299,102.51905334863831,9,2.2,2.2,2.2,2.2,2.2,2.2,1.2,1.2,1.2,1.2,1.2,2.2,2.2,2.2,2.2,1.2,1.2,1.2,1.2,1.2,2.201
982.0653860569,0.49913644790649414,3744,31.743072509765625,7400.835299817961,117.94699454024729,9,2.2,2.2,2.2,2.2,2.2,2.2,1.2,1.2,1.2,1.2,1.2,2.2,2.2,2.2,2.2,1.2,1.2,1.2,1.2,1.2,2.201
982.5659050941467,0.4991624355316162,3264,32.094482421875,7285.819008073442,101.69972386827833,9,2.2,2.2,2.2,2.2,2.2,2.2,1.2,1.2,1.2,1.2,1.2,2.2,2.2,2.2,2.2,1.2,1.2,1.2,1.2,1.2,2.201
983.066422700882,0.49913787841796875,4288,37.33296203613281,7228.650923456809,114.85828517570738,9,2.2,2.2,2.2,2.2,2.2,2.2,1.2,1.2,1.2,1.2,1.2,2.2,2.2,2.2,2.2,1.2,1.2,1.2,1.2,1.2,2.201
983.5669417381287,0.49918627738952637,3712,37.25074768066406,7324.284484295273,99.64900656012354,9,2.2,2.2,2.2,2.2,2.2,2.2,1.2,1.2,1.2,1.2,1.2,2.2,2.2,2.2,2.2,1.2,1.2,1.2,1.2,1.2,2.201
984.0674602985382,0.49913930892944336,3648,37.85136413574219,7602.850670589,96.37697565978279,9,2.2,2.2,2.2,2.2,2.2,2.2,1.2,1.2,1.2,1.2,1.2,2.2,2.2,2.2,2.2,1.2,1.2,1.2,1.2,1.2,2.201
984.5679774284363,0.49917173385620117,3872,37.63301086425781,7559.812267817155,102.88839269242357,9,2.2,2.2,2.2,2.2,2.2,2.2,1.2,1.2,1.2,1.2,1.2,2.2,2.2,2.2,2.2,1.2,1.2,1.2,1.2,1.2,2.201
985.0684955120087,0.49915575981140137,3584,37.17521667480469,6940.613167486178,96.40831501673634,9,2.2,2.2,2.2,2.2,2.2,2.2,1.2,1.2,1.2,1.2,1.2,2.2,2.2,2.2,2.2,1.2,1.2,1.2,1.2,1.2,2.201
985.5690126419067,0.49916982650756836,3488,37.16056823730469,7333.6505771294305,93.86293497251941,9,2.2,2.2,2.2,2.2,2.2,2.2,1.2,1.2,1.2,1.2,1.2,2.2,2.2,2.2,2.2,1.2,1.2,1.2,1.2,1.2,2.201
986.069530248642,0.4991583824157715,3520,37.05328369140625,6901.76068217525,94.99832806495344,9,2.2,2.2,2.2,2.2,2.2,2.2,1.2,1.2,1.2,1.2,1.2,2.2,2.2,2.2,2.2,1.2,1.2,1.2,1.2,1.2,2.201
986.5700488090515,0.49918103218078613,3808,37.28334045410156,7832.180926910092,102.1367708370423,9,2.2,2.2,2.2,2.2,2.2,2.2,1.2,1.2,1.2,1.2,1.2,2.2,2.2,2.2,2.2,1.2,1.2,1.2,1.2,1.2,2.201
987.0705940723419,0.49915623664855957,3616,37.082977294921875,7352.784318499829,97.51104856662018,9,2.2,2.2,2.2,2.2,2.2,2.2,1.2,1.2,1.2,1.2,1.2,2.2,2.2,2.2,2.2,1.2,1.2,1.2,1.2,1.2,2.201
987.5711126327515,0.49913787841796875,3776,36.578094482421875,7491.472003555923,103.23118394848618,9,2.2,2.2,2.2,2.2,2.2,2.2,1.2,1.2,1.2,1.2,1.2,2.2,2.2,2.2,2.2,1.2,1.2,1.2,1.2,1.2,2.201
988.0716309547424,0.4991598129272461,3712,36.76458740234375,7094.736099537847,100.96672538104859,9,2.2,2.2,2.2,2.2,2.2,2.2,1.2,1.2,1.2,1.2,1.2,2.2,2.2,2.2,2.2,1.2,1.2,1.2,1.2,1.2,2.201
988.5721485614777,0.4992072582244873,3424,36.87030029296875,7183.50167313135,92.86607303963197,9,2.2,2.2,2.2,2.2,2.2,2.2,1.2,1.2,1.2,1.2,1.2,2.2,2.2,2.2,2.2,1.2,1.2,1.2,1.2,1.2,2.201
989.0726668834686,0.4991726875305176,3232,36.80229187011719,6598.815914223852,87.82061756931847,9,2.2,2.2,2.2,2.2,2.2,2.2,1.2,1.2,1.2,1.2,1.2,2.2,2.2,2.2,2.2,1.2,1.2,1.2,1.2,1.2,2.201
989.5731854438782,0.4991757869720459,3168,37.29603576660156,7709.553569634522,84.9420034833013,9,2.2,2.2,2.2,2.2,2.2,2.2,1.2,1.2,1.2,1.2,1.2,2.2,2.2,2.2,2.2,1.2,1.2,1.2,1.2,1.2,2.201
990.0737037658691,0.499187707901001,4800,37.4736328125,7414.950883913547,128.09006332577593,9,2.2,2.2,2.2,2.2,2.2,2.2,1.2,1.2,1.2,1.2,1.2,2.2,2.2,2.2,2.2,1.2,1.2,1.2,1.2,1.2,2.201
990.5742220878601,0.4991323947906494,3264,36.97979736328125,6774.525192743796,88.26441010304072,9,2.2,2.2,2.2,2.2,2.2,2.2,1.2,1.2,1.2,1.2,1.2,2.2,2.2,2.2,2.2,1.2,1.2,1.2,1.2,1.2,2.201
991.0747401714325,0.4991731643676758,3392,37.34358215332031,7739.712859702577,90.83220742117287,9,2.2,2.2,2.2,2.2,2.2,2.2,1.2,1.2,1.2,1.2,1.2,2.2,2.2,2.2,2.2,1.2,1.2,1.2,1.2,1.2,2.201
991.5752413272858,0.4781506061553955,4160,38.66947937011719,7272.756027534986,107.5783813943651,10,1.2,1.2,1.2,1.2,1.2,1.2,1.2,1.2,1.2,1.2,1.2,1.2,1.2,1.2,1.2,1.2,1.2,1.2,1.2,1.2,2.201
992.075761795044,0.4990670680999756,1984,27.220306396484375,4389.351983015275,72.88676222455169,10,1.2,1.2,1.2,1.2,1.2,1.2,1.2,1.2,1.2,1.2,1.2,1.2,1.2,1.2,1.2,1.2,1.2,1.2,1.2,1.2,2.201
992.5762810707092,0.49912357330322266,1984,27.004562377929688,4133.266526278007,73.469066901876,10,1.2,1.2,1.2,1.2,1.2,1.2,1.2,1.2,1.2,1.2,1.2,1.2,1.2,1.2,1.2,1.2,1.2,1.2,1.2,1.2,2.201
993.0767998695374,0.4991297721862793,2176,27.304122924804688,4495.922675821879,79.694923949496,10,1.2,1.2,1.2,1.2,1.2,1.2,1.2,1.2,1.2,1.2,1.2,1.2,1.2,1.2,1.2,1.2,1.2,1.2,1.2,1.2,2.201
993.5773184299469,0.49912071228027344,2080,27.079864501953125,4333.3118475434985,76.80983779848606,10,1.2,1.2,1.2,1.2,1.2,1.2,1.2,1.2,1.2,1.2,1.2,1.2,1.2,1.2,1.2,1.2,1.2,1.2,1.2,1.2,2.201
994.0778324604034,0.4991481304168701,2432,27.143386840820312,4109.053385098859,89.59825147326757,10,1.2,1.2,1.2,1.2,1.2,1.2,1.2,1.2,1.2,1.2,1.2,1.2,1.2,1.2,1.2,1.2,1.2,1.2,1.2,1.2,2.201
994.5783514976501,0.49909424781799316,1248,27.009750366210938,3429.317689440996,46.20553626298012,10,1.2,1.2,1.2,1.2,1.2,1.2,1.2,1.2,1.2,1.2,1.2,1.2,1.2,1.2,1.2,1.2,1.2,1.2,1.2,1.2,2.201
995.0788714885712,0.49912571907043457,2272,27.663009643554688,4732.736241126122,82.13133817597327,10,1.2,1.2,1.2,1.2,1.2,1.2,1.2,1.2,1.2,1.2,1.2,1.2,1.2,1.2,1.2,1.2,1.2,1.2,1.2,1.2,2.201
995.5793888568878,0.4990715980529785,2720,27.2125244140625,4403.449605521881,99.9539755523158,10,1.2,1.2,1.2,1.2,1.2,1.2,1.2,1.2,1.2,1.2,1.2,1.2,1.2,1.2,1.2,1.2,1.2,1.2,1.2,1.2,2.201
996.0799160003662,0.4991145133972168,1952,27.721405029296875,4170.311448284311,70.41490133480116,10,1.2,1.2,1.2,1.2,1.2,1.2,1.2,1.2,1.2,1.2,1.2,1.2,1.2,1.2,1.2,1.2,1.2,1.2,1.2,1.2,2.201
996.5804347991943,0.4989442825317383,1920,27.644927978515625,4012.834179442242,69.4521614052363,10,1.2,1.2,1.2,1.2,1.2,1.2,1.2,1.2,1.2,1.2,1.2,1.2,1.2,1.2,1.2,1.2,1.2,1.2,1.2,1.2,2.201
997.0809571743011,0.4990835189819336,2560,27.607879638671875,4221.141814317907,92.72715012905472,10,1.2,1.2,1.2,1.2,1.2,1.2,1.2,1.2,1.2,1.2,1.2,1.2,1.2,1.2,1.2,1.2,1.2,1.2,1.2,1.2,2.201
997.5814764499664,0.49912214279174805,1856,25.984588623046875,3920.059820716286,71.42695337319414,10,1.2,1.2,1.2,1.2,1.2,1.2,1.2,1.2,1.2,1.2,1.2,1.2,1.2,1.2,1.2,1.2,1.2,1.2,1.2,1.2,2.201
998.0819973945618,0.49911952018737793,2400,27.9337158203125,4878.203243168547,85.91767795728762,10,1.2,1.2,1.2,1.2,1.2,1.2,1.2,1.2,1.2,1.2,1.2,1.2,1.2,1.2,1.2,1.2,1.2,1.2,1.2,1.2,2.201
998.5825173854828,0.4990682601928711,2304,27.108840942382812,4390.818505700856,84.9907233177887,10,1.2,1.2,1.2,1.2,1.2,1.2,1.2,1.2,1.2,1.2,1.2,1.2,1.2,1.2,1.2,1.2,1.2,1.2,1.2,1.2,2.201
999.0830359458923,0.49913692474365234,1952,27.33740234375,4655.682362494909,71.40400450104488,10,1.2,1.2,1.2,1.2,1.2,1.2,1.2,1.2,1.2,1.2,1.2,1.2,1.2,1.2,1.2,1.2,1.2,1.2,1.2,1.2,2.201
999.5835566520691,0.4991326332092285,2080,27.138107299804688,4369.733272631392,76.64499137767687,10,1.2,1.2,1.2,1.2,1.2,1.2,1.2,1.2,1.2,1.2,1.2,1.2,1.2,1.2,1.2,1.2,1.2,1.2,1.2,1.2,2.201
1000.0840744972229,0.49911069869995117,2208,27.443557739257812,3772.658572709603,80.45604075748065,10,1.2,1.2,1.2,1.2,1.2,1.2,1.2,1.2,1.2,1.2,1.2,1.2,1.2,1.2,1.2,1.2,1.2,1.2,1.2,1.2,2.201
1000.5845921039581,0.49912047386169434,1888,27.243118286132812,4782.993208474956,69.30190516997544,10,1.2,1.2,1.2,1.2,1.2,1.2,1.2,1.2,1.2,1.2,1.2,1.2,1.2,1.2,1.2,1.2,1.2,1.2,1.2,1.2,2.201
1001.0851099491119,0.49916911125183105,2240,27.854385375976562,4015.5260025260977,80.41821672834045,10,1.2,1.2,1.2,1.2,1.2,1.2,1.2,1.2,1.2,1.2,1.2,1.2,1.2,1.2,1.2,1.2,1.2,1.2,1.2,1.2,2.201
1001.5856115818024,0.4769623279571533,2816,27.693771362304688,4676.419651894444,101.6835144321655,10,1.3,1.3,1.3,1.3,1.3,1.3,1.2,1.2,1.2,1.2,1.2,1.3,1.3,1.3,1.3,1.3,1.2,1.2,1.2,1.2,2.201
1002.086131811142,0.499051570892334,1728,26.191360473632812,4055.9265870123872,65.9759542364972,10,1.3,1.3,1.3,1.3,1.3,1.3,1.2,1.2,1.2,1.2,1.2,1.3,1.3,1.3,1.3,1.3,1.2,1.2,1.2,1.2,2.201
1002.5866506099701,0.4991142749786377,2432,27.653305053710938,5004.587744842335,87.94608800923915,10,1.3,1.3,1.3,1.3,1.3,1.3,1.2,1.2,1.2,1.2,1.2,1.3,1.3,1.3,1.3,1.3,1.2,1.2,1.2,1.2,2.201
1003.0871696472168,0.4991428852081299,2240,27.475509643554688,4387.637970775321,81.52715014425466,10,1.3,1.3,1.3,1.3,1.3,1.3,1.2,1.2,1.2,1.2,1.2,1.3,1.3,1.3,1.3,1.3,1.2,1.2,1.2,1.2,2.201
1003.5876896381378,0.499126672744751,2496,27.281951904296875,4589.311386747929,91.48905506306104,10,1.3,1.3,1.3,1.3,1.3,1.3,1.2,1.2,1.2,1.2,1.2,1.3,1.3,1.3,1.3,1.3,1.2,1.2,1.2,1.2,2.201
1004.0882077217102,0.4991283416748047,2304,28.303192138671875,5124.552995380708,81.40424545441803,10,1.3,1.3,1.3,1.3,1.3,1.3,1.2,1.2,1.2,1.2,1.2,1.3,1.3,1.3,1.3,1.3,1.2,1.2,1.2,1.2,2.201
1004.5887289047241,0.4991614818572998,2528,28.03741455078125,4544.5045905514735,90.16523244043408,10,1.3,1.3,1.3,1.3,1.3,1.3,1.2,1.2,1.2,1.2,1.2,1.3,1.3,1.3,1.3,1.3,1.2,1.2,1.2,1.2,2.201
1005.089275598526,0.4990665912628174,1888,27.19537353515625,4516.477635427676,69.4235730044056,10,1.3,1.3,1.3,1.3,1.3,1.3,1.2,1.2,1.2,1.2,1.2,1.3,1.3,1.3,1.3,1.3,1.2,1.2,1.2,1.2,2.201
1005.5897965431213,0.4991495609283447,2592,27.134292602539062,4505.493662810662,95.52487835107434,10,1.3,1.3,1.3,1.3,1.3,1.3,1.2,1.2,1.2,1.2,1.2,1.3,1.3,1.3,1.3,1.3,1.2,1.2,1.2,1.2,2.201
1006.0903351306915,0.4990510940551758,2400,24.694564819335938,4529.653187494991,97.18737777151638,10,1.3,1.3,1.3,1.3,1.3,1.3,1.2,1.2,1.2,1.2,1.2,1.3,1.3,1.3,1.3,1.3,1.2,1.2,1.2,1.2,2.201
1006.5908589363098,0.4991295337677002,1728,26.970672607421875,4540.736231696036,64.0695923736245,10,1.3,1.3,1.3,1.3,1.3,1.3,1.2,1.2,1.2,1.2,1.2,1.3,1.3,1.3,1.3,1.3,1.2,1.2,1.2,1.2,2.201
1007.0913782119751,0.4990222454071045,1792,27.912216186523438,4252.811435545513,64.20127975596623,10,1.3,1.3,1.3,1.3,1.3,1.3,1.2,1.2,1.2,1.2,1.2,1.3,1.3,1.3,1.3,1.3,1.2,1.2,1.2,1.2,2.201
1007.5918982028961,0.4991588592529297,3456,27.4642333984375,5062.728689605511,125.83639054700939,10,1.3,1.3,1.3,1.3,1.3,1.3,1.2,1.2,1.2,1.2,1.2,1.3,1.3,1.3,1.3,1.3,1.2,1.2,1.2,1.2,2.201
1008.0924165248871,0.49911975860595703,2240,27.749801635742188,4642.925475799438,80.72129773766902,10,1.3,1.3,1.3,1.3,1.3,1.3,1.2,1.2,1.2,1.2,1.2,1.3,1.3,1.3,1.3,1.3,1.2,1.2,1.2,1.2,2.201
1008.592939376831,0.4991607666015625,2336,27.769195556640625,4650.514291459176,84.12199032684536,10,1.3,1.3,1.3,1.3,1.3,1.3,1.2,1.2,1.2,1.2,1.2,1.3,1.3,1.3,1.3,1.3,1.2,1.2,1.2,1.2,2.201
1009.0934588909149,0.4991414546966553,2016,27.717788696289062,4518.050371873935,72.7330748527536,10,1.3,1.3,1.3,1.3,1.3,1.3,1.2,1.2,1.2,1.2,1.2,1.3,1.3,1.3,1.3,1.3,1.2,1.2,1.2,1.2,2.201
1009.5939793586731,0.4991021156311035,2752,26.245941162109375,5049.230413510319,104.8543080624213,10,1.3,1.3,1.3,1.3,1.3,1.3,1.2,1.2,1.2,1.2,1.2,1.3,1.3,1.3,1.3,1.3,1.2,1.2,1.2,1.2,2.201
1010.094498872757,0.49909090995788574,1824,27.257598876953125,4107.952040639226,66.91711945112783,10,1.3,1.3,1.3,1.3,1.3,1.3,1.2,1.2,1.2,1.2,1.2,1.3,1.3,1.3,1.3,1.3,1.2,1.2,1.2,1.2,2.201
1010.5950231552124,0.4991161823272705,2656,27.815261840820312,4887.781818115631,95.4871471352531,10,1.3,1.3,1.3,1.3,1.3,1.3,1.2,1.2,1.2,1.2,1.2,1.3,1.3,1.3,1.3,1.3,1.2,1.2,1.2,1.2,2.201
1011.0955440998077,0.49901437759399414,2368,28.068222045898438,4478.792936510827,84.3658709884701,10,1.3,1.3,1.3,1.3,1.3,1.3,1.2,1.2,1.2,1.2,1.2,1.3,1.3,1.3,1.3,1.3,1.2,1.2,1.2,1.2,2.201
1011.5960476398468,0.47674107551574707,2432,28.79925537109375,4912.84406666097,84.44662782639288,10,1.4,1.4,1.4,1.4,1.4,1.4,1.2,1.2,1.2,1.2,1.2,1.4,1.4,1.4,1.4,1.4,1.2,1.2,1.2,1.2,2.201
1012.0965678691864,0.4989960193634033,1536,26.616973876953125,4294.539452507044,57.707536818450215,10,1.4,1.4,1.4,1.4,1.4,1.4,1.2,1.2,1.2,1.2,1.2,1.4,1.4,1.4,1.4,1.4,1.2,1.2,1.2,1.2,2.201
1012.5970890522003,0.49918293952941895,3552,28.919326782226562,5257.246517147253,122.82443594720927,10,1.4,1.4,1.4,1.4,1.4,1.4,1.2,1.2,1.2,1.2,1.2,1.4,1.4,1.4,1.4,1.4,1.2,1.2,1.2,1.2,2.201
1013.0976102352142,0.49910998344421387,2016,27.682342529296875,5201.798138114175,72.82620673689084,10,1.4,1.4,1.4,1.4,1.4,1.4,1.2,1.2,1.2,1.2,1.2,1.4,1.4,1.4,1.4,1.4,1.2,1.2,1.2,1.2,2.201
1013.5981307029724,0.49904751777648926,2592,27.221420288085938,4370.949198994405,95.21913157244211,10,1.4,1.4,1.4,1.4,1.4,1.4,1.2,1.2,1.2,1.2,1.2,1.4,1.4,1.4,1.4,1.4,1.2,1.2,1.2,1.2,2.201
1014.0986506938934,0.49905896186828613,2720,27.558456420898438,5263.106617513858,98.69928701584821,10,1.4,1.4,1.4,1.4,1.4,1.4,1.2,1.2,1.2,1.2,1.2,1.4,1.4,1.4,1.4,1.4,1.2,1.2,1.2,1.2,2.201
1014.5991733074188,0.4990882873535156,2144,26.789947509765625,5054.484790417081,80.03001869333477,10,1.4,1.4,1.4,1.4,1.4,1.4,1.2,1.2,1.2,1.2,1.2,1.4,1.4,1.4,1.4,1.4,1.2,1.2,1.2,1.2,2.201
1015.0996935367584,0.49904799461364746,2304,27.067184448242188,4507.307720857264,85.12152434641675,10,1.4,1.4,1.4,1.4,1.4,1.4,1.2,1.2,1.2,1.2,1.2,1.4,1.4,1.4,1.4,1.4,1.2,1.2,1.2,1.2,2.201
1015.6002151966095,0.49915266036987305,2880,27.3345947265625,5379.710899643271,105.36099140337167,10,1.4,1.4,1.4,1.4,1.4,1.4,1.2,1.2,1.2,1.2,1.2,1.4,1.4,1.4,1.4,1.4,1.2,1.2,1.2,1.2,2.201
1016.1007359027863,0.4990804195404053,2368,27.117568969726562,4754.850794348546,87.3234618723965,10,1.4,1.4,1.4,1.4,1.4,1.4,1.2,1.2,1.2,1.2,1.2,1.4,1.4,1.4,1.4,1.4,1.2,1.2,1.2,1.2,2.201
1016.60125207901,0.49915170669555664,2336,27.7093505859375,5490.560739625413,84.30367188704597,10,1.4,1.4,1.4,1.4,1.4,1.4,1.2,1.2,1.2,1.2,1.2,1.4,1.4,1.4,1.4,1.4,1.2,1.2,1.2,1.2,2.201
1017.101765871048,0.49915409088134766,2048,27.638076782226562,4740.750960710891,74.10066974403311,10,1.4,1.4,1.4,1.4,1.4,1.4,1.2,1.2,1.2,1.2,1.2,1.4,1.4,1.4,1.4,1.4,1.2,1.2,1.2,1.2,2.201
1017.602281332016,0.4990835189819336,2880,27.608383178710938,4800.025923690136,104.31614127337934,10,1.4,1.4,1.4,1.4,1.4,1.4,1.2,1.2,1.2,1.2,1.2,1.4,1.4,1.4,1.4,1.4,1.2,1.2,1.2,1.2,2.201
1018.1028037071228,0.4991140365600586,2240,27.824188232421875,5333.315748601945,80.50549332432495,10,1.4,1.4,1.4,1.4,1.4,1.4,1.2,1.2,1.2,1.2,1.2,1.4,1.4,1.4,1.4,1.4,1.2,1.2,1.2,1.2,2.201
1018.6033222675323,0.4991769790649414,3040,28.729705810546875,4935.0270365024835,105.81382280928177,10,1.4,1.4,1.4,1.4,1.4,1.4,1.2,1.2,1.2,1.2,1.2,1.4,1.4,1.4,1.4,1.4,1.2,1.2,1.2,1.2,2.201
1019.1038420200348,0.4991452693939209,2368,28.191162109375,4644.524639140207,83.99795619679401,10,1.4,1.4,1.4,1.4,1.4,1.4,1.2,1.2,1.2,1.2,1.2,1.4,1.4,1.4,1.4,1.4,1.2,1.2,1.2,1.2,2.201
1019.6043648719788,0.4991271495819092,2656,27.425308227539062,4972.390137145788,96.84485505008777,10,1.4,1.4,1.4,1.4,1.4,1.4,1.2,1.2,1.2,1.2,1.2,1.4,1.4,1.4,1.4,1.4,1.2,1.2,1.2,1.2,2.201
1020.1048843860626,0.49910473823547363,2208,27.76898193359375,4827.861181916066,79.51317787883517,10,1.4,1.4,1.4,1.4,1.4,1.4,1.2,1.2,1.2,1.2,1.2,1.4,1.4,1.4,1.4,1.4,1.2,1.2,1.2,1.2,2.201
1020.6054036617279,0.49915075302124023,1760,28.296371459960938,4853.129266622125,62.198787660473755,10,1.4,1.4,1.4,1.4,1.4,1.4,1.2,1.2,1.2,1.2,1.2,1.4,1.4,1.4,1.4,1.4,1.2,1.2,1.2,1.2,2.201
1021.105925321579,0.4991421699523926,3392,28.518234252929688,5090.8766006877795,118.94144531937627,10,1.4,1.4,1.4,1.4,1.4,1.4,1.2,1.2,1.2,1.2,1.2,1.4,1.4,1.4,1.4,1.4,1.2,1.2,1.2,1.2,2.201
1021.6064283847809,0.47754788398742676,1920,28.230239868164062,5193.213438261529,68.01217449679666,10,1.5,1.5,1.5,1.5,1.5,1.5,1.2,1.2,1.2,1.2,1.2,1.5,1.5,1.5,1.5,1.5,1.2,1.2,1.2,1.2,2.201
1022.1069478988647,0.49907660484313965,3136,26.9227294921875,5261.742919991659,116.48150314439744,10,1.5,1.5,1.5,1.5,1.5,1.5,1.2,1.2,1.2,1.2,1.2,1.5,1.5,1.5,1.5,1.5,1.2,1.2,1.2,1.2,2.201
1022.6074686050415,0.49912261962890625,2368,28.15771484375,4987.6304380158535,84.0977335391125,10,1.5,1.5,1.5,1.5,1.5,1.5,1.2,1.2,1.2,1.2,1.2,1.5,1.5,1.5,1.5,1.5,1.2,1.2,1.2,1.2,2.201
1023.107990026474,0.49915361404418945,3136,28.600967407226562,5352.148138342181,109.64664080585021,10,1.5,1.5,1.5,1.5,1.5,1.5,1.2,1.2,1.2,1.2,1.2,1.5,1.5,1.5,1.5,1.5,1.2,1.2,1.2,1.2,2.201
1023.6085138320923,0.49907636642456055,2144,27.664321899414062,4575.393969162609,77.50054412305731,10,1.5,1.5,1.5,1.5,1.5,1.5,1.2,1.2,1.2,1.2,1.2,1.5,1.5,1.5,1.5,1.5,1.2,1.2,1.2,1.2,2.201
1024.1090354919434,0.4990200996398926,2528,27.852432250976562,6340.645825571973,90.76406603273806,10,1.5,1.5,1.5,1.5,1.5,1.5,1.2,1.2,1.2,1.2,1.2,1.5,1.5,1.5,1.5,1.5,1.2,1.2,1.2,1.2,2.201
1024.6095566749573,0.4991469383239746,2880,28.949996948242188,4931.527219956265,99.48187577183391,10,1.5,1.5,1.5,1.5,1.5,1.5,1.2,1.2,1.2,1.2,1.2,1.5,1.5,1.5,1.5,1.5,1.2,1.2,1.2,1.2,2.201
1025.1100692749023,0.4988994598388672,2208,27.841323852539062,5575.787936977255,79.30657362755527,10,1.5,1.5,1.5,1.5,1.5,1.5,1.2,1.2,1.2,1.2,1.2,1.5,1.5,1.5,1.5,1.5,1.2,1.2,1.2,1.2,2.201
1025.6105916500092,0.4990715980529785,3424,27.571990966796875,5227.612596399095,124.18399542214041,10,1.5,1.5,1.5,1.5,1.5,1.5,1.2,1.2,1.2,1.2,1.2,1.5,1.5,1.5,1.5,1.5,1.2,1.2,1.2,1.2,2.201
1026.111112833023,0.49901342391967773,2464,27.686309814453125,5190.061484931776,88.997053652622,10,1.5,1.5,1.5,1.5,1.5,1.5,1.2,1.2,1.2,1.2,1.2,1.5,1.5,1.5,1.5,1.5,1.2,1.2,1.2,1.2,2.201
1026.6116364002228,0.49913907051086426,2432,27.674758911132812,4938.094292552141,87.87791098052426,10,1.5,1.5,1.5,1.5,1.5,1.5,1.2,1.2,1.2,1.2,1.2,1.5,1.5,1.5,1.5,1.5,1.2,1.2,1.2,1.2,2.201
1027.1121571063995,0.4991018772125244,2656,27.724716186523438,5489.979628129571,95.79899689977859,10,1.5,1.5,1.5,1.5,1.5,1.5,1.2,1.2,1.2,1.2,1.2,1.5,1.5,1.5,1.5,1.5,1.2,1.2,1.2,1.2,2.201
1027.6126990318298,0.499117374420166,2496,28.30047607421875,5157.9936019322,88.19639618267105,10,1.5,1.5,1.5,1.5,1.5,1.5,1.2,1.2,1.2,1.2,1.2,1.5,1.5,1.5,1.5,1.5,1.2,1.2,1.2,1.2,2.201
1028.1132142543793,0.4990253448486328,2688,27.446182250976562,5440.593610772041,97.93711837297,10,1.5,1.5,1.5,1.5,1.5,1.5,1.2,1.2,1.2,1.2,1.2,1.5,1.5,1.5,1.5,1.5,1.2,1.2,1.2,1.2,2.201
1028.6137344837189,0.49909234046936035,2752,27.323532104492188,4865.42036655354,100.71904281904868,10,1.5,1.5,1.5,1.5,1.5,1.5,1.2,1.2,1.2,1.2,1.2,1.5,1.5,1.5,1.5,1.5,1.2,1.2,1.2,1.2,2.201
1029.114247560501,0.49906373023986816,2848,28.08984375,5730.621436102111,101.38895842024753,10,1.5,1.5,1.5,1.5,1.5,1.5,1.2,1.2,1.2,1.2,1.2,1.5,1.5,1.5,1.5,1.5,1.2,1.2,1.2,1.2,2.201
1029.6147696971893,0.4990696907043457,2560,27.4534912109375,5221.733536867499,93.24861382220463,10,1.5,1.5,1.5,1.5,1.5,1.5,1.2,1.2,1.2,1.2,1.2,1.5,1.5,1.5,1.5,1.5,1.2,1.2,1.2,1.2,2.201
1030.1152892112732,0.4991137981414795,2720,28.397750854492188,5398.551419102098,95.78223338661795,10,1.5,1.5,1.5,1.5,1.5,1.5,1.2,1.2,1.2,1.2,1.2,1.5,1.5,1.5,1.5,1.5,1.2,1.2,1.2,1.2,2.201
1030.61580991745,0.4990520477294922,2592,27.70770263671875,5407.826776862433,93.54799399951098,10,1.5,1.5,1.5,1.5,1.5,1.5,1.2,1.2,1.2,1.2,1.2,1.5,1.5,1.5,1.5,1.5,1.2,1.2,1.2,1.2,2.201
1031.1163311004639,0.4990956783294678,2336,27.974700927734375,4966.086957567811,83.50402050890446,10,1.5,1.5,1.5,1.5,1.5,1.5,1.2,1.2,1.2,1.2,1.2,1.5,1.5,1.5,1.5,1.5,1.2,1.2,1.2,1.2,2.201
1031.6168315410614,0.476001501083374,2432,28.88983154296875,4907.83231557754,84.18186850216867,10,1.6,1.6,1.6,1.6,1.6,1.6,1.2,1.2,1.2,1.2,1.2,1.6,1.6,1.6,1.6,1.6,1.2,1.2,1.2,1.2,2.201
1032.1173448562622,0.49904823303222656,3296,27.6939697265625,5906.048558509608,119.0150791866672,10,1.6,1.6,1.6,1.6,1.6,1.6,1.2,1.2,1.2,1.2,1.2,1.6,1.6,1.6,1.6,1.6,1.2,1.2,1.2,1.2,2.201
1032.6178839206696,0.4990229606628418,2688,29.6815185546875,5876.575977015275,90.5614042302931,10,1.6,1.6,1.6,1.6,1.6,1.6,1.2,1.2,1.2,1.2,1.2,1.6,1.6,1.6,1.6,1.6,1.2,1.2,1.2,1.2,2.201
1033.1184055805206,0.4990999698638916,2944,29.424697875976562,5669.431835762581,100.05200435392042,10,1.6,1.6,1.6,1.6,1.6,1.6,1.2,1.2,1.2,1.2,1.2,1.6,1.6,1.6,1.6,1.6,1.2,1.2,1.2,1.2,2.201
1033.6189267635345,0.4990856647491455,2560,27.205825805664062,5340.927285301637,94.09749287841966,10,1.6,1.6,1.6,1.6,1.6,1.6,1.2,1.2,1.2,1.2,1.2,1.6,1.6,1.6,1.6,1.6,1.2,1.2,1.2,1.2,2.201
1034.119448184967,0.4991145133972168,2944,29.952911376953125,5466.0210511091955,98.28760760348733,10,1.6,1.6,1.6,1.6,1.6,1.6,1.2,1.2,1.2,1.2,1.2,1.6,1.6,1.6,1.6,1.6,1.2,1.2,1.2,1.2,2.201
1034.619968175888,0.4990870952606201,2464,30.299026489257812,5323.540659935932,81.32274483715126,10,1.6,1.6,1.6,1.6,1.6,1.6,1.2,1.2,1.2,1.2,1.2,1.6,1.6,1.6,1.6,1.6,1.2,1.2,1.2,1.2,2.201
1035.120483636856,0.4991321563720703,2784,29.724319458007812,5769.390636768482,93.66068090921364,10,1.6,1.6,1.6,1.6,1.6,1.6,1.2,1.2,1.2,1.2,1.2,1.6,1.6,1.6,1.6,1.6,1.2,1.2,1.2,1.2,2.201
1035.6209979057312,0.499056339263916,3296,30.645462036132812,6103.664754062517,107.55262870939329,10,1.6,1.6,1.6,1.6,1.6,1.6,1.2,1.2,1.2,1.2,1.2,1.6,1.6,1.6,1.6,1.6,1.2,1.2,1.2,1.2,2.201
1036.1215121746063,0.49908924102783203,2560,28.854248046875,4749.711264999725,88.72177143002192,10,1.6,1.6,1.6,1.6,1.6,1.6,1.2,1.2,1.2,1.2,1.2,1.6,1.6,1.6,1.6,1.6,1.2,1.2,1.2,1.2,2.201
1036.6220335960388,0.49904584884643555,2624,29.108367919921875,5733.733403526612,90.14589918674639,10,1.6,1.6,1.6,1.6,1.6,1.6,1.2,1.2,1.2,1.2,1.2,1.6,1.6,1.6,1.6,1.6,1.2,1.2,1.2,1.2,2.201
1037.12255692482,0.49907732009887695,3200,30.6104736328125,6009.166088677901,104.53938212082421,10,1.6,1.6,1.6,1.6,1.6,1.6,1.2,1.2,1.2,1.2,1.2,1.6,1.6,1.6,1.6,1.6,1.2,1.2,1.2,1.2,2.201
1037.623075246811,0.4990730285644531,2592,28.9190673828125,5759.374788920284,89.62944640256643,10,1.6,1.6,1.6,1.6,1.6,1.6,1.2,1.2,1.2,1.2,1.2,1.6,1.6,1.6,1.6,1.6,1.2,1.2,1.2,1.2,2.201
1038.1235945224762,0.49899935722351074,3104,28.426895141601562,5574.599406114616,109.19236816184778,10,1.6,1.6,1.6,1.6,1.6,1.6,1.2,1.2,1.2,1.2,1.2,1.6,1.6,1.6,1.6,1.6,1.2,1.2,1.2,1.2,2.201
1038.6241128444672,0.49915266036987305,2048,30.425369262695312,5818.316902314697,67.31224795720269,10,1.6,1.6,1.6,1.6,1.6,1.6,1.2,1.2,1.2,1.2,1.2,1.6,1.6,1.6,1.6,1.6,1.2,1.2,1.2,1.2,2.201
1039.1246287822723,0.49913549423217773,3552,30.600631713867188,5720.042315833358,116.07603507055548,10,1.6,1.6,1.6,1.6,1.6,1.6,1.2,1.2,1.2,1.2,1.2,1.6,1.6,1.6,1.6,1.6,1.2,1.2,1.2,1.2,2.201
1039.6249146461487,0.4990506172180176,3072,28.857650756835938,5754.9312383853485,106.45357191012127,10,1.6,1.6,1.6,1.6,1.6,1.6,1.2,1.2,1.2,1.2,1.2,1.6,1.6,1.6,1.6,1.6,1.2,1.2,1.2,1.2,2.201
1040.1254425048828,0.4990401268005371,2368,28.641204833984375,5337.456934711147,82.67808612542154,10,1.6,1.6,1.6,1.6,1.6,1.6,1.2,1.2,1.2,1.2,1.2,1.6,1.6,1.6,1.6,1.6,1.2,1.2,1.2,1.2,2.201
1040.625960111618,0.4989471435546875,3200,28.690933227539062,5882.841878390305,111.53349298964149,10,1.6,1.6,1.6,1.6,1.6,1.6,1.2,1.2,1.2,1.2,1.2,1.6,1.6,1.6,1.6,1.6,1.2,1.2,1.2,1.2,2.201
1041.1264879703522,0.4990205764770508,2272,30.10382080078125,6081.13703413308,75.47214737409801,10,1.6,1.6,1.6,1.6,1.6,1.6,1.2,1.2,1.2,1.2,1.2,1.6,1.6,1.6,1.6,1.6,1.2,1.2,1.2,1.2,2.201
1041.6269879341125,0.4774816036224365,3264,31.472946166992188,5156.925152954468,103.70811752676583,10,1.7,1.7,1.7,1.7,1.7,1.7,1.2,1.2,1.2,1.2,1.2,1.7,1.7,1.7,1.7,1.7,1.2,1.2,1.2,1.2,2.201
1042.1275074481964,0.4989316463470459,2816,29.439056396484375,6413.620050142678,95.65523983086251,10,1.7,1.7,1.7,1.7,1.7,1.7,1.2,1.2,1.2,1.2,1.2,1.7,1.7,1.7,1.7,1.7,1.2,1.2,1.2,1.2,2.201
1042.6280267238617,0.4989304542541504,3200,29.879928588867188,6201.5213100974515,107.09530280444753,10,1.7,1.7,1.7,1.7,1.7,1.7,1.2,1.2,1.2,1.2,1.2,1.7,1.7,1.7,1.7,1.7,1.2,1.2,1.2,1.2,2.201
1043.1285455226898,0.4989664554595947,2816,30.355819702148438,5500.008742775462,92.7663962835007,10,1.7,1.7,1.7,1.7,1.7,1.7,1.2,1.2,1.2,1.2,1.2,1.7,1.7,1.7,1.7,1.7,1.2,1.2,1.2,1.2,2.201
1043.6290650367737,0.4990231990814209,3072,30.092300415039062,6000.031627532104,102.08591425814437,10,1.7,1.7,1.7,1.7,1.7,1.7,1.2,1.2,1.2,1.2,1.2,1.7,1.7,1.7,1.7,1.7,1.2,1.2,1.2,1.2,2.201
1044.129584312439,0.4990348815917969,2752,28.503372192382812,5446.3424569786985,96.54997946998844,10,1.7,1.7,1.7,1.7,1.7,1.7,1.2,1.2,1.2,1.2,1.2,1.7,1.7,1.7,1.7,1.7,1.2,1.2,1.2,1.2,2.201
1044.6301045417786,0.49904537200927734,3328,28.729782104492188,6403.112410873412,115.83798261663927,10,1.7,1.7,1.7,1.7,1.7,1.7,1.2,1.2,1.2,1.2,1.2,1.7,1.7,1.7,1.7,1.7,1.2,1.2,1.2,1.2,2.201
1045.1306240558624,0.49898409843444824,2944,29.310012817382812,5788.11920647129,100.4434907054701,10,1.7,1.7,1.7,1.7,1.7,1.7,1.2,1.2,1.2,1.2,1.2,1.7,1.7,1.7,1.7,1.7,1.2,1.2,1.2,1.2,2.201
1045.6311440467834,0.49902820587158203,2592,30.098068237304688,6014.142482731844,86.11848373668636,10,1.7,1.7,1.7,1.7,1.7,1.7,1.2,1.2,1.2,1.2,1.2,1.7,1.7,1.7,1.7,1.7,1.2,1.2,1.2,1.2,2.201
1046.1316635608673,0.49907875061035156,2752,30.200408935546875,6263.806712243922,91.12459390444894,10,1.7,1.7,1.7,1.7,1.7,1.7,1.2,1.2,1.2,1.2,1.2,1.7,1.7,1.7,1.7,1.7,1.2,1.2,1.2,1.2,2.201
1046.6321866512299,0.4990875720977783,2944,29.727081298828125,5648.311120648365,99.03427687386369,10,1.7,1.7,1.7,1.7,1.7,1.7,1.2,1.2,1.2,1.2,1.2,1.7,1.7,1.7,1.7,1.7,1.2,1.2,1.2,1.2,2.201
1047.1327075958252,0.49906325340270996,3584,29.985244750976562,5920.166619696329,119.52545426140888,10,1.7,1.7,1.7,1.7,1.7,1.7,1.2,1.2,1.2,1.2,1.2,1.7,1.7,1.7,1.7,1.7,1.2,1.2,1.2,1.2,2.201
1047.633227109909,0.49907565116882324,2688,30.024169921875,6202.2204767177145,89.52787061205572,10,1.7,1.7,1.7,1.7,1.7,1.7,1.2,1.2,1.2,1.2,1.2,1.7,1.7,1.7,1.7,1.7,1.2,1.2,1.2,1.2,2.201
1048.1337473392487,0.49909472465515137,2848,31.22137451171875,5635.371506181596,91.2195585409291,10,1.7,1.7,1.7,1.7,1.7,1.7,1.2,1.2,1.2,1.2,1.2,1.7,1.7,1.7,1.7,1.7,1.2,1.2,1.2,1.2,2.201
1048.6342706680298,0.49907946586608887,3168,31.429183959960938,6144.698343748731,100.79803548306755,10,1.7,1.7,1.7,1.7,1.7,1.7,1.2,1.2,1.2,1.2,1.2,1.7,1.7,1.7,1.7,1.7,1.2,1.2,1.2,1.2,2.201
1049.1347916126251,0.4990241527557373,3200,29.98486328125,5936.374454120427,106.72051327981241,10,1.7,1.7,1.7,1.7,1.7,1.7,1.2,1.2,1.2,1.2,1.2,1.7,1.7,1.7,1.7,1.7,1.2,1.2,1.2,1.2,2.201
1049.6353085041046,0.49906277656555176,3008,30.105545043945312,6064.489468487268,99.91514837579581,10,1.7,1.7,1.7,1.7,1.7,1.7,1.2,1.2,1.2,1.2,1.2,1.7,1.7,1.7,1.7,1.7,1.2,1.2,1.2,1.2,2.201
1050.1358387470245,0.49914073944091797,2784,31.310470581054688,5472.570617954118,88.91594244145728,10,1.7,1.7,1.7,1.7,1.7,1.7,1.2,1.2,1.2,1.2,1.2,1.7,1.7,1.7,1.7,1.7,1.2,1.2,1.2,1.2,2.201
1050.6363592147827,0.4988875389099121,3008,27.640151977539062,6838.85901830106,108.82718743530646,10,1.7,1.7,1.7,1.7,1.7,1.7,1.2,1.2,1.2,1.2,1.2,1.7,1.7,1.7,1.7,1.7,1.2,1.2,1.2,1.2,2.201
1051.1368782520294,0.49903059005737305,2944,27.392227172851562,5726.048589284647,107.47574417452986,10,1.7,1.7,1.7,1.7,1.7,1.7,1.2,1.2,1.2,1.2,1.2,1.7,1.7,1.7,1.7,1.7,1.2,1.2,1.2,1.2,2.201
1051.6374197006226,0.4764096736907959,3168,28.544418334960938,6141.88279881254,110.98492051315907,10,1.8,1.8,1.8,1.8,1.8,1.8,1.2,1.2,1.2,1.2,1.2,1.8,1.8,1.8,1.8,1.8,1.2,1.2,1.2,1.2,2.201
1052.1379396915436,0.49893903732299805,2752,26.732025146484375,5757.776100323617,102.94768110233973,10,1.8,1.8,1.8,1.8,1.8,1.8,1.2,1.2,1.2,1.2,1.2,1.8,1.8,1.8,1.8,1.8,1.2,1.2,1.2,1.2,2.201
1052.6384608745575,0.4990518093109131,3424,27.409912109375,6589.910964321469,124.91831372304513,10,1.8,1.8,1.8,1.8,1.8,1.8,1.2,1.2,1.2,1.2,1.2,1.8,1.8,1.8,1.8,1.8,1.2,1.2,1.2,1.2,2.201
1053.1389837265015,0.4990267753601074,3008,29.866668701171875,6158.313417932511,100.71427885366992,10,1.8,1.8,1.8,1.8,1.8,1.8,1.2,1.2,1.2,1.2,1.2,1.8,1.8,1.8,1.8,1.8,1.2,1.2,1.2,1.2,2.201
1053.6395049095154,0.4990427494049072,2880,29.962188720703125,6092.258819439227,96.12114878677043,10,1.8,1.8,1.8,1.8,1.8,1.8,1.2,1.2,1.2,1.2,1.2,1.8,1.8,1.8,1.8,1.8,1.2,1.2,1.2,1.2,2.201
1054.1400277614594,0.4991323947906494,3936,31.536376953125,6753.826455586627,124.8082494019648,10,1.8,1.8,1.8,1.8,1.8,1.8,1.2,1.2,1.2,1.2,1.2,1.8,1.8,1.8,1.8,1.8,1.2,1.2,1.2,1.2,2.201
1054.640550851822,0.49906039237976074,3008,28.3699951171875,6163.953261044452,106.02751208010086,10,1.8,1.8,1.8,1.8,1.8,1.8,1.2,1.2,1.2,1.2,1.2,1.8,1.8,1.8,1.8,1.8,1.2,1.2,1.2,1.2,2.201
1055.1411006450653,0.49906444549560547,3040,27.449310302734375,6229.540606795388,110.74959503434843,10,1.8,1.8,1.8,1.8,1.8,1.8,1.2,1.2,1.2,1.2,1.2,1.8,1.8,1.8,1.8,1.8,1.2,1.2,1.2,1.2,2.201
1055.6416249275208,0.4990720748901367,3040,28.192916870117188,6280.947897656907,107.82850224420088,10,1.8,1.8,1.8,1.8,1.8,1.8,1.2,1.2,1.2,1.2,1.2,1.8,1.8,1.8,1.8,1.8,1.2,1.2,1.2,1.2,2.201
1056.1421501636505,0.49903416633605957,3520,28.19622802734375,6458.614257361804,124.8393932899969,10,1.8,1.8,1.8,1.8,1.8,1.8,1.2,1.2,1.2,1.2,1.2,1.8,1.8,1.8,1.8,1.8,1.2,1.2,1.2,1.2,2.201
1056.642674446106,0.49903202056884766,2912,27.956344604492188,6016.184824663741,104.16240181601148,10,1.8,1.8,1.8,1.8,1.8,1.8,1.2,1.2,1.2,1.2,1.2,1.8,1.8,1.8,1.8,1.8,1.2,1.2,1.2,1.2,2.201
1057.1431968212128,0.4990396499633789,2880,28.987701416015625,6560.90367219719,99.35247913133284,10,1.8,1.8,1.8,1.8,1.8,1.8,1.2,1.2,1.2,1.2,1.2,1.8,1.8,1.8,1.8,1.8,1.2,1.2,1.2,1.2,2.201
1057.6437203884125,0.4989969730377197,3456,30.408828735351562,6261.881935840118,113.65120406568808,10,1.8,1.8,1.8,1.8,1.8,1.8,1.2,1.2,1.2,1.2,1.2,1.8,1.8,1.8,1.8,1.8,1.2,1.2,1.2,1.2,2.201
1058.1442513465881,0.4990556240081787,2880,29.9012451171875,6096.1117712270725,96.31705933023339,10,1.8,1.8,1.8,1.8,1.8,1.8,1.2,1.2,1.2,1.2,1.2,1.8,1.8,1.8,1.8,1.8,1.2,1.2,1.2,1.2,2.201
1058.644773721695,0.49892663955688477,3328,27.761688232421875,6659.99790235605,119.87743584388174,10,1.8,1.8,1.8,1.8,1.8,1.8,1.2,1.2,1.2,1.2,1.2,1.8,1.8,1.8,1.8,1.8,1.2,1.2,1.2,1.2,2.201
1059.1452844142914,0.4990987777709961,3008,31.415084838867188,6163.461933820677,95.7501791075369,10,1.8,1.8,1.8,1.8,1.8,1.8,1.2,1.2,1.2,1.2,1.2,1.8,1.8,1.8,1.8,1.8,1.2,1.2,1.2,1.2,2.201
1059.6458044052124,0.49915027618408203,3296,31.642166137695312,5928.757237586915,104.16480292964125,10,1.8,1.8,1.8,1.8,1.8,1.8,1.2,1.2,1.2,1.2,1.2,1.8,1.8,1.8,1.8,1.8,1.2,1.2,1.2,1.2,2.201
1060.1463491916656,0.49900126457214355,3008,28.362640380859375,6162.947753257624,106.05500614921448,10,1.8,1.8,1.8,1.8,1.8,1.8,1.2,1.2,1.2,1.2,1.2,1.8,1.8,1.8,1.8,1.8,1.2,1.2,1.2,1.2,2.201
1060.6468937397003,0.4988527297973633,3648,28.118057250976562,6924.000878817293,129.7386930910137,10,1.8,1.8,1.8,1.8,1.8,1.8,1.2,1.2,1.2,1.2,1.2,1.8,1.8,1.8,1.8,1.8,1.2,1.2,1.2,1.2,2.201
1061.1474454402924,0.4991140365600586,2816,31.817337036132812,6271.11441102251,88.50520698203178,10,1.8,1.8,1.8,1.8,1.8,1.8,1.2,1.2,1.2,1.2,1.2,1.8,1.8,1.8,1.8,1.8,1.2,1.2,1.2,1.2,2.201
1061.647978067398,0.4758567810058594,3616,30.156021118164062,6492.952268438833,119.90971838860905,10,1.9,1.9,1.9,1.9,1.9,1.9,1.2,1.2,1.2,1.2,1.2,1.9,1.9,1.9,1.9,1.9,1.2,1.2,1.2,1.2,2.201
1062.1485254764557,0.4989800453186035,3168,29.992340087890625,6993.976038382936,105.626969776829,10,1.9,1.9,1.9,1.9,1.9,1.9,1.2,1.2,1.2,1.2,1.2,1.9,1.9,1.9,1.9,1.9,1.2,1.2,1.2,1.2,2.201
1062.649079799652,0.4990546703338623,3264,29.103439331054688,6326.381474335518,112.15169323706577,10,1.9,1.9,1.9,1.9,1.9,1.9,1.2,1.2,1.2,1.2,1.2,1.9,1.9,1.9,1.9,1.9,1.2,1.2,1.2,1.2,2.201
1063.149629831314,0.4989759922027588,3360,28.991043090820312,7207.330358357455,115.89786505694603,10,1.9,1.9,1.9,1.9,1.9,1.9,1.2,1.2,1.2,1.2,1.2,1.9,1.9,1.9,1.9,1.9,1.2,1.2,1.2,1.2,2.201
1063.6501710414886,0.4989931583404541,3104,28.987091064453125,6747.8305275730845,107.08214884681671,10,1.9,1.9,1.9,1.9,1.9,1.9,1.2,1.2,1.2,1.2,1.2,1.9,1.9,1.9,1.9,1.9,1.2,1.2,1.2,1.2,2.201
1064.1507239341736,0.49903202056884766,3712,30.113876342773438,6191.519465210548,123.26543277749713,10,1.9,1.9,1.9,1.9,1.9,1.9,1.2,1.2,1.2,1.2,1.2,1.9,1.9,1.9,1.9,1.9,1.2,1.2,1.2,1.2,2.201
1064.6512672901154,0.499042272567749,3424,29.478759765625,7308.902804659235,116.151426560106,10,1.9,1.9,1.9,1.9,1.9,1.9,1.2,1.2,1.2,1.2,1.2,1.9,1.9,1.9,1.9,1.9,1.2,1.2,1.2,1.2,2.201
1065.1517810821533,0.49909019470214844,3232,28.917205810546875,6490.051892249521,111.76736857546601,10,1.9,1.9,1.9,1.9,1.9,1.9,1.2,1.2,1.2,1.2,1.2,1.9,1.9,1.9,1.9,1.9,1.2,1.2,1.2,1.2,2.201
1065.652288198471,0.4991569519042969,3392,32.58135986328125,6821.780416260375,104.10860732129042,10,1.9,1.9,1.9,1.9,1.9,1.9,1.2,1.2,1.2,1.2,1.2,1.9,1.9,1.9,1.9,1.9,1.2,1.2,1.2,1.2,2.201
1066.1528420448303,0.49919557571411133,3616,32.29615783691406,6736.546347028537,111.96378275891882,10,1.9,1.9,1.9,1.9,1.9,1.9,1.2,1.2,1.2,1.2,1.2,1.9,1.9,1.9,1.9,1.9,1.2,1.2,1.2,1.2,2.201
1066.653352022171,0.49889564514160156,3072,29.71099853515625,6736.790106308242,103.39605369927175,10,1.9,1.9,1.9,1.9,1.9,1.9,1.2,1.2,1.2,1.2,1.2,1.9,1.9,1.9,1.9,1.9,1.2,1.2,1.2,1.2,2.201
1067.1539070606232,0.49908924102783203,3072,32.65618896484375,6796.507348235565,94.07098921760844,10,1.9,1.9,1.9,1.9,1.9,1.9,1.2,1.2,1.2,1.2,1.2,1.9,1.9,1.9,1.9,1.9,1.2,1.2,1.2,1.2,2.201
1067.6544585227966,0.4990108013153076,3872,30.392608642578125,6500.198211351206,127.39939652878537,10,1.9,1.9,1.9,1.9,1.9,1.9,1.2,1.2,1.2,1.2,1.2,1.9,1.9,1.9,1.9,1.9,1.2,1.2,1.2,1.2,2.201
1068.1550130844116,0.4990551471710205,3232,30.212722778320312,6901.147371055985,106.97480077231504,10,1.9,1.9,1.9,1.9,1.9,1.9,1.2,1.2,1.2,1.2,1.2,1.9,1.9,1.9,1.9,1.9,1.2,1.2,1.2,1.2,2.201
1068.655555486679,0.49893736839294434,3680,30.194656372070312,6894.663238790956,121.8758695132545,10,1.9,1.9,1.9,1.9,1.9,1.9,1.2,1.2,1.2,1.2,1.2,1.9,1.9,1.9,1.9,1.9,1.2,1.2,1.2,1.2,2.201
1069.1560950279236,0.49910736083984375,2816,30.5540771484375,6313.556135157318,92.16445930666923,10,1.9,1.9,1.9,1.9,1.9,1.9,1.2,1.2,1.2,1.2,1.2,1.9,1.9,1.9,1.9,1.9,1.2,1.2,1.2,1.2,2.201
1069.6566355228424,0.49910855293273926,3904,28.856643676757812,7121.004720302349,135.28946899477512,10,1.9,1.9,1.9,1.9,1.9,1.9,1.2,1.2,1.2,1.2,1.2,1.9,1.9,1.9,1.9,1.9,1.2,1.2,1.2,1.2,2.201
1070.157152414322,0.4990828037261963,2720,30.751739501953125,6149.853339389263,88.45028099393355,10,1.9,1.9,1.9,1.9,1.9,1.9,1.2,1.2,1.2,1.2,1.2,1.9,1.9,1.9,1.9,1.9,1.2,1.2,1.2,1.2,2.201
1070.6576943397522,0.4991157054901123,3360,32.18348693847656,7277.354085271895,104.40136603044695,10,1.9,1.9,1.9,1.9,1.9,1.9,1.2,1.2,1.2,1.2,1.2,1.9,1.9,1.9,1.9,1.9,1.2,1.2,1.2,1.2,2.201
1071.1582386493683,0.4990401268005371,3392,31.137939453125,6593.316112673262,108.93463278475157,10,1.9,1.9,1.9,1.9,1.9,1.9,1.2,1.2,1.2,1.2,1.2,1.9,1.9,1.9,1.9,1.9,1.2,1.2,1.2,1.2,2.201
1071.6587607860565,0.4757969379425049,4064,32.86286926269531,6613.38815090398,123.66540387918286,10,2.0,2.0,2.0,2.0,2.0,2.0,1.2,1.2,1.2,1.2,1.2,2.0,2.0,2.0,2.0,2.0,1.2,1.2,1.2,1.2,2.201
1072.159307718277,0.4990963935852051,3040,28.389892578125,6758.851022605775,107.08036290149202,10,2.0,2.0,2.0,2.0,2.0,2.0,1.2,1.2,1.2,1.2,1.2,2.0,2.0,2.0,2.0,2.0,1.2,1.2,1.2,1.2,2.201
1072.6598563194275,0.49904966354370117,3328,30.71832275390625,7348.36170456318,108.3392484238678,10,2.0,2.0,2.0,2.0,2.0,2.0,1.2,1.2,1.2,1.2,1.2,2.0,2.0,2.0,2.0,2.0,1.2,1.2,1.2,1.2,2.201
1073.1603956222534,0.49909377098083496,3680,32.75494384765625,7072.056126200591,112.34945225721457,10,2.0,2.0,2.0,2.0,2.0,2.0,1.2,1.2,1.2,1.2,1.2,2.0,2.0,2.0,2.0,2.0,1.2,1.2,1.2,1.2,2.201
1073.6609444618225,0.4991326332092285,3392,30.360885620117188,6744.852746179754,111.72269618355446,10,2.0,2.0,2.0,2.0,2.0,2.0,1.2,1.2,1.2,1.2,1.2,2.0,2.0,2.0,2.0,2.0,1.2,1.2,1.2,1.2,2.201
1074.1614825725555,0.4990885257720947,3488,31.81378173828125,7021.294577255902,109.63801878991707,10,2.0,2.0,2.0,2.0,2.0,2.0,1.2,1.2,1.2,1.2,1.2,2.0,2.0,2.0,2.0,2.0,1.2,1.2,1.2,1.2,2.201
1074.6620366573334,0.49903440475463867,3744,31.72930908203125,6983.715971290714,117.99815717135421,10,2.0,2.0,2.0,2.0,2.0,2.0,1.2,1.2,1.2,1.2,1.2,2.0,2.0,2.0,2.0,2.0,1.2,1.2,1.2,1.2,2.201
1075.162590265274,0.4990057945251465,3360,30.463043212890625,6440.051944150155,110.29758177863843,10,2.0,2.0,2.0,2.0,2.0,2.0,1.2,1.2,1.2,1.2,1.2,2.0,2.0,2.0,2.0,2.0,1.2,1.2,1.2,1.2,2.201
1075.6631262302399,0.49889254570007324,3392,31.664886474609375,7529.655323334492,107.1218114967786,10,2.0,2.0,2.0,2.0,2.0,2.0,1.2,1.2,1.2,1.2,1.2,2.0,2.0,2.0,2.0,2.0,1.2,1.2,1.2,1.2,2.201
1076.1636638641357,0.4990272521972656,3328,31.095611572265625,6794.696340494306,107.0247482435195,10,2.0,2.0,2.0,2.0,2.0,2.0,1.2,1.2,1.2,1.2,1.2,2.0,2.0,2.0,2.0,2.0,1.2,1.2,1.2,1.2,2.201
1076.6642072200775,0.49911952018737793,3776,31.791275024414062,7286.695422293129,118.77472662232724,10,2.0,2.0,2.0,2.0,2.0,2.0,1.2,1.2,1.2,1.2,1.2,2.0,2.0,2.0,2.0,2.0,1.2,1.2,1.2,1.2,2.201
1077.1647455692291,0.4990978240966797,3264,31.217681884765625,6754.427118049585,104.55612982566932,10,2.0,2.0,2.0,2.0,2.0,2.0,1.2,1.2,1.2,1.2,1.2,2.0,2.0,2.0,2.0,2.0,1.2,1.2,1.2,1.2,2.201
1077.6652874946594,0.49907350540161133,3936,32.541290283203125,7558.165826388657,120.95402381852233,10,2.0,2.0,2.0,2.0,2.0,2.0,1.2,1.2,1.2,1.2,1.2,2.0,2.0,2.0,2.0,2.0,1.2,1.2,1.2,1.2,2.201
1078.1658215522766,0.49906492233276367,3296,32.43681335449219,6558.58134408758,101.61294095011758,10,2.0,2.0,2.0,2.0,2.0,2.0,1.2,1.2,1.2,1.2,1.2,2.0,2.0,2.0,2.0,2.0,1.2,1.2,1.2,1.2,2.201
1078.6663682460785,0.4990828037261963,3808,31.577850341796875,7359.1817440464465,120.59085589368568,10,2.0,2.0,2.0,2.0,2.0,2.0,1.2,1.2,1.2,1.2,1.2,2.0,2.0,2.0,2.0,2.0,1.2,1.2,1.2,1.2,2.201
1079.166906118393,0.4991128444671631,3552,30.894577026367188,7108.5114018747445,114.97163392036478,10,2.0,2.0,2.0,2.0,2.0,2.0,1.2,1.2,1.2,1.2,1.2,2.0,2.0,2.0,2.0,2.0,1.2,1.2,1.2,1.2,2.201
1079.6674435138702,0.4990239143371582,3360,30.46575927734375,6929.88559591451,110.28774859711791,10,2.0,2.0,2.0,2.0,2.0,2.0,1.2,1.2,1.2,1.2,1.2,2.0,2.0,2.0,2.0,2.0,1.2,1.2,1.2,1.2,2.201
1080.167981147766,0.499098539352417,3712,32.027099609375,7221.9675006813495,115.90184703810708,10,2.0,2.0,2.0,2.0,2.0,2.0,1.2,1.2,1.2,1.2,1.2,2.0,2.0,2.0,2.0,2.0,1.2,1.2,1.2,1.2,2.201
1080.6684966087341,0.49906229972839355,3712,32.326904296875,7173.226281707214,114.82695546442515,10,2.0,2.0,2.0,2.0,2.0,2.0,1.2,1.2,1.2,1.2,1.2,2.0,2.0,2.0,2.0,2.0,1.2,1.2,1.2,1.2,2.201
1081.1690573692322,0.4991624355316162,3136,33.04266357421875,6877.247350584354,94.90760310397121,10,2.0,2.0,2.0,2.0,2.0,2.0,1.2,1.2,1.2,1.2,1.2,2.0,2.0,2.0,2.0,2.0,1.2,1.2,1.2,1.2,2.201
1081.6695947647095,0.4762692451477051,4128,34.03594970703125,7267.366766940031,121.28352625774463,10,2.1,2.1,2.1,2.1,2.1,2.1,1.2,1.2,1.2,1.2,1.2,2.1,2.1,2.1,2.1,2.1,1.2,1.2,1.2,1.2,2.201
1082.1701390743256,0.49896693229675293,2880,28.701278686523438,6316.066738057854,100.34396137731284,10,2.1,2.1,2.1,2.1,2.1,2.1,1.2,1.2,1.2,1.2,1.2,2.1,2.1,2.1,2.1,2.1,1.2,1.2,1.2,1.2,2.201
1082.6706473827362,0.4991452693939209,3072,32.56700134277344,7245.298414086516,94.32861096625562,10,2.1,2.1,2.1,2.1,2.1,2.1,1.2,1.2,1.2,1.2,1.2,2.1,2.1,2.1,2.1,2.1,1.2,1.2,1.2,1.2,2.201
1083.1711571216583,0.49916505813598633,4416,33.881591796875,7349.894652434587,130.33626124990093,10,2.1,2.1,2.1,2.1,2.1,2.1,1.2,1.2,1.2,1.2,1.2,2.1,2.1,2.1,2.1,2.1,1.2,1.2,1.2,1.2,2.201
1083.671718120575,0.49913835525512695,3936,34.32002258300781,8079.166129499894,114.68523922093085,10,2.1,2.1,2.1,2.1,2.1,2.1,1.2,1.2,1.2,1.2,1.2,2.1,2.1,2.1,2.1,2.1,1.2,1.2,1.2,1.2,2.201
1084.1722643375397,0.4990248680114746,3232,33.36616516113281,6941.2414686551165,96.86459275112784,10,2.1,2.1,2.1,2.1,2.1,2.1,1.2,1.2,1.2,1.2,1.2,2.1,2.1,2.1,2.1,2.1,1.2,1.2,1.2,1.2,2.201
1084.6728127002716,0.49910855293273926,4000,31.398910522460938,7202.960930195076,127.39295515169658,10,2.1,2.1,2.1,2.1,2.1,2.1,1.2,1.2,1.2,1.2,1.2,2.1,2.1,2.1,2.1,2.1,1.2,1.2,1.2,1.2,2.201
1085.1733748912811,0.4990999698638916,3872,31.713058471679688,7821.491241483268,122.09481477347141,10,2.1,2.1,2.1,2.1,2.1,2.1,1.2,1.2,1.2,1.2,1.2,2.1,2.1,2.1,2.1,2.1,1.2,1.2,1.2,1.2,2.201
1085.673938035965,0.4989356994628906,3136,33.21388244628906,7686.221930866339,94.41835067223165,10,2.1,2.1,2.1,2.1,2.1,2.1,1.2,1.2,1.2,1.2,1.2,2.1,2.1,2.1,2.1,2.1,1.2,1.2,1.2,1.2,2.201
1086.174473285675,0.4989175796508789,3808,32.39762878417969,7005.194130468021,117.53946640253842,10,2.1,2.1,2.1,2.1,2.1,2.1,1.2,1.2,1.2,1.2,1.2,2.1,2.1,2.1,2.1,2.1,1.2,1.2,1.2,1.2,2.201
1086.675008058548,0.499086856842041,3904,33.313507080078125,7125.488923063743,117.18970298190666,10,2.1,2.1,2.1,2.1,2.1,2.1,1.2,1.2,1.2,1.2,1.2,2.1,2.1,2.1,2.1,2.1,1.2,1.2,1.2,1.2,2.201
1087.1755447387695,0.49912428855895996,3712,33.12809753417969,7828.952080860545,112.04989952019338,10,2.1,2.1,2.1,2.1,2.1,2.1,1.2,1.2,1.2,1.2,1.2,2.1,2.1,2.1,2.1,2.1,1.2,1.2,1.2,1.2,2.201
1087.6760802268982,0.4991109371185303,3488,32.70005798339844,7236.940566807807,106.66647752645669,10,2.1,2.1,2.1,2.1,2.1,2.1,1.2,1.2,1.2,1.2,1.2,2.1,2.1,2.1,2.1,2.1,1.2,1.2,1.2,1.2,2.201
1088.1766362190247,0.4990980625152588,4192,32.82255554199219,7705.96186769596,127.7170509967416,10,2.1,2.1,2.1,2.1,2.1,2.1,1.2,1.2,1.2,1.2,1.2,2.1,2.1,2.1,2.1,2.1,1.2,1.2,1.2,1.2,2.201
1088.6771812438965,0.4990527629852295,3840,32.01695251464844,7603.693712955304,119.9364617304885,10,2.1,2.1,2.1,2.1,2.1,2.1,1.2,1.2,1.2,1.2,1.2,2.1,2.1,2.1,2.1,2.1,1.2,1.2,1.2,1.2,2.201
1089.177723646164,0.49913859367370605,3584,32.68292236328125,7176.778133726916,109.65971647708491,10,2.1,2.1,2.1,2.1,2.1,2.1,1.2,1.2,1.2,1.2,1.2,2.1,2.1,2.1,2.1,2.1,1.2,1.2,1.2,1.2,2.201
1089.678269147873,0.4990708827972412,3360,32.419921875,6917.827191073305,103.6399783119465,10,2.1,2.1,2.1,2.1,2.1,2.1,1.2,1.2,1.2,1.2,1.2,2.1,2.1,2.1,2.1,2.1,1.2,1.2,1.2,1.2,2.201
1090.178817987442,0.49905991554260254,3968,32.45280456542969,7597.140866829061,122.2698639804742,10,2.1,2.1,2.1,2.1,2.1,2.1,1.2,1.2,1.2,1.2,1.2,2.1,2.1,2.1,2.1,2.1,1.2,1.2,1.2,1.2,2.201
1090.6793613433838,0.49908447265625,3072,33.878936767578125,7917.534984946389,90.67580901593936,10,2.1,2.1,2.1,2.1,2.1,2.1,1.2,1.2,1.2,1.2,1.2,2.1,2.1,2.1,2.1,2.1,1.2,1.2,1.2,1.2,2.201
1091.1799042224884,0.49910926818847656,4320,32.28602600097656,7181.309163248265,133.8040178704351,10,2.1,2.1,2.1,2.1,2.1,2.1,1.2,1.2,1.2,1.2,1.2,2.1,2.1,2.1,2.1,2.1,1.2,1.2,1.2,1.2,2.201
1091.6804401874542,0.47596120834350586,3808,34.27091979980469,7764.464931126166,111.1146132710947,10,2.2,2.2,2.2,2.2,2.2,2.2,1.2,1.2,1.2,1.2,1.2,2.2,2.2,2.2,2.2,2.2,1.2,1.2,1.2,1.2,2.201
1092.1809830665588,0.49896240234375,3776,31.307418823242188,7258.917879015156,120.61039018639093,10,2.2,2.2,2.2,2.2,2.2,2.2,1.2,1.2,1.2,1.2,1.2,2.2,2.2,2.2,2.2,2.2,1.2,1.2,1.2,1.2,2.201
1092.681538105011,0.4990980625152588,3424,33.47645568847656,8156.060744706646,102.28083975982639,10,2.2,2.2,2.2,2.2,2.2,2.2,1.2,1.2,1.2,1.2,1.2,2.2,2.2,2.2,2.2,2.2,1.2,1.2,1.2,1.2,2.201
1093.1820776462555,0.4991176128387451,4096,36.45320129394531,7757.573199776546,112.36324532847885,10,2.2,2.2,2.2,2.2,2.2,2.2,1.2,1.2,1.2,1.2,1.2,2.2,2.2,2.2,2.2,2.2,1.2,1.2,1.2,1.2,2.201
1093.6826186180115,0.49912524223327637,3968,37.62828063964844,7458.726153320029,105.45259928297041,10,2.2,2.2,2.2,2.2,2.2,2.2,1.2,1.2,1.2,1.2,1.2,2.2,2.2,2.2,2.2,2.2,1.2,1.2,1.2,1.2,2.201
1094.1831603050232,0.4991459846496582,3360,37.77186584472656,7441.950044872961,88.95509726240064,10,2.2,2.2,2.2,2.2,2.2,2.2,1.2,1.2,1.2,1.2,1.2,2.2,2.2,2.2,2.2,2.2,1.2,1.2,1.2,1.2,2.201
1094.683702468872,0.4991569519042969,4384,37.83460998535156,7995.701810299873,115.87274196026745,10,2.2,2.2,2.2,2.2,2.2,2.2,1.2,1.2,1.2,1.2,1.2,2.2,2.2,2.2,2.2,2.2,1.2,1.2,1.2,1.2,2.201
1095.1842441558838,0.49912452697753906,3712,37.68885803222656,8065.747306657015,98.49064667403786,10,2.2,2.2,2.2,2.2,2.2,2.2,1.2,1.2,1.2,1.2,1.2,2.2,2.2,2.2,2.2,2.2,1.2,1.2,1.2,1.2,2.201
1095.6847858428955,0.49915361404418945,4064,37.47114562988281,7582.1191240064545,108.45678539273179,10,2.2,2.2,2.2,2.2,2.2,2.2,1.2,1.2,1.2,1.2,1.2,2.2,2.2,2.2,2.2,2.2,1.2,1.2,1.2,1.2,2.201
1096.1853308677673,0.4991614818572998,3776,37.39900207519531,7317.250433066826,100.96526084861532,10,2.2,2.2,2.2,2.2,2.2,2.2,1.2,1.2,1.2,1.2,1.2,2.2,2.2,2.2,2.2,2.2,1.2,1.2,1.2,1.2,2.201
1096.6858789920807,0.4991300106048584,3840,38.075775146484375,7807.03697111743,100.85152528679528,10,2.2,2.2,2.2,2.2,2.2,2.2,1.2,1.2,1.2,1.2,1.2,2.2,2.2,2.2,2.2,2.2,1.2,1.2,1.2,1.2,2.201
1097.186423778534,0.49910974502563477,3904,37.5849609375,7566.572909829509,103.87133317743654,10,2.2,2.2,2.2,2.2,2.2,2.2,1.2,1.2,1.2,1.2,1.2,2.2,2.2,2.2,2.2,2.2,1.2,1.2,1.2,1.2,2.201
1097.6869642734528,0.49913930892944336,3584,37.5814208984375,7794.221793217741,95.36627179918601,10,2.2,2.2,2.2,2.2,2.2,2.2,1.2,1.2,1.2,1.2,1.2,2.2,2.2,2.2,2.2,2.2,1.2,1.2,1.2,1.2,2.201
1098.1875042915344,0.49917101860046387,4064,37.77229309082031,7638.3880003247705,107.59209111897053,10,2.2,2.2,2.2,2.2,2.2,2.2,1.2,1.2,1.2,1.2,1.2,2.2,2.2,2.2,2.2,2.2,1.2,1.2,1.2,1.2,2.201
1098.688060283661,0.49918675422668457,3552,38.11198425292969,7649.849313488912,93.19903095118843,10,2.2,2.2,2.2,2.2,2.2,2.2,1.2,1.2,1.2,1.2,1.2,2.2,2.2,2.2,2.2,2.2,1.2,1.2,1.2,1.2,2.201
1099.1886003017426,0.49907827377319336,4256,37.628509521484375,7969.702432367734,113.10572898376414,10,2.2,2.2,2.2,2.2,2.2,2.2,1.2,1.2,1.2,1.2,1.2,2.2,2.2,2.2,2.2,2.2,1.2,1.2,1.2,1.2,2.201
1099.6891582012177,0.49915504455566406,3360,37.57914733886719,7270.919918036894,89.41128891779923,10,2.2,2.2,2.2,2.2,2.2,2.2,1.2,1.2,1.2,1.2,1.2,2.2,2.2,2.2,2.2,2.2,1.2,1.2,1.2,1.2,2.201
1100.1896712779999,0.499065637588501,4064,37.412811279296875,7640.708913372808,108.62589206839144,10,2.2,2.2,2.2,2.2,2.2,2.2,1.2,1.2,1.2,1.2,1.2,2.2,2.2,2.2,2.2,2.2,1.2,1.2,1.2,1.2,2.201
1100.690211057663,0.49900221824645996,3712,37.859832763671875,8003.535840302621,98.04586362467566,10,2.2,2.2,2.2,2.2,2.2,2.2,1.2,1.2,1.2,1.2,1.2,2.2,2.2,2.2,2.2,2.2,1.2,1.2,1.2,1.2,2.201
1101.1907505989075,0.4991459846496582,3840,38.32017517089844,8055.381852125464,100.2083101884205,10,2.2,2.2,2.2,2.2,2.2,2.2,1.2,1.2,1.2,1.2,1.2,2.2,2.2,2.2,2.2,2.2,1.2,1.2,1.2,1.2,2.201
1101.6912891864777,0.47738075256347656,3936,39.12574768066406,7296.759280128128,100.59871653124141,11,1.2,1.2,1.2,1.2,1.2,1.2,1.2,1.2,1.2,1.2,1.2,1.2,1.2,1.2,1.2,1.2,1.2,1.2,1.2,1.2,2.201
1102.1918468475342,0.49892687797546387,2624,26.282333374023438,5318.67418916421,99.83892840327002,11,1.2,1.2,1.2,1.2,1.2,1.2,1.2,1.2,1.2,1.2,1.2,1.2,1.2,1.2,1.2,1.2,1.2,1.2,1.2,1.2,2.201
1102.6923916339874,0.4988827705383301,2080,26.381744384765625,4189.9393434593085,78.84239835183585,11,1.2,1.2,1.2,1.2,1.2,1.2,1.2,1.2,1.2,1.2,1.2,1.2,1.2,1.2,1.2,1.2,1.2,1.2,1.2,1.2,2.201
1103.1929059028625,0.4990217685699463,2496,26.438980102539062,5856.049321662239,94.40606219754662,11,1.2,1.2,1.2,1.2,1.2,1.2,1.2,1.2,1.2,1.2,1.2,1.2,1.2,1.2,1.2,1.2,1.2,1.2,1.2,1.2,2.201
1103.6934206485748,0.49913811683654785,2944,27.4166259765625,4957.788472391235,107.38009857656158,11,1.2,1.2,1.2,1.2,1.2,1.2,1.2,1.2,1.2,1.2,1.2,1.2,1.2,1.2,1.2,1.2,1.2,1.2,1.2,1.2,2.201
1104.19398021698,0.49918150901794434,2272,28.443450927734375,5330.927462109703,79.87778999715675,11,1.2,1.2,1.2,1.2,1.2,1.2,1.2,1.2,1.2,1.2,1.2,1.2,1.2,1.2,1.2,1.2,1.2,1.2,1.2,1.2,2.201
1104.6945238113403,0.4988718032836914,1888,26.595550537109375,4425.469207376808,70.98931820815781,11,1.2,1.2,1.2,1.2,1.2,1.2,1.2,1.2,1.2,1.2,1.2,1.2,1.2,1.2,1.2,1.2,1.2,1.2,1.2,1.2,2.201
1105.1950657367706,0.4991433620452881,3392,26.636886596679688,5038.765838238378,127.34220974694603,11,1.2,1.2,1.2,1.2,1.2,1.2,1.2,1.2,1.2,1.2,1.2,1.2,1.2,1.2,1.2,1.2,1.2,1.2,1.2,1.2,2.201
1105.6956098079681,0.49912071228027344,1600,26.8348388671875,4687.547730949868,59.62398387852487,11,1.2,1.2,1.2,1.2,1.2,1.2,1.2,1.2,1.2,1.2,1.2,1.2,1.2,1.2,1.2,1.2,1.2,1.2,1.2,1.2,2.201
1106.1961510181427,0.4991319179534912,3200,27.5447998046875,5111.100905557868,116.17437856474936,11,1.2,1.2,1.2,1.2,1.2,1.2,1.2,1.2,1.2,1.2,1.2,1.2,1.2,1.2,1.2,1.2,1.2,1.2,1.2,1.2,2.201
1106.696698665619,0.49910593032836914,2656,27.511947631835938,4945.207841597899,96.53987553126055,11,1.2,1.2,1.2,1.2,1.2,1.2,1.2,1.2,1.2,1.2,1.2,1.2,1.2,1.2,1.2,1.2,1.2,1.2,1.2,1.2,2.201
1107.1972460746765,0.49901652336120605,2368,25.841156005859375,4998.781887057519,91.63676731269553,11,1.2,1.2,1.2,1.2,1.2,1.2,1.2,1.2,1.2,1.2,1.2,1.2,1.2,1.2,1.2,1.2,1.2,1.2,1.2,1.2,2.201
1107.6978096961975,0.4990224838256836,2528,25.783767700195312,4769.111140896174,98.04618275322308,11,1.2,1.2,1.2,1.2,1.2,1.2,1.2,1.2,1.2,1.2,1.2,1.2,1.2,1.2,1.2,1.2,1.2,1.2,1.2,1.2,2.201
1108.1983621120453,0.4988532066345215,1792,23.711090087890625,6139.246554604165,75.57644938961215,11,1.2,1.2,1.2,1.2,1.2,1.2,1.2,1.2,1.2,1.2,1.2,1.2,1.2,1.2,1.2,1.2,1.2,1.2,1.2,1.2,2.201
1108.6989216804504,0.49901723861694336,2848,25.664169311523438,4785.943695016745,110.9718364709051,11,1.2,1.2,1.2,1.2,1.2,1.2,1.2,1.2,1.2,1.2,1.2,1.2,1.2,1.2,1.2,1.2,1.2,1.2,1.2,1.2,2.201
1109.1994805335999,0.49895286560058594,3200,26.2774658203125,5243.360548041683,121.77734420365596,11,1.2,1.2,1.2,1.2,1.2,1.2,1.2,1.2,1.2,1.2,1.2,1.2,1.2,1.2,1.2,1.2,1.2,1.2,1.2,1.2,2.201
1109.7000267505646,0.49889397621154785,2336,25.842391967773438,4953.906553076926,90.39410914102268,11,1.2,1.2,1.2,1.2,1.2,1.2,1.2,1.2,1.2,1.2,1.2,1.2,1.2,1.2,1.2,1.2,1.2,1.2,1.2,1.2,2.201
1110.2005441188812,0.49901700019836426,2080,25.979598999023438,5133.393285865794,80.06282160391261,11,1.2,1.2,1.2,1.2,1.2,1.2,1.2,1.2,1.2,1.2,1.2,1.2,1.2,1.2,1.2,1.2,1.2,1.2,1.2,1.2,2.201
1110.7011017799377,0.4991567134857178,2784,27.32440185546875,4954.6975718974345,101.88695125792134,11,1.2,1.2,1.2,1.2,1.2,1.2,1.2,1.2,1.2,1.2,1.2,1.2,1.2,1.2,1.2,1.2,1.2,1.2,1.2,1.2,2.201
1111.2016475200653,0.4989175796508789,2176,27.130645751953125,5386.0886121228805,80.20450452578523,11,1.2,1.2,1.2,1.2,1.2,1.2,1.2,1.2,1.2,1.2,1.2,1.2,1.2,1.2,1.2,1.2,1.2,1.2,1.2,1.2,2.201
1111.7021856307983,0.4746236801147461,2816,27.5706787109375,4746.335525340531,102.13749286059002,11,1.3,1.3,1.3,1.3,1.3,1.3,1.3,1.2,1.2,1.2,1.2,1.3,1.3,1.3,1.3,1.3,1.2,1.2,1.2,1.2,2.201
1112.2027447223663,0.4989359378814697,2560,26.059616088867188,5086.804730534211,98.23628986973627,11,1.3,1.3,1.3,1.3,1.3,1.3,1.3,1.2,1.2,1.2,1.2,1.3,1.3,1.3,1.3,1.3,1.2,1.2,1.2,1.2,2.201
1112.7032911777496,0.49897098541259766,2752,27.31365966796875,5989.966457440585,100.75544740082277,11,1.3,1.3,1.3,1.3,1.3,1.3,1.3,1.2,1.2,1.2,1.2,1.3,1.3,1.3,1.3,1.3,1.2,1.2,1.2,1.2,2.201
1113.2038507461548,0.4991025924682617,3072,27.787673950195312,5485.701453472494,110.55261428164295,11,1.3,1.3,1.3,1.3,1.3,1.3,1.3,1.2,1.2,1.2,1.2,1.3,1.3,1.3,1.3,1.3,1.2,1.2,1.2,1.2,2.201
1113.704398393631,0.49890851974487305,2848,27.92022705078125,5224.4993805482645,102.00490113565566,11,1.3,1.3,1.3,1.3,1.3,1.3,1.3,1.2,1.2,1.2,1.2,1.3,1.3,1.3,1.3,1.3,1.2,1.2,1.2,1.2,2.201
1114.2049577236176,0.4990055561065674,2336,26.597915649414062,5685.465908717548,87.82643086739245,11,1.3,1.3,1.3,1.3,1.3,1.3,1.3,1.2,1.2,1.2,1.2,1.3,1.3,1.3,1.3,1.3,1.2,1.2,1.2,1.2,2.201
1114.705505847931,0.4989628791809082,3072,26.673171997070312,5408.320809468301,115.17190382671464,11,1.3,1.3,1.3,1.3,1.3,1.3,1.3,1.2,1.2,1.2,1.2,1.3,1.3,1.3,1.3,1.3,1.2,1.2,1.2,1.2,2.201
1115.2060570716858,0.4989776611328125,2336,26.620681762695312,4973.638464211125,87.75132135321702,11,1.3,1.3,1.3,1.3,1.3,1.3,1.3,1.2,1.2,1.2,1.2,1.3,1.3,1.3,1.3,1.3,1.2,1.2,1.2,1.2,2.201
1115.706604719162,0.4990062713623047,2528,26.576873779296875,5112.84081385396,95.12029221319806,11,1.3,1.3,1.3,1.3,1.3,1.3,1.3,1.2,1.2,1.2,1.2,1.3,1.3,1.3,1.3,1.3,1.2,1.2,1.2,1.2,2.201
1116.2071640491486,0.49906349182128906,2496,27.201644897460938,5038.033842852642,91.75915682337954,11,1.3,1.3,1.3,1.3,1.3,1.3,1.3,1.2,1.2,1.2,1.2,1.3,1.3,1.3,1.3,1.3,1.2,1.2,1.2,1.2,2.201
1116.707722902298,0.4990105628967285,2432,26.460723876953125,5227.366042856816,91.90980606990249,11,1.3,1.3,1.3,1.3,1.3,1.3,1.3,1.2,1.2,1.2,1.2,1.3,1.3,1.3,1.3,1.3,1.2,1.2,1.2,1.2,2.201
1117.2082645893097,0.49907517433166504,3296,27.392974853515625,5767.573928142481,120.32282063651039,11,1.3,1.3,1.3,1.3,1.3,1.3,1.3,1.2,1.2,1.2,1.2,1.3,1.3,1.3,1.3,1.3,1.2,1.2,1.2,1.2,2.201
1117.7088339328766,0.4991486072540283,2432,27.521835327148438,5323.11903501368,88.36619982247316,11,1.3,1.3,1.3,1.3,1.3,1.3,1.3,1.2,1.2,1.2,1.2,1.3,1.3,1.3,1.3,1.3,1.2,1.2,1.2,1.2,2.201
1118.209378004074,0.49900269508361816,2784,27.3074951171875,5407.380739492569,101.95003196202107,11,1.3,1.3,1.3,1.3,1.3,1.3,1.3,1.2,1.2,1.2,1.2,1.3,1.3,1.3,1.3,1.3,1.2,1.2,1.2,1.2,2.201
1118.7099282741547,0.49911952018737793,2816,28.10009765625,5100.863794633957,100.21317485968478,11,1.3,1.3,1.3,1.3,1.3,1.3,1.3,1.2,1.2,1.2,1.2,1.3,1.3,1.3,1.3,1.3,1.2,1.2,1.2,1.2,2.201
1119.2104942798615,0.49900102615356445,2176,26.84625244140625,5680.837018713478,81.0541435810926,11,1.3,1.3,1.3,1.3,1.3,1.3,1.3,1.2,1.2,1.2,1.2,1.3,1.3,1.3,1.3,1.3,1.2,1.2,1.2,1.2,2.201
1119.7110464572906,0.49899721145629883,3424,27.216888427734375,5506.1909570765865,125.80424132947167,11,1.3,1.3,1.3,1.3,1.3,1.3,1.3,1.2,1.2,1.2,1.2,1.3,1.3,1.3,1.3,1.3,1.2,1.2,1.2,1.2,2.201
1120.2116096019745,0.49905872344970703,2112,26.192092895507812,4589.074278503592,80.63502250185695,11,1.3,1.3,1.3,1.3,1.3,1.3,1.3,1.2,1.2,1.2,1.2,1.3,1.3,1.3,1.3,1.3,1.2,1.2,1.2,1.2,2.201
1120.7121710777283,0.49895477294921875,3008,25.340255737304688,5964.871790601295,118.70440579539098,11,1.3,1.3,1.3,1.3,1.3,1.3,1.3,1.2,1.2,1.2,1.2,1.3,1.3,1.3,1.3,1.3,1.2,1.2,1.2,1.2,2.201
1121.212688446045,0.498852014541626,2624,25.128692626953125,5172.252634794581,104.42246395204374,11,1.3,1.3,1.3,1.3,1.3,1.3,1.3,1.2,1.2,1.2,1.2,1.3,1.3,1.3,1.3,1.3,1.2,1.2,1.2,1.2,2.201
1121.7132275104523,0.4766817092895508,3200,29.603622436523438,5602.062006249819,108.09487949866579,11,1.4,1.4,1.4,1.4,1.4,1.4,1.4,1.2,1.2,1.2,1.2,1.4,1.4,1.4,1.4,1.4,1.2,1.2,1.2,1.2,2.201
1122.213770866394,0.4988083839416504,1952,26.285446166992188,5757.171146254537,74.2616270463468,11,1.4,1.4,1.4,1.4,1.4,1.4,1.4,1.2,1.2,1.2,1.2,1.4,1.4,1.4,1.4,1.4,1.2,1.2,1.2,1.2,2.201
1122.714344739914,0.4990730285644531,3584,28.420822143554688,5701.081621804978,126.10472638325082,11,1.4,1.4,1.4,1.4,1.4,1.4,1.4,1.2,1.2,1.2,1.2,1.4,1.4,1.4,1.4,1.4,1.2,1.2,1.2,1.2,2.201
1123.2148911952972,0.4990108013153076,2592,28.217437744140625,6166.548733647491,91.8580922726845,11,1.4,1.4,1.4,1.4,1.4,1.4,1.4,1.2,1.2,1.2,1.2,1.4,1.4,1.4,1.4,1.4,1.2,1.2,1.2,1.2,2.201
1123.715440273285,0.4989891052246094,3296,27.475860595703125,6149.691207249452,119.95984578970577,11,1.4,1.4,1.4,1.4,1.4,1.4,1.4,1.2,1.2,1.2,1.2,1.4,1.4,1.4,1.4,1.4,1.2,1.2,1.2,1.2,2.201
1124.2160019874573,0.4990372657775879,3008,26.045455932617188,5697.036391732167,115.49039524522311,11,1.4,1.4,1.4,1.4,1.4,1.4,1.4,1.2,1.2,1.2,1.2,1.4,1.4,1.4,1.4,1.4,1.2,1.2,1.2,1.2,2.201
1124.7165484428406,0.4989352226257324,2752,27.368209838867188,5419.209993576441,100.55462217670242,11,1.4,1.4,1.4,1.4,1.4,1.4,1.4,1.2,1.2,1.2,1.2,1.4,1.4,1.4,1.4,1.4,1.2,1.2,1.2,1.2,2.201
1125.2171087265015,0.49904751777648926,3040,27.778045654296875,5835.865539582878,109.43894461955261,11,1.4,1.4,1.4,1.4,1.4,1.4,1.4,1.2,1.2,1.2,1.2,1.4,1.4,1.4,1.4,1.4,1.2,1.2,1.2,1.2,2.201
1125.717670917511,0.4990208148956299,2368,26.833786010742188,6591.348379352086,88.2469584818197,11,1.4,1.4,1.4,1.4,1.4,1.4,1.4,1.2,1.2,1.2,1.2,1.4,1.4,1.4,1.4,1.4,1.2,1.2,1.2,1.2,2.201
1126.218219280243,0.498868465423584,3616,27.758651733398438,5806.929313657959,130.26569282719626,11,1.4,1.4,1.4,1.4,1.4,1.4,1.4,1.2,1.2,1.2,1.2,1.4,1.4,1.4,1.4,1.4,1.2,1.2,1.2,1.2,2.201
1126.7187807559967,0.4989945888519287,2592,27.790771484375,6152.438304142218,93.26837153323787,11,1.4,1.4,1.4,1.4,1.4,1.4,1.4,1.2,1.2,1.2,1.2,1.4,1.4,1.4,1.4,1.4,1.2,1.2,1.2,1.2,2.201
1127.2193236351013,0.49895429611206055,3168,27.216644287109375,6092.27421078605,116.39936086832205,11,1.4,1.4,1.4,1.4,1.4,1.4,1.4,1.2,1.2,1.2,1.2,1.4,1.4,1.4,1.4,1.4,1.2,1.2,1.2,1.2,2.201
1127.7198841571808,0.49915146827697754,3008,29.206619262695312,5784.599911379163,102.99035204810653,11,1.4,1.4,1.4,1.4,1.4,1.4,1.4,1.2,1.2,1.2,1.2,1.4,1.4,1.4,1.4,1.4,1.2,1.2,1.2,1.2,2.201
1128.2204327583313,0.4989292621612549,2976,28.1522216796875,5610.321291982972,105.71101754811966,11,1.4,1.4,1.4,1.4,1.4,1.4,1.4,1.2,1.2,1.2,1.2,1.4,1.4,1.4,1.4,1.4,1.2,1.2,1.2,1.2,2.201
1128.720980167389,0.4990406036376953,2752,25.824844360351562,5286.047940281128,106.5640497808807,11,1.4,1.4,1.4,1.4,1.4,1.4,1.4,1.2,1.2,1.2,1.2,1.4,1.4,1.4,1.4,1.4,1.2,1.2,1.2,1.2,2.201
1129.2215299606323,0.49903106689453125,2496,27.51702880859375,6915.401931521704,90.7074676325695,11,1.4,1.4,1.4,1.4,1.4,1.4,1.4,1.2,1.2,1.2,1.2,1.4,1.4,1.4,1.4,1.4,1.2,1.2,1.2,1.2,2.201
1129.7220780849457,0.4990048408508301,3104,27.644210815429688,5748.199937214151,112.283907134274,11,1.4,1.4,1.4,1.4,1.4,1.4,1.4,1.2,1.2,1.2,1.2,1.4,1.4,1.4,1.4,1.4,1.2,1.2,1.2,1.2,2.201
1130.2226223945618,0.4989891052246094,3008,26.925811767578125,5874.9885000841,111.7143663472382,11,1.4,1.4,1.4,1.4,1.4,1.4,1.4,1.2,1.2,1.2,1.2,1.4,1.4,1.4,1.4,1.4,1.2,1.2,1.2,1.2,2.201
1130.7231793403625,0.49915432929992676,2912,28.349227905273438,5631.993430931292,102.71884686701885,11,1.4,1.4,1.4,1.4,1.4,1.4,1.4,1.2,1.2,1.2,1.2,1.4,1.4,1.4,1.4,1.4,1.2,1.2,1.2,1.2,2.201
1131.2237267494202,0.49889230728149414,2912,26.249008178710938,5555.16006486551,110.93752495996233,11,1.4,1.4,1.4,1.4,1.4,1.4,1.4,1.2,1.2,1.2,1.2,1.4,1.4,1.4,1.4,1.4,1.2,1.2,1.2,1.2,2.201
1131.7242505550385,0.47412991523742676,3296,30.242691040039062,6163.504883785131,108.98501048191585,11,1.5,1.5,1.5,1.5,1.5,1.5,1.5,1.2,1.2,1.2,1.2,1.5,1.5,1.5,1.5,1.5,1.2,1.2,1.2,1.2,2.201
1132.224796295166,0.4990684986114502,3072,28.62359619140625,6359.601484087977,107.32404060822783,11,1.5,1.5,1.5,1.5,1.5,1.5,1.5,1.2,1.2,1.2,1.2,1.5,1.5,1.5,1.5,1.5,1.2,1.2,1.2,1.2,2.201
1132.7253575325012,0.4991121292114258,3040,30.107376098632812,6167.7609067286,100.97193425427889,11,1.5,1.5,1.5,1.5,1.5,1.5,1.5,1.2,1.2,1.2,1.2,1.5,1.5,1.5,1.5,1.5,1.2,1.2,1.2,1.2,2.201
1133.2258741855621,0.4988982677459717,2976,28.772171020507812,6114.039655241291,103.43327925719646,11,1.5,1.5,1.5,1.5,1.5,1.5,1.5,1.2,1.2,1.2,1.2,1.5,1.5,1.5,1.5,1.5,1.2,1.2,1.2,1.2,2.201
1133.726434469223,0.4990978240966797,3360,29.772262573242188,6702.356803199583,112.85672332541495,11,1.5,1.5,1.5,1.5,1.5,1.5,1.5,1.2,1.2,1.2,1.2,1.5,1.5,1.5,1.5,1.5,1.2,1.2,1.2,1.2,2.201
1134.226982831955,0.4989655017852783,2912,30.186492919921875,6178.859674199676,96.46698633474566,11,1.5,1.5,1.5,1.5,1.5,1.5,1.5,1.2,1.2,1.2,1.2,1.5,1.5,1.5,1.5,1.5,1.2,1.2,1.2,1.2,2.201
1134.7275006771088,0.4991171360015869,3136,30.326675415039062,6022.500889229221,103.4073124429871,11,1.5,1.5,1.5,1.5,1.5,1.5,1.5,1.2,1.2,1.2,1.2,1.5,1.5,1.5,1.5,1.5,1.2,1.2,1.2,1.2,2.201
1135.2280161380768,0.49915385246276855,3008,30.193527221679688,6162.381630562599,99.62400145949768,11,1.5,1.5,1.5,1.5,1.5,1.5,1.5,1.2,1.2,1.2,1.2,1.5,1.5,1.5,1.5,1.5,1.2,1.2,1.2,1.2,2.201
1135.7285373210907,0.4991800785064697,3232,30.814178466796875,6465.573704020354,104.88678137184702,11,1.5,1.5,1.5,1.5,1.5,1.5,1.5,1.2,1.2,1.2,1.2,1.5,1.5,1.5,1.5,1.5,1.2,1.2,1.2,1.2,2.201
1136.2290542125702,0.49915122985839844,3040,30.710159301757812,6229.461261851129,98.99004333155621,11,1.5,1.5,1.5,1.5,1.5,1.5,1.5,1.2,1.2,1.2,1.2,1.5,1.5,1.5,1.5,1.5,1.2,1.2,1.2,1.2,2.201
1136.7296161651611,0.49913501739501953,2816,30.310470581054688,5990.491588105404,92.90518906559365,11,1.5,1.5,1.5,1.5,1.5,1.5,1.5,1.2,1.2,1.2,1.2,1.5,1.5,1.5,1.5,1.5,1.2,1.2,1.2,1.2,2.201
1137.2301325798035,0.4989032745361328,3648,29.762374877929688,6314.267207113662,122.57086388308271,11,1.5,1.5,1.5,1.5,1.5,1.5,1.5,1.2,1.2,1.2,1.2,1.5,1.5,1.5,1.5,1.5,1.2,1.2,1.2,1.2,2.201
1137.7306957244873,0.49907755851745605,2368,30.222854614257812,5635.095892031375,78.35130169613038,11,1.5,1.5,1.5,1.5,1.5,1.5,1.5,1.2,1.2,1.2,1.2,1.5,1.5,1.5,1.5,1.5,1.2,1.2,1.2,1.2,2.201
1138.2312121391296,0.49881577491760254,3360,29.11224365234375,6720.652911316409,115.41535719901462,11,1.5,1.5,1.5,1.5,1.5,1.5,1.5,1.2,1.2,1.2,1.2,1.5,1.5,1.5,1.5,1.5,1.2,1.2,1.2,1.2,2.201
1138.731760263443,0.49911975860595703,3360,30.156295776367188,5876.605947574464,111.41951998737049,11,1.5,1.5,1.5,1.5,1.5,1.5,1.5,1.2,1.2,1.2,1.2,1.5,1.5,1.5,1.5,1.5,1.2,1.2,1.2,1.2,2.201
1139.2322778701782,0.49907469749450684,2496,29.473251342773438,6114.093856763991,84.68695804787738,11,1.5,1.5,1.5,1.5,1.5,1.5,1.5,1.2,1.2,1.2,1.2,1.5,1.5,1.5,1.5,1.5,1.2,1.2,1.2,1.2,2.201
1139.7327947616577,0.4991130828857422,4128,29.541488647460938,6329.2765700800155,139.73567985223377,11,1.5,1.5,1.5,1.5,1.5,1.5,1.5,1.2,1.2,1.2,1.2,1.5,1.5,1.5,1.5,1.5,1.2,1.2,1.2,1.2,2.201
1140.2333574295044,0.49913716316223145,3456,30.709671020507812,6914.772537396695,112.5378385750891,11,1.5,1.5,1.5,1.5,1.5,1.5,1.5,1.2,1.2,1.2,1.2,1.5,1.5,1.5,1.5,1.5,1.2,1.2,1.2,1.2,2.201
1140.7339057922363,0.49884986877441406,2784,29.187164306640625,5786.783179847477,95.3843946863515,11,1.5,1.5,1.5,1.5,1.5,1.5,1.5,1.2,1.2,1.2,1.2,1.5,1.5,1.5,1.5,1.5,1.2,1.2,1.2,1.2,2.201
1141.2344663143158,0.49901652336120605,2912,28.301071166992188,5731.682951151776,102.89363193419668,11,1.5,1.5,1.5,1.5,1.5,1.5,1.5,1.2,1.2,1.2,1.2,1.5,1.5,1.5,1.5,1.5,1.2,1.2,1.2,1.2,2.201
1141.7349920272827,0.4752187728881836,3232,29.165542602539062,6442.565399204236,110.8156993355108,11,1.6,1.6,1.6,1.6,1.6,1.6,1.6,1.2,1.2,1.2,1.2,1.6,1.6,1.6,1.6,1.6,1.2,1.2,1.2,1.2,2.201
1142.2355380058289,0.4990532398223877,3264,27.509368896484375,6672.233160845423,118.65048639545964,11,1.6,1.6,1.6,1.6,1.6,1.6,1.6,1.2,1.2,1.2,1.2,1.6,1.6,1.6,1.6,1.6,1.2,1.2,1.2,1.2,2.201
1142.736086845398,0.4991602897644043,2752,30.42413330078125,6208.032262046605,90.45450770258532,11,1.6,1.6,1.6,1.6,1.6,1.6,1.6,1.2,1.2,1.2,1.2,1.6,1.6,1.6,1.6,1.6,1.2,1.2,1.2,1.2,2.201
1143.2366497516632,0.4990360736846924,3840,29.710525512695312,6926.5861901268545,129.24712483995503,11,1.6,1.6,1.6,1.6,1.6,1.6,1.6,1.2,1.2,1.2,1.2,1.6,1.6,1.6,1.6,1.6,1.2,1.2,1.2,1.2,2.201
1143.7372117042542,0.49886512756347656,3360,30.317230224609375,6458.034319198676,110.82806625496384,11,1.6,1.6,1.6,1.6,1.6,1.6,1.6,1.2,1.2,1.2,1.2,1.6,1.6,1.6,1.6,1.6,1.2,1.2,1.2,1.2,2.201
1144.237760066986,0.4989190101623535,3488,29.884963989257812,6908.611713995228,116.7142112419398,11,1.6,1.6,1.6,1.6,1.6,1.6,1.6,1.2,1.2,1.2,1.2,1.6,1.6,1.6,1.6,1.6,1.2,1.2,1.2,1.2,2.201
1144.738335609436,0.49901914596557617,3200,29.9971923828125,6401.42218476364,106.67665023989062,11,1.6,1.6,1.6,1.6,1.6,1.6,1.6,1.2,1.2,1.2,1.2,1.6,1.6,1.6,1.6,1.6,1.2,1.2,1.2,1.2,2.201
1145.2388982772827,0.49889278411865234,2816,29.0828857421875,7309.419274497095,96.82670505819591,11,1.6,1.6,1.6,1.6,1.6,1.6,1.6,1.2,1.2,1.2,1.2,1.6,1.6,1.6,1.6,1.6,1.2,1.2,1.2,1.2,2.201
1145.7394609451294,0.4989316463470459,4160,29.365158081054688,6887.316965112711,141.66448511931824,11,1.6,1.6,1.6,1.6,1.6,1.6,1.6,1.2,1.2,1.2,1.2,1.6,1.6,1.6,1.6,1.6,1.2,1.2,1.2,1.2,2.201
1146.2400217056274,0.4989776611328125,2816,29.0013427734375,6294.271966732098,97.09895234848197,11,1.6,1.6,1.6,1.6,1.6,1.6,1.6,1.2,1.2,1.2,1.2,1.6,1.6,1.6,1.6,1.6,1.2,1.2,1.2,1.2,2.201
1146.7405853271484,0.49894118309020996,3296,29.164108276367188,7033.469721516793,113.01562759149667,11,1.6,1.6,1.6,1.6,1.6,1.6,1.6,1.2,1.2,1.2,1.2,1.6,1.6,1.6,1.6,1.6,1.2,1.2,1.2,1.2,2.201
1147.241147518158,0.49892473220825195,3520,29.118499755859375,6289.565933507859,120.88534881649208,11,1.6,1.6,1.6,1.6,1.6,1.6,1.6,1.2,1.2,1.2,1.2,1.6,1.6,1.6,1.6,1.6,1.2,1.2,1.2,1.2,2.201
1147.7416954040527,0.49898290634155273,3264,29.349929809570312,6196.1911516471255,111.20980599196143,11,1.6,1.6,1.6,1.6,1.6,1.6,1.6,1.2,1.2,1.2,1.2,1.6,1.6,1.6,1.6,1.6,1.2,1.2,1.2,1.2,2.201
1148.2422156333923,0.4989917278289795,3296,29.9095458984375,7232.86981552281,110.19893151143381,11,1.6,1.6,1.6,1.6,1.6,1.6,1.6,1.2,1.2,1.2,1.2,1.6,1.6,1.6,1.6,1.6,1.2,1.2,1.2,1.2,2.201
1148.742775440216,0.4991137981414795,3584,30.823806762695312,6482.392148964751,116.27376292591985,11,1.6,1.6,1.6,1.6,1.6,1.6,1.6,1.2,1.2,1.2,1.2,1.6,1.6,1.6,1.6,1.6,1.2,1.2,1.2,1.2,2.201
1149.2433245182037,0.49889039993286133,3040,30.216598510742188,6867.677452967623,100.60695610458143,11,1.6,1.6,1.6,1.6,1.6,1.6,1.6,1.2,1.2,1.2,1.2,1.6,1.6,1.6,1.6,1.6,1.2,1.2,1.2,1.2,2.201
1149.7438762187958,0.4990808963775635,3424,28.8311767578125,6514.746093621987,118.760327709211,11,1.6,1.6,1.6,1.6,1.6,1.6,1.6,1.2,1.2,1.2,1.2,1.6,1.6,1.6,1.6,1.6,1.2,1.2,1.2,1.2,2.201
1150.2444243431091,0.4990537166595459,2976,29.428009033203125,6520.21870992952,101.1281462039185,11,1.6,1.6,1.6,1.6,1.6,1.6,1.6,1.2,1.2,1.2,1.2,1.6,1.6,1.6,1.6,1.6,1.2,1.2,1.2,1.2,2.201
1150.7449736595154,0.49904680252075195,3712,29.505828857421875,6705.835029239525,125.80565073894836,11,1.6,1.6,1.6,1.6,1.6,1.6,1.6,1.2,1.2,1.2,1.2,1.6,1.6,1.6,1.6,1.6,1.2,1.2,1.2,1.2,2.201
1151.245492696762,0.49903154373168945,3424,29.08868408203125,6708.861960736388,117.70900293544332,11,1.6,1.6,1.6,1.6,1.6,1.6,1.6,1.2,1.2,1.2,1.2,1.6,1.6,1.6,1.6,1.6,1.2,1.2,1.2,1.2,2.201
1151.746033191681,0.4762609004974365,3264,31.642654418945312,6831.972210072019,103.1519023905199,11,1.7,1.7,1.7,1.7,1.7,1.7,1.7,1.2,1.2,1.2,1.2,1.7,1.7,1.7,1.7,1.7,1.2,1.2,1.2,1.2,2.201
1152.2465953826904,0.4989798069000244,3264,29.664566040039062,6876.714423265655,110.03026289326098,11,1.7,1.7,1.7,1.7,1.7,1.7,1.7,1.2,1.2,1.2,1.2,1.7,1.7,1.7,1.7,1.7,1.2,1.2,1.2,1.2,2.201
1152.7471461296082,0.4989938735961914,4000,30.25531005859375,7146.955749821516,132.20819724714192,11,1.7,1.7,1.7,1.7,1.7,1.7,1.7,1.2,1.2,1.2,1.2,1.7,1.7,1.7,1.7,1.7,1.2,1.2,1.2,1.2,2.201
1153.247697353363,0.49909138679504395,3232,29.221511840820312,6408.548702184124,110.60344918516955,11,1.7,1.7,1.7,1.7,1.7,1.7,1.7,1.2,1.2,1.2,1.2,1.7,1.7,1.7,1.7,1.7,1.2,1.2,1.2,1.2,2.201
1153.7482175827026,0.499072790145874,2944,30.235366821289062,7106.100305890013,97.36941567142146,11,1.7,1.7,1.7,1.7,1.7,1.7,1.7,1.2,1.2,1.2,1.2,1.7,1.7,1.7,1.7,1.7,1.2,1.2,1.2,1.2,2.201
1154.2487802505493,0.49914026260375977,4000,31.811416625976562,6840.540083529667,125.74102081117886,11,1.7,1.7,1.7,1.7,1.7,1.7,1.7,1.2,1.2,1.2,1.2,1.7,1.7,1.7,1.7,1.7,1.2,1.2,1.2,1.2,2.201
1154.7493033409119,0.4989447593688965,3264,32.1954345703125,7588.253592994699,101.38083375988171,11,1.7,1.7,1.7,1.7,1.7,1.7,1.7,1.2,1.2,1.2,1.2,1.7,1.7,1.7,1.7,1.7,1.2,1.2,1.2,1.2,2.201
1155.2498536109924,0.49918103218078613,2816,31.370315551757812,6539.302481657457,89.76639062982609,11,1.7,1.7,1.7,1.7,1.7,1.7,1.7,1.2,1.2,1.2,1.2,1.7,1.7,1.7,1.7,1.7,1.2,1.2,1.2,1.2,2.201
1155.7504267692566,0.49903440475463867,4224,30.574264526367188,6696.527360506108,138.15540832902883,11,1.7,1.7,1.7,1.7,1.7,1.7,1.7,1.2,1.2,1.2,1.2,1.7,1.7,1.7,1.7,1.7,1.2,1.2,1.2,1.2,2.201
1156.2509727478027,0.4990520477294922,3712,31.058242797851562,7299.534734791087,119.51738622691093,11,1.7,1.7,1.7,1.7,1.7,1.7,1.7,1.2,1.2,1.2,1.2,1.7,1.7,1.7,1.7,1.7,1.2,1.2,1.2,1.2,2.201
1156.7515218257904,0.4991180896759033,3488,32.19378662109375,7037.900621261763,108.34388762813695,11,1.7,1.7,1.7,1.7,1.7,1.7,1.7,1.2,1.2,1.2,1.2,1.7,1.7,1.7,1.7,1.7,1.2,1.2,1.2,1.2,2.201
1157.2520859241486,0.4990711212158203,3552,31.481979370117188,6880.312857147401,112.82645091151961,11,1.7,1.7,1.7,1.7,1.7,1.7,1.7,1.2,1.2,1.2,1.2,1.7,1.7,1.7,1.7,1.7,1.2,1.2,1.2,1.2,2.201
1157.752647638321,0.4990043640136719,3616,31.192413330078125,7335.586844574864,115.92562466185245,11,1.7,1.7,1.7,1.7,1.7,1.7,1.7,1.2,1.2,1.2,1.2,1.7,1.7,1.7,1.7,1.7,1.2,1.2,1.2,1.2,2.201
1158.2531986236572,0.49890637397766113,3136,31.189498901367188,7125.726285235891,100.54666187222821,11,1.7,1.7,1.7,1.7,1.7,1.7,1.7,1.2,1.2,1.2,1.2,1.7,1.7,1.7,1.7,1.7,1.2,1.2,1.2,1.2,2.201
1158.7537622451782,0.4989962577819824,3456,30.077804565429688,6968.249003875204,114.90200331882595,11,1.7,1.7,1.7,1.7,1.7,1.7,1.7,1.2,1.2,1.2,1.2,1.7,1.7,1.7,1.7,1.7,1.2,1.2,1.2,1.2,2.201
1159.2543258666992,0.4988858699798584,3520,30.949249267578125,6962.621898585276,113.7345843050057,11,1.7,1.7,1.7,1.7,1.7,1.7,1.7,1.2,1.2,1.2,1.2,1.7,1.7,1.7,1.7,1.7,1.2,1.2,1.2,1.2,2.201
1159.7548892498016,0.4991018772125244,3680,30.26995849609375,7072.157703108344,121.57268073145502,11,1.7,1.7,1.7,1.7,1.7,1.7,1.7,1.2,1.2,1.2,1.2,1.7,1.7,1.7,1.7,1.7,1.2,1.2,1.2,1.2,2.201
1160.2554080486298,0.4989302158355713,3936,29.889083862304688,7246.45941284923,131.6868733124329,11,1.7,1.7,1.7,1.7,1.7,1.7,1.7,1.2,1.2,1.2,1.2,1.7,1.7,1.7,1.7,1.7,1.2,1.2,1.2,1.2,2.201
1160.7559716701508,0.49913907051086426,2720,31.251815795898438,7127.098765266249,87.03494279385133,11,1.7,1.7,1.7,1.7,1.7,1.7,1.7,1.2,1.2,1.2,1.2,1.7,1.7,1.7,1.7,1.7,1.2,1.2,1.2,1.2,2.201
1161.2565286159515,0.49906468391418457,4448,31.571243286132812,7122.048606739862,140.88770466488776,11,1.7,1.7,1.7,1.7,1.7,1.7,1.7,1.2,1.2,1.2,1.2,1.7,1.7,1.7,1.7,1.7,1.2,1.2,1.2,1.2,2.201
1161.7570705413818,0.47525501251220703,2656,32.31892395019531,6775.1168867750675,82.18095392324932,11,1.8,1.8,1.8,1.8,1.8,1.8,1.8,1.2,1.2,1.2,1.2,1.8,1.8,1.8,1.8,1.8,1.2,1.2,1.2,1.2,2.201
1162.2576191425323,0.49890565872192383,4512,30.195068359375,7610.214854075773,149.42837506771562,11,1.8,1.8,1.8,1.8,1.8,1.8,1.8,1.2,1.2,1.2,1.2,1.8,1.8,1.8,1.8,1.8,1.2,1.2,1.2,1.2,2.201
1162.7581837177277,0.4990508556365967,3520,31.416793823242188,6952.163863830934,112.04198683685854,11,1.8,1.8,1.8,1.8,1.8,1.8,1.8,1.2,1.2,1.2,1.2,1.8,1.8,1.8,1.8,1.8,1.2,1.2,1.2,1.2,2.201
1163.2587604522705,0.49901556968688965,4000,31.447021484375,8107.568619042763,127.19805600627295,11,1.8,1.8,1.8,1.8,1.8,1.8,1.8,1.2,1.2,1.2,1.2,1.8,1.8,1.8,1.8,1.8,1.2,1.2,1.2,1.2,2.201
1163.7593104839325,0.4990665912628174,3488,30.410888671875,6918.006491461159,114.69576037828247,11,1.8,1.8,1.8,1.8,1.8,1.8,1.8,1.2,1.2,1.2,1.2,1.8,1.8,1.8,1.8,1.8,1.2,1.2,1.2,1.2,2.201
1164.2598588466644,0.4990837574005127,3584,31.003692626953125,7106.630516919156,115.59913340400756,11,1.8,1.8,1.8,1.8,1.8,1.8,1.8,1.2,1.2,1.2,1.2,1.8,1.8,1.8,1.8,1.8,1.2,1.2,1.2,1.2,2.201
1164.7604084014893,0.4990999698638916,3520,30.58697509765625,7292.462836089835,115.08166429539227,11,1.8,1.8,1.8,1.8,1.8,1.8,1.8,1.2,1.2,1.2,1.2,1.8,1.8,1.8,1.8,1.8,1.2,1.2,1.2,1.2,2.201
1165.260959148407,0.49903059005737305,3200,30.713180541992188,7529.577658193276,104.18979550570617,11,1.8,1.8,1.8,1.8,1.8,1.8,1.8,1.2,1.2,1.2,1.2,1.8,1.8,1.8,1.8,1.8,1.2,1.2,1.2,1.2,2.201
1165.7615065574646,0.4990975856781006,3808,29.95587158203125,6489.200535198542,127.1203206213567,11,1.8,1.8,1.8,1.8,1.8,1.8,1.8,1.2,1.2,1.2,1.2,1.8,1.8,1.8,1.8,1.8,1.2,1.2,1.2,1.2,2.201
1166.2620735168457,0.4990265369415283,3872,30.957489013671875,7840.9826267301705,125.07474357141801,11,1.8,1.8,1.8,1.8,1.8,1.8,1.8,1.2,1.2,1.2,1.2,1.8,1.8,1.8,1.8,1.8,1.2,1.2,1.2,1.2,2.201
1166.7626402378082,0.4989795684814453,3296,31.063827514648438,7290.479612109615,106.10411735146741,11,1.8,1.8,1.8,1.8,1.8,1.8,1.8,1.2,1.2,1.2,1.2,1.8,1.8,1.8,1.8,1.8,1.2,1.2,1.2,1.2,2.201
1167.2632148265839,0.4990978240966797,4416,30.687515258789062,7784.679055785948,143.9021687731865,11,1.8,1.8,1.8,1.8,1.8,1.8,1.8,1.2,1.2,1.2,1.2,1.8,1.8,1.8,1.8,1.8,1.2,1.2,1.2,1.2,2.201
1167.7637646198273,0.4990234375,3360,30.597122192382812,7138.450675156197,109.81424915956559,11,1.8,1.8,1.8,1.8,1.8,1.8,1.8,1.2,1.2,1.2,1.2,1.8,1.8,1.8,1.8,1.8,1.2,1.2,1.2,1.2,2.201
1168.264328956604,0.4990568161010742,3648,30.408294677734375,7675.074136873534,119.9672667823476,11,1.8,1.8,1.8,1.8,1.8,1.8,1.8,1.2,1.2,1.2,1.2,1.8,1.8,1.8,1.8,1.8,1.2,1.2,1.2,1.2,2.201
1168.7648816108704,0.4990270137786865,4288,31.280853271484375,7629.796135357131,137.08065962218942,11,1.8,1.8,1.8,1.8,1.8,1.8,1.8,1.2,1.2,1.2,1.2,1.8,1.8,1.8,1.8,1.8,1.2,1.2,1.2,1.2,2.201
1169.2654449939728,0.4990580081939697,2784,31.563858032226562,7149.7286004619955,88.20214554119298,11,1.8,1.8,1.8,1.8,1.8,1.8,1.8,1.2,1.2,1.2,1.2,1.8,1.8,1.8,1.8,1.8,1.2,1.2,1.2,1.2,2.201
1169.7659940719604,0.49888134002685547,4352,30.629501342773438,7418.8542398593145,142.08523838821122,11,1.8,1.8,1.8,1.8,1.8,1.8,1.8,1.2,1.2,1.2,1.2,1.8,1.8,1.8,1.8,1.8,1.2,1.2,1.2,1.2,2.201
1170.2665574550629,0.4989771842956543,3520,32.07917785644531,7335.50206982735,109.72849789829529,11,1.8,1.8,1.8,1.8,1.8,1.8,1.8,1.2,1.2,1.2,1.2,1.8,1.8,1.8,1.8,1.8,1.2,1.2,1.2,1.2,2.201
1170.7671089172363,0.4989008903503418,3808,31.843460083007812,7414.176695056306,119.58499453493782,11,1.8,1.8,1.8,1.8,1.8,1.8,1.8,1.2,1.2,1.2,1.2,1.8,1.8,1.8,1.8,1.8,1.2,1.2,1.2,1.2,2.201
1171.267659664154,0.4990081787109375,3072,29.932464599609375,6916.95987645805,102.63104094809788,11,1.8,1.8,1.8,1.8,1.8,1.8,1.8,1.2,1.2,1.2,1.2,1.8,1.8,1.8,1.8,1.8,1.2,1.2,1.2,1.2,2.201
1171.7682044506073,0.4754965305328369,3808,32.52497863769531,7345.609737457702,117.07924676656548,11,1.9,1.9,1.9,1.9,1.9,1.9,1.9,1.2,1.2,1.2,1.2,1.9,1.9,1.9,1.9,1.9,1.2,1.2,1.2,1.2,2.201
1172.2687540054321,0.4989032745361328,3776,30.914337158203125,7264.615937877923,122.14397419153585,11,1.9,1.9,1.9,1.9,1.9,1.9,1.9,1.2,1.2,1.2,1.2,1.9,1.9,1.9,1.9,1.9,1.2,1.2,1.2,1.2,2.201
1172.7693178653717,0.4991188049316406,4256,33.430908203125,8225.075514274653,127.30734008602748,11,1.9,1.9,1.9,1.9,1.9,1.9,1.9,1.2,1.2,1.2,1.2,1.9,1.9,1.9,1.9,1.9,1.2,1.2,1.2,1.2,2.201
1173.2698810100555,0.49889612197875977,4128,32.361114501953125,8062.35224512447,127.56050165549331,11,1.9,1.9,1.9,1.9,1.9,1.9,1.9,1.2,1.2,1.2,1.2,1.9,1.9,1.9,1.9,1.9,1.2,1.2,1.2,1.2,2.201
1173.7704448699951,0.49899935722351074,3360,32.93070983886719,8100.826223744,102.03241947837658,11,1.9,1.9,1.9,1.9,1.9,1.9,1.9,1.2,1.2,1.2,1.2,1.9,1.9,1.9,1.9,1.9,1.2,1.2,1.2,1.2,2.201
1174.2709941864014,0.4989662170410156,3840,32.361419677734375,7686.6380844419455,118.65981277212121,11,1.9,1.9,1.9,1.9,1.9,1.9,1.9,1.2,1.2,1.2,1.2,1.9,1.9,1.9,1.9,1.9,1.2,1.2,1.2,1.2,2.201
1174.771556854248,0.4991188049316406,4320,32.017486572265625,8175.151001851446,134.92626881405786,11,1.9,1.9,1.9,1.9,1.9,1.9,1.9,1.2,1.2,1.2,1.2,1.9,1.9,1.9,1.9,1.9,1.2,1.2,1.2,1.2,2.201
1175.2721199989319,0.4990077018737793,3904,32.00346374511719,7537.741299455235,121.98679590097927,11,1.9,1.9,1.9,1.9,1.9,1.9,1.9,1.2,1.2,1.2,1.2,1.9,1.9,1.9,1.9,1.9,1.2,1.2,1.2,1.2,2.201
1175.7726695537567,0.4989907741546631,4384,32.5029296875,7918.675439923997,134.8801490250278,11,1.9,1.9,1.9,1.9,1.9,1.9,1.9,1.2,1.2,1.2,1.2,1.9,1.9,1.9,1.9,1.9,1.2,1.2,1.2,1.2,2.201
1176.2732181549072,0.49907565116882324,3904,32.229248046875,8125.759284756535,121.13220867957973,11,1.9,1.9,1.9,1.9,1.9,1.9,1.9,1.2,1.2,1.2,1.2,1.9,1.9,1.9,1.9,1.9,1.2,1.2,1.2,1.2,2.201
1176.7737522125244,0.4990816116333008,3936,32.24382019042969,7680.568084865948,122.06990290710799,11,1.9,1.9,1.9,1.9,1.9,1.9,1.9,1.2,1.2,1.2,1.2,1.9,1.9,1.9,1.9,1.9,1.2,1.2,1.2,1.2,2.201
1177.2742862701416,0.4990394115447998,3776,31.927566528320312,8082.242791817786,118.26770438801283,11,1.9,1.9,1.9,1.9,1.9,1.9,1.9,1.2,1.2,1.2,1.2,1.9,1.9,1.9,1.9,1.9,1.2,1.2,1.2,1.2,2.201
1177.7748370170593,0.4990808963775635,3616,32.08854675292969,7994.020263060712,112.68818210565608,11,1.9,1.9,1.9,1.9,1.9,1.9,1.9,1.2,1.2,1.2,1.2,1.9,1.9,1.9,1.9,1.9,1.2,1.2,1.2,1.2,2.201
1178.275389432907,0.4990267753601074,4224,32.137481689453125,7799.289479400754,131.43531409264816,11,1.9,1.9,1.9,1.9,1.9,1.9,1.9,1.2,1.2,1.2,1.2,1.9,1.9,1.9,1.9,1.9,1.2,1.2,1.2,1.2,2.201
1178.7759420871735,0.49906015396118164,4128,32.40797424316406,8067.800813959939,127.37605778833074,11,1.9,1.9,1.9,1.9,1.9,1.9,1.9,1.2,1.2,1.2,1.2,1.9,1.9,1.9,1.9,1.9,1.2,1.2,1.2,1.2,2.201
1179.2764854431152,0.4991023540496826,4128,32.041259765625,7997.551835754926,128.83388575216586,11,1.9,1.9,1.9,1.9,1.9,1.9,1.9,1.2,1.2,1.2,1.2,1.9,1.9,1.9,1.9,1.9,1.2,1.2,1.2,1.2,2.201
1179.7770252227783,0.4990534782409668,3872,31.732345581054688,7704.068791700884,122.02060481503511,11,1.9,1.9,1.9,1.9,1.9,1.9,1.9,1.2,1.2,1.2,1.2,1.9,1.9,1.9,1.9,1.9,1.2,1.2,1.2,1.2,2.201
1180.2775604724884,0.49907350540161133,3936,31.405838012695312,7463.505126319419,125.32701717460729,11,1.9,1.9,1.9,1.9,1.9,1.9,1.9,1.2,1.2,1.2,1.2,1.9,1.9,1.9,1.9,1.9,1.2,1.2,1.2,1.2,2.201
1180.7780714035034,0.4988400936126709,3744,32.17240905761719,8016.106346624237,116.37300748274444,11,1.9,1.9,1.9,1.9,1.9,1.9,1.9,1.2,1.2,1.2,1.2,1.9,1.9,1.9,1.9,1.9,1.2,1.2,1.2,1.2,2.201
1181.278624534607,0.49904656410217285,3648,31.883270263671875,8187.301678472957,114.41737217767678,11,1.9,1.9,1.9,1.9,1.9,1.9,1.9,1.2,1.2,1.2,1.2,1.9,1.9,1.9,1.9,1.9,1.2,1.2,1.2,1.2,2.201
1181.7791590690613,0.4771711826324463,4288,33.20191955566406,7501.032867448747,129.14915936745865,11,2.0,2.0,2.0,2.0,2.0,2.0,2.0,1.2,1.2,1.2,1.2,2.0,2.0,2.0,2.0,2.0,1.2,1.2,1.2,1.2,2.201
1182.2797002792358,0.49901270866394043,4096,31.6549072265625,8346.164291865185,129.39541950585576,11,2.0,2.0,2.0,2.0,2.0,2.0,2.0,1.2,1.2,1.2,1.2,2.0,2.0,2.0,2.0,2.0,1.2,1.2,1.2,1.2,2.201
1182.7802593708038,0.49907755851745605,4192,33.17803955078125,8543.320377359822,126.348634722189,11,2.0,2.0,2.0,2.0,2.0,2.0,2.0,1.2,1.2,1.2,1.2,2.0,2.0,2.0,2.0,2.0,1.2,1.2,1.2,1.2,2.201
1183.2808034420013,0.49899744987487793,4480,32.75331115722656,8342.413340926056,136.7800641130462,11,2.0,2.0,2.0,2.0,2.0,2.0,2.0,1.2,1.2,1.2,1.2,2.0,2.0,2.0,2.0,2.0,1.2,1.2,1.2,1.2,2.201
1183.7813618183136,0.49911046028137207,4032,32.82951354980469,8291.5455892752,122.81631873354357,11,2.0,2.0,2.0,2.0,2.0,2.0,2.0,1.2,1.2,1.2,1.2,2.0,2.0,2.0,2.0,2.0,1.2,1.2,1.2,1.2,2.201
1184.2819073200226,0.4989175796508789,4512,32.71394348144531,9030.914701280364,137.92284022741296,11,2.0,2.0,2.0,2.0,2.0,2.0,2.0,1.2,1.2,1.2,1.2,2.0,2.0,2.0,2.0,2.0,1.2,1.2,1.2,1.2,2.201
1184.7824528217316,0.4990878105163574,3648,33.00996398925781,7664.004089159164,110.5120866289688,11,2.0,2.0,2.0,2.0,2.0,2.0,2.0,1.2,1.2,1.2,1.2,2.0,2.0,2.0,2.0,2.0,1.2,1.2,1.2,1.2,2.201
1185.2829852104187,0.49913835525512695,4192,31.952301025390625,8214.399837458339,131.1955591764381,11,2.0,2.0,2.0,2.0,2.0,2.0,2.0,1.2,1.2,1.2,1.2,2.0,2.0,2.0,2.0,2.0,1.2,1.2,1.2,1.2,2.201
1185.7835478782654,0.4990956783294678,4352,32.84132385253906,8674.821145375414,132.51597345895462,11,2.0,2.0,2.0,2.0,2.0,2.0,2.0,1.2,1.2,1.2,1.2,2.0,2.0,2.0,2.0,2.0,1.2,1.2,1.2,1.2,2.201
1186.2840991020203,0.49892616271972656,4224,33.185211181640625,8263.256375990866,127.28561457330379,11,2.0,2.0,2.0,2.0,2.0,2.0,2.0,1.2,1.2,1.2,1.2,2.0,2.0,2.0,2.0,2.0,1.2,1.2,1.2,1.2,2.201
1186.7846274375916,0.49907779693603516,4224,32.967987060546875,8208.787185942772,128.12429197580292,11,2.0,2.0,2.0,2.0,2.0,2.0,2.0,1.2,1.2,1.2,1.2,2.0,2.0,2.0,2.0,2.0,1.2,1.2,1.2,1.2,2.201
1187.2851612567902,0.49910688400268555,4288,32.68165588378906,8600.247733103439,131.20510219088862,11,2.0,2.0,2.0,2.0,2.0,2.0,2.0,1.2,1.2,1.2,1.2,2.0,2.0,2.0,2.0,2.0,1.2,1.2,1.2,1.2,2.201
1187.7856647968292,0.49909234046936035,4064,33.267974853515625,8449.617892017204,122.15952482513474,11,2.0,2.0,2.0,2.0,2.0,2.0,2.0,1.2,1.2,1.2,1.2,2.0,2.0,2.0,2.0,2.0,1.2,1.2,1.2,1.2,2.201
1188.2862122058868,0.4991130828857422,3904,33.824920654296875,8090.672176932098,115.4178612834104,11,2.0,2.0,2.0,2.0,2.0,2.0,2.0,1.2,1.2,1.2,1.2,2.0,2.0,2.0,2.0,2.0,1.2,1.2,1.2,1.2,2.201
1188.7867472171783,0.49889111518859863,4320,33.0789794921875,8683.678015873082,130.59653188576405,11,2.0,2.0,2.0,2.0,2.0,2.0,2.0,1.2,1.2,1.2,1.2,2.0,2.0,2.0,2.0,2.0,1.2,1.2,1.2,1.2,2.201
1189.2872467041016,0.49910926818847656,4320,32.82806396484375,7976.455557448143,131.59472348495413,11,2.0,2.0,2.0,2.0,2.0,2.0,2.0,1.2,1.2,1.2,1.2,2.0,2.0,2.0,2.0,2.0,1.2,1.2,1.2,1.2,2.201
1189.7877805233002,0.4990885257720947,4064,33.966400146484375,8357.97570861161,119.64765128107449,11,2.0,2.0,2.0,2.0,2.0,2.0,2.0,1.2,1.2,1.2,1.2,2.0,2.0,2.0,2.0,2.0,1.2,1.2,1.2,1.2,2.201
1190.2882995605469,0.4990861415863037,4096,33.09521484375,8385.774077707123,123.76411572906062,11,2.0,2.0,2.0,2.0,2.0,2.0,2.0,1.2,1.2,1.2,1.2,2.0,2.0,2.0,2.0,2.0,1.2,1.2,1.2,1.2,2.201
1190.7888507843018,0.49915099143981934,4416,33.56651306152344,8453.384846037032,131.5596884283451,11,2.0,2.0,2.0,2.0,2.0,2.0,2.0,1.2,1.2,1.2,1.2,2.0,2.0,2.0,2.0,2.0,1.2,1.2,1.2,1.2,2.201
1191.2893795967102,0.4989023208618164,4032,34.36509704589844,8262.362903144774,117.32834610112732,11,2.0,2.0,2.0,2.0,2.0,2.0,2.0,1.2,1.2,1.2,1.2,2.0,2.0,2.0,2.0,2.0,1.2,1.2,1.2,1.2,2.201
1191.7898907661438,0.4762701988220215,4224,34.18522644042969,8447.88140225014,123.56214774123657,11,2.1,2.1,2.1,2.1,2.1,2.1,2.1,1.2,1.2,1.2,1.2,2.1,2.1,2.1,2.1,2.1,1.2,1.2,1.2,1.2,2.201
1192.2904007434845,0.4990043640136719,3968,33.22038269042969,8266.738740858984,119.4447408079716,11,2.1,2.1,2.1,2.1,2.1,2.1,2.1,1.2,1.2,1.2,1.2,2.1,2.1,2.1,2.1,2.1,1.2,1.2,1.2,1.2,2.201
1192.7909121513367,0.4991188049316406,4608,36.498077392578125,8874.540250436152,126.25322562708565,11,2.1,2.1,2.1,2.1,2.1,2.1,2.1,1.2,1.2,1.2,1.2,2.1,2.1,2.1,2.1,2.1,1.2,1.2,1.2,1.2,2.201
1193.2914247512817,0.4991753101348877,4416,34.99208068847656,8376.678397018286,126.1999833423526,11,2.1,2.1,2.1,2.1,2.1,2.1,2.1,1.2,1.2,1.2,1.2,2.1,2.1,2.1,2.1,2.1,1.2,1.2,1.2,1.2,2.201
1193.791925907135,0.4991631507873535,4256,35.232330322265625,8785.272061253145,120.79814082891798,11,2.1,2.1,2.1,2.1,2.1,2.1,2.1,1.2,1.2,1.2,1.2,2.1,2.1,2.1,2.1,2.1,1.2,1.2,1.2,1.2,2.201
1194.2924387454987,0.49912166595458984,4192,35.66510009765625,8712.71876408343,117.53787283707861,11,2.1,2.1,2.1,2.1,2.1,2.1,2.1,1.2,1.2,1.2,1.2,2.1,2.1,2.1,2.1,2.1,1.2,1.2,1.2,1.2,2.201
1194.7929973602295,0.49913954734802246,4544,36.764190673828125,8719.199752418246,123.59853206927265,11,2.1,2.1,2.1,2.1,2.1,2.1,2.1,1.2,1.2,1.2,1.2,2.1,2.1,2.1,2.1,2.1,1.2,1.2,1.2,1.2,2.201
1195.2934973239899,0.49907350540161133,4096,33.74131774902344,8827.190348741964,121.39419184713226,11,2.1,2.1,2.1,2.1,2.1,2.1,2.1,1.2,1.2,1.2,1.2,2.1,2.1,2.1,2.1,2.1,1.2,1.2,1.2,1.2,2.201
1195.794041633606,0.49912548065185547,4448,35.19544982910156,8662.575019913931,126.3799730248694,11,2.1,2.1,2.1,2.1,2.1,2.1,2.1,1.2,1.2,1.2,1.2,2.1,2.1,2.1,2.1,2.1,1.2,1.2,1.2,1.2,2.201
1196.294585943222,0.4990839958190918,4864,34.32856750488281,9038.897774312314,141.6895709181036,11,2.1,2.1,2.1,2.1,2.1,2.1,2.1,1.2,1.2,1.2,1.2,2.1,2.1,2.1,2.1,2.1,1.2,1.2,1.2,1.2,2.201
1196.7951469421387,0.4991137981414795,4288,34.69099426269531,8477.559573521432,123.6055665493297,11,2.1,2.1,2.1,2.1,2.1,2.1,2.1,1.2,1.2,1.2,1.2,2.1,2.1,2.1,2.1,2.1,1.2,1.2,1.2,1.2,2.201
1197.2956929206848,0.4989960193634033,4192,33.79681396484375,8870.451918274073,124.03536038517176,11,2.1,2.1,2.1,2.1,2.1,2.1,2.1,1.2,1.2,1.2,1.2,2.1,2.1,2.1,2.1,2.1,1.2,1.2,1.2,1.2,2.201
1197.7962424755096,0.49913477897644043,4544,33.75862121582031,8987.653762013155,134.60265367326505,11,2.1,2.1,2.1,2.1,2.1,2.1,2.1,1.2,1.2,1.2,1.2,2.1,2.1,2.1,2.1,2.1,1.2,1.2,1.2,1.2,2.201
1198.2967615127563,0.4990825653076172,3968,33.91499328613281,9033.024303077047,116.998401459877,11,2.1,2.1,2.1,2.1,2.1,2.1,2.1,1.2,1.2,1.2,1.2,2.1,2.1,2.1,2.1,2.1,1.2,1.2,1.2,1.2,2.201
1198.7972962856293,0.49916553497314453,5120,36.18699645996094,8827.623216078853,141.48728827674378,11,2.1,2.1,2.1,2.1,2.1,2.1,2.1,1.2,1.2,1.2,1.2,2.1,2.1,2.1,2.1,2.1,1.2,1.2,1.2,1.2,2.201
1199.2978241443634,0.4991011619567871,4000,34.05302429199219,8695.69224455956,117.46386945551349,11,2.1,2.1,2.1,2.1,2.1,2.1,2.1,1.2,1.2,1.2,1.2,2.1,2.1,2.1,2.1,2.1,1.2,1.2,1.2,1.2,2.201
1199.7983725070953,0.4990534782409668,4224,34.06813049316406,9025.609730946697,123.98684456276713,11,2.1,2.1,2.1,2.1,2.1,2.1,2.1,1.2,1.2,1.2,1.2,2.1,2.1,2.1,2.1,2.1,1.2,1.2,1.2,1.2,2.201
1200.2989075183868,0.4990684986114502,4768,33.52983093261719,8256.118672067727,142.20173103711596,11,2.1,2.1,2.1,2.1,2.1,2.1,2.1,1.2,1.2,1.2,1.2,2.1,2.1,2.1,2.1,2.1,1.2,1.2,1.2,1.2,2.201
1200.799456357956,0.4990832805633545,4352,34.167755126953125,9095.291456016335,127.3715520328972,11,2.1,2.1,2.1,2.1,2.1,2.1,2.1,1.2,1.2,1.2,1.2,2.1,2.1,2.1,2.1,2.1,1.2,1.2,1.2,1.2,2.201
1201.2999880313873,0.4989442825317383,4480,33.25604248046875,8590.251250136707,134.71236099818856,11,2.1,2.1,2.1,2.1,2.1,2.1,2.1,1.2,1.2,1.2,1.2,2.1,2.1,2.1,2.1,2.1,1.2,1.2,1.2,1.2,2.201
1201.8005192279816,0.47652125358581543,4480,36.103363037109375,8820.319979566568,124.08816307209845,11,2.2,2.2,2.2,2.2,2.2,2.2,2.2,1.2,1.2,1.2,1.2,2.2,2.2,2.2,2.2,2.2,1.2,1.2,1.2,1.2,2.201
1202.3010551929474,0.4989895820617676,4000,33.81117248535156,9023.628286914722,118.30409021553363,11,2.2,2.2,2.2,2.2,2.2,2.2,2.2,1.2,1.2,1.2,1.2,2.2,2.2,2.2,2.2,2.2,1.2,1.2,1.2,1.2,2.201
1202.801592350006,0.49908876419067383,5440,35.47364807128906,9834.886373752093,153.35327195747078,11,2.2,2.2,2.2,2.2,2.2,2.2,2.2,1.2,1.2,1.2,1.2,2.2,2.2,2.2,2.2,2.2,1.2,1.2,1.2,1.2,2.201
1203.3021318912506,0.4990990161895752,3872,38.76600646972656,8622.507378494212,99.88132264858778,11,2.2,2.2,2.2,2.2,2.2,2.2,2.2,1.2,1.2,1.2,1.2,2.2,2.2,2.2,2.2,2.2,1.2,1.2,1.2,1.2,2.201
1203.8026580810547,0.4990804195404053,4640,40.123870849609375,9058.297190430518,115.64188354088405,11,2.2,2.2,2.2,2.2,2.2,2.2,2.2,1.2,1.2,1.2,1.2,2.2,2.2,2.2,2.2,2.2,1.2,1.2,1.2,1.2,2.201
1204.303158044815,0.49915504455566406,4992,39.915924072265625,9611.80982516756,125.06286941928875,11,2.2,2.2,2.2,2.2,2.2,2.2,2.2,1.2,1.2,1.2,1.2,2.2,2.2,2.2,2.2,2.2,1.2,1.2,1.2,1.2,2.201
1204.8036863803864,0.49912405014038086,4608,40.1732177734375,8942.689279565953,114.70328381429296,11,2.2,2.2,2.2,2.2,2.2,2.2,2.2,1.2,1.2,1.2,1.2,2.2,2.2,2.2,2.2,2.2,1.2,1.2,1.2,1.2,2.201
1205.3042266368866,0.49915552139282227,4704,39.98089599609375,9314.222075945818,117.65619260907997,11,2.2,2.2,2.2,2.2,2.2,2.2,2.2,1.2,1.2,1.2,1.2,2.2,2.2,2.2,2.2,2.2,1.2,1.2,1.2,1.2,2.201
1205.8047511577606,0.49915051460266113,4640,39.79530334472656,9523.085738456755,116.5966737282043,11,2.2,2.2,2.2,2.2,2.2,2.2,2.2,1.2,1.2,1.2,1.2,2.2,2.2,2.2,2.2,2.2,1.2,1.2,1.2,1.2,2.201
1206.30530834198,0.4991297721862793,4288,40.0770263671875,9446.28430586486,106.99396608703333,11,2.2,2.2,2.2,2.2,2.2,2.2,2.2,1.2,1.2,1.2,1.2,2.2,2.2,2.2,2.2,2.2,1.2,1.2,1.2,1.2,2.201
1206.8058333396912,0.49910640716552734,4800,40.12127685546875,8907.872907156754,119.63726920484919,11,2.2,2.2,2.2,2.2,2.2,2.2,2.2,1.2,1.2,1.2,1.2,2.2,2.2,2.2,2.2,2.2,1.2,1.2,1.2,1.2,2.201
1207.3063411712646,0.4991605281829834,4800,39.98420715332031,9429.057503715185,120.047397253478,11,2.2,2.2,2.2,2.2,2.2,2.2,2.2,1.2,1.2,1.2,1.2,2.2,2.2,2.2,2.2,2.2,1.2,1.2,1.2,1.2,2.201
1207.806901216507,0.4991459846496582,4768,39.98448181152344,9611.245070454095,119.24626214927895,11,2.2,2.2,2.2,2.2,2.2,2.2,2.2,1.2,1.2,1.2,1.2,2.2,2.2,2.2,2.2,2.2,1.2,1.2,1.2,1.2,2.201
1208.3074398040771,0.49895334243774414,4384,39.78379821777344,8579.587578068486,110.19561219374587,11,2.2,2.2,2.2,2.2,2.2,2.2,2.2,1.2,1.2,1.2,1.2,2.2,2.2,2.2,2.2,2.2,1.2,1.2,1.2,1.2,2.201
1208.8079853057861,0.4990832805633545,4672,39.996002197265625,9611.645202453745,116.81167475081814,11,2.2,2.2,2.2,2.2,2.2,2.2,2.2,1.2,1.2,1.2,1.2,2.2,2.2,2.2,2.2,2.2,1.2,1.2,1.2,1.2,2.201
1209.3085315227509,0.49918341636657715,4576,39.85423278808594,8995.192976822755,114.8184190204247,11,2.2,2.2,2.2,2.2,2.2,2.2,2.2,1.2,1.2,1.2,1.2,2.2,2.2,2.2,2.2,2.2,1.2,1.2,1.2,1.2,2.201
1209.8090608119965,0.499143123626709,4480,39.98908996582031,9202.029364254337,112.03055642999551,11,2.2,2.2,2.2,2.2,2.2,2.2,2.2,1.2,1.2,1.2,1.2,2.2,2.2,2.2,2.2,2.2,1.2,1.2,1.2,1.2,2.201
1210.3095650672913,0.4991004467010498,4736,40.12226867675781,9304.184320506254,118.03918761810917,11,2.2,2.2,2.2,2.2,2.2,2.2,2.2,1.2,1.2,1.2,1.2,2.2,2.2,2.2,2.2,2.2,1.2,1.2,1.2,1.2,2.201
1210.8100674152374,0.4990882873535156,4480,40.134857177734375,9276.30723271704,111.62366867684709,11,2.2,2.2,2.2,2.2,2.2,2.2,2.2,1.2,1.2,1.2,1.2,2.2,2.2,2.2,2.2,2.2,1.2,1.2,1.2,1.2,2.201
1211.310567855835,0.4991281032562256,4768,40.12794494628906,9059.260944506439,118.81993972982993,11,2.2,2.2,2.2,2.2,2.2,2.2,2.2,1.2,1.2,1.2,1.2,2.2,2.2,2.2,2.2,2.2,1.2,1.2,1.2,1.2,2.201
1211.8110554218292,0.4775261878967285,4928,42.06553649902344,9490.158876829286,117.15053248196192,12,1.2,1.2,1.2,1.2,1.2,1.2,1.2,1.2,1.2,1.2,1.2,1.2,1.2,1.2,1.2,1.2,1.2,1.2,1.2,1.2,2.201
1212.3115649223328,0.499096155166626,1888,27.391632080078125,5588.649395738327,68.9261594373246,12,1.2,1.2,1.2,1.2,1.2,1.2,1.2,1.2,1.2,1.2,1.2,1.2,1.2,1.2,1.2,1.2,1.2,1.2,1.2,1.2,2.201
1212.8120956420898,0.4991016387939453,2816,26.481948852539062,4732.771726029108,106.33658480652208,12,1.2,1.2,1.2,1.2,1.2,1.2,1.2,1.2,1.2,1.2,1.2,1.2,1.2,1.2,1.2,1.2,1.2,1.2,1.2,1.2,2.201
1213.3126530647278,0.4989440441131592,2464,24.42779541015625,5254.244591265584,100.86870135548754,12,1.2,1.2,1.2,1.2,1.2,1.2,1.2,1.2,1.2,1.2,1.2,1.2,1.2,1.2,1.2,1.2,1.2,1.2,1.2,1.2,2.201
1213.8131954669952,0.4988551139831543,2976,23.9176025390625,5390.826761996139,124.42718684448255,12,1.2,1.2,1.2,1.2,1.2,1.2,1.2,1.2,1.2,1.2,1.2,1.2,1.2,1.2,1.2,1.2,1.2,1.2,1.2,1.2,2.201
1214.3137290477753,0.4988691806793213,1984,23.814651489257812,4910.963531124561,83.31005813353734,12,1.2,1.2,1.2,1.2,1.2,1.2,1.2,1.2,1.2,1.2,1.2,1.2,1.2,1.2,1.2,1.2,1.2,1.2,1.2,1.2,2.201
1214.8142821788788,0.4989135265350342,2848,23.576400756835938,4790.174807344898,120.79876098874962,12,1.2,1.2,1.2,1.2,1.2,1.2,1.2,1.2,1.2,1.2,1.2,1.2,1.2,1.2,1.2,1.2,1.2,1.2,1.2,1.2,2.201
1215.3148407936096,0.4989292621612549,2720,24.262466430664062,5099.677534663496,112.10731636756988,12,1.2,1.2,1.2,1.2,1.2,1.2,1.2,1.2,1.2,1.2,1.2,1.2,1.2,1.2,1.2,1.2,1.2,1.2,1.2,1.2,2.201
1215.8154001235962,0.49879980087280273,2496,23.890151977539062,5231.88580046757,104.4781968045527,12,1.2,1.2,1.2,1.2,1.2,1.2,1.2,1.2,1.2,1.2,1.2,1.2,1.2,1.2,1.2,1.2,1.2,1.2,1.2,1.2,2.201
1216.3159317970276,0.49876832962036133,2336,23.79925537109375,4965.48315949328,98.15433145178457,12,1.2,1.2,1.2,1.2,1.2,1.2,1.2,1.2,1.2,1.2,1.2,1.2,1.2,1.2,1.2,1.2,1.2,1.2,1.2,1.2,2.201
1216.816479921341,0.49910521507263184,2688,25.394546508789062,5013.564563800806,105.8494980042145,12,1.2,1.2,1.2,1.2,1.2,1.2,1.2,1.2,1.2,1.2,1.2,1.2,1.2,1.2,1.2,1.2,1.2,1.2,1.2,1.2,2.201
1217.3170487880707,0.49895405769348145,2464,24.087448120117188,5236.051751359562,102.29394113119578,12,1.2,1.2,1.2,1.2,1.2,1.2,1.2,1.2,1.2,1.2,1.2,1.2,1.2,1.2,1.2,1.2,1.2,1.2,1.2,1.2,2.201
1217.8175859451294,0.4988539218902588,2848,23.592697143554688,5142.352158098624,120.71532062106972,12,1.2,1.2,1.2,1.2,1.2,1.2,1.2,1.2,1.2,1.2,1.2,1.2,1.2,1.2,1.2,1.2,1.2,1.2,1.2,1.2,2.201
1218.3181052207947,0.498929500579834,1632,24.281356811523438,4168.770579543313,67.21205955119798,12,1.2,1.2,1.2,1.2,1.2,1.2,1.2,1.2,1.2,1.2,1.2,1.2,1.2,1.2,1.2,1.2,1.2,1.2,1.2,1.2,2.201
1218.8186705112457,0.4990673065185547,2176,25.440032958984375,5392.02727150346,85.53448038012569,12,1.2,1.2,1.2,1.2,1.2,1.2,1.2,1.2,1.2,1.2,1.2,1.2,1.2,1.2,1.2,1.2,1.2,1.2,1.2,1.2,2.201
1219.3192236423492,0.49893641471862793,2976,24.912948608398438,4922.837587822703,119.45595227522593,12,1.2,1.2,1.2,1.2,1.2,1.2,1.2,1.2,1.2,1.2,1.2,1.2,1.2,1.2,1.2,1.2,1.2,1.2,1.2,1.2,2.201
1219.8197937011719,0.4989778995513916,2912,24.758514404296875,5454.797713458029,117.61610379557419,12,1.2,1.2,1.2,1.2,1.2,1.2,1.2,1.2,1.2,1.2,1.2,1.2,1.2,1.2,1.2,1.2,1.2,1.2,1.2,1.2,2.201
1220.3203151226044,0.49884486198425293,2784,24.115814208984375,5175.862963688851,115.44291956614998,12,1.2,1.2,1.2,1.2,1.2,1.2,1.2,1.2,1.2,1.2,1.2,1.2,1.2,1.2,1.2,1.2,1.2,1.2,1.2,1.2,2.201
1220.8208434581757,0.49910902976989746,2208,25.94012451171875,4763.085840206169,85.11909798283777,12,1.2,1.2,1.2,1.2,1.2,1.2,1.2,1.2,1.2,1.2,1.2,1.2,1.2,1.2,1.2,1.2,1.2,1.2,1.2,1.2,2.201
1221.3213460445404,0.49893879890441895,2976,25.574874877929688,5463.605625069904,116.36420565905463,12,1.2,1.2,1.2,1.2,1.2,1.2,1.2,1.2,1.2,1.2,1.2,1.2,1.2,1.2,1.2,1.2,1.2,1.2,1.2,1.2,2.201
1221.821860551834,0.4763350486755371,2944,27.0875244140625,5328.942555914513,108.68471976241658,12,1.3,1.3,1.3,1.3,1.3,1.3,1.3,1.2,1.2,1.2,1.2,1.3,1.3,1.3,1.3,1.3,1.3,1.2,1.2,1.2,2.201
1222.3223695755005,0.49888014793395996,1984,24.935699462890625,5333.332913109939,79.56464196853969,12,1.3,1.3,1.3,1.3,1.3,1.3,1.3,1.2,1.2,1.2,1.2,1.3,1.3,1.3,1.3,1.3,1.3,1.2,1.2,1.2,2.201
1222.822907447815,0.4990861415863037,3136,26.478164672851562,5600.049066600963,118.43721189691766,12,1.3,1.3,1.3,1.3,1.3,1.3,1.3,1.2,1.2,1.2,1.2,1.3,1.3,1.3,1.3,1.3,1.3,1.2,1.2,1.2,2.201
1223.3234176635742,0.4989924430847168,1952,26.103103637695312,5247.299591298052,74.78037964731253,12,1.3,1.3,1.3,1.3,1.3,1.3,1.3,1.2,1.2,1.2,1.2,1.3,1.3,1.3,1.3,1.3,1.3,1.2,1.2,1.2,2.201
1223.8239257335663,0.49912405014038086,3264,26.720626831054688,5278.541252974308,122.15282300962275,12,1.3,1.3,1.3,1.3,1.3,1.3,1.3,1.2,1.2,1.2,1.2,1.3,1.3,1.3,1.3,1.3,1.3,1.2,1.2,1.2,2.201
1224.324435710907,0.49911022186279297,3072,27.3350830078125,5500.233012198492,112.38304998459333,12,1.3,1.3,1.3,1.3,1.3,1.3,1.3,1.2,1.2,1.2,1.2,1.3,1.3,1.3,1.3,1.3,1.3,1.2,1.2,1.2,2.201
1224.824989080429,0.49912095069885254,2528,27.44085693359375,5089.521543404641,92.12540286616057,12,1.3,1.3,1.3,1.3,1.3,1.3,1.3,1.2,1.2,1.2,1.2,1.3,1.3,1.3,1.3,1.3,1.3,1.2,1.2,1.2,2.201
1225.3255338668823,0.49881839752197266,2624,26.013534545898438,6055.021808858785,100.8705677950145,12,1.3,1.3,1.3,1.3,1.3,1.3,1.3,1.2,1.2,1.2,1.2,1.3,1.3,1.3,1.3,1.3,1.3,1.2,1.2,1.2,2.201
1225.826076745987,0.4989185333251953,2464,25.035247802734375,4938.478696814376,98.42123470936363,12,1.3,1.3,1.3,1.3,1.3,1.3,1.3,1.2,1.2,1.2,1.2,1.3,1.3,1.3,1.3,1.3,1.3,1.2,1.2,1.2,2.201
1226.326578617096,0.4990067481994629,3008,25.882110595703125,5385.148530129653,116.219270019632,12,1.3,1.3,1.3,1.3,1.3,1.3,1.3,1.2,1.2,1.2,1.2,1.3,1.3,1.3,1.3,1.3,1.3,1.2,1.2,1.2,2.201
1226.8270916938782,0.4990732669830322,2912,26.917922973632812,5873.354340529743,108.18070929367103,12,1.3,1.3,1.3,1.3,1.3,1.3,1.3,1.2,1.2,1.2,1.2,1.3,1.3,1.3,1.3,1.3,1.3,1.2,1.2,1.2,2.201
1227.3275864124298,0.49909305572509766,2560,26.825546264648438,5717.548192665053,95.43142103218416,12,1.3,1.3,1.3,1.3,1.3,1.3,1.3,1.2,1.2,1.2,1.2,1.3,1.3,1.3,1.3,1.3,1.3,1.2,1.2,1.2,2.201
1227.8281309604645,0.4990994930267334,3008,27.04962158203125,5480.814246691833,111.20303442611484,12,1.3,1.3,1.3,1.3,1.3,1.3,1.3,1.2,1.2,1.2,1.2,1.3,1.3,1.3,1.3,1.3,1.3,1.2,1.2,1.2,2.201
1228.3286471366882,0.4989650249481201,2432,26.907241821289062,5624.4968760280035,90.38458925491935,12,1.3,1.3,1.3,1.3,1.3,1.3,1.3,1.2,1.2,1.2,1.2,1.3,1.3,1.3,1.3,1.3,1.3,1.2,1.2,1.2,2.201
1228.8292081356049,0.4991118907928467,2976,26.621734619140625,5323.410767081915,111.78835799303255,12,1.3,1.3,1.3,1.3,1.3,1.3,1.3,1.2,1.2,1.2,1.2,1.3,1.3,1.3,1.3,1.3,1.3,1.2,1.2,1.2,2.201
1229.3297741413116,0.49906253814697266,2944,26.931503295898438,5752.782369698824,109.31435826860655,12,1.3,1.3,1.3,1.3,1.3,1.3,1.3,1.2,1.2,1.2,1.2,1.3,1.3,1.3,1.3,1.3,1.3,1.2,1.2,1.2,2.201
1229.8302941322327,0.4987294673919678,2400,25.2879638671875,5104.555022854329,94.90681071061358,12,1.3,1.3,1.3,1.3,1.3,1.3,1.3,1.2,1.2,1.2,1.2,1.3,1.3,1.3,1.3,1.3,1.3,1.2,1.2,1.2,2.201
1230.3308141231537,0.49908018112182617,2656,26.547439575195312,5701.759656752686,100.047313130779,12,1.3,1.3,1.3,1.3,1.3,1.3,1.3,1.2,1.2,1.2,1.2,1.3,1.3,1.3,1.3,1.3,1.3,1.2,1.2,1.2,2.201
1230.831335067749,0.4991269111633301,3104,27.021392822265625,5582.718749383221,114.87194684658536,12,1.3,1.3,1.3,1.3,1.3,1.3,1.3,1.2,1.2,1.2,1.2,1.3,1.3,1.3,1.3,1.3,1.3,1.2,1.2,1.2,2.201
1231.3318829536438,0.4990806579589844,2112,26.900115966796875,5616.9777826893105,78.51267268166673,12,1.3,1.3,1.3,1.3,1.3,1.3,1.3,1.2,1.2,1.2,1.2,1.3,1.3,1.3,1.3,1.3,1.3,1.2,1.2,1.2,2.201
1231.8323862552643,0.4765923023223877,3136,28.5670166015625,5521.119066044264,109.77695164109204,12,1.4,1.4,1.4,1.4,1.4,1.4,1.4,1.2,1.2,1.2,1.2,1.4,1.4,1.4,1.4,1.4,1.4,1.2,1.2,1.2,2.201
1232.3328924179077,0.4990682601928711,2784,26.60565185546875,5502.534950256554,104.63942079388494,12,1.4,1.4,1.4,1.4,1.4,1.4,1.4,1.2,1.2,1.2,1.2,1.4,1.4,1.4,1.4,1.4,1.4,1.2,1.2,1.2,2.201
1232.8334276676178,0.4991118907928467,3360,27.9375,6244.780264167294,120.26845637583892,12,1.4,1.4,1.4,1.4,1.4,1.4,1.4,1.2,1.2,1.2,1.2,1.4,1.4,1.4,1.4,1.4,1.4,1.2,1.2,1.2,2.201
1233.3339776992798,0.4989738464355469,3008,26.668411254882812,5784.592130864881,112.79262087460327,12,1.4,1.4,1.4,1.4,1.4,1.4,1.4,1.2,1.2,1.2,1.2,1.4,1.4,1.4,1.4,1.4,1.4,1.2,1.2,1.2,2.201
1233.834478378296,0.4988250732421875,2976,26.130203247070312,5723.1638498184575,113.89119219092433,12,1.4,1.4,1.4,1.4,1.4,1.4,1.4,1.2,1.2,1.2,1.2,1.4,1.4,1.4,1.4,1.4,1.4,1.2,1.2,1.2,2.201
1234.3349792957306,0.499103307723999,2784,27.213394165039062,5532.052917839065,102.30256406518352,12,1.4,1.4,1.4,1.4,1.4,1.4,1.4,1.2,1.2,1.2,1.2,1.4,1.4,1.4,1.4,1.4,1.4,1.2,1.2,1.2,2.201
1234.8354868888855,0.4991292953491211,2624,27.7762451171875,6510.242385763303,94.46921241259894,12,1.4,1.4,1.4,1.4,1.4,1.4,1.4,1.2,1.2,1.2,1.2,1.4,1.4,1.4,1.4,1.4,1.4,1.2,1.2,1.2,2.201
1235.3359961509705,0.4991629123687744,2784,27.654037475585938,5827.991176374604,100.6724606653847,12,1.4,1.4,1.4,1.4,1.4,1.4,1.4,1.2,1.2,1.2,1.2,1.4,1.4,1.4,1.4,1.4,1.4,1.2,1.2,1.2,2.201
1235.8365359306335,0.49915218353271484,3200,29.517379760742188,6201.480187275948,108.4107067069675,12,1.4,1.4,1.4,1.4,1.4,1.4,1.4,1.2,1.2,1.2,1.2,1.4,1.4,1.4,1.4,1.4,1.4,1.2,1.2,1.2,2.201
1236.3370463848114,0.4990198612213135,2912,27.367523193359375,5600.05947110858,106.40349071510371,12,1.4,1.4,1.4,1.4,1.4,1.4,1.4,1.2,1.2,1.2,1.2,1.4,1.4,1.4,1.4,1.4,1.4,1.2,1.2,1.2,2.201
1236.8375854492188,0.4991142749786377,3264,27.364761352539062,5786.44868150231,119.2774882247291,12,1.4,1.4,1.4,1.4,1.4,1.4,1.4,1.2,1.2,1.2,1.2,1.4,1.4,1.4,1.4,1.4,1.4,1.2,1.2,1.2,2.201
1237.3380997180939,0.4989752769470215,3104,27.134201049804688,5993.67338276156,114.39437609762763,12,1.4,1.4,1.4,1.4,1.4,1.4,1.4,1.2,1.2,1.2,1.2,1.4,1.4,1.4,1.4,1.4,1.4,1.2,1.2,1.2,2.201
1237.8386442661285,0.49907612800598145,2976,27.30975341796875,6225.356157116758,108.97205677594688,12,1.4,1.4,1.4,1.4,1.4,1.4,1.4,1.2,1.2,1.2,1.2,1.4,1.4,1.4,1.4,1.4,1.4,1.2,1.2,1.2,2.201
1238.3391954898834,0.4990568161010742,3008,27.221633911132812,5784.5882561558565,110.50034725394718,12,1.4,1.4,1.4,1.4,1.4,1.4,1.4,1.2,1.2,1.2,1.2,1.4,1.4,1.4,1.4,1.4,1.4,1.2,1.2,1.2,2.201
1238.8397369384766,0.4990859031677246,2880,26.827285766601562,5688.939996872384,107.35338733318432,12,1.4,1.4,1.4,1.4,1.4,1.4,1.4,1.2,1.2,1.2,1.2,1.4,1.4,1.4,1.4,1.4,1.4,1.2,1.2,1.2,2.201
1239.340282201767,0.49901390075683594,2752,27.291473388671875,5933.58081764433,100.83735534565525,12,1.4,1.4,1.4,1.4,1.4,1.4,1.4,1.2,1.2,1.2,1.2,1.4,1.4,1.4,1.4,1.4,1.4,1.2,1.2,1.2,2.201
1239.8408420085907,0.4989433288574219,2112,26.242095947265625,5175.014265737299,80.48137634448616,12,1.4,1.4,1.4,1.4,1.4,1.4,1.4,1.2,1.2,1.2,1.2,1.4,1.4,1.4,1.4,1.4,1.4,1.2,1.2,1.2,2.201
1240.3413608074188,0.4989290237426758,3488,27.01861572265625,6533.821682225036,129.0961770878278,12,1.4,1.4,1.4,1.4,1.4,1.4,1.4,1.2,1.2,1.2,1.2,1.4,1.4,1.4,1.4,1.4,1.4,1.2,1.2,1.2,2.201
1240.8419079780579,0.49909400939941406,3328,27.410125732421875,5758.780850364637,121.41498483035043,12,1.4,1.4,1.4,1.4,1.4,1.4,1.4,1.2,1.2,1.2,1.2,1.4,1.4,1.4,1.4,1.4,1.4,1.2,1.2,1.2,2.201
1241.3424723148346,0.49906349182128906,2752,27.439041137695312,5955.458279452511,100.29504989587069,12,1.4,1.4,1.4,1.4,1.4,1.4,1.4,1.2,1.2,1.2,1.2,1.4,1.4,1.4,1.4,1.4,1.4,1.2,1.2,1.2,2.201
1241.8429832458496,0.4740474224090576,3168,27.372909545898438,6139.525211907408,115.7348653305543,12,1.5,1.5,1.5,1.5,1.5,1.5,1.5,1.2,1.2,1.2,1.2,1.5,1.5,1.5,1.5,1.5,1.5,1.2,1.2,1.2,2.201
1242.343502998352,0.49895739555358887,3296,25.471694946289062,6199.31318858728,129.3985346067514,12,1.5,1.5,1.5,1.5,1.5,1.5,1.5,1.2,1.2,1.2,1.2,1.5,1.5,1.5,1.5,1.5,1.5,1.2,1.2,1.2,2.201
1242.8440504074097,0.4991166591644287,2400,28.56475830078125,5533.120849282331,84.01961517505156,12,1.5,1.5,1.5,1.5,1.5,1.5,1.5,1.2,1.2,1.2,1.2,1.5,1.5,1.5,1.5,1.5,1.5,1.2,1.2,1.2,2.201
1243.344551563263,0.4991164207458496,3488,28.760452270507812,6995.914024978284,121.27764776413976,12,1.5,1.5,1.5,1.5,1.5,1.5,1.5,1.2,1.2,1.2,1.2,1.5,1.5,1.5,1.5,1.5,1.5,1.2,1.2,1.2,2.201
1243.845055103302,0.4991157054901123,3328,28.877822875976562,6360.81231848725,115.24414476440883,12,1.5,1.5,1.5,1.5,1.5,1.5,1.5,1.2,1.2,1.2,1.2,1.5,1.5,1.5,1.5,1.5,1.5,1.2,1.2,1.2,2.201
1244.345602273941,0.49906492233276367,2848,29.300994873046875,6402.915923799871,97.19806485546303,12,1.5,1.5,1.5,1.5,1.5,1.5,1.5,1.2,1.2,1.2,1.2,1.5,1.5,1.5,1.5,1.5,1.5,1.2,1.2,1.2,2.201
1244.8461520671844,0.4989290237426758,3200,27.252426147460938,6060.926354063284,117.42073834766225,12,1.5,1.5,1.5,1.5,1.5,1.5,1.5,1.2,1.2,1.2,1.2,1.5,1.5,1.5,1.5,1.5,1.5,1.2,1.2,1.2,2.201
1245.3466534614563,0.49883389472961426,3168,26.56182861328125,6556.607060948495,119.2688969620096,12,1.5,1.5,1.5,1.5,1.5,1.5,1.5,1.2,1.2,1.2,1.2,1.5,1.5,1.5,1.5,1.5,1.5,1.2,1.2,1.2,2.201
1245.8471925258636,0.49905920028686523,3360,28.25567626953125,5640.650672255124,118.91415968773559,12,1.5,1.5,1.5,1.5,1.5,1.5,1.5,1.2,1.2,1.2,1.2,1.5,1.5,1.5,1.5,1.5,1.5,1.2,1.2,1.2,2.201
1246.3477320671082,0.499006986618042,3232,27.899383544921875,6654.604789165519,115.84485351785756,12,1.5,1.5,1.5,1.5,1.5,1.5,1.5,1.2,1.2,1.2,1.2,1.5,1.5,1.5,1.5,1.5,1.5,1.2,1.2,1.2,2.201
1246.8482410907745,0.498995304107666,3264,27.640228271484375,6724.177943380687,118.08874977227936,12,1.5,1.5,1.5,1.5,1.5,1.5,1.5,1.2,1.2,1.2,1.2,1.5,1.5,1.5,1.5,1.5,1.5,1.2,1.2,1.2,2.201
1247.348750591278,0.49912405014038086,2880,28.411239624023438,5947.23589812155,101.36833302988948,12,1.5,1.5,1.5,1.5,1.5,1.5,1.5,1.2,1.2,1.2,1.2,1.5,1.5,1.5,1.5,1.5,1.5,1.2,1.2,1.2,2.201
1247.8492467403412,0.4991183280944824,3200,29.058303833007812,6580.885681951463,110.12342696909468,12,1.5,1.5,1.5,1.5,1.5,1.5,1.5,1.2,1.2,1.2,1.2,1.5,1.5,1.5,1.5,1.5,1.5,1.2,1.2,1.2,2.201
1248.3497593402863,0.49910616874694824,2976,28.549972534179688,6137.862429019717,104.23827891382972,12,1.5,1.5,1.5,1.5,1.5,1.5,1.5,1.2,1.2,1.2,1.2,1.5,1.5,1.5,1.5,1.5,1.5,1.2,1.2,1.2,2.201
1248.8503243923187,0.49906134605407715,3392,28.956573486328125,6801.548997851308,117.14093180263667,12,1.5,1.5,1.5,1.5,1.5,1.5,1.5,1.2,1.2,1.2,1.2,1.5,1.5,1.5,1.5,1.5,1.5,1.2,1.2,1.2,2.201
1249.3508710861206,0.49907493591308594,3296,30.265167236328125,6295.829304569686,108.9040735926851,12,1.5,1.5,1.5,1.5,1.5,1.5,1.5,1.2,1.2,1.2,1.2,1.5,1.5,1.5,1.5,1.5,1.5,1.2,1.2,1.2,2.201
1249.8513865470886,0.4990088939666748,3104,26.918655395507812,5953.421039713994,115.31036578141996,12,1.5,1.5,1.5,1.5,1.5,1.5,1.5,1.2,1.2,1.2,1.2,1.5,1.5,1.5,1.5,1.5,1.5,1.2,1.2,1.2,2.201
1250.3518815040588,0.4990389347076416,3296,28.234466552734375,6589.893439750678,116.73675483983239,12,1.5,1.5,1.5,1.5,1.5,1.5,1.5,1.2,1.2,1.2,1.2,1.5,1.5,1.5,1.5,1.5,1.5,1.2,1.2,1.2,2.201
1250.8524043560028,0.4991142749786377,3200,31.218658447265625,5913.831549414873,102.50280310428525,12,1.5,1.5,1.5,1.5,1.5,1.5,1.5,1.2,1.2,1.2,1.2,1.5,1.5,1.5,1.5,1.5,1.5,1.2,1.2,1.2,2.201
1251.3529200553894,0.49903392791748047,3424,29.020004272460938,6877.779477803687,117.98757739154668,12,1.5,1.5,1.5,1.5,1.5,1.5,1.5,1.2,1.2,1.2,1.2,1.5,1.5,1.5,1.5,1.5,1.5,1.2,1.2,1.2,2.201
1251.8534038066864,0.47640562057495117,2848,32.2916259765625,5989.244712487468,88.19624016663327,12,1.6,1.6,1.6,1.6,1.6,1.6,1.6,1.2,1.2,1.2,1.2,1.6,1.6,1.6,1.6,1.6,1.6,1.2,1.2,1.2,2.201
1252.3539221286774,0.4990241527557373,3648,30.646453857421875,7241.653872221514,119.03497928249004,12,1.6,1.6,1.6,1.6,1.6,1.6,1.6,1.2,1.2,1.2,1.2,1.6,1.6,1.6,1.6,1.6,1.6,1.2,1.2,1.2,2.201
1252.8544409275055,0.4991776943206787,2784,31.752975463867188,6745.183806182596,87.67682270179719,12,1.6,1.6,1.6,1.6,1.6,1.6,1.6,1.2,1.2,1.2,1.2,1.6,1.6,1.6,1.6,1.6,1.6,1.2,1.2,1.2,2.201
1253.354961156845,0.4991023540496826,3040,31.405471801757812,6725.851724298608,96.79841841541277,12,1.6,1.6,1.6,1.6,1.6,1.6,1.6,1.2,1.2,1.2,1.2,1.6,1.6,1.6,1.6,1.6,1.6,1.2,1.2,1.2,2.201
1253.8554797172546,0.4990999698638916,4096,31.904586791992188,6781.449986444028,128.38279419522416,12,1.6,1.6,1.6,1.6,1.6,1.6,1.6,1.2,1.2,1.2,1.2,1.6,1.6,1.6,1.6,1.6,1.6,1.2,1.2,1.2,2.201
1254.3559999465942,0.4991734027862549,3360,31.65289306640625,6917.457163112305,106.15143433969467,12,1.6,1.6,1.6,1.6,1.6,1.6,1.6,1.2,1.2,1.2,1.2,1.6,1.6,1.6,1.6,1.6,1.6,1.2,1.2,1.2,2.201
1254.856496334076,0.49913501739501953,3136,31.5418701171875,6326.84329240686,99.42340096984802,12,1.6,1.6,1.6,1.6,1.6,1.6,1.6,1.2,1.2,1.2,1.2,1.6,1.6,1.6,1.6,1.6,1.6,1.2,1.2,1.2,2.201
1255.357001543045,0.49910902976989746,3584,31.542327880859375,6810.951805508523,113.6250949371069,12,1.6,1.6,1.6,1.6,1.6,1.6,1.6,1.2,1.2,1.2,1.2,1.6,1.6,1.6,1.6,1.6,1.6,1.2,1.2,1.2,2.201
1255.8575086593628,0.4990389347076416,3712,30.726303100585938,6755.509673918057,120.80854594997514,12,1.6,1.6,1.6,1.6,1.6,1.6,1.6,1.2,1.2,1.2,1.2,1.6,1.6,1.6,1.6,1.6,1.6,1.2,1.2,1.2,2.201
1256.358006477356,0.49901795387268066,3200,31.484130859375,6340.490557561981,101.63850526136214,12,1.6,1.6,1.6,1.6,1.6,1.6,1.6,1.2,1.2,1.2,1.2,1.6,1.6,1.6,1.6,1.6,1.6,1.2,1.2,1.2,2.201
1256.8585131168365,0.49907517433166504,3008,31.1630859375,6584.583491030719,96.52445865062204,12,1.6,1.6,1.6,1.6,1.6,1.6,1.6,1.2,1.2,1.2,1.2,1.6,1.6,1.6,1.6,1.6,1.6,1.2,1.2,1.2,2.201
1257.3590145111084,0.49910855293273926,3520,31.40093994140625,7563.39146352351,112.09855522058494,12,1.6,1.6,1.6,1.6,1.6,1.6,1.6,1.2,1.2,1.2,1.2,1.6,1.6,1.6,1.6,1.6,1.6,1.2,1.2,1.2,2.201
1257.859524488449,0.4991133213043213,3808,29.152938842773438,6518.936908321126,130.62147938282195,12,1.6,1.6,1.6,1.6,1.6,1.6,1.6,1.2,1.2,1.2,1.2,1.6,1.6,1.6,1.6,1.6,1.6,1.2,1.2,1.2,2.201
1258.3600347042084,0.49909377098083496,3168,30.1658935546875,6944.0996890950255,105.0192660216333,12,1.6,1.6,1.6,1.6,1.6,1.6,1.6,1.2,1.2,1.2,1.2,1.6,1.6,1.6,1.6,1.6,1.6,1.2,1.2,1.2,2.201
1258.8605372905731,0.499103307723999,3168,30.486099243164062,6958.077284436678,103.91621357430189,12,1.6,1.6,1.6,1.6,1.6,1.6,1.6,1.2,1.2,1.2,1.2,1.6,1.6,1.6,1.6,1.6,1.6,1.2,1.2,1.2,2.201
1259.3608508110046,0.49910879135131836,3264,28.975326538085938,6852.158358114069,112.64756570421085,12,1.6,1.6,1.6,1.6,1.6,1.6,1.6,1.2,1.2,1.2,1.2,1.6,1.6,1.6,1.6,1.6,1.6,1.2,1.2,1.2,2.201
1259.861353635788,0.49911022186279297,4096,29.83642578125,6736.814119182488,137.2818590950004,12,1.6,1.6,1.6,1.6,1.6,1.6,1.6,1.2,1.2,1.2,1.2,1.6,1.6,1.6,1.6,1.6,1.6,1.2,1.2,1.2,2.201
1260.3618655204773,0.4991023540496826,3136,29.241485595703125,6458.298244565174,107.24489320955766,12,1.6,1.6,1.6,1.6,1.6,1.6,1.6,1.2,1.2,1.2,1.2,1.6,1.6,1.6,1.6,1.6,1.6,1.2,1.2,1.2,2.201
1260.862380027771,0.49904823303222656,3456,30.658859252929688,6918.462714902754,112.72435061881022,12,1.6,1.6,1.6,1.6,1.6,1.6,1.6,1.2,1.2,1.2,1.2,1.6,1.6,1.6,1.6,1.6,1.6,1.2,1.2,1.2,2.201
1261.3629360198975,0.49910402297973633,3136,29.620513916015625,6130.335704001643,105.87257226163064,12,1.6,1.6,1.6,1.6,1.6,1.6,1.6,1.2,1.2,1.2,1.2,1.6,1.6,1.6,1.6,1.6,1.6,1.2,1.2,1.2,2.201
1261.8634724617004,0.47577810287475586,3776,30.640884399414062,7508.650376421358,123.2340408579136,12,1.7,1.7,1.7,1.7,1.7,1.7,1.7,1.2,1.2,1.2,1.2,1.7,1.7,1.7,1.7,1.7,1.7,1.2,1.2,1.2,2.201
1262.3639922142029,0.49895596504211426,3328,28.864410400390625,7016.833119505008,115.2976954608074,12,1.7,1.7,1.7,1.7,1.7,1.7,1.7,1.2,1.2,1.2,1.2,1.7,1.7,1.7,1.7,1.7,1.7,1.2,1.2,1.2,2.201
1262.864509820938,0.4991469383239746,3840,30.726837158203125,7314.519230518994,124.97218572250081,12,1.7,1.7,1.7,1.7,1.7,1.7,1.7,1.2,1.2,1.2,1.2,1.7,1.7,1.7,1.7,1.7,1.7,1.2,1.2,1.2,2.201
1263.3650624752045,0.4991416931152344,2880,31.539138793945312,7324.942202286319,91.31511227417803,12,1.7,1.7,1.7,1.7,1.7,1.7,1.7,1.2,1.2,1.2,1.2,1.7,1.7,1.7,1.7,1.7,1.7,1.2,1.2,1.2,2.201
1263.8655626773834,0.4990367889404297,3776,30.412734985351562,6807.414263271447,124.1585145768287,12,1.7,1.7,1.7,1.7,1.7,1.7,1.7,1.2,1.2,1.2,1.2,1.7,1.7,1.7,1.7,1.7,1.7,1.2,1.2,1.2,2.201
1264.3661127090454,0.49900245666503906,3584,30.919158935546875,7535.6302639546175,115.91518409252645,12,1.7,1.7,1.7,1.7,1.7,1.7,1.7,1.2,1.2,1.2,1.2,1.7,1.7,1.7,1.7,1.7,1.7,1.2,1.2,1.2,2.201
1264.8666145801544,0.49906420707702637,3872,30.557510375976562,6942.866368211228,126.71189348737177,12,1.7,1.7,1.7,1.7,1.7,1.7,1.7,1.2,1.2,1.2,1.2,1.7,1.7,1.7,1.7,1.7,1.7,1.2,1.2,1.2,2.201
1265.3671367168427,0.49905824661254883,3328,30.390823364257812,7054.671674303475,109.50674024561015,12,1.7,1.7,1.7,1.7,1.7,1.7,1.7,1.2,1.2,1.2,1.2,1.7,1.7,1.7,1.7,1.7,1.7,1.2,1.2,1.2,2.201
1265.8676795959473,0.4991025924682617,3488,32.75462341308594,7114.265347166346,106.48878346152789,12,1.7,1.7,1.7,1.7,1.7,1.7,1.7,1.2,1.2,1.2,1.2,1.7,1.7,1.7,1.7,1.7,1.7,1.2,1.2,1.2,2.201
1266.368228673935,0.4990653991699219,4064,32.57890319824219,7158.489729677732,124.7433032128373,12,1.7,1.7,1.7,1.7,1.7,1.7,1.7,1.2,1.2,1.2,1.2,1.7,1.7,1.7,1.7,1.7,1.7,1.2,1.2,1.2,2.201
1266.8687317371368,0.49911046028137207,3360,30.743515014648438,7597.357538653557,109.29134155281375,12,1.7,1.7,1.7,1.7,1.7,1.7,1.7,1.2,1.2,1.2,1.2,1.7,1.7,1.7,1.7,1.7,1.7,1.2,1.2,1.2,2.201
1267.3692529201508,0.49910879135131836,4000,30.435653686523438,7171.6775762600255,131.4248099021824,12,1.7,1.7,1.7,1.7,1.7,1.7,1.7,1.2,1.2,1.2,1.2,1.7,1.7,1.7,1.7,1.7,1.7,1.2,1.2,1.2,2.201
1267.869752407074,0.49910593032836914,3040,33.2115478515625,7098.567220345425,91.534426928463,12,1.7,1.7,1.7,1.7,1.7,1.7,1.7,1.2,1.2,1.2,1.2,1.7,1.7,1.7,1.7,1.7,1.7,1.2,1.2,1.2,2.201
1268.370274066925,0.4990658760070801,3968,30.203521728515625,6952.237653384837,131.37540832709414,12,1.7,1.7,1.7,1.7,1.7,1.7,1.7,1.2,1.2,1.2,1.2,1.7,1.7,1.7,1.7,1.7,1.7,1.2,1.2,1.2,2.201
1268.870812177658,0.499065637588501,3264,32.23497009277344,7363.951278541296,101.25649226929906,12,1.7,1.7,1.7,1.7,1.7,1.7,1.7,1.2,1.2,1.2,1.2,1.7,1.7,1.7,1.7,1.7,1.7,1.2,1.2,1.2,2.201
1269.3713221549988,0.49904894828796387,4032,29.92584228515625,7221.656600828149,134.73304983632636,12,1.7,1.7,1.7,1.7,1.7,1.7,1.7,1.2,1.2,1.2,1.2,1.7,1.7,1.7,1.7,1.7,1.7,1.2,1.2,1.2,2.201
1269.8718621730804,0.4991178512573242,3200,30.383621215820312,7179.989994536709,105.31990170854968,12,1.7,1.7,1.7,1.7,1.7,1.7,1.7,1.2,1.2,1.2,1.2,1.7,1.7,1.7,1.7,1.7,1.7,1.2,1.2,1.2,2.201
1270.3723826408386,0.4990267753601074,3744,30.675933837890625,6748.1796225964035,122.050074165157,12,1.7,1.7,1.7,1.7,1.7,1.7,1.7,1.2,1.2,1.2,1.2,1.7,1.7,1.7,1.7,1.7,1.7,1.2,1.2,1.2,2.201
1270.872897863388,0.4991133213043213,3712,30.74041748046875,7362.411659868991,120.75307703151587,12,1.7,1.7,1.7,1.7,1.7,1.7,1.7,1.2,1.2,1.2,1.2,1.7,1.7,1.7,1.7,1.7,1.7,1.2,1.2,1.2,2.201
1271.3734469413757,0.4991154670715332,3680,30.571380615234375,7429.002512172219,120.37402060167923,12,1.7,1.7,1.7,1.7,1.7,1.7,1.7,1.2,1.2,1.2,1.2,1.7,1.7,1.7,1.7,1.7,1.7,1.2,1.2,1.2,2.201
1271.8739738464355,0.4764370918273926,3552,32.07733154296875,6834.308795390503,110.73240288837515,12,1.8,1.8,1.8,1.8,1.8,1.8,1.8,1.2,1.2,1.2,1.2,1.8,1.8,1.8,1.8,1.8,1.8,1.2,1.2,1.2,2.201
1272.3745226860046,0.4989957809448242,3360,29.9520263671875,7406.127955184156,112.17938842631649,12,1.8,1.8,1.8,1.8,1.8,1.8,1.8,1.2,1.2,1.2,1.2,1.8,1.8,1.8,1.8,1.8,1.8,1.2,1.2,1.2,2.201
1272.8750383853912,0.49907970428466797,3520,33.14137268066406,8376.17231398934,106.21165375125521,12,1.8,1.8,1.8,1.8,1.8,1.8,1.8,1.2,1.2,1.2,1.2,1.8,1.8,1.8,1.8,1.8,1.8,1.2,1.2,1.2,2.201
1273.3755865097046,0.49909138679504395,3936,31.596237182617188,7398.523664545307,124.57179559866731,12,1.8,1.8,1.8,1.8,1.8,1.8,1.8,1.2,1.2,1.2,1.2,1.8,1.8,1.8,1.8,1.8,1.8,1.2,1.2,1.2,2.201
1273.8760890960693,0.4991037845611572,4192,31.526275634765625,7649.6282964154725,132.9684498278404,12,1.8,1.8,1.8,1.8,1.8,1.8,1.8,1.2,1.2,1.2,1.2,1.8,1.8,1.8,1.8,1.8,1.8,1.2,1.2,1.2,2.201
1274.3766088485718,0.4990963935852051,3840,31.428985595703125,7330.061268575286,122.18020808552578,12,1.8,1.8,1.8,1.8,1.8,1.8,1.8,1.2,1.2,1.2,1.2,1.8,1.8,1.8,1.8,1.8,1.8,1.2,1.2,1.2,2.201
1274.877128124237,0.49907517433166504,3552,31.640884399414062,7389.777676254009,112.25982040077797,12,1.8,1.8,1.8,1.8,1.8,1.8,1.8,1.2,1.2,1.2,1.2,1.8,1.8,1.8,1.8,1.8,1.8,1.2,1.2,1.2,2.201
1275.3776762485504,0.49910831451416016,3648,31.365234375,7854.9585253491705,116.30711750420325,12,1.8,1.8,1.8,1.8,1.8,1.8,1.8,1.2,1.2,1.2,1.2,1.8,1.8,1.8,1.8,1.8,1.8,1.2,1.2,1.2,2.201
1275.8781995773315,0.4990689754486084,3904,31.259292602539062,7223.84597335892,124.89086204346461,12,1.8,1.8,1.8,1.8,1.8,1.8,1.8,1.2,1.2,1.2,1.2,1.8,1.8,1.8,1.8,1.8,1.8,1.2,1.2,1.2,2.201
1276.3787212371826,0.4990382194519043,3616,31.410247802734375,8062.991935636289,115.121664200472,12,1.8,1.8,1.8,1.8,1.8,1.8,1.8,1.2,1.2,1.2,1.2,1.8,1.8,1.8,1.8,1.8,1.8,1.2,1.2,1.2,2.201
1276.8792688846588,0.4990999698638916,3904,32.914703369140625,7652.754907125562,118.60960605405967,12,1.8,1.8,1.8,1.8,1.8,1.8,1.8,1.2,1.2,1.2,1.2,1.8,1.8,1.8,1.8,1.8,1.8,1.2,1.2,1.2,2.201
1277.3797717094421,0.4991021156311035,3968,33.179412841796875,7543.5420965959565,119.59223084868513,12,1.8,1.8,1.8,1.8,1.8,1.8,1.8,1.2,1.2,1.2,1.2,1.8,1.8,1.8,1.8,1.8,1.8,1.2,1.2,1.2,2.201
1277.8802745342255,0.49904799461364746,3680,33.398773193359375,7478.525151992898,110.18368784670476,12,1.8,1.8,1.8,1.8,1.8,1.8,1.8,1.2,1.2,1.2,1.2,1.8,1.8,1.8,1.8,1.8,1.8,1.2,1.2,1.2,2.201
1278.3807814121246,0.4991588592529297,3968,31.684371948242188,7451.444140833234,125.23524236118368,12,1.8,1.8,1.8,1.8,1.8,1.8,1.8,1.2,1.2,1.2,1.2,1.8,1.8,1.8,1.8,1.8,1.8,1.2,1.2,1.2,2.201
1278.881296157837,0.49910831451416016,3424,33.04974365234375,7391.672438227339,103.60140871341325,12,1.8,1.8,1.8,1.8,1.8,1.8,1.8,1.2,1.2,1.2,1.2,1.8,1.8,1.8,1.8,1.8,1.8,1.2,1.2,1.2,2.201
1279.3818027973175,0.49910688400268555,4416,32.165191650390625,8195.13579567231,137.29126964323157,12,1.8,1.8,1.8,1.8,1.8,1.8,1.8,1.2,1.2,1.2,1.2,1.8,1.8,1.8,1.8,1.8,1.8,1.2,1.2,1.2,2.201
1279.8823373317719,0.4990997314453125,3488,31.951690673828125,7260.9594234473125,109.1648024389848,12,1.8,1.8,1.8,1.8,1.8,1.8,1.8,1.2,1.2,1.2,1.2,1.8,1.8,1.8,1.8,1.8,1.8,1.2,1.2,1.2,2.201
1280.3828773498535,0.4991116523742676,3648,31.79998779296875,7680.996117526372,114.71702516837456,12,1.8,1.8,1.8,1.8,1.8,1.8,1.8,1.2,1.2,1.2,1.2,1.8,1.8,1.8,1.8,1.8,1.8,1.2,1.2,1.2,2.201
1280.8833906650543,0.49903178215026855,4032,31.710037231445312,7578.900843578232,127.15216858848909,12,1.8,1.8,1.8,1.8,1.8,1.8,1.8,1.2,1.2,1.2,1.2,1.8,1.8,1.8,1.8,1.8,1.8,1.2,1.2,1.2,2.201
1281.3839123249054,0.49910902976989746,2752,31.060577392578125,6921.354069527233,88.60105738593211,12,1.8,1.8,1.8,1.8,1.8,1.8,1.8,1.2,1.2,1.2,1.2,1.8,1.8,1.8,1.8,1.8,1.8,1.2,1.2,1.2,2.201
1281.884395122528,0.47812747955322266,4960,33.14781188964844,8052.095265379255,149.63280280798665,12,1.9,1.9,1.9,1.9,1.9,1.9,1.9,1.2,1.2,1.2,1.2,1.9,1.9,1.9,1.9,1.9,1.9,1.2,1.2,1.2,2.201
1282.384958744049,0.49907565116882324,3744,31.493728637695312,8239.425910260927,118.8808109408408,12,1.9,1.9,1.9,1.9,1.9,1.9,1.9,1.2,1.2,1.2,1.2,1.9,1.9,1.9,1.9,1.9,1.9,1.2,1.2,1.2,2.201
1282.885460615158,0.49907827377319336,4000,33.774139404296875,7812.528406010243,118.43380972991142,12,1.9,1.9,1.9,1.9,1.9,1.9,1.9,1.2,1.2,1.2,1.2,1.9,1.9,1.9,1.9,1.9,1.9,1.2,1.2,1.2,2.201
1283.3859803676605,0.49907493591308594,3776,32.52674865722656,7587.542503237565,116.08906994646928,12,1.9,1.9,1.9,1.9,1.9,1.9,1.9,1.2,1.2,1.2,1.2,1.9,1.9,1.9,1.9,1.9,1.9,1.2,1.2,1.2,2.201
1283.886482477188,0.49901247024536133,4512,32.51847839355469,8572.291160090872,138.7518796357427,12,1.9,1.9,1.9,1.9,1.9,1.9,1.9,1.2,1.2,1.2,1.2,1.9,1.9,1.9,1.9,1.9,1.9,1.2,1.2,1.2,2.201
1284.3870015144348,0.4991028308868408,3776,32.801605224609375,7606.856554420013,115.11631745287451,12,1.9,1.9,1.9,1.9,1.9,1.9,1.9,1.2,1.2,1.2,1.2,1.9,1.9,1.9,1.9,1.9,1.9,1.2,1.2,1.2,2.201
1284.8875336647034,0.4991111755371094,4064,32.82289123535156,7941.4763716421,123.81602738344117,12,1.9,1.9,1.9,1.9,1.9,1.9,1.9,1.2,1.2,1.2,1.2,1.9,1.9,1.9,1.9,1.9,1.9,1.2,1.2,1.2,2.201
1285.38809800148,0.49904632568359375,4288,32.60011291503906,8185.46970374989,131.53328674582175,12,1.9,1.9,1.9,1.9,1.9,1.9,1.9,1.2,1.2,1.2,1.2,1.9,1.9,1.9,1.9,1.9,1.9,1.2,1.2,1.2,2.201
1285.8886458873749,0.49909019470214844,3808,32.104278564453125,7626.284550063225,118.61347366379815,12,1.9,1.9,1.9,1.9,1.9,1.9,1.9,1.2,1.2,1.2,1.2,1.9,1.9,1.9,1.9,1.9,1.9,1.2,1.2,1.2,2.201
1286.3891677856445,0.49904489517211914,3424,32.3663330078125,8631.712909350954,105.788938128194,12,1.9,1.9,1.9,1.9,1.9,1.9,1.9,1.2,1.2,1.2,1.2,1.9,1.9,1.9,1.9,1.9,1.9,1.2,1.2,1.2,2.201
1286.8897173404694,0.4990663528442383,4608,32.52323913574219,7927.2109486783265,141.68330469076582,12,1.9,1.9,1.9,1.9,1.9,1.9,1.9,1.2,1.2,1.2,1.2,1.9,1.9,1.9,1.9,1.9,1.9,1.2,1.2,1.2,2.201
1287.3902380466461,0.4991285800933838,4064,32.42584228515625,8095.905722993196,125.33213368093136,12,1.9,1.9,1.9,1.9,1.9,1.9,1.9,1.2,1.2,1.2,1.2,1.9,1.9,1.9,1.9,1.9,1.9,1.2,1.2,1.2,2.201
1287.8907403945923,0.4990668296813965,3872,32.30827331542969,8070.999945305881,119.84546379799325,12,1.9,1.9,1.9,1.9,1.9,1.9,1.9,1.2,1.2,1.2,1.2,1.9,1.9,1.9,1.9,1.9,1.9,1.2,1.2,1.2,2.201
1288.3912868499756,0.4991183280944824,4192,32.36991882324219,7764.89483663718,129.50295065275444,12,1.9,1.9,1.9,1.9,1.9,1.9,1.9,1.2,1.2,1.2,1.2,1.9,1.9,1.9,1.9,1.9,1.9,1.2,1.2,1.2,2.201
1288.8918242454529,0.4990987777709961,4000,32.190093994140625,8274.15137316685,124.26183038571111,12,1.9,1.9,1.9,1.9,1.9,1.9,1.9,1.2,1.2,1.2,1.2,1.9,1.9,1.9,1.9,1.9,1.9,1.2,1.2,1.2,2.201
1289.3923449516296,0.4990420341491699,3520,31.952987670898438,7514.242049416693,110.16184265003432,12,1.9,1.9,1.9,1.9,1.9,1.9,1.9,1.2,1.2,1.2,1.2,1.9,1.9,1.9,1.9,1.9,1.9,1.2,1.2,1.2,2.201
1289.892847776413,0.4990544319152832,4640,34.56224060058594,8398.470192660523,134.25055550135073,12,1.9,1.9,1.9,1.9,1.9,1.9,1.9,1.2,1.2,1.2,1.2,1.9,1.9,1.9,1.9,1.9,1.9,1.2,1.2,1.2,2.201
1290.3933687210083,0.4991171360015869,3616,33.421722412109375,7716.732252243245,108.1931073274024,12,1.9,1.9,1.9,1.9,1.9,1.9,1.9,1.2,1.2,1.2,1.2,1.9,1.9,1.9,1.9,1.9,1.9,1.2,1.2,1.2,2.201
1290.8938705921173,0.49912524223327637,4288,34.92326354980469,8180.575975595535,122.78348482193844,12,1.9,1.9,1.9,1.9,1.9,1.9,1.9,1.2,1.2,1.2,1.2,1.9,1.9,1.9,1.9,1.9,1.9,1.2,1.2,1.2,2.201
1291.3943898677826,0.49907445907592773,4192,32.63981628417969,8187.460517243695,128.43209543528698,12,1.9,1.9,1.9,1.9,1.9,1.9,1.9,1.2,1.2,1.2,1.2,1.9,1.9,1.9,1.9,1.9,1.9,1.2,1.2,1.2,2.201
1291.894873380661,0.4770495891571045,3936,35.54534912109375,7952.053253881488,110.73178622021894,12,2.0,2.0,2.0,2.0,2.0,2.0,2.0,1.2,1.2,1.2,1.2,2.0,2.0,2.0,2.0,2.0,2.0,1.2,1.2,1.2,2.201
1292.3953909873962,0.4990663528442383,4288,31.845382690429688,8558.287704631559,134.65060356422245,12,2.0,2.0,2.0,2.0,2.0,2.0,2.0,1.2,1.2,1.2,1.2,2.0,2.0,2.0,2.0,2.0,2.0,1.2,1.2,1.2,2.201
1292.8959045410156,0.4990975856781006,3648,34.186859130859375,7733.195532277033,106.70766758760439,12,2.0,2.0,2.0,2.0,2.0,2.0,2.0,1.2,1.2,1.2,1.2,2.0,2.0,2.0,2.0,2.0,2.0,1.2,1.2,1.2,2.201
1293.3964188098907,0.49910974502563477,4224,33.67622375488281,8695.069143200535,125.42974030416786,12,2.0,2.0,2.0,2.0,2.0,2.0,2.0,1.2,1.2,1.2,1.2,2.0,2.0,2.0,2.0,2.0,2.0,1.2,1.2,1.2,2.201
1293.896933555603,0.49910807609558105,4352,33.096160888671875,8730.68380734819,131.49561408766291,12,2.0,2.0,2.0,2.0,2.0,2.0,2.0,1.2,1.2,1.2,1.2,2.0,2.0,2.0,2.0,2.0,2.0,1.2,1.2,1.2,2.201
1294.397448539734,0.49910616874694824,4352,33.310791015625,8034.290904853171,130.64835350078056,12,2.0,2.0,2.0,2.0,2.0,2.0,2.0,1.2,1.2,1.2,1.2,2.0,2.0,2.0,2.0,2.0,2.0,1.2,1.2,1.2,2.201
1294.897953748703,0.49906420707702637,4064,35.18891906738281,8894.9428657459,115.490901900621,12,2.0,2.0,2.0,2.0,2.0,2.0,2.0,1.2,1.2,1.2,1.2,2.0,2.0,2.0,2.0,2.0,2.0,1.2,1.2,1.2,2.201
1295.3984739780426,0.49905991554260254,3936,33.19712829589844,8529.888769413983,118.564472351854,12,2.0,2.0,2.0,2.0,2.0,2.0,2.0,1.2,1.2,1.2,1.2,2.0,2.0,2.0,2.0,2.0,2.0,1.2,1.2,1.2,2.201
1295.8989918231964,0.4991180896759033,4576,34.39445495605469,7733.016728566988,133.0447017069086,12,2.0,2.0,2.0,2.0,2.0,2.0,2.0,1.2,1.2,1.2,1.2,2.0,2.0,2.0,2.0,2.0,2.0,1.2,1.2,1.2,2.201
1296.3994965553284,0.4991002082824707,4480,33.493377685546875,8955.594823002726,133.75778466001708,12,2.0,2.0,2.0,2.0,2.0,2.0,2.0,1.2,1.2,1.2,1.2,2.0,2.0,2.0,2.0,2.0,2.0,1.2,1.2,1.2,2.201
1296.900015592575,0.4990956783294678,4256,33.49839782714844,8650.315730739607,127.05085246049492,12,2.0,2.0,2.0,2.0,2.0,2.0,2.0,1.2,1.2,1.2,1.2,2.0,2.0,2.0,2.0,2.0,2.0,1.2,1.2,1.2,2.201
1297.4005331993103,0.49912238121032715,4000,33.44486999511719,8333.384144403859,119.59980710297225,12,2.0,2.0,2.0,2.0,2.0,2.0,2.0,1.2,1.2,1.2,1.2,2.0,2.0,2.0,2.0,2.0,2.0,1.2,1.2,1.2,2.201
1297.9010548591614,0.4991133213043213,3968,35.53181457519531,8440.758497408895,111.6745667914763,12,2.0,2.0,2.0,2.0,2.0,2.0,2.0,1.2,1.2,1.2,1.2,2.0,2.0,2.0,2.0,2.0,2.0,1.2,1.2,1.2,2.201
1298.4015762805939,0.499098539352417,4192,33.76483154296875,8419.349886862885,124.15284805035402,12,2.0,2.0,2.0,2.0,2.0,2.0,2.0,1.2,1.2,1.2,1.2,2.0,2.0,2.0,2.0,2.0,2.0,1.2,1.2,1.2,2.201
1298.902097940445,0.4990360736846924,4128,33.4700927734375,8528.999009812782,123.33398738816939,12,2.0,2.0,2.0,2.0,2.0,2.0,2.0,1.2,1.2,1.2,1.2,2.0,2.0,2.0,2.0,2.0,2.0,1.2,1.2,1.2,2.201
1299.402616262436,0.4990541934967041,4608,33.28102111816406,8329.09404562053,138.45729022674286,12,2.0,2.0,2.0,2.0,2.0,2.0,2.0,1.2,1.2,1.2,1.2,2.0,2.0,2.0,2.0,2.0,2.0,1.2,1.2,1.2,2.201
1299.9031209945679,0.4990363121032715,3936,32.87115478515625,8240.226706392292,119.74024112403238,12,2.0,2.0,2.0,2.0,2.0,2.0,2.0,1.2,1.2,1.2,1.2,2.0,2.0,2.0,2.0,2.0,2.0,1.2,1.2,1.2,2.201
1300.4036400318146,0.49918150901794434,3840,32.68585205078125,8550.26026216191,117.48202231455114,12,2.0,2.0,2.0,2.0,2.0,2.0,2.0,1.2,1.2,1.2,1.2,2.0,2.0,2.0,2.0,2.0,2.0,1.2,1.2,1.2,2.201
1300.9041512012482,0.49910449981689453,4800,33.6593017578125,8087.95585452743,142.6054537475928,12,2.0,2.0,2.0,2.0,2.0,2.0,2.0,1.2,1.2,1.2,1.2,2.0,2.0,2.0,2.0,2.0,2.0,1.2,1.2,1.2,2.201
1301.4046702384949,0.4991135597229004,4352,34.22151184082031,8729.767657292436,127.17147098126802,12,2.0,2.0,2.0,2.0,2.0,2.0,2.0,1.2,1.2,1.2,1.2,2.0,2.0,2.0,2.0,2.0,2.0,1.2,1.2,1.2,2.201
1301.905156135559,0.476961612701416,3904,34.95533752441406,8253.49586849031,111.6853755817207,12,2.1,2.1,2.1,2.1,2.1,2.1,2.1,1.2,1.2,1.2,1.2,2.1,2.1,2.1,2.1,2.1,2.1,1.2,1.2,1.2,2.201
1302.4056742191315,0.4990675449371338,4256,32.99652099609375,8811.838159861734,128.98329495112048,12,2.1,2.1,2.1,2.1,2.1,2.1,2.1,1.2,1.2,1.2,1.2,2.1,2.1,2.1,2.1,2.1,2.1,1.2,1.2,1.2,2.201
1302.9061832427979,0.49906444549560547,4192,34.08528137207031,9034.433858500146,122.98563577166038,12,2.1,2.1,2.1,2.1,2.1,2.1,2.1,1.2,1.2,1.2,1.2,2.1,2.1,2.1,2.1,2.1,2.1,1.2,1.2,1.2,2.201
1303.40669465065,0.499082088470459,4512,34.44586181640625,8607.219934606475,130.9881582887549,12,2.1,2.1,2.1,2.1,2.1,2.1,2.1,1.2,1.2,1.2,1.2,2.1,2.1,2.1,2.1,2.1,2.1,1.2,1.2,1.2,2.201
1303.9072051048279,0.49910974502563477,4320,34.812225341796875,8589.05715618885,124.09433633112918,12,2.1,2.1,2.1,2.1,2.1,2.1,2.1,1.2,1.2,1.2,1.2,2.1,2.1,2.1,2.1,2.1,2.1,1.2,1.2,1.2,2.201
1304.407723903656,0.4991037845611572,4352,34.205535888671875,9127.220970820206,127.23086737083652,12,2.1,2.1,2.1,2.1,2.1,2.1,2.1,1.2,1.2,1.2,1.2,2.1,2.1,2.1,2.1,2.1,2.1,1.2,1.2,1.2,2.201
1304.9082374572754,0.4991006851196289,5184,34.441986083984375,8937.853361574,150.51396825256182,12,2.1,2.1,2.1,2.1,2.1,2.1,2.1,1.2,1.2,1.2,1.2,2.1,2.1,2.1,2.1,2.1,2.1,1.2,1.2,1.2,2.201
1305.4087538719177,0.49910569190979004,4320,35.563140869140625,8941.01131576424,121.47408508984127,12,2.1,2.1,2.1,2.1,2.1,2.1,2.1,1.2,1.2,1.2,1.2,2.1,2.1,2.1,2.1,2.1,2.1,1.2,1.2,1.2,2.201
1305.9092619419098,0.4991428852081299,3936,35.26885986328125,9010.234948383293,111.5998650157049,12,2.1,2.1,2.1,2.1,2.1,2.1,2.1,1.2,1.2,1.2,1.2,2.1,2.1,2.1,2.1,2.1,2.1,1.2,1.2,1.2,2.201
1306.4097805023193,0.49909114837646484,4640,34.16383361816406,8209.509502690007,135.8161397183783,12,2.1,2.1,2.1,2.1,2.1,2.1,2.1,1.2,1.2,1.2,1.2,2.1,2.1,2.1,2.1,2.1,2.1,1.2,1.2,1.2,2.201
1306.9102883338928,0.4990553855895996,4704,34.53253173828125,9390.331210654116,136.21937816929164,12,2.1,2.1,2.1,2.1,2.1,2.1,2.1,1.2,1.2,1.2,1.2,2.1,2.1,2.1,2.1,2.1,2.1,1.2,1.2,1.2,2.201
1307.4108085632324,0.49907350540161133,3968,34.078460693359375,9062.300501233705,116.43718405312877,12,2.1,2.1,2.1,2.1,2.1,2.1,2.1,1.2,1.2,1.2,1.2,2.1,2.1,2.1,2.1,2.1,2.1,1.2,1.2,1.2,2.201
1307.9113171100616,0.49910783767700195,4640,34.506378173828125,8187.489338467385,134.46789392458686,12,2.1,2.1,2.1,2.1,2.1,2.1,2.1,1.2,1.2,1.2,1.2,2.1,2.1,2.1,2.1,2.1,2.1,1.2,1.2,1.2,2.201
1308.4118239879608,0.4990992546081543,4384,34.739715576171875,9405.887675531578,126.19562156136377,12,2.1,2.1,2.1,2.1,2.1,2.1,2.1,1.2,1.2,1.2,1.2,2.1,2.1,2.1,2.1,2.1,2.1,1.2,1.2,1.2,2.201
1308.9123311042786,0.49910497665405273,4576,36.483856201171875,8644.235670546457,125.42533812127616,12,2.1,2.1,2.1,2.1,2.1,2.1,2.1,1.2,1.2,1.2,1.2,2.1,2.1,2.1,2.1,2.1,2.1,1.2,1.2,1.2,2.201
1309.4128534793854,0.4991171360015869,4544,34.05828857421875,8866.587626876712,133.41833046301954,12,2.1,2.1,2.1,2.1,2.1,2.1,2.1,1.2,1.2,1.2,1.2,2.1,2.1,2.1,2.1,2.1,2.1,1.2,1.2,1.2,2.201
1309.9133596420288,0.4990994930267334,4384,34.42738342285156,9184.263644215542,127.3404936458247,12,2.1,2.1,2.1,2.1,2.1,2.1,2.1,1.2,1.2,1.2,1.2,2.1,2.1,2.1,2.1,2.1,2.1,1.2,1.2,1.2,2.201
1310.4138767719269,0.49901413917541504,3936,35.59136962890625,8482.917007637454,110.58860732359392,12,2.1,2.1,2.1,2.1,2.1,2.1,2.1,1.2,1.2,1.2,1.2,2.1,2.1,2.1,2.1,2.1,2.1,1.2,1.2,1.2,2.201
1310.9143857955933,0.4990966320037842,4896,36.06568908691406,8556.095834139574,135.75229321700238,12,2.1,2.1,2.1,2.1,2.1,2.1,2.1,1.2,1.2,1.2,1.2,2.1,2.1,2.1,2.1,2.1,2.1,1.2,1.2,1.2,2.201
1311.41490316391,0.4991116523742676,4032,34.923858642578125,8714.30690923779,115.45116023016729,12,2.1,2.1,2.1,2.1,2.1,2.1,2.1,1.2,1.2,1.2,1.2,2.1,2.1,2.1,2.1,2.1,2.1,1.2,1.2,1.2,2.201
1311.91539311409,0.47641611099243164,4672,37.5247802734375,9255.845612110774,124.50439325575873,12,2.2,2.2,2.2,2.2,2.2,2.2,2.2,1.2,1.2,1.2,1.2,2.2,2.2,2.2,2.2,2.2,2.2,1.2,1.2,1.2,2.201
1312.4159135818481,0.4990692138671875,4992,33.89158630371094,9377.491870526022,147.29319410621403,12,2.2,2.2,2.2,2.2,2.2,2.2,2.2,1.2,1.2,1.2,1.2,2.2,2.2,2.2,2.2,2.2,2.2,1.2,1.2,1.2,2.201
1312.9164202213287,0.4990661144256592,4032,36.37797546386719,9163.77856980419,110.83629444977846,12,2.2,2.2,2.2,2.2,2.2,2.2,2.2,1.2,1.2,1.2,1.2,2.2,2.2,2.2,2.2,2.2,2.2,1.2,1.2,1.2,2.201
1313.4169354438782,0.49911975860595703,4800,39.23561096191406,9008.972125681901,122.33784264655267,12,2.2,2.2,2.2,2.2,2.2,2.2,2.2,1.2,1.2,1.2,1.2,2.2,2.2,2.2,2.2,2.2,2.2,1.2,1.2,1.2,2.201
1313.917443037033,0.4991147518157959,4448,40.17079162597656,9520.585279113597,110.72721796011825,12,2.2,2.2,2.2,2.2,2.2,2.2,2.2,1.2,1.2,1.2,1.2,2.2,2.2,2.2,2.2,2.2,2.2,1.2,1.2,1.2,2.201
1314.4179499149323,0.4990885257720947,5184,40.358612060546875,9323.019046016478,128.44842117520915,12,2.2,2.2,2.2,2.2,2.2,2.2,2.2,1.2,1.2,1.2,1.2,2.2,2.2,2.2,2.2,2.2,2.2,1.2,1.2,1.2,2.201
1314.91845870018,0.4990973472595215,4000,40.17547607421875,9616.35566165426,99.56322589956474,12,2.2,2.2,2.2,2.2,2.2,2.2,2.2,1.2,1.2,1.2,1.2,2.2,2.2,2.2,2.2,2.2,2.2,1.2,1.2,1.2,2.201
1315.4189677238464,0.4991288185119629,5280,40.258087158203125,9220.748429195795,131.15377238990675,12,2.2,2.2,2.2,2.2,2.2,2.2,2.2,1.2,1.2,1.2,1.2,2.2,2.2,2.2,2.2,2.2,2.2,1.2,1.2,1.2,2.201
1315.9194746017456,0.49911999702453613,4768,39.70513916015625,9251.31090148087,120.0852106516389,12,2.2,2.2,2.2,2.2,2.2,2.2,2.2,1.2,1.2,1.2,1.2,2.2,2.2,2.2,2.2,2.2,2.2,1.2,1.2,1.2,2.201
1316.4199848175049,0.49910950660705566,4416,40.81837463378906,9342.50702728988,108.18657135711811,12,2.2,2.2,2.2,2.2,2.2,2.2,2.2,1.2,1.2,1.2,1.2,2.2,2.2,2.2,2.2,2.2,2.2,1.2,1.2,1.2,2.201
1316.9204952716827,0.4991190433502197,4512,39.75590515136719,8792.990673501305,113.49257381566206,12,2.2,2.2,2.2,2.2,2.2,2.2,2.2,1.2,1.2,1.2,1.2,2.2,2.2,2.2,2.2,2.2,2.2,1.2,1.2,1.2,2.201
1317.4210119247437,0.4991264343261719,4768,40.06098937988281,9499.398122314338,119.01852834404329,12,2.2,2.2,2.2,2.2,2.2,2.2,2.2,1.2,1.2,1.2,1.2,2.2,2.2,2.2,2.2,2.2,2.2,1.2,1.2,1.2,2.201
1317.9215264320374,0.49911975860595703,5024,39.83839416503906,9616.620235491333,126.10950077924844,12,2.2,2.2,2.2,2.2,2.2,2.2,2.2,1.2,1.2,1.2,1.2,2.2,2.2,2.2,2.2,2.2,2.2,1.2,1.2,1.2,2.201
1318.4220428466797,0.4990851879119873,4128,39.93406677246094,9406.414865968432,103.3703885837824,12,2.2,2.2,2.2,2.2,2.2,2.2,2.2,1.2,1.2,1.2,1.2,2.2,2.2,2.2,2.2,2.2,2.2,1.2,1.2,1.2,2.201
1318.9225871562958,0.4990823268890381,4448,40.11920166015625,8709.645251042732,110.86960397862205,12,2.2,2.2,2.2,2.2,2.2,2.2,2.2,1.2,1.2,1.2,1.2,2.2,2.2,2.2,2.2,2.2,2.2,1.2,1.2,1.2,2.201
1319.4231021404266,0.4991114139556885,5184,40.115234375,9386.711487585098,129.22771313111642,12,2.2,2.2,2.2,2.2,2.2,2.2,2.2,1.2,1.2,1.2,1.2,2.2,2.2,2.2,2.2,2.2,2.2,1.2,1.2,1.2,2.201
1319.923621892929,0.49912500381469727,4256,40.130645751953125,9681.6386195469,106.05361364744209,12,2.2,2.2,2.2,2.2,2.2,2.2,2.2,1.2,1.2,1.2,1.2,2.2,2.2,2.2,2.2,2.2,2.2,1.2,1.2,1.2,2.201
1320.4241366386414,0.4991176128387451,5408,39.808380126953125,9581.689931331864,135.8507927917016,12,2.2,2.2,2.2,2.2,2.2,2.2,2.2,1.2,1.2,1.2,1.2,2.2,2.2,2.2,2.2,2.2,2.2,1.2,1.2,1.2,2.201
1320.9246475696564,0.49911975860595703,4160,40.40940856933594,9034.587303956276,102.946322336347,12,2.2,2.2,2.2,2.2,2.2,2.2,2.2,1.2,1.2,1.2,1.2,2.2,2.2,2.2,2.2,2.2,2.2,1.2,1.2,1.2,2.201
1321.4251654148102,0.499126672744751,4640,39.99055480957031,9028.795397422784,116.02739752161632,12,2.2,2.2,2.2,2.2,2.2,2.2,2.2,1.2,1.2,1.2,1.2,2.2,2.2,2.2,2.2,2.2,2.2,1.2,1.2,1.2,2.201
1321.9256584644318,0.47753310203552246,4416,41.82807922363281,9649.654078863448,105.57501281352086,13,1.2,1.2,1.2,1.2,1.2,1.2,1.2,1.2,1.2,1.2,1.2,1.2,1.2,1.2,1.2,1.2,1.2,1.2,1.2,1.2,2.201
1322.4261746406555,0.49901866912841797,3328,26.520217895507812,5843.113430761028,125.48916502543973,13,1.2,1.2,1.2,1.2,1.2,1.2,1.2,1.2,1.2,1.2,1.2,1.2,1.2,1.2,1.2,1.2,1.2,1.2,1.2,1.2,2.201
1322.926684141159,0.4991123676300049,1888,24.767471313476562,5449.542357865234,76.22901733099798,13,1.2,1.2,1.2,1.2,1.2,1.2,1.2,1.2,1.2,1.2,1.2,1.2,1.2,1.2,1.2,1.2,1.2,1.2,1.2,1.2,2.201
1323.4271957874298,0.4991142749786377,3296,25.386154174804688,5127.663537725091,129.83455380063918,13,1.2,1.2,1.2,1.2,1.2,1.2,1.2,1.2,1.2,1.2,1.2,1.2,1.2,1.2,1.2,1.2,1.2,1.2,1.2,1.2,2.201
1323.927705526352,0.4991297721862793,1760,28.206314086914062,5158.168535872382,62.39737650856438,13,1.2,1.2,1.2,1.2,1.2,1.2,1.2,1.2,1.2,1.2,1.2,1.2,1.2,1.2,1.2,1.2,1.2,1.2,1.2,1.2,2.201
1324.4282131195068,0.4991178512573242,2784,25.69842529296875,4825.0771492359,108.3334861284952,13,1.2,1.2,1.2,1.2,1.2,1.2,1.2,1.2,1.2,1.2,1.2,1.2,1.2,1.2,1.2,1.2,1.2,1.2,1.2,1.2,2.201
1324.9287230968475,0.4991476535797119,2784,27.787216186523438,5366.62151579635,100.18995718434782,13,1.2,1.2,1.2,1.2,1.2,1.2,1.2,1.2,1.2,1.2,1.2,1.2,1.2,1.2,1.2,1.2,1.2,1.2,1.2,1.2,2.201
1325.4292342662811,0.49909067153930664,2784,26.179733276367188,5216.671177907344,106.34180152298022,13,1.2,1.2,1.2,1.2,1.2,1.2,1.2,1.2,1.2,1.2,1.2,1.2,1.2,1.2,1.2,1.2,1.2,1.2,1.2,1.2,2.201
1325.9297442436218,0.4990980625152588,2432,26.577301025390625,4585.867324545968,91.50665816956314,13,1.2,1.2,1.2,1.2,1.2,1.2,1.2,1.2,1.2,1.2,1.2,1.2,1.2,1.2,1.2,1.2,1.2,1.2,1.2,1.2,2.201
1326.4302549362183,0.49905920028686523,2176,24.595550537109375,5419.298068228009,88.47128657343472,13,1.2,1.2,1.2,1.2,1.2,1.2,1.2,1.2,1.2,1.2,1.2,1.2,1.2,1.2,1.2,1.2,1.2,1.2,1.2,1.2,2.201
1326.930767774582,0.49909138679504395,3328,26.973892211914062,5521.630033297593,123.378560789609,13,1.2,1.2,1.2,1.2,1.2,1.2,1.2,1.2,1.2,1.2,1.2,1.2,1.2,1.2,1.2,1.2,1.2,1.2,1.2,1.2,2.201
1327.4312851428986,0.49910950660705566,1824,25.716506958007812,4722.6133007653825,70.92720652063628,13,1.2,1.2,1.2,1.2,1.2,1.2,1.2,1.2,1.2,1.2,1.2,1.2,1.2,1.2,1.2,1.2,1.2,1.2,1.2,1.2,2.201
1327.9317979812622,0.4990971088409424,3008,24.6650390625,5095.243858791725,121.95399295244883,13,1.2,1.2,1.2,1.2,1.2,1.2,1.2,1.2,1.2,1.2,1.2,1.2,1.2,1.2,1.2,1.2,1.2,1.2,1.2,1.2,2.201
1328.4323105812073,0.49912142753601074,2528,24.661880493164062,5512.735484011114,102.5063762149333,13,1.2,1.2,1.2,1.2,1.2,1.2,1.2,1.2,1.2,1.2,1.2,1.2,1.2,1.2,1.2,1.2,1.2,1.2,1.2,1.2,2.201
1328.9328236579895,0.49910879135131836,2688,24.311614990234375,5102.214622937822,110.56443601462638,13,1.2,1.2,1.2,1.2,1.2,1.2,1.2,1.2,1.2,1.2,1.2,1.2,1.2,1.2,1.2,1.2,1.2,1.2,1.2,1.2,2.201
1329.4333386421204,0.49901461601257324,2368,24.956375122070312,5775.277616022911,94.88557486483066,13,1.2,1.2,1.2,1.2,1.2,1.2,1.2,1.2,1.2,1.2,1.2,1.2,1.2,1.2,1.2,1.2,1.2,1.2,1.2,1.2,2.201
1329.9338533878326,0.4990811347961426,3296,24.281448364257812,5134.382514726248,135.74149081039573,13,1.2,1.2,1.2,1.2,1.2,1.2,1.2,1.2,1.2,1.2,1.2,1.2,1.2,1.2,1.2,1.2,1.2,1.2,1.2,1.2,2.201
1330.434363603592,0.49902868270874023,1792,24.35455322265625,5119.29886475166,73.57967044671386,13,1.2,1.2,1.2,1.2,1.2,1.2,1.2,1.2,1.2,1.2,1.2,1.2,1.2,1.2,1.2,1.2,1.2,1.2,1.2,1.2,2.201
1330.9348742961884,0.4991137981414795,3168,24.1866455078125,4938.42547256595,130.98137147529235,13,1.2,1.2,1.2,1.2,1.2,1.2,1.2,1.2,1.2,1.2,1.2,1.2,1.2,1.2,1.2,1.2,1.2,1.2,1.2,1.2,2.201
1331.4353866577148,0.499068021774292,2368,24.123245239257812,5179.894949242086,98.16258038725037,13,1.2,1.2,1.2,1.2,1.2,1.2,1.2,1.2,1.2,1.2,1.2,1.2,1.2,1.2,1.2,1.2,1.2,1.2,1.2,1.2,2.201
1331.9358892440796,0.47605299949645996,2752,25.95098876953125,5229.182123536638,106.04605567981636,13,1.3,1.3,1.3,1.3,1.3,1.3,1.3,1.3,1.2,1.2,1.2,1.3,1.3,1.3,1.3,1.3,1.3,1.2,1.2,1.2,2.201
1332.4364097118378,0.4990694522857666,2496,24.067657470703125,5026.88265052535,103.70764180262702,13,1.3,1.3,1.3,1.3,1.3,1.3,1.3,1.3,1.2,1.2,1.2,1.3,1.3,1.3,1.3,1.3,1.3,1.2,1.2,1.2,2.201
1332.9369254112244,0.4992551803588867,2784,27.328125,6410.356829393281,101.87307032590051,13,1.3,1.3,1.3,1.3,1.3,1.3,1.3,1.3,1.2,1.2,1.2,1.3,1.3,1.3,1.3,1.3,1.3,1.2,1.2,1.2,2.201
1333.4374375343323,0.4991006851196289,2592,26.683334350585938,5236.358167323,97.13928424177927,13,1.3,1.3,1.3,1.3,1.3,1.3,1.3,1.3,1.2,1.2,1.2,1.3,1.3,1.3,1.3,1.3,1.3,1.2,1.2,1.2,2.201
1333.9379489421844,0.49907350540161133,2880,24.97265625,5201.686025082165,115.32613796339747,13,1.3,1.3,1.3,1.3,1.3,1.3,1.3,1.3,1.2,1.2,1.2,1.3,1.3,1.3,1.3,1.3,1.3,1.2,1.2,1.2,2.201
1334.4384615421295,0.49901700019836426,2592,24.860092163085938,6037.277419406816,104.26349118080861,13,1.3,1.3,1.3,1.3,1.3,1.3,1.3,1.3,1.2,1.2,1.2,1.3,1.3,1.3,1.3,1.3,1.3,1.2,1.2,1.2,2.201
1334.9389734268188,0.49909520149230957,3168,25.440017700195312,5750.621868247953,124.52821524474325,13,1.3,1.3,1.3,1.3,1.3,1.3,1.3,1.3,1.2,1.2,1.2,1.3,1.3,1.3,1.3,1.3,1.3,1.2,1.2,1.2,2.201
1335.4394841194153,0.49913907051086426,2848,26.838272094726562,5613.47495871879,106.11711476610307,13,1.3,1.3,1.3,1.3,1.3,1.3,1.3,1.3,1.2,1.2,1.2,1.3,1.3,1.3,1.3,1.3,1.3,1.2,1.2,1.2,2.201
1335.9399976730347,0.49918270111083984,2336,28.820526123046875,5565.061499345499,81.05334337154844,13,1.3,1.3,1.3,1.3,1.3,1.3,1.3,1.3,1.2,1.2,1.2,1.3,1.3,1.3,1.3,1.3,1.3,1.2,1.2,1.2,2.201
1336.440512895584,0.49906349182128906,3232,25.480697631835938,5235.474569820304,126.84111113040697,13,1.3,1.3,1.3,1.3,1.3,1.3,1.3,1.3,1.2,1.2,1.2,1.3,1.3,1.3,1.3,1.3,1.3,1.2,1.2,1.2,2.201
1336.941026687622,0.4991023540496826,2784,25.053253173828125,5595.797695655755,111.1232932778688,13,1.3,1.3,1.3,1.3,1.3,1.3,1.3,1.3,1.2,1.2,1.2,1.3,1.3,1.3,1.3,1.3,1.3,1.2,1.2,1.2,2.201
1337.4415411949158,0.49908924102783203,2784,24.887374877929688,5613.163878762653,111.86394763028511,13,1.3,1.3,1.3,1.3,1.3,1.3,1.3,1.3,1.2,1.2,1.2,1.3,1.3,1.3,1.3,1.3,1.3,1.2,1.2,1.2,2.201
1337.9420547485352,0.4990499019622803,2368,26.381851196289062,5465.099160227463,89.75867471851592,13,1.3,1.3,1.3,1.3,1.3,1.3,1.3,1.3,1.2,1.2,1.2,1.3,1.3,1.3,1.3,1.3,1.3,1.2,1.2,1.2,2.201
1338.442566871643,0.49905848503112793,2976,25.650711059570312,5371.642847434094,116.02017554556838,13,1.3,1.3,1.3,1.3,1.3,1.3,1.3,1.3,1.2,1.2,1.2,1.3,1.3,1.3,1.3,1.3,1.3,1.2,1.2,1.2,2.201
1338.9430816173553,0.4990873336791992,2656,24.895523071289062,5387.7546195854175,106.6858483910728,13,1.3,1.3,1.3,1.3,1.3,1.3,1.3,1.3,1.2,1.2,1.2,1.3,1.3,1.3,1.3,1.3,1.3,1.2,1.2,1.2,2.201
1339.4435968399048,0.49908971786499023,2112,25.885162353515625,5703.212267900774,81.5911436504147,13,1.3,1.3,1.3,1.3,1.3,1.3,1.3,1.3,1.2,1.2,1.2,1.3,1.3,1.3,1.3,1.3,1.3,1.2,1.2,1.2,2.201
1339.9441106319427,0.4990112781524658,3744,25.589523315429688,5637.068258768189,146.30987665731485,13,1.3,1.3,1.3,1.3,1.3,1.3,1.3,1.3,1.2,1.2,1.2,1.3,1.3,1.3,1.3,1.3,1.3,1.2,1.2,1.2,2.201
1340.444623708725,0.49909377098083496,2944,25.716171264648438,5783.947217339795,114.48049438242249,13,1.3,1.3,1.3,1.3,1.3,1.3,1.3,1.3,1.2,1.2,1.2,1.3,1.3,1.3,1.3,1.3,1.3,1.2,1.2,1.2,2.201
1340.9451422691345,0.49910521507263184,2464,27.377578735351562,4983.860095562777,90.00065432442118,13,1.3,1.3,1.3,1.3,1.3,1.3,1.3,1.3,1.2,1.2,1.2,1.3,1.3,1.3,1.3,1.3,1.3,1.2,1.2,1.2,2.201
1341.4456567764282,0.49904751777648926,2304,26.593353271484375,5949.697321697114,86.63819024547544,13,1.3,1.3,1.3,1.3,1.3,1.3,1.3,1.3,1.2,1.2,1.2,1.3,1.3,1.3,1.3,1.3,1.3,1.2,1.2,1.2,2.201
1341.9461526870728,0.4760019779205322,3456,27.21282958984375,5495.87491116443,126.99892117392426,13,1.4,1.4,1.4,1.4,1.4,1.4,1.4,1.4,1.2,1.2,1.2,1.4,1.4,1.4,1.4,1.4,1.4,1.2,1.2,1.2,2.201
1342.4466683864594,0.49901366233825684,2496,26.68927001953125,5787.02166234426,93.52072942322602,13,1.4,1.4,1.4,1.4,1.4,1.4,1.4,1.4,1.2,1.2,1.2,1.4,1.4,1.4,1.4,1.4,1.4,1.2,1.2,1.2,2.201
1342.947181224823,0.4990859031677246,3552,26.962844848632812,6205.517109891736,131.73684082449887,13,1.4,1.4,1.4,1.4,1.4,1.4,1.4,1.4,1.2,1.2,1.2,1.4,1.4,1.4,1.4,1.4,1.4,1.2,1.2,1.2,2.201
1343.447696685791,0.499114990234375,2784,29.127548217773438,5905.126191023698,95.57962033691602,13,1.4,1.4,1.4,1.4,1.4,1.4,1.4,1.4,1.2,1.2,1.2,1.4,1.4,1.4,1.4,1.4,1.4,1.2,1.2,1.2,2.201
1343.9482190608978,0.49903249740600586,2688,26.860992431640625,5360.867475201982,100.07076271812275,13,1.4,1.4,1.4,1.4,1.4,1.4,1.4,1.4,1.2,1.2,1.2,1.4,1.4,1.4,1.4,1.4,1.4,1.2,1.2,1.2,2.201
1344.4487369060516,0.4990818500518799,3104,27.378616333007812,6068.373625587582,113.37315086510783,13,1.4,1.4,1.4,1.4,1.4,1.4,1.4,1.4,1.2,1.2,1.2,1.4,1.4,1.4,1.4,1.4,1.4,1.2,1.2,1.2,2.201
1344.9492506980896,0.4990959167480469,3104,27.022674560546875,6063.929890850542,114.86649824558233,13,1.4,1.4,1.4,1.4,1.4,1.4,1.4,1.4,1.2,1.2,1.2,1.4,1.4,1.4,1.4,1.4,1.4,1.2,1.2,1.2,2.201
1345.4497661590576,0.49910497665405273,2432,27.067214965820312,6846.635751314702,89.85039661712734,13,1.4,1.4,1.4,1.4,1.4,1.4,1.4,1.4,1.2,1.2,1.2,1.4,1.4,1.4,1.4,1.4,1.4,1.2,1.2,1.2,2.201
1345.9502820968628,0.4990222454071045,3200,27.8499755859375,5828.713057974452,114.90135745813006,13,1.4,1.4,1.4,1.4,1.4,1.4,1.4,1.4,1.2,1.2,1.2,1.4,1.4,1.4,1.4,1.4,1.4,1.2,1.2,1.2,2.201
1346.4508004188538,0.499082088470459,2528,26.775955200195312,5506.599009753632,94.41306504656686,13,1.4,1.4,1.4,1.4,1.4,1.4,1.4,1.4,1.2,1.2,1.2,1.4,1.4,1.4,1.4,1.4,1.4,1.2,1.2,1.2,2.201
1346.9513158798218,0.4990997314453125,3840,29.412673950195312,6301.984341057577,130.5559639528966,13,1.4,1.4,1.4,1.4,1.4,1.4,1.4,1.4,1.2,1.2,1.2,1.4,1.4,1.4,1.4,1.4,1.4,1.2,1.2,1.2,2.201
1347.4518325328827,0.49913525581359863,2816,29.359329223632812,6051.375175881538,95.9149978717245,13,1.4,1.4,1.4,1.4,1.4,1.4,1.4,1.4,1.2,1.2,1.2,1.4,1.4,1.4,1.4,1.4,1.4,1.2,1.2,1.2,2.201
1347.952348947525,0.49908947944641113,3168,28.174392700195312,6145.211964433136,112.44253012694178,13,1.4,1.4,1.4,1.4,1.4,1.4,1.4,1.4,1.2,1.2,1.2,1.4,1.4,1.4,1.4,1.4,1.4,1.2,1.2,1.2,2.201
1348.4528675079346,0.49908924102783203,2784,26.367904663085938,5927.244563299647,105.58290602049597,13,1.4,1.4,1.4,1.4,1.4,1.4,1.4,1.4,1.2,1.2,1.2,1.4,1.4,1.4,1.4,1.4,1.4,1.2,1.2,1.2,2.201
1348.953385591507,0.4990856647491455,3104,27.345169067382812,6062.416178959453,113.51182332613318,13,1.4,1.4,1.4,1.4,1.4,1.4,1.4,1.4,1.2,1.2,1.2,1.4,1.4,1.4,1.4,1.4,1.4,1.2,1.2,1.2,2.201
1349.4539334774017,0.4990882873535156,3072,27.571609497070312,6000.00135210606,111.41895798017967,13,1.4,1.4,1.4,1.4,1.4,1.4,1.4,1.4,1.2,1.2,1.2,1.4,1.4,1.4,1.4,1.4,1.4,1.2,1.2,1.2,2.201
1349.9544503688812,0.4990520477294922,3136,26.564285278320312,6124.987175131106,118.05324205576716,13,1.4,1.4,1.4,1.4,1.4,1.4,1.4,1.4,1.2,1.2,1.2,1.4,1.4,1.4,1.4,1.4,1.4,1.2,1.2,1.2,2.201
1350.4549689292908,0.4990696907043457,3296,26.486129760742188,6008.8902021461045,124.44249234500617,13,1.4,1.4,1.4,1.4,1.4,1.4,1.4,1.4,1.2,1.2,1.2,1.4,1.4,1.4,1.4,1.4,1.4,1.2,1.2,1.2,2.201
1350.9554870128632,0.49907493591308594,2688,26.138458251953125,5816.394869248695,102.83697584952803,13,1.4,1.4,1.4,1.4,1.4,1.4,1.4,1.4,1.2,1.2,1.2,1.4,1.4,1.4,1.4,1.4,1.4,1.2,1.2,1.2,2.201
1351.4560096263885,0.49907517433166504,3104,27.401779174804688,6031.66305118776,113.27731605304145,13,1.4,1.4,1.4,1.4,1.4,1.4,1.4,1.4,1.2,1.2,1.2,1.4,1.4,1.4,1.4,1.4,1.4,1.2,1.2,1.2,2.201
1351.9565088748932,0.47591114044189453,3200,27.472671508789062,6121.806734882131,116.4793893078893,13,1.5,1.5,1.5,1.5,1.5,1.5,1.5,1.5,1.2,1.2,1.2,1.5,1.5,1.5,1.5,1.5,1.5,1.2,1.2,1.2,2.201
1352.4570298194885,0.4990196228027344,2784,25.977203369140625,5901.217627878214,107.17088981592325,13,1.5,1.5,1.5,1.5,1.5,1.5,1.5,1.5,1.2,1.2,1.2,1.5,1.5,1.5,1.5,1.5,1.5,1.2,1.2,1.2,2.201
1352.9575502872467,0.49908018112182617,3168,27.195831298828125,6676.504456842666,116.48844137875314,13,1.5,1.5,1.5,1.5,1.5,1.5,1.5,1.5,1.2,1.2,1.2,1.5,1.5,1.5,1.5,1.5,1.5,1.2,1.2,1.2,2.201
1353.4580698013306,0.4990534782409668,3104,26.738906860351562,6458.438404618232,116.08552347375911,13,1.5,1.5,1.5,1.5,1.5,1.5,1.5,1.5,1.2,1.2,1.2,1.5,1.5,1.5,1.5,1.5,1.5,1.2,1.2,1.2,2.201
1353.9585900306702,0.4990577697753906,3616,28.621673583984375,6518.821683844435,126.33782540317206,13,1.5,1.5,1.5,1.5,1.5,1.5,1.5,1.5,1.2,1.2,1.2,1.5,1.5,1.5,1.5,1.5,1.5,1.2,1.2,1.2,2.201
1354.4591133594513,0.49910879135131836,3168,27.058319091796875,6536.893040475205,117.08044351359673,13,1.5,1.5,1.5,1.5,1.5,1.5,1.5,1.5,1.2,1.2,1.2,1.5,1.5,1.5,1.5,1.5,1.5,1.2,1.2,1.2,2.201
1354.9596807956696,0.49906325340270996,3232,26.723556518554688,5964.547656734461,120.9419860622204,13,1.5,1.5,1.5,1.5,1.5,1.5,1.5,1.5,1.2,1.2,1.2,1.5,1.5,1.5,1.5,1.5,1.5,1.2,1.2,1.2,2.201
1355.4602000713348,0.4988245964050293,3072,26.976516723632812,6476.013427471813,113.87682225514202,13,1.5,1.5,1.5,1.5,1.5,1.5,1.5,1.5,1.2,1.2,1.2,1.5,1.5,1.5,1.5,1.5,1.5,1.2,1.2,1.2,2.201
1355.9607193470001,0.4990708827972412,3040,27.04180908203125,6367.656790852968,112.41851426353055,13,1.5,1.5,1.5,1.5,1.5,1.5,1.5,1.5,1.2,1.2,1.2,1.5,1.5,1.5,1.5,1.5,1.5,1.2,1.2,1.2,2.201
1356.461237668991,0.49908995628356934,3680,29.376510620117188,6920.644166428072,125.27015368121756,13,1.5,1.5,1.5,1.5,1.5,1.5,1.5,1.5,1.2,1.2,1.2,1.5,1.5,1.5,1.5,1.5,1.5,1.2,1.2,1.2,2.201
1356.961757183075,0.49907732009887695,3136,28.9788818359375,6522.482890601837,108.21673582004676,13,1.5,1.5,1.5,1.5,1.5,1.5,1.5,1.5,1.2,1.2,1.2,1.5,1.5,1.5,1.5,1.5,1.5,1.2,1.2,1.2,2.201
1357.4622738361359,0.49904870986938477,3328,28.279251098632812,6234.757637230168,117.68345591587803,13,1.5,1.5,1.5,1.5,1.5,1.5,1.5,1.5,1.2,1.2,1.2,1.5,1.5,1.5,1.5,1.5,1.5,1.2,1.2,1.2,2.201
1357.9627928733826,0.49916887283325195,2944,30.230514526367188,6304.056840709081,97.38504442033992,13,1.5,1.5,1.5,1.5,1.5,1.5,1.5,1.5,1.2,1.2,1.2,1.5,1.5,1.5,1.5,1.5,1.5,1.2,1.2,1.2,2.201
1358.4633135795593,0.49905967712402344,3296,28.83447265625,6198.360533001905,114.30762196670787,13,1.5,1.5,1.5,1.5,1.5,1.5,1.5,1.5,1.2,1.2,1.2,1.5,1.5,1.5,1.5,1.5,1.5,1.2,1.2,1.2,2.201
1358.9638352394104,0.4990580081939697,3200,27.2960205078125,6738.919938409098,117.23320617685334,13,1.5,1.5,1.5,1.5,1.5,1.5,1.5,1.5,1.2,1.2,1.2,1.5,1.5,1.5,1.5,1.5,1.5,1.2,1.2,1.2,2.201
1359.4643559455872,0.4990673065185547,3360,28.528228759765625,6771.399663022046,117.77807968010714,13,1.5,1.5,1.5,1.5,1.5,1.5,1.5,1.5,1.2,1.2,1.2,1.5,1.5,1.5,1.5,1.5,1.5,1.2,1.2,1.2,2.201
1359.964875459671,0.4991109371185303,3072,30.128402709960938,6399.985962143535,101.96358663860886,13,1.5,1.5,1.5,1.5,1.5,1.5,1.5,1.5,1.2,1.2,1.2,1.5,1.5,1.5,1.5,1.5,1.5,1.2,1.2,1.2,2.201
1360.4653928279877,0.4990696907043457,3328,30.298980712890625,6339.1943445236375,109.83867845376432,13,1.5,1.5,1.5,1.5,1.5,1.5,1.5,1.5,1.2,1.2,1.2,1.5,1.5,1.5,1.5,1.5,1.5,1.2,1.2,1.2,2.201
1360.9659161567688,0.4991014003753662,3168,27.71331787109375,6117.524878238137,114.31327041878187,13,1.5,1.5,1.5,1.5,1.5,1.5,1.5,1.5,1.2,1.2,1.2,1.5,1.5,1.5,1.5,1.5,1.5,1.2,1.2,1.2,2.201
1361.4664356708527,0.49905872344970703,3008,26.998550415039062,6624.209877266741,111.413389006413,13,1.5,1.5,1.5,1.5,1.5,1.5,1.5,1.5,1.2,1.2,1.2,1.5,1.5,1.5,1.5,1.5,1.5,1.2,1.2,1.2,2.201
1361.9669399261475,0.4753854274749756,3648,28.925140380859375,6407.032457596993,126.11866189641694,13,1.6,1.6,1.6,1.6,1.6,1.6,1.6,1.6,1.2,1.2,1.2,1.6,1.6,1.6,1.6,1.6,1.6,1.2,1.2,1.2,2.201
1362.4674575328827,0.49903154373168945,3328,26.92840576171875,6748.147967791957,123.58696721404368,13,1.6,1.6,1.6,1.6,1.6,1.6,1.6,1.6,1.2,1.2,1.2,1.6,1.6,1.6,1.6,1.6,1.6,1.2,1.2,1.2,2.201
1362.9679787158966,0.49907827377319336,3200,31.728240966796875,7230.735922380195,100.85652095711048,13,1.6,1.6,1.6,1.6,1.6,1.6,1.6,1.6,1.2,1.2,1.2,1.6,1.6,1.6,1.6,1.6,1.6,1.2,1.2,1.2,2.201
1363.4684991836548,0.49907660484313965,3680,28.88262939453125,6808.690779992196,127.41222240301936,13,1.6,1.6,1.6,1.6,1.6,1.6,1.6,1.6,1.2,1.2,1.2,1.6,1.6,1.6,1.6,1.6,1.6,1.2,1.2,1.2,2.201
1363.9690215587616,0.4990713596343994,3328,29.16607666015625,7274.6310861731445,114.10516535281475,13,1.6,1.6,1.6,1.6,1.6,1.6,1.6,1.6,1.2,1.2,1.2,1.6,1.6,1.6,1.6,1.6,1.6,1.2,1.2,1.2,2.201
1364.469542980194,0.49900364875793457,3328,28.463790893554688,6576.87681616944,116.92047670128117,13,1.6,1.6,1.6,1.6,1.6,1.6,1.6,1.6,1.2,1.2,1.2,1.6,1.6,1.6,1.6,1.6,1.6,1.2,1.2,1.2,2.201
1364.970065832138,0.49903154373168945,3648,28.117263793945312,6967.235559660508,129.74235426085625,13,1.6,1.6,1.6,1.6,1.6,1.6,1.6,1.6,1.2,1.2,1.2,1.6,1.6,1.6,1.6,1.6,1.6,1.2,1.2,1.2,2.201
1365.4705848693848,0.49902939796447754,3392,29.758102416992188,6909.238633514382,113.98576268301075,13,1.6,1.6,1.6,1.6,1.6,1.6,1.6,1.6,1.2,1.2,1.2,1.6,1.6,1.6,1.6,1.6,1.6,1.2,1.2,1.2,2.201
1365.9711060523987,0.49907588958740234,3648,31.334228515625,6744.870688890718,116.4222057735011,13,1.6,1.6,1.6,1.6,1.6,1.6,1.6,1.6,1.2,1.2,1.2,1.6,1.6,1.6,1.6,1.6,1.6,1.2,1.2,1.2,2.201
1366.471629858017,0.4991440773010254,3552,32.069000244140625,7185.364021281172,110.7611703813246,13,1.6,1.6,1.6,1.6,1.6,1.6,1.6,1.6,1.2,1.2,1.2,1.6,1.6,1.6,1.6,1.6,1.6,1.2,1.2,1.2,2.201
1366.9721548557281,0.4989802837371826,2752,30.926361083984375,6675.492297637134,88.98557423314699,13,1.6,1.6,1.6,1.6,1.6,1.6,1.6,1.6,1.2,1.2,1.2,1.6,1.6,1.6,1.6,1.6,1.6,1.2,1.2,1.2,2.201
1367.4726798534393,0.499042272567749,3680,29.707611083984375,6344.868704712761,123.87397928418146,13,1.6,1.6,1.6,1.6,1.6,1.6,1.6,1.6,1.2,1.2,1.2,1.6,1.6,1.6,1.6,1.6,1.6,1.2,1.2,1.2,2.201
1367.9732055664062,0.499042272567749,3552,27.941741943359375,7721.652772332161,127.12163784205899,13,1.6,1.6,1.6,1.6,1.6,1.6,1.6,1.6,1.2,1.2,1.2,1.6,1.6,1.6,1.6,1.6,1.6,1.2,1.2,1.2,2.201
1368.4737286567688,0.4990346431732178,3136,28.53179931640625,7063.048038254556,109.91245119955505,13,1.6,1.6,1.6,1.6,1.6,1.6,1.6,1.6,1.2,1.2,1.2,1.6,1.6,1.6,1.6,1.6,1.6,1.2,1.2,1.2,2.201
1368.9742527008057,0.4990060329437256,4032,29.470428466796875,6857.174011919754,136.8151129713872,13,1.6,1.6,1.6,1.6,1.6,1.6,1.6,1.6,1.2,1.2,1.2,1.6,1.6,1.6,1.6,1.6,1.6,1.2,1.2,1.2,2.201
1369.474773645401,0.49903035163879395,3520,27.641265869140625,6617.5232402135125,127.34583201306322,13,1.6,1.6,1.6,1.6,1.6,1.6,1.6,1.6,1.2,1.2,1.2,1.6,1.6,1.6,1.6,1.6,1.6,1.2,1.2,1.2,2.201
1369.9752972126007,0.49913787841796875,3424,31.403030395507812,6853.109359828794,109.0340631740369,13,1.6,1.6,1.6,1.6,1.6,1.6,1.6,1.6,1.2,1.2,1.2,1.6,1.6,1.6,1.6,1.6,1.6,1.2,1.2,1.2,2.201
1370.475825548172,0.49903106689453125,3520,28.914688110351562,7035.651799754227,121.73743623192765,13,1.6,1.6,1.6,1.6,1.6,1.6,1.6,1.6,1.2,1.2,1.2,1.6,1.6,1.6,1.6,1.6,1.6,1.2,1.2,1.2,2.201
1370.9763514995575,0.4990255832672119,2944,30.048492431640625,7074.489983481914,97.97496518993448,13,1.6,1.6,1.6,1.6,1.6,1.6,1.6,1.6,1.2,1.2,1.2,1.6,1.6,1.6,1.6,1.6,1.6,1.2,1.2,1.2,2.201
1371.4769022464752,0.4990065097808838,3904,27.913772583007812,6879.927295241254,139.85927514421735,13,1.6,1.6,1.6,1.6,1.6,1.6,1.6,1.6,1.2,1.2,1.2,1.6,1.6,1.6,1.6,1.6,1.6,1.2,1.2,1.2,2.201
1371.9774050712585,0.47455430030822754,3264,29.258499145507812,7025.918853014384,111.55732847975342,13,1.7,1.7,1.7,1.7,1.7,1.7,1.7,1.7,1.2,1.2,1.2,1.7,1.7,1.7,1.7,1.7,1.7,1.2,1.2,1.2,2.201
1372.4779303073883,0.49901533126831055,3392,27.81829833984375,6693.939627158015,121.93412977894795,13,1.7,1.7,1.7,1.7,1.7,1.7,1.7,1.7,1.2,1.2,1.2,1.7,1.7,1.7,1.7,1.7,1.7,1.2,1.2,1.2,2.201
1372.978453874588,0.4990200996398926,3520,29.778076171875,7394.869222152659,118.20777069959253,13,1.7,1.7,1.7,1.7,1.7,1.7,1.7,1.7,1.2,1.2,1.2,1.7,1.7,1.7,1.7,1.7,1.7,1.2,1.2,1.2,2.201
1373.478980064392,0.49906110763549805,3744,30.643280029296875,6606.366543789885,122.18013203614312,13,1.7,1.7,1.7,1.7,1.7,1.7,1.7,1.7,1.2,1.2,1.2,1.7,1.7,1.7,1.7,1.7,1.7,1.2,1.2,1.2,2.201
1373.979496717453,0.49906015396118164,3840,30.879867553710938,8125.5675799272185,124.3528649635848,13,1.7,1.7,1.7,1.7,1.7,1.7,1.7,1.7,1.2,1.2,1.2,1.7,1.7,1.7,1.7,1.7,1.7,1.2,1.2,1.2,2.201
1374.4800074100494,0.4990804195404053,3648,28.844924926757812,6961.315985707867,126.46938791703894,13,1.7,1.7,1.7,1.7,1.7,1.7,1.7,1.7,1.2,1.2,1.2,1.7,1.7,1.7,1.7,1.7,1.7,1.2,1.2,1.2,2.201
1374.9805374145508,0.49895405769348145,3264,29.242843627929688,7386.124582724103,111.61705207364207,13,1.7,1.7,1.7,1.7,1.7,1.7,1.7,1.7,1.2,1.2,1.2,1.7,1.7,1.7,1.7,1.7,1.7,1.2,1.2,1.2,2.201
1375.4810898303986,0.4990537166595459,3488,28.665969848632812,7104.198967463652,121.67737629035271,13,1.7,1.7,1.7,1.7,1.7,1.7,1.7,1.7,1.2,1.2,1.2,1.7,1.7,1.7,1.7,1.7,1.7,1.2,1.2,1.2,2.201
1375.9816410541534,0.4990403652191162,3680,29.0157470703125,7173.212740870876,126.82768398423202,13,1.7,1.7,1.7,1.7,1.7,1.7,1.7,1.7,1.2,1.2,1.2,1.7,1.7,1.7,1.7,1.7,1.7,1.2,1.2,1.2,2.201
1376.4822046756744,0.4989914894104004,3008,28.933975219726562,7028.010554481776,103.96082726818713,13,1.7,1.7,1.7,1.7,1.7,1.7,1.7,1.7,1.2,1.2,1.2,1.7,1.7,1.7,1.7,1.7,1.7,1.2,1.2,1.2,2.201
1376.9827728271484,0.49893760681152344,4416,29.220977783203125,7321.691237799875,151.12430640628378,13,1.7,1.7,1.7,1.7,1.7,1.7,1.7,1.7,1.2,1.2,1.2,1.7,1.7,1.7,1.7,1.7,1.7,1.2,1.2,1.2,2.201
1377.483339548111,0.49895644187927246,3712,28.896224975585938,7092.6143886975815,128.4596864516463,13,1.7,1.7,1.7,1.7,1.7,1.7,1.7,1.7,1.2,1.2,1.2,1.7,1.7,1.7,1.7,1.7,1.7,1.2,1.2,1.2,2.201
1377.983871459961,0.4989817142486572,3264,29.3131103515625,6881.433959694571,111.34949382217354,13,1.7,1.7,1.7,1.7,1.7,1.7,1.7,1.7,1.2,1.2,1.2,1.7,1.7,1.7,1.7,1.7,1.7,1.2,1.2,1.2,2.201
1378.484445810318,0.49904513359069824,3552,28.803878784179688,6767.721974932685,123.31672503603609,13,1.7,1.7,1.7,1.7,1.7,1.7,1.7,1.7,1.2,1.2,1.2,1.7,1.7,1.7,1.7,1.7,1.7,1.2,1.2,1.2,2.201
1378.9849834442139,0.4989359378814697,3936,29.317840576171875,7778.465641712252,134.25272539339036,13,1.7,1.7,1.7,1.7,1.7,1.7,1.7,1.7,1.2,1.2,1.2,1.7,1.7,1.7,1.7,1.7,1.7,1.2,1.2,1.2,2.201
1379.4855244159698,0.4990205764770508,3232,29.158096313476562,6569.453592499326,110.8439990475717,13,1.7,1.7,1.7,1.7,1.7,1.7,1.7,1.7,1.2,1.2,1.2,1.7,1.7,1.7,1.7,1.7,1.7,1.2,1.2,1.2,2.201
1379.9859955310822,0.49901771545410156,3808,29.867279052734375,7367.135638797229,127.49738579388183,13,1.7,1.7,1.7,1.7,1.7,1.7,1.7,1.7,1.2,1.2,1.2,1.7,1.7,1.7,1.7,1.7,1.7,1.2,1.2,1.2,2.201
1380.4865357875824,0.4990804195404053,3456,31.826934814453125,7196.66480108449,108.58727113207819,13,1.7,1.7,1.7,1.7,1.7,1.7,1.7,1.7,1.2,1.2,1.2,1.7,1.7,1.7,1.7,1.7,1.7,1.2,1.2,1.2,2.201
1380.9870743751526,0.4990534782409668,3872,29.83184814453125,7417.912759471088,129.7941710228842,13,1.7,1.7,1.7,1.7,1.7,1.7,1.7,1.7,1.2,1.2,1.2,1.7,1.7,1.7,1.7,1.7,1.7,1.2,1.2,1.2,2.201
1381.48761343956,0.49905920028686523,3424,28.71136474609375,7193.124486901321,119.25591243327587,13,1.7,1.7,1.7,1.7,1.7,1.7,1.7,1.7,1.2,1.2,1.2,1.7,1.7,1.7,1.7,1.7,1.7,1.2,1.2,1.2,2.201
1381.9881327152252,0.47579455375671387,3712,33.26615905761719,7142.962995225098,111.5848689826437,13,1.8,1.8,1.8,1.8,1.8,1.8,1.8,1.8,1.2,1.2,1.2,1.8,1.8,1.8,1.8,1.8,1.8,1.2,1.2,1.2,2.201
1382.4886734485626,0.49901747703552246,3680,28.68743896484375,7904.101543253872,128.27914002744592,13,1.8,1.8,1.8,1.8,1.8,1.8,1.8,1.8,1.2,1.2,1.2,1.8,1.8,1.8,1.8,1.8,1.8,1.2,1.2,1.2,2.201
1382.9891765117645,0.49904942512512207,3808,30.6558837890625,7402.202683840106,124.21758988265182,13,1.8,1.8,1.8,1.8,1.8,1.8,1.8,1.8,1.2,1.2,1.2,1.8,1.8,1.8,1.8,1.8,1.8,1.2,1.2,1.2,2.201
1383.4897117614746,0.49910855293273926,3104,33.52491760253906,7763.302810715434,92.58784873985533,13,1.8,1.8,1.8,1.8,1.8,1.8,1.8,1.8,1.2,1.2,1.2,1.8,1.8,1.8,1.8,1.8,1.8,1.2,1.2,1.2,2.201
1383.990284204483,0.4990425109863281,4256,33.59165954589844,7742.105902934127,126.69811666151101,13,1.8,1.8,1.8,1.8,1.8,1.8,1.8,1.8,1.2,1.2,1.2,1.8,1.8,1.8,1.8,1.8,1.8,1.2,1.2,1.2,2.201
1384.490829706192,0.49898648262023926,4192,30.322479248046875,7398.168402089717,138.24727080223872,13,1.8,1.8,1.8,1.8,1.8,1.8,1.8,1.8,1.2,1.2,1.2,1.8,1.8,1.8,1.8,1.8,1.8,1.2,1.2,1.2,2.201
1384.9913642406464,0.4990673065185547,4000,29.742462158203125,7914.9055993538705,134.48785708202638,13,1.8,1.8,1.8,1.8,1.8,1.8,1.8,1.8,1.2,1.2,1.2,1.8,1.8,1.8,1.8,1.8,1.8,1.2,1.2,1.2,2.201
1385.4919102191925,0.49910807609558105,3264,32.18585205078125,7615.084707720011,101.41101732681247,13,1.8,1.8,1.8,1.8,1.8,1.8,1.8,1.8,1.2,1.2,1.2,1.8,1.8,1.8,1.8,1.8,1.8,1.2,1.2,1.2,2.201
1385.9924116134644,0.49906158447265625,4224,30.8780517578125,7735.930988499611,136.79619534063642,13,1.8,1.8,1.8,1.8,1.8,1.8,1.8,1.8,1.2,1.2,1.2,1.8,1.8,1.8,1.8,1.8,1.8,1.2,1.2,1.2,2.201
1386.492947101593,0.49906086921691895,3872,29.723312377929688,7427.987638204808,130.26811920447528,13,1.8,1.8,1.8,1.8,1.8,1.8,1.8,1.8,1.2,1.2,1.2,1.8,1.8,1.8,1.8,1.8,1.8,1.2,1.2,1.2,2.201
1386.9934952259064,0.49907612800598145,3616,32.80931091308594,7453.097288808776,110.2126164605842,13,1.8,1.8,1.8,1.8,1.8,1.8,1.8,1.8,1.2,1.2,1.2,1.8,1.8,1.8,1.8,1.8,1.8,1.2,1.2,1.2,2.201
1387.494031906128,0.498920202255249,3648,30.008102416992188,8214.888436278678,121.56716707066116,13,1.8,1.8,1.8,1.8,1.8,1.8,1.8,1.8,1.2,1.2,1.2,1.8,1.8,1.8,1.8,1.8,1.8,1.2,1.2,1.2,2.201
1387.9945828914642,0.49894285202026367,3872,30.338058471679688,7639.5094974929,127.62847047758439,13,1.8,1.8,1.8,1.8,1.8,1.8,1.8,1.8,1.2,1.2,1.2,1.8,1.8,1.8,1.8,1.8,1.8,1.2,1.2,1.2,2.201
1388.495148897171,0.49904489517211914,4288,30.016555786132812,7591.630055822412,142.85449771625665,13,1.8,1.8,1.8,1.8,1.8,1.8,1.8,1.8,1.2,1.2,1.2,1.8,1.8,1.8,1.8,1.8,1.8,1.2,1.2,1.2,2.201
1388.9956839084625,0.4989604949951172,3616,32.2969970703125,7390.586966939044,111.9608733941348,13,1.8,1.8,1.8,1.8,1.8,1.8,1.8,1.8,1.2,1.2,1.2,1.8,1.8,1.8,1.8,1.8,1.8,1.2,1.2,1.2,2.201
1389.4962177276611,0.4990379810333252,3584,30.333511352539062,8109.46876871933,118.15315274075587,13,1.8,1.8,1.8,1.8,1.8,1.8,1.8,1.8,1.2,1.2,1.2,1.8,1.8,1.8,1.8,1.8,1.8,1.2,1.2,1.2,2.201
1389.9967505931854,0.49909067153930664,4192,31.479278564453125,7451.562441072675,133.16696541875865,13,1.8,1.8,1.8,1.8,1.8,1.8,1.8,1.8,1.2,1.2,1.2,1.8,1.8,1.8,1.8,1.8,1.8,1.2,1.2,1.2,2.201
1390.497287273407,0.49906253814697266,3968,31.163070678710938,7879.220033224078,127.33019928972341,13,1.8,1.8,1.8,1.8,1.8,1.8,1.8,1.8,1.2,1.2,1.2,1.8,1.8,1.8,1.8,1.8,1.8,1.2,1.2,1.2,2.201
1390.9978363513947,0.4990510940551758,3840,32.26556396484375,7592.283641023349,119.01233166678962,13,1.8,1.8,1.8,1.8,1.8,1.8,1.8,1.8,1.2,1.2,1.2,1.8,1.8,1.8,1.8,1.8,1.8,1.2,1.2,1.2,2.201
1391.4983761310577,0.4989941120147705,3200,30.134811401367188,7449.716937003617,106.18948157262464,13,1.8,1.8,1.8,1.8,1.8,1.8,1.8,1.8,1.2,1.2,1.2,1.8,1.8,1.8,1.8,1.8,1.8,1.2,1.2,1.2,2.201
1391.9988572597504,0.4774158000946045,3936,34.22297668457031,7710.762635885716,115.01045149513763,13,1.9,1.9,1.9,1.9,1.9,1.9,1.9,1.9,1.2,1.2,1.2,1.9,1.9,1.9,1.9,1.9,1.9,1.2,1.2,1.2,2.201
1392.4994068145752,0.49903273582458496,4448,29.899658203125,7972.1891547195755,148.76424237970426,13,1.9,1.9,1.9,1.9,1.9,1.9,1.9,1.9,1.2,1.2,1.2,1.9,1.9,1.9,1.9,1.9,1.9,1.2,1.2,1.2,2.201
1392.9999148845673,0.4990658760070801,4032,31.377090454101562,8280.305988623479,128.50139836572845,13,1.9,1.9,1.9,1.9,1.9,1.9,1.9,1.9,1.2,1.2,1.2,1.9,1.9,1.9,1.9,1.9,1.9,1.2,1.2,1.2,2.201
1393.500455379486,0.499072790145874,4064,31.409286499023438,8043.195852314982,129.38848515792793,13,1.9,1.9,1.9,1.9,1.9,1.9,1.9,1.9,1.2,1.2,1.2,1.9,1.9,1.9,1.9,1.9,1.9,1.2,1.2,1.2,2.201
1394.0009980201721,0.49907374382019043,3936,33.83695983886719,8377.148349448098,116.32250706751944,13,1.9,1.9,1.9,1.9,1.9,1.9,1.9,1.9,1.2,1.2,1.2,1.9,1.9,1.9,1.9,1.9,1.9,1.2,1.2,1.2,2.201
1394.5015573501587,0.49905920028686523,4160,31.42718505859375,7914.861769690982,132.36947541575793,13,1.9,1.9,1.9,1.9,1.9,1.9,1.9,1.9,1.2,1.2,1.2,1.9,1.9,1.9,1.9,1.9,1.9,1.2,1.2,1.2,2.201
1395.0020282268524,0.49890995025634766,4160,33.06767272949219,8329.839424767806,125.80262403195388,13,1.9,1.9,1.9,1.9,1.9,1.9,1.9,1.9,1.2,1.2,1.2,1.9,1.9,1.9,1.9,1.9,1.9,1.2,1.2,1.2,2.201
1395.5025699138641,0.49909186363220215,3936,34.629119873046875,8286.427900452136,113.66156617406654,13,1.9,1.9,1.9,1.9,1.9,1.9,1.9,1.9,1.2,1.2,1.2,1.9,1.9,1.9,1.9,1.9,1.9,1.2,1.2,1.2,2.201
1396.0031204223633,0.49907922744750977,4288,34.679656982421875,8124.6602925049965,123.64597499258613,13,1.9,1.9,1.9,1.9,1.9,1.9,1.9,1.9,1.2,1.2,1.2,1.9,1.9,1.9,1.9,1.9,1.9,1.2,1.2,1.2,2.201
1396.5036664009094,0.4989030361175537,4064,33.80482482910156,8159.61168966975,120.21952548328025,13,1.9,1.9,1.9,1.9,1.9,1.9,1.9,1.9,1.2,1.2,1.2,1.9,1.9,1.9,1.9,1.9,1.9,1.2,1.2,1.2,2.201
1397.0041484832764,0.4990687370300293,4096,31.587081909179688,8183.7688835962535,129.67326363913472,13,1.9,1.9,1.9,1.9,1.9,1.9,1.9,1.9,1.2,1.2,1.2,1.9,1.9,1.9,1.9,1.9,1.9,1.2,1.2,1.2,2.201
1397.5046935081482,0.49912190437316895,4128,34.300689697265625,8182.534689497134,120.3474343062284,13,1.9,1.9,1.9,1.9,1.9,1.9,1.9,1.9,1.2,1.2,1.2,1.9,1.9,1.9,1.9,1.9,1.9,1.2,1.2,1.2,2.201
1398.0052287578583,0.4991168975830078,4128,34.83000183105469,8217.887005818593,118.51851228785881,13,1.9,1.9,1.9,1.9,1.9,1.9,1.9,1.9,1.2,1.2,1.2,1.9,1.9,1.9,1.9,1.9,1.9,1.2,1.2,1.2,2.201
1398.505763053894,0.4990658760070801,3872,31.4678955078125,8223.334939323051,123.04604224450608,13,1.9,1.9,1.9,1.9,1.9,1.9,1.9,1.9,1.2,1.2,1.2,1.9,1.9,1.9,1.9,1.9,1.9,1.2,1.2,1.2,2.201
1399.0063378810883,0.49903273582458496,4224,33.78639221191406,8106.744753131931,125.02074721403652,13,1.9,1.9,1.9,1.9,1.9,1.9,1.9,1.9,1.2,1.2,1.2,1.9,1.9,1.9,1.9,1.9,1.9,1.2,1.2,1.2,2.201
1399.5068852901459,0.49906444549560547,4352,31.576492309570312,8089.524180389149,137.82404826140174,13,1.9,1.9,1.9,1.9,1.9,1.9,1.9,1.9,1.2,1.2,1.2,1.9,1.9,1.9,1.9,1.9,1.9,1.2,1.2,1.2,2.201
1400.0074191093445,0.49913501739501953,3968,34.47966003417969,8346.513571968051,115.08234118510802,13,1.9,1.9,1.9,1.9,1.9,1.9,1.9,1.9,1.2,1.2,1.2,1.9,1.9,1.9,1.9,1.9,1.9,1.2,1.2,1.2,2.201
1400.507925748825,0.49906253814697266,4096,33.67240905761719,8239.187426852694,121.64261823356014,13,1.9,1.9,1.9,1.9,1.9,1.9,1.9,1.9,1.2,1.2,1.2,1.9,1.9,1.9,1.9,1.9,1.9,1.2,1.2,1.2,2.201
1401.008457660675,0.49911928176879883,3712,34.8316650390625,8139.97016355212,106.5696973095349,13,1.9,1.9,1.9,1.9,1.9,1.9,1.9,1.9,1.2,1.2,1.2,1.9,1.9,1.9,1.9,1.9,1.9,1.2,1.2,1.2,2.201
1401.5089943408966,0.49909090995788574,4224,34.291839599609375,8179.634445863067,123.17799363695019,13,1.9,1.9,1.9,1.9,1.9,1.9,1.9,1.9,1.2,1.2,1.2,1.9,1.9,1.9,1.9,1.9,1.9,1.2,1.2,1.2,2.201
1402.009506225586,0.4756653308868408,4576,34.07173156738281,8127.317479305302,134.30488529619223,13,2.0,2.0,2.0,2.0,2.0,2.0,2.0,2.0,1.2,1.2,1.2,2.0,2.0,2.0,2.0,2.0,2.0,1.2,1.2,1.2,2.201
1402.5100462436676,0.49907732009887695,3968,30.996246337890625,8541.702182948951,128.01550086887175,13,2.0,2.0,2.0,2.0,2.0,2.0,2.0,2.0,1.2,1.2,1.2,2.0,2.0,2.0,2.0,2.0,2.0,1.2,1.2,1.2,2.201
1403.0105953216553,0.4990415573120117,4640,34.375823974609375,8788.071202933688,134.9785827221826,13,2.0,2.0,2.0,2.0,2.0,2.0,2.0,2.0,1.2,1.2,1.2,2.0,2.0,2.0,2.0,2.0,2.0,1.2,1.2,1.2,2.201
1403.5111491680145,0.49906158447265625,4288,34.675506591796875,8707.82909405284,123.66077446189077,13,2.0,2.0,2.0,2.0,2.0,2.0,2.0,2.0,1.2,1.2,1.2,2.0,2.0,2.0,2.0,2.0,2.0,1.2,1.2,1.2,2.201
1404.0117018222809,0.4988887310028076,3616,35.256561279296875,8022.629239165059,102.56246975859678,13,2.0,2.0,2.0,2.0,2.0,2.0,2.0,2.0,1.2,1.2,1.2,2.0,2.0,2.0,2.0,2.0,2.0,1.2,1.2,1.2,2.201
1404.5122401714325,0.49898862838745117,4736,34.60430908203125,8939.019929929143,136.86156798487363,13,2.0,2.0,2.0,2.0,2.0,2.0,2.0,2.0,1.2,1.2,1.2,2.0,2.0,2.0,2.0,2.0,2.0,1.2,1.2,1.2,2.201
1405.0127792358398,0.49912285804748535,4288,34.88349914550781,8472.464800149331,122.92344819290284,13,2.0,2.0,2.0,2.0,2.0,2.0,2.0,2.0,1.2,1.2,1.2,2.0,2.0,2.0,2.0,2.0,2.0,1.2,1.2,1.2,2.201
1405.5133187770844,0.49907684326171875,3584,33.97572326660156,8587.520808584151,105.48708475981448,13,2.0,2.0,2.0,2.0,2.0,2.0,2.0,2.0,1.2,1.2,1.2,2.0,2.0,2.0,2.0,2.0,2.0,1.2,1.2,1.2,2.201
1406.0138297080994,0.49907708168029785,5152,34.731109619140625,8702.730383198392,148.3396314283229,13,2.0,2.0,2.0,2.0,2.0,2.0,2.0,2.0,1.2,1.2,1.2,2.0,2.0,2.0,2.0,2.0,2.0,1.2,1.2,1.2,2.201
1406.5143780708313,0.4990880489349365,3808,35.18150329589844,8282.516767212694,108.23869486111322,13,2.0,2.0,2.0,2.0,2.0,2.0,2.0,2.0,1.2,1.2,1.2,2.0,2.0,2.0,2.0,2.0,2.0,1.2,1.2,1.2,2.201
1407.0149340629578,0.49907588958740234,4544,34.850677490234375,8869.013433071583,130.38483975737026,13,2.0,2.0,2.0,2.0,2.0,2.0,2.0,2.0,1.2,1.2,1.2,2.0,2.0,2.0,2.0,2.0,2.0,1.2,1.2,1.2,2.201
1407.5154929161072,0.4990041255950928,4448,34.43455505371094,8786.840901013315,129.17257078135668,13,2.0,2.0,2.0,2.0,2.0,2.0,2.0,2.0,1.2,1.2,1.2,2.0,2.0,2.0,2.0,2.0,2.0,1.2,1.2,1.2,2.201
1408.0160384178162,0.49906206130981445,4736,34.443115234375,8808.098058021365,137.50208039467248,13,2.0,2.0,2.0,2.0,2.0,2.0,2.0,2.0,1.2,1.2,1.2,2.0,2.0,2.0,2.0,2.0,2.0,1.2,1.2,1.2,2.201
1408.5166087150574,0.49907779693603516,3712,34.89579772949219,8194.197433977699,106.37383987536134,13,2.0,2.0,2.0,2.0,2.0,2.0,2.0,2.0,1.2,1.2,1.2,2.0,2.0,2.0,2.0,2.0,2.0,1.2,1.2,1.2,2.201
1409.0171432495117,0.49909305572509766,4768,34.8656005859375,8849.30488216119,136.75370336007057,13,2.0,2.0,2.0,2.0,2.0,2.0,2.0,2.0,1.2,1.2,1.2,2.0,2.0,2.0,2.0,2.0,2.0,1.2,1.2,1.2,2.201
1409.5176899433136,0.49910807609558105,4192,33.2403564453125,8547.436168453909,126.11176438185123,13,2.0,2.0,2.0,2.0,2.0,2.0,2.0,2.0,1.2,1.2,1.2,2.0,2.0,2.0,2.0,2.0,2.0,1.2,1.2,1.2,2.201
1410.0181930065155,0.4990077018737793,3744,34.001617431640625,8356.85780996011,110.11240884429147,13,2.0,2.0,2.0,2.0,2.0,2.0,2.0,2.0,1.2,1.2,1.2,2.0,2.0,2.0,2.0,2.0,2.0,1.2,1.2,1.2,2.201
1410.518741607666,0.49907922744750977,4640,35.58317565917969,8392.4134406217,130.3987042764965,13,2.0,2.0,2.0,2.0,2.0,2.0,2.0,2.0,1.2,1.2,1.2,2.0,2.0,2.0,2.0,2.0,2.0,1.2,1.2,1.2,2.201
1411.0192477703094,0.4990997314453125,4160,35.973907470703125,8851.636177480867,115.63937010145123,13,2.0,2.0,2.0,2.0,2.0,2.0,2.0,2.0,1.2,1.2,1.2,2.0,2.0,2.0,2.0,2.0,2.0,1.2,1.2,1.2,2.201
1411.5197796821594,0.4991145133972168,4416,35.70405578613281,9069.865281026885,123.6834276321947,13,2.0,2.0,2.0,2.0,2.0,2.0,2.0,2.0,1.2,1.2,1.2,2.0,2.0,2.0,2.0,2.0,2.0,1.2,1.2,1.2,2.201
1412.0203099250793,0.4770982265472412,4896,36.10865783691406,8422.416755043027,135.59075006645068,13,2.1,2.1,2.1,2.1,2.1,2.1,2.1,2.1,1.2,1.2,1.2,2.1,2.1,2.1,2.1,2.1,2.1,1.2,1.2,1.2,2.201
1412.5208423137665,0.4988999366760254,4384,32.92155456542969,9313.83475655452,133.1650360339775,13,2.1,2.1,2.1,2.1,2.1,2.1,2.1,2.1,1.2,1.2,1.2,2.1,2.1,2.1,2.1,2.1,2.1,1.2,1.2,1.2,2.201
1413.0213768482208,0.4990992546081543,4416,35.76286315917969,8661.915090711942,123.48004633590115,13,2.1,2.1,2.1,2.1,2.1,2.1,2.1,2.1,1.2,1.2,1.2,2.1,2.1,2.1,2.1,2.1,2.1,1.2,1.2,1.2,2.201
1413.5219147205353,0.49904656410217285,4448,35.374908447265625,8966.683608639223,125.73884132112339,13,2.1,2.1,2.1,2.1,2.1,2.1,2.1,2.1,1.2,1.2,1.2,2.1,2.1,2.1,2.1,2.1,2.1,1.2,1.2,1.2,2.201
1414.022451877594,0.499042272567749,4480,35.862396240234375,9032.49563537621,124.92193689427378,13,2.1,2.1,2.1,2.1,2.1,2.1,2.1,2.1,1.2,1.2,1.2,2.1,2.1,2.1,2.1,2.1,2.1,1.2,1.2,1.2,2.201
1414.522959947586,0.4990510940551758,4320,35.31266784667969,9394.36433750465,122.3357017021922,13,2.1,2.1,2.1,2.1,2.1,2.1,2.1,2.1,1.2,1.2,1.2,2.1,2.1,2.1,2.1,2.1,2.1,1.2,1.2,1.2,2.201
1415.023467540741,0.49909400939941406,4736,36.466522216796875,9067.945664944007,129.87254369484532,13,2.1,2.1,2.1,2.1,2.1,2.1,2.1,2.1,1.2,1.2,1.2,2.1,2.1,2.1,2.1,2.1,2.1,1.2,1.2,1.2,2.201
1415.5239741802216,0.4991307258605957,4576,36.392333984375,9097.936013367433,125.74076732656663,13,2.1,2.1,2.1,2.1,2.1,2.1,2.1,2.1,1.2,1.2,1.2,2.1,2.1,2.1,2.1,2.1,2.1,1.2,1.2,1.2,2.201
1416.024483203888,0.4991488456726074,4352,36.47686767578125,8639.734993295167,119.30848993619873,13,2.1,2.1,2.1,2.1,2.1,2.1,2.1,2.1,1.2,1.2,1.2,2.1,2.1,2.1,2.1,2.1,2.1,1.2,1.2,1.2,2.201
1416.5250205993652,0.49912428855895996,4864,36.80970764160156,9325.134865920267,132.1390554730407,13,2.1,2.1,2.1,2.1,2.1,2.1,2.1,2.1,1.2,1.2,1.2,2.1,2.1,2.1,2.1,2.1,2.1,1.2,1.2,1.2,2.201
1417.0255553722382,0.4990575313568115,4064,35.51091003417969,8880.93277722031,114.44370183947271,13,2.1,2.1,2.1,2.1,2.1,2.1,2.1,2.1,1.2,1.2,1.2,2.1,2.1,2.1,2.1,2.1,2.1,1.2,1.2,1.2,2.201
1417.5260965824127,0.4990532398223877,4928,33.92256164550781,9229.428411863242,145.27204789242646,13,2.1,2.1,2.1,2.1,2.1,2.1,2.1,2.1,1.2,1.2,1.2,2.1,2.1,2.1,2.1,2.1,2.1,1.2,1.2,1.2,2.201
1418.0266387462616,0.49906039237976074,4320,35.24647521972656,8862.461842016593,122.565447270092,13,2.1,2.1,2.1,2.1,2.1,2.1,2.1,2.1,1.2,1.2,1.2,2.1,2.1,2.1,2.1,2.1,2.1,1.2,1.2,1.2,2.201
1418.5271952152252,0.4990689754486084,4512,35.373626708984375,8848.800508571547,127.5526548951233,13,2.1,2.1,2.1,2.1,2.1,2.1,2.1,2.1,1.2,1.2,1.2,2.1,2.1,2.1,2.1,2.1,2.1,1.2,1.2,1.2,2.201
1419.0277535915375,0.4989762306213379,4544,35.754669189453125,8906.097802604534,127.08829652213323,13,2.1,2.1,2.1,2.1,2.1,2.1,2.1,2.1,1.2,1.2,1.2,2.1,2.1,2.1,2.1,2.1,2.1,1.2,1.2,1.2,2.201
1419.5283031463623,0.4989016056060791,3776,32.82740783691406,9241.324356413914,115.02583508143854,13,2.1,2.1,2.1,2.1,2.1,2.1,2.1,2.1,1.2,1.2,1.2,2.1,2.1,2.1,2.1,2.1,2.1,1.2,1.2,1.2,2.201
1420.028811454773,0.4989042282104492,5280,35.675872802734375,8873.259543888262,147.9991822259024,13,2.1,2.1,2.1,2.1,2.1,2.1,2.1,2.1,1.2,1.2,1.2,2.1,2.1,2.1,2.1,2.1,2.1,1.2,1.2,1.2,2.201
1420.5293583869934,0.49911069869995117,3872,35.91255187988281,9111.626030383917,107.81745649684628,13,2.1,2.1,2.1,2.1,2.1,2.1,2.1,2.1,1.2,1.2,1.2,2.1,2.1,2.1,2.1,2.1,2.1,1.2,1.2,1.2,2.201
1421.0299077033997,0.4990706443786621,4736,35.31144714355469,8598.980196255503,134.12081302548515,13,2.1,2.1,2.1,2.1,2.1,2.1,2.1,2.1,1.2,1.2,1.2,2.1,2.1,2.1,2.1,2.1,2.1,1.2,1.2,1.2,2.201
1421.5304386615753,0.49910569190979004,4704,36.36463928222656,9610.137213861395,129.35643231580488,13,2.1,2.1,2.1,2.1,2.1,2.1,2.1,2.1,1.2,1.2,1.2,2.1,2.1,2.1,2.1,2.1,2.1,1.2,1.2,1.2,2.201
1422.0308952331543,0.4762296676635742,5152,36.47462463378906,9055.189378622437,141.24888334635068,13,2.2,2.2,2.2,2.2,2.2,2.2,2.2,2.2,1.2,1.2,1.2,2.2,2.2,2.2,2.2,2.2,2.2,1.2,1.2,1.2,2.201
1422.5314440727234,0.4990377426147461,4288,35.93141174316406,9479.289256147369,119.33847828330292,13,2.2,2.2,2.2,2.2,2.2,2.2,2.2,2.2,1.2,1.2,1.2,2.2,2.2,2.2,2.2,2.2,2.2,1.2,1.2,1.2,2.201
1423.0319216251373,0.49909234046936035,4544,36.43046569824219,9793.654846053787,124.73076895690777,13,2.2,2.2,2.2,2.2,2.2,2.2,2.2,2.2,1.2,1.2,1.2,2.2,2.2,2.2,2.2,2.2,2.2,1.2,1.2,1.2,2.201
1423.5324292182922,0.49912023544311523,5152,39.962005615234375,9764.551091633622,128.92245823707975,13,2.2,2.2,2.2,2.2,2.2,2.2,2.2,2.2,1.2,1.2,1.2,2.2,2.2,2.2,2.2,2.2,2.2,1.2,1.2,1.2,2.201
1424.032935142517,0.4991292953491211,5056,40.160614013671875,9548.979403270043,125.89448951848162,13,2.2,2.2,2.2,2.2,2.2,2.2,2.2,2.2,1.2,1.2,1.2,2.2,2.2,2.2,2.2,2.2,2.2,1.2,1.2,1.2,2.201
1424.5334386825562,0.49912166595458984,4224,40.87921142578125,9400.006266917526,103.32880338626235,13,2.2,2.2,2.2,2.2,2.2,2.2,2.2,2.2,1.2,1.2,1.2,2.2,2.2,2.2,2.2,2.2,2.2,1.2,1.2,1.2,2.201
1425.0339460372925,0.49909520149230957,5344,40.47566223144531,9640.45370674195,132.02995838443076,13,2.2,2.2,2.2,2.2,2.2,2.2,2.2,2.2,1.2,1.2,1.2,2.2,2.2,2.2,2.2,2.2,2.2,1.2,1.2,1.2,2.201
1425.5344505310059,0.49907946586608887,4480,40.458251953125,9035.558087324285,110.73142767489153,13,2.2,2.2,2.2,2.2,2.2,2.2,2.2,2.2,1.2,1.2,1.2,2.2,2.2,2.2,2.2,2.2,2.2,1.2,1.2,1.2,2.201
1426.0349855422974,0.4992055892944336,4352,40.98529052734375,10092.499214790645,106.18443700177066,13,2.2,2.2,2.2,2.2,2.2,2.2,2.2,2.2,1.2,1.2,1.2,2.2,2.2,2.2,2.2,2.2,2.2,1.2,1.2,1.2,2.201
1426.5355224609375,0.4991264343261719,5216,40.57817077636719,9815.529019869462,128.54201902658977,13,2.2,2.2,2.2,2.2,2.2,2.2,2.2,2.2,1.2,1.2,1.2,2.2,2.2,2.2,2.2,2.2,2.2,1.2,1.2,1.2,2.201
1427.0360279083252,0.499112606048584,5024,39.92137145996094,9369.933025475391,125.8473798937196,13,2.2,2.2,2.2,2.2,2.2,2.2,2.2,2.2,1.2,1.2,1.2,2.2,2.2,2.2,2.2,2.2,2.2,1.2,1.2,1.2,2.201
1427.536566734314,0.4991452693939209,4416,40.64289855957031,9445.064633064967,108.6536678363987,13,2.2,2.2,2.2,2.2,2.2,2.2,2.2,2.2,1.2,1.2,1.2,2.2,2.2,2.2,2.2,2.2,2.2,1.2,1.2,1.2,2.201
1428.0370721817017,0.4991109371185303,4864,40.57145690917969,9776.52216631172,119.88724020653724,13,2.2,2.2,2.2,2.2,2.2,2.2,2.2,2.2,1.2,1.2,1.2,2.2,2.2,2.2,2.2,2.2,2.2,1.2,1.2,1.2,2.201
1428.5375781059265,0.49912381172180176,4192,40.04771423339844,9570.961527644395,104.67513765127734,13,2.2,2.2,2.2,2.2,2.2,2.2,2.2,2.2,1.2,1.2,1.2,2.2,2.2,2.2,2.2,2.2,2.2,1.2,1.2,1.2,2.201
1429.0380833148956,0.49913883209228516,5664,40.82781982421875,9668.203352505865,138.72893591639098,13,2.2,2.2,2.2,2.2,2.2,2.2,2.2,2.2,1.2,1.2,1.2,2.2,2.2,2.2,2.2,2.2,2.2,1.2,1.2,1.2,2.201
1429.5386152267456,0.49909090995788574,4832,41.05732727050781,9870.982627806989,117.68910256052905,13,2.2,2.2,2.2,2.2,2.2,2.2,2.2,2.2,1.2,1.2,1.2,2.2,2.2,2.2,2.2,2.2,2.2,1.2,1.2,1.2,2.201
1430.0391290187836,0.49913454055786133,4640,40.02357482910156,9201.98844874397,115.93167326538276,13,2.2,2.2,2.2,2.2,2.2,2.2,2.2,2.2,1.2,1.2,1.2,2.2,2.2,2.2,2.2,2.2,2.2,1.2,1.2,1.2,2.201
1430.5396449565887,0.4991328716278076,5280,40.46556091308594,10031.115717368404,130.48132488119126,13,2.2,2.2,2.2,2.2,2.2,2.2,2.2,2.2,1.2,1.2,1.2,2.2,2.2,2.2,2.2,2.2,2.2,1.2,1.2,1.2,2.201
1431.0401883125305,0.4991419315338135,4224,41.62797546386719,9642.836780116555,101.47022412046928,13,2.2,2.2,2.2,2.2,2.2,2.2,2.2,2.2,1.2,1.2,1.2,2.2,2.2,2.2,2.2,2.2,2.2,1.2,1.2,1.2,2.201
1431.5407207012177,0.4991307258605957,5248,40.50019836425781,9436.967111131076,129.57961224781207,13,2.2,2.2,2.2,2.2,2.2,2.2,2.2,2.2,1.2,1.2,1.2,2.2,2.2,2.2,2.2,2.2,2.2,1.2,1.2,1.2,2.201
1432.0412499904633,0.4770934581756592,4928,42.7564697265625,9779.97765781595,115.25741090215583,14,1.2,1.2,1.2,1.2,1.2,1.2,1.2,1.2,1.2,1.2,1.2,1.2,1.2,1.2,1.2,1.2,1.2,1.2,1.2,1.2,2.201
1432.5417709350586,0.49895548820495605,2528,27.885177612304688,5730.034160339927,90.65748244990515,14,1.2,1.2,1.2,1.2,1.2,1.2,1.2,1.2,1.2,1.2,1.2,1.2,1.2,1.2,1.2,1.2,1.2,1.2,1.2,1.2,2.201
1433.042332649231,0.49907541275024414,2272,26.53155517578125,4597.102969653217,85.63387954257372,14,1.2,1.2,1.2,1.2,1.2,1.2,1.2,1.2,1.2,1.2,1.2,1.2,1.2,1.2,1.2,1.2,1.2,1.2,1.2,1.2,2.201
1433.5428416728973,0.499021053314209,2528,26.494216918945312,5531.3616200677125,95.41704922753517,14,1.2,1.2,1.2,1.2,1.2,1.2,1.2,1.2,1.2,1.2,1.2,1.2,1.2,1.2,1.2,1.2,1.2,1.2,1.2,1.2,2.201
1434.0433468818665,0.4990997314453125,2592,27.138046264648438,4966.659845047085,95.51166560492184,14,1.2,1.2,1.2,1.2,1.2,1.2,1.2,1.2,1.2,1.2,1.2,1.2,1.2,1.2,1.2,1.2,1.2,1.2,1.2,1.2,2.201
1434.5438504219055,0.4990973472595215,3008,27.839630126953125,5129.982665023415,108.04741249373801,14,1.2,1.2,1.2,1.2,1.2,1.2,1.2,1.2,1.2,1.2,1.2,1.2,1.2,1.2,1.2,1.2,1.2,1.2,1.2,1.2,2.201
1435.044357061386,0.49906253814697266,2368,28.816314697265625,6316.060753701688,82.175671138985,14,1.2,1.2,1.2,1.2,1.2,1.2,1.2,1.2,1.2,1.2,1.2,1.2,1.2,1.2,1.2,1.2,1.2,1.2,1.2,1.2,2.201
1435.5448760986328,0.4991323947906494,2816,27.834747314453125,4723.91976361311,101.16851316044816,14,1.2,1.2,1.2,1.2,1.2,1.2,1.2,1.2,1.2,1.2,1.2,1.2,1.2,1.2,1.2,1.2,1.2,1.2,1.2,1.2,2.201
1436.0453815460205,0.4991621971130371,2816,27.591400146484375,6139.840077935431,102.0607865149898,14,1.2,1.2,1.2,1.2,1.2,1.2,1.2,1.2,1.2,1.2,1.2,1.2,1.2,1.2,1.2,1.2,1.2,1.2,1.2,1.2,2.201
1436.5459027290344,0.49910902976989746,2560,27.491363525390625,4922.123684484026,93.12015381250993,14,1.2,1.2,1.2,1.2,1.2,1.2,1.2,1.2,1.2,1.2,1.2,1.2,1.2,1.2,1.2,1.2,1.2,1.2,1.2,1.2,2.201
1437.0464103221893,0.4991011619567871,2592,28.409072875976562,5027.46820283692,91.23845791503676,14,1.2,1.2,1.2,1.2,1.2,1.2,1.2,1.2,1.2,1.2,1.2,1.2,1.2,1.2,1.2,1.2,1.2,1.2,1.2,1.2,2.201
1437.5469155311584,0.49910497665405273,2592,28.153106689453125,5422.741170762203,92.06799194815078,14,1.2,1.2,1.2,1.2,1.2,1.2,1.2,1.2,1.2,1.2,1.2,1.2,1.2,1.2,1.2,1.2,1.2,1.2,1.2,1.2,2.201
1438.0474774837494,0.499176025390625,2176,28.32635498046875,5494.875721560405,76.81892010109912,14,1.2,1.2,1.2,1.2,1.2,1.2,1.2,1.2,1.2,1.2,1.2,1.2,1.2,1.2,1.2,1.2,1.2,1.2,1.2,1.2,2.201
1438.5479848384857,0.49892354011535645,3232,26.734634399414062,5021.573362335462,120.89187200820054,14,1.2,1.2,1.2,1.2,1.2,1.2,1.2,1.2,1.2,1.2,1.2,1.2,1.2,1.2,1.2,1.2,1.2,1.2,1.2,1.2,2.201
1439.0484898090363,0.49909043312072754,2496,27.363906860351562,4756.174370785299,91.2150451592325,14,1.2,1.2,1.2,1.2,1.2,1.2,1.2,1.2,1.2,1.2,1.2,1.2,1.2,1.2,1.2,1.2,1.2,1.2,1.2,1.2,2.201
1439.5490345954895,0.4991414546966553,2752,28.741409301757812,5921.72982867462,95.75034999524846,14,1.2,1.2,1.2,1.2,1.2,1.2,1.2,1.2,1.2,1.2,1.2,1.2,1.2,1.2,1.2,1.2,1.2,1.2,1.2,1.2,2.201
1440.0495944023132,0.49898409843444824,2304,25.915847778320312,4426.811847923039,88.90313061366999,14,1.2,1.2,1.2,1.2,1.2,1.2,1.2,1.2,1.2,1.2,1.2,1.2,1.2,1.2,1.2,1.2,1.2,1.2,1.2,1.2,2.201
1440.5501339435577,0.49892091751098633,2976,26.331954956054688,5707.442077110214,113.01857400890425,14,1.2,1.2,1.2,1.2,1.2,1.2,1.2,1.2,1.2,1.2,1.2,1.2,1.2,1.2,1.2,1.2,1.2,1.2,1.2,1.2,2.201
1441.050674200058,0.4989321231842041,2656,25.389266967773438,5615.609774427724,104.61113364837422,14,1.2,1.2,1.2,1.2,1.2,1.2,1.2,1.2,1.2,1.2,1.2,1.2,1.2,1.2,1.2,1.2,1.2,1.2,1.2,1.2,2.201
1441.5512099266052,0.4990401268005371,2240,26.282608032226562,4985.880122845045,85.2274628626433,14,1.2,1.2,1.2,1.2,1.2,1.2,1.2,1.2,1.2,1.2,1.2,1.2,1.2,1.2,1.2,1.2,1.2,1.2,1.2,1.2,2.201
1442.0517485141754,0.47421860694885254,3136,27.2064208984375,5311.630425825821,115.2669074593382,14,1.3,1.3,1.3,1.3,1.3,1.3,1.3,1.3,1.2,1.2,1.2,1.3,1.3,1.3,1.3,1.3,1.3,1.3,1.2,1.2,2.201
1442.5522837638855,0.4988994598388672,2656,25.104812622070312,5425.718488329607,105.79644787569693,14,1.3,1.3,1.3,1.3,1.3,1.3,1.3,1.3,1.2,1.2,1.2,1.3,1.3,1.3,1.3,1.3,1.3,1.3,1.2,1.2,2.201
1443.0528025627136,0.49904322624206543,2368,26.768478393554688,5501.0939447112305,88.46225643405144,14,1.3,1.3,1.3,1.3,1.3,1.3,1.3,1.3,1.2,1.2,1.2,1.3,1.3,1.3,1.3,1.3,1.3,1.3,1.2,1.2,2.201
1443.5533421039581,0.49912476539611816,2784,27.308456420898438,5520.072970907901,101.94644314899756,14,1.3,1.3,1.3,1.3,1.3,1.3,1.3,1.3,1.2,1.2,1.2,1.3,1.3,1.3,1.3,1.3,1.3,1.3,1.2,1.2,2.201
1444.0538759231567,0.4989447593688965,2688,26.609130859375,4987.449516277097,101.01795561101375,14,1.3,1.3,1.3,1.3,1.3,1.3,1.3,1.3,1.2,1.2,1.2,1.3,1.3,1.3,1.3,1.3,1.3,1.3,1.2,1.2,2.201
1444.5543720722198,0.49906277656555176,2624,27.311752319335938,6127.05542357788,96.07585662463273,14,1.3,1.3,1.3,1.3,1.3,1.3,1.3,1.3,1.2,1.2,1.2,1.3,1.3,1.3,1.3,1.3,1.3,1.3,1.2,1.2,2.201
1445.054878950119,0.4989767074584961,3040,26.858016967773438,5544.101767275638,113.18780547527592,14,1.3,1.3,1.3,1.3,1.3,1.3,1.3,1.3,1.2,1.2,1.2,1.3,1.3,1.3,1.3,1.3,1.3,1.3,1.2,1.2,2.201
1445.5553996562958,0.4991188049316406,2720,26.874267578125,5516.653089878427,101.21206064845518,14,1.3,1.3,1.3,1.3,1.3,1.3,1.3,1.3,1.2,1.2,1.2,1.3,1.3,1.3,1.3,1.3,1.3,1.3,1.2,1.2,2.201
1446.0559334754944,0.4991002082824707,2240,28.214401245117188,5904.011345410542,79.3920799714882,14,1.3,1.3,1.3,1.3,1.3,1.3,1.3,1.3,1.2,1.2,1.2,1.3,1.3,1.3,1.3,1.3,1.3,1.3,1.2,1.2,2.201
1446.5565013885498,0.49910521507263184,2880,28.223129272460938,5366.589112326741,102.04396444480007,14,1.3,1.3,1.3,1.3,1.3,1.3,1.3,1.3,1.2,1.2,1.2,1.3,1.3,1.3,1.3,1.3,1.3,1.3,1.2,1.2,2.201
1447.0570514202118,0.49895763397216797,2880,26.332427978515625,5227.409959941649,109.37084883892075,14,1.3,1.3,1.3,1.3,1.3,1.3,1.3,1.3,1.2,1.2,1.2,1.3,1.3,1.3,1.3,1.3,1.3,1.3,1.2,1.2,2.201
1447.5576043128967,0.49887847900390625,3328,26.293548583984375,6086.266197822711,126.57097193899165,14,1.3,1.3,1.3,1.3,1.3,1.3,1.3,1.3,1.2,1.2,1.2,1.3,1.3,1.3,1.3,1.3,1.3,1.3,1.2,1.2,2.201
1448.0581412315369,0.4989511966705322,2656,26.227386474609375,5667.6131591449885,101.26819165040568,14,1.3,1.3,1.3,1.3,1.3,1.3,1.3,1.3,1.2,1.2,1.2,1.3,1.3,1.3,1.3,1.3,1.3,1.3,1.2,1.2,2.201
1448.5586626529694,0.49894118309020996,2752,26.983734130859375,5349.481563169461,101.98736715437518,14,1.3,1.3,1.3,1.3,1.3,1.3,1.3,1.3,1.2,1.2,1.2,1.3,1.3,1.3,1.3,1.3,1.3,1.3,1.2,1.2,2.201
1449.0591714382172,0.4991118907928467,2528,26.897064208984375,5172.677867441759,93.98795275045583,14,1.3,1.3,1.3,1.3,1.3,1.3,1.3,1.3,1.2,1.2,1.2,1.3,1.3,1.3,1.3,1.3,1.3,1.3,1.2,1.2,2.201
1449.5597245693207,0.4991281032562256,3040,27.338775634765625,5526.029602212192,111.19737184331525,14,1.3,1.3,1.3,1.3,1.3,1.3,1.3,1.3,1.2,1.2,1.2,1.3,1.3,1.3,1.3,1.3,1.3,1.3,1.2,1.2,2.201
1450.0602610111237,0.49898695945739746,2912,27.783477783203125,6508.011245776539,104.81049286639302,14,1.3,1.3,1.3,1.3,1.3,1.3,1.3,1.3,1.2,1.2,1.2,1.3,1.3,1.3,1.3,1.3,1.3,1.3,1.2,1.2,2.201
1450.560814857483,0.4989638328552246,2720,26.352569580078125,5570.927617383535,103.2157411342631,14,1.3,1.3,1.3,1.3,1.3,1.3,1.3,1.3,1.2,1.2,1.2,1.3,1.3,1.3,1.3,1.3,1.3,1.3,1.2,1.2,2.201
1451.0613234043121,0.49896240234375,3136,26.074905395507812,5448.816240260204,120.26889273164038,14,1.3,1.3,1.3,1.3,1.3,1.3,1.3,1.3,1.2,1.2,1.2,1.3,1.3,1.3,1.3,1.3,1.3,1.3,1.2,1.2,2.201
1451.5618464946747,0.49910521507263184,2528,27.27740478515625,5259.886561254516,92.67743833811055,14,1.3,1.3,1.3,1.3,1.3,1.3,1.3,1.3,1.2,1.2,1.2,1.3,1.3,1.3,1.3,1.3,1.3,1.3,1.2,1.2,2.201
1452.0623412132263,0.47717857360839844,3008,28.8223876953125,5430.882624390937,104.36331756404772,14,1.4,1.4,1.4,1.4,1.4,1.4,1.4,1.4,1.2,1.2,1.2,1.4,1.4,1.4,1.4,1.4,1.4,1.4,1.2,1.2,2.201
1452.5629062652588,0.49907827377319336,2400,29.39288330078125,7008.573096577126,81.6524182211212,14,1.4,1.4,1.4,1.4,1.4,1.4,1.4,1.4,1.2,1.2,1.2,1.4,1.4,1.4,1.4,1.4,1.4,1.4,1.2,1.2,2.201
1453.063423871994,0.498992919921875,3680,29.119476318359375,6015.892537174891,126.37589906381034,14,1.4,1.4,1.4,1.4,1.4,1.4,1.4,1.4,1.2,1.2,1.2,1.4,1.4,1.4,1.4,1.4,1.4,1.4,1.2,1.2,2.201
1453.5639443397522,0.49904942512512207,3040,28.39300537109375,6007.862509816503,107.06862342564666,14,1.4,1.4,1.4,1.4,1.4,1.4,1.4,1.4,1.2,1.2,1.2,1.4,1.4,1.4,1.4,1.4,1.4,1.4,1.2,1.2,2.201
1454.0644624233246,0.4990532398223877,2784,29.561172485351562,6233.020293448815,94.17759060062839,14,1.4,1.4,1.4,1.4,1.4,1.4,1.4,1.4,1.2,1.2,1.2,1.4,1.4,1.4,1.4,1.4,1.4,1.4,1.2,1.2,2.201
1454.5650281906128,0.4991006851196289,2912,30.749298095703125,6397.832080780593,94.70134865962744,14,1.4,1.4,1.4,1.4,1.4,1.4,1.4,1.4,1.2,1.2,1.2,1.4,1.4,1.4,1.4,1.4,1.4,1.4,1.2,1.2,2.201
1455.0655796527863,0.4989354610443115,3232,29.286712646484375,5861.302463774645,110.35721349176329,14,1.4,1.4,1.4,1.4,1.4,1.4,1.4,1.4,1.2,1.2,1.2,1.4,1.4,1.4,1.4,1.4,1.4,1.4,1.2,1.2,2.201
1455.5661442279816,0.4989602565765381,2944,27.994537353515625,6282.720417380987,105.16337394053362,14,1.4,1.4,1.4,1.4,1.4,1.4,1.4,1.4,1.2,1.2,1.2,1.4,1.4,1.4,1.4,1.4,1.4,1.4,1.2,1.2,2.201
1456.0666959285736,0.49880504608154297,3136,28.016983032226562,5698.709001375115,111.93210904945806,14,1.4,1.4,1.4,1.4,1.4,1.4,1.4,1.4,1.2,1.2,1.2,1.4,1.4,1.4,1.4,1.4,1.4,1.4,1.2,1.2,2.201
1456.567260980606,0.4990050792694092,3296,26.439285278320312,6533.275630004072,124.66297652541517,14,1.4,1.4,1.4,1.4,1.4,1.4,1.4,1.4,1.2,1.2,1.2,1.4,1.4,1.4,1.4,1.4,1.4,1.4,1.2,1.2,2.201
1457.067810535431,0.4988515377044678,2336,28.144073486328125,5144.687691727494,83.00148879069641,14,1.4,1.4,1.4,1.4,1.4,1.4,1.4,1.4,1.2,1.2,1.2,1.4,1.4,1.4,1.4,1.4,1.4,1.4,1.2,1.2,2.201
1457.5683591365814,0.4989626407623291,3584,28.191421508789062,6291.609295163611,127.13087202369837,14,1.4,1.4,1.4,1.4,1.4,1.4,1.4,1.4,1.2,1.2,1.2,1.4,1.4,1.4,1.4,1.4,1.4,1.4,1.2,1.2,2.201
1458.0688650608063,0.4990983009338379,3072,29.367355346679688,6211.01153744059,104.60594642368177,14,1.4,1.4,1.4,1.4,1.4,1.4,1.4,1.4,1.2,1.2,1.2,1.4,1.4,1.4,1.4,1.4,1.4,1.4,1.2,1.2,2.201
1458.569415807724,0.49910545349121094,2528,29.542617797851562,5619.587152367923,85.57129287926017,14,1.4,1.4,1.4,1.4,1.4,1.4,1.4,1.4,1.2,1.2,1.2,1.4,1.4,1.4,1.4,1.4,1.4,1.4,1.2,1.2,2.201
1459.0699219703674,0.4989786148071289,3488,28.949462890625,6694.408675869847,120.48582777435759,14,1.4,1.4,1.4,1.4,1.4,1.4,1.4,1.4,1.2,1.2,1.2,1.4,1.4,1.4,1.4,1.4,1.4,1.4,1.2,1.2,2.201
1459.5704770088196,0.49906468391418457,3232,28.388778686523438,6037.234261044457,113.84780006525173,14,1.4,1.4,1.4,1.4,1.4,1.4,1.4,1.4,1.2,1.2,1.2,1.4,1.4,1.4,1.4,1.4,1.4,1.4,1.2,1.2,2.201
1460.0709853172302,0.4990041255950928,3264,28.0465087890625,6161.002401443673,116.37812123243252,14,1.4,1.4,1.4,1.4,1.4,1.4,1.4,1.4,1.2,1.2,1.2,1.4,1.4,1.4,1.4,1.4,1.4,1.4,1.2,1.2,2.201
1460.5715053081512,0.49910855293273926,3104,28.164779663085938,6167.408385023157,110.20856676781483,14,1.4,1.4,1.4,1.4,1.4,1.4,1.4,1.4,1.2,1.2,1.2,1.4,1.4,1.4,1.4,1.4,1.4,1.4,1.2,1.2,2.201
1461.0720081329346,0.49909496307373047,2272,29.314437866210938,5191.068074427796,77.50447101763474,14,1.4,1.4,1.4,1.4,1.4,1.4,1.4,1.4,1.2,1.2,1.2,1.4,1.4,1.4,1.4,1.4,1.4,1.4,1.2,1.2,2.201
1461.572527885437,0.4991319179534912,3584,30.354812622070312,6866.982183308186,118.07023962302942,14,1.4,1.4,1.4,1.4,1.4,1.4,1.4,1.4,1.2,1.2,1.2,1.4,1.4,1.4,1.4,1.4,1.4,1.4,1.2,1.2,2.201
1462.0730156898499,0.4763329029083252,3264,30.27081298828125,5947.173434238666,107.82663819645654,14,1.5,1.5,1.5,1.5,1.5,1.5,1.5,1.5,1.2,1.2,1.2,1.5,1.5,1.5,1.5,1.5,1.5,1.5,1.2,1.2,2.201
1462.5735635757446,0.49907493591308594,2496,28.225997924804688,5863.868738484127,88.42911441605908,14,1.5,1.5,1.5,1.5,1.5,1.5,1.5,1.5,1.2,1.2,1.2,1.5,1.5,1.5,1.5,1.5,1.5,1.5,1.2,1.2,2.201
1463.0741047859192,0.4990098476409912,3648,29.952682495117188,7042.790790627592,121.7920966041919,14,1.5,1.5,1.5,1.5,1.5,1.5,1.5,1.5,1.2,1.2,1.2,1.5,1.5,1.5,1.5,1.5,1.5,1.5,1.2,1.2,2.201
1463.574651002884,0.49909496307373047,2752,28.3984375,6377.42917886249,96.90674002751031,14,1.5,1.5,1.5,1.5,1.5,1.5,1.5,1.5,1.2,1.2,1.2,1.5,1.5,1.5,1.5,1.5,1.5,1.5,1.2,1.2,2.201
1464.0751893520355,0.49910426139831543,4032,29.2691650390625,6631.948296916799,137.75589411651853,14,1.5,1.5,1.5,1.5,1.5,1.5,1.5,1.5,1.2,1.2,1.2,1.5,1.5,1.5,1.5,1.5,1.5,1.5,1.2,1.2,2.201
1464.575753211975,0.49899721145629883,3008,28.608016967773438,6346.437468042117,105.14535150718322,14,1.5,1.5,1.5,1.5,1.5,1.5,1.5,1.5,1.2,1.2,1.2,1.5,1.5,1.5,1.5,1.5,1.5,1.5,1.2,1.2,2.201
1465.0762617588043,0.4989631175994873,3616,28.368789672851562,6769.182001974373,127.46402090817604,14,1.5,1.5,1.5,1.5,1.5,1.5,1.5,1.5,1.2,1.2,1.2,1.5,1.5,1.5,1.5,1.5,1.5,1.5,1.2,1.2,2.201
1465.5768072605133,0.49918198585510254,2208,29.032470703125,5672.303670162548,76.05277630616312,14,1.5,1.5,1.5,1.5,1.5,1.5,1.5,1.5,1.2,1.2,1.2,1.5,1.5,1.5,1.5,1.5,1.5,1.5,1.2,1.2,2.201
1466.0773575305939,0.4991455078125,3584,29.293426513671875,7245.895696032993,122.34826807738827,14,1.5,1.5,1.5,1.5,1.5,1.5,1.5,1.5,1.2,1.2,1.2,1.5,1.5,1.5,1.5,1.5,1.5,1.5,1.2,1.2,2.201
1466.5779070854187,0.49894213676452637,3968,28.195877075195312,6517.815618124666,140.72979497739257,14,1.5,1.5,1.5,1.5,1.5,1.5,1.5,1.5,1.2,1.2,1.2,1.5,1.5,1.5,1.5,1.5,1.5,1.5,1.2,1.2,2.201
1467.0784282684326,0.49895572662353516,2656,28.295913696289062,5647.645759299315,93.86514351534538,14,1.5,1.5,1.5,1.5,1.5,1.5,1.5,1.5,1.2,1.2,1.2,1.5,1.5,1.5,1.5,1.5,1.5,1.5,1.2,1.2,2.201
1467.5789499282837,0.4991183280944824,3808,28.905075073242188,7313.337927957854,131.74157099924352,14,1.5,1.5,1.5,1.5,1.5,1.5,1.5,1.5,1.2,1.2,1.2,1.5,1.5,1.5,1.5,1.5,1.5,1.5,1.2,1.2,2.201
1468.0795011520386,0.4991183280944824,3136,29.887359619140625,6629.675269473235,104.92730170756288,14,1.5,1.5,1.5,1.5,1.5,1.5,1.5,1.5,1.2,1.2,1.2,1.5,1.5,1.5,1.5,1.5,1.5,1.5,1.2,1.2,2.201
1468.5800635814667,0.4989798069000244,3104,28.972412109375,6409.1368576648365,107.1364023223871,14,1.5,1.5,1.5,1.5,1.5,1.5,1.5,1.5,1.2,1.2,1.2,1.5,1.5,1.5,1.5,1.5,1.5,1.5,1.2,1.2,2.201
1469.0805714130402,0.4989433288574219,3360,29.16748046875,6078.141727261892,115.19678580396753,14,1.5,1.5,1.5,1.5,1.5,1.5,1.5,1.5,1.2,1.2,1.2,1.5,1.5,1.5,1.5,1.5,1.5,1.5,1.2,1.2,2.201
1469.5811207294464,0.49911069869995117,3360,28.643966674804688,7155.11693222567,117.30218925842647,14,1.5,1.5,1.5,1.5,1.5,1.5,1.5,1.5,1.2,1.2,1.2,1.5,1.5,1.5,1.5,1.5,1.5,1.5,1.2,1.2,2.201
1470.081627368927,0.49900221824645996,3488,28.218124389648438,6445.80267268609,123.60849898583412,14,1.5,1.5,1.5,1.5,1.5,1.5,1.5,1.5,1.2,1.2,1.2,1.5,1.5,1.5,1.5,1.5,1.5,1.5,1.2,1.2,2.201
1470.5821933746338,0.49907541275024414,3072,28.611923217773438,6594.123182711805,107.3678262246875,14,1.5,1.5,1.5,1.5,1.5,1.5,1.5,1.5,1.2,1.2,1.2,1.5,1.5,1.5,1.5,1.5,1.5,1.5,1.2,1.2,2.201
1471.0827038288116,0.49894046783447266,3040,28.357757568359375,6563.436082634519,107.2017063645374,14,1.5,1.5,1.5,1.5,1.5,1.5,1.5,1.5,1.2,1.2,1.2,1.5,1.5,1.5,1.5,1.5,1.5,1.5,1.2,1.2,2.201
1471.5832207202911,0.4990813732147217,3744,29.725418090820312,6568.272187081486,125.95281212062102,14,1.5,1.5,1.5,1.5,1.5,1.5,1.5,1.5,1.2,1.2,1.2,1.5,1.5,1.5,1.5,1.5,1.5,1.5,1.2,1.2,2.201
1472.0837154388428,0.4764416217803955,3168,33.1856689453125,6595.5681580505025,95.46289409505732,14,1.6,1.6,1.6,1.6,1.6,1.6,1.6,1.6,1.2,1.2,1.2,1.6,1.6,1.6,1.6,1.6,1.6,1.6,1.2,1.2,2.201
1472.5842320919037,0.4990534782409668,2688,29.379135131835938,6134.458122867281,91.49350339749174,14,1.6,1.6,1.6,1.6,1.6,1.6,1.6,1.6,1.2,1.2,1.2,1.6,1.6,1.6,1.6,1.6,1.6,1.6,1.2,1.2,2.201
1473.0847458839417,0.4991321563720703,4192,31.74835205078125,7119.434994593351,132.03834936991146,14,1.6,1.6,1.6,1.6,1.6,1.6,1.6,1.6,1.2,1.2,1.2,1.6,1.6,1.6,1.6,1.6,1.6,1.6,1.2,1.2,2.201
1473.5852637290955,0.49910569190979004,3680,30.470672607421875,7475.0547749904545,120.77186635859316,14,1.6,1.6,1.6,1.6,1.6,1.6,1.6,1.6,1.2,1.2,1.2,1.6,1.6,1.6,1.6,1.6,1.6,1.6,1.2,1.2,2.201
1474.0857727527618,0.4990839958190918,2944,30.54058837890625,6677.872159145954,96.39630918287611,14,1.6,1.6,1.6,1.6,1.6,1.6,1.6,1.6,1.2,1.2,1.2,1.6,1.6,1.6,1.6,1.6,1.6,1.6,1.2,1.2,2.201
1474.586347579956,0.49906277656555176,3616,30.703659057617188,6660.6539413300425,117.77097945278663,14,1.6,1.6,1.6,1.6,1.6,1.6,1.6,1.6,1.2,1.2,1.2,1.6,1.6,1.6,1.6,1.6,1.6,1.6,1.2,1.2,2.201
1475.086855173111,0.49903130531311035,3552,32.042694091796875,7300.893728357502,110.85210219290936,14,1.6,1.6,1.6,1.6,1.6,1.6,1.6,1.6,1.2,1.2,1.2,1.6,1.6,1.6,1.6,1.6,1.6,1.6,1.2,1.2,2.201
1475.5873742103577,0.4991157054901123,3648,29.22552490234375,6707.991762723963,124.82239454003604,14,1.6,1.6,1.6,1.6,1.6,1.6,1.6,1.6,1.2,1.2,1.2,1.6,1.6,1.6,1.6,1.6,1.6,1.6,1.2,1.2,2.201
1476.0878837108612,0.49904441833496094,3200,31.1116943359375,7259.135117619937,102.85521468059811,14,1.6,1.6,1.6,1.6,1.6,1.6,1.6,1.6,1.2,1.2,1.2,1.6,1.6,1.6,1.6,1.6,1.6,1.6,1.2,1.2,2.201
1476.588401556015,0.49904942512512207,3584,32.24842834472656,7304.299144228005,111.13719905007635,14,1.6,1.6,1.6,1.6,1.6,1.6,1.6,1.6,1.2,1.2,1.2,1.6,1.6,1.6,1.6,1.6,1.6,1.6,1.2,1.2,2.201
1477.0889105796814,0.49910736083984375,3456,29.902511596679688,6407.552719825749,115.57557594539139,14,1.6,1.6,1.6,1.6,1.6,1.6,1.6,1.6,1.2,1.2,1.2,1.6,1.6,1.6,1.6,1.6,1.6,1.6,1.2,1.2,2.201
1477.5894300937653,0.499100923538208,3648,31.346435546875,7424.281666984777,116.37686825810974,14,1.6,1.6,1.6,1.6,1.6,1.6,1.6,1.6,1.2,1.2,1.2,1.6,1.6,1.6,1.6,1.6,1.6,1.6,1.2,1.2,2.201
1478.0899229049683,0.4990568161010742,2720,30.341018676757812,6726.252672603784,89.64761628401115,14,1.6,1.6,1.6,1.6,1.6,1.6,1.6,1.6,1.2,1.2,1.2,1.6,1.6,1.6,1.6,1.6,1.6,1.6,1.2,1.2,2.201
1478.5904433727264,0.4990534782409668,4384,30.431640625,7008.118411977861,144.0605866118991,14,1.6,1.6,1.6,1.6,1.6,1.6,1.6,1.6,1.2,1.2,1.2,1.6,1.6,1.6,1.6,1.6,1.6,1.6,1.2,1.2,2.201
1479.0909521579742,0.4991426467895508,3296,29.91961669921875,6953.653971913389,110.16183907483226,14,1.6,1.6,1.6,1.6,1.6,1.6,1.6,1.6,1.2,1.2,1.2,1.6,1.6,1.6,1.6,1.6,1.6,1.6,1.2,1.2,2.201
1479.5914998054504,0.49910426139831543,3584,31.102020263671875,7219.345031730902,115.23367194851402,14,1.6,1.6,1.6,1.6,1.6,1.6,1.6,1.6,1.2,1.2,1.2,1.6,1.6,1.6,1.6,1.6,1.6,1.6,1.2,1.2,2.201
1480.0920073986053,0.49900221824645996,3360,31.395065307617188,7028.913404787392,107.02318874249274,14,1.6,1.6,1.6,1.6,1.6,1.6,1.6,1.6,1.2,1.2,1.2,1.6,1.6,1.6,1.6,1.6,1.6,1.6,1.2,1.2,2.201
1480.5925288200378,0.499100923538208,3680,30.894882202148438,6865.341495760773,119.11357926278457,14,1.6,1.6,1.6,1.6,1.6,1.6,1.6,1.6,1.2,1.2,1.2,1.6,1.6,1.6,1.6,1.6,1.6,1.6,1.2,1.2,2.201
1481.0930244922638,0.49909019470214844,3488,30.495330810546875,7155.436906495159,114.37816568278275,14,1.6,1.6,1.6,1.6,1.6,1.6,1.6,1.6,1.2,1.2,1.2,1.6,1.6,1.6,1.6,1.6,1.6,1.6,1.2,1.2,2.201
1481.5935745239258,0.4990992546081543,3776,30.085159301757812,7004.717656500314,125.51038743475678,14,1.6,1.6,1.6,1.6,1.6,1.6,1.6,1.6,1.2,1.2,1.2,1.6,1.6,1.6,1.6,1.6,1.6,1.6,1.2,1.2,2.201
1482.0940628051758,0.4760124683380127,3040,33.520355224609375,6883.336044401209,90.69116301512662,14,1.7,1.7,1.7,1.7,1.7,1.7,1.7,1.7,1.2,1.2,1.2,1.7,1.7,1.7,1.7,1.7,1.7,1.7,1.2,1.2,2.201
1482.5945799350739,0.49903154373168945,3584,29.595672607421875,7394.514202609914,121.09878520217242,14,1.7,1.7,1.7,1.7,1.7,1.7,1.7,1.7,1.2,1.2,1.2,1.7,1.7,1.7,1.7,1.7,1.7,1.7,1.2,1.2,2.201
1483.0950906276703,0.4990978240966797,3648,32.47572326660156,7109.796459366135,112.33006175267076,14,1.7,1.7,1.7,1.7,1.7,1.7,1.7,1.7,1.2,1.2,1.2,1.7,1.7,1.7,1.7,1.7,1.7,1.7,1.2,1.2,2.201
1483.5956342220306,0.49911069869995117,3872,32.074554443359375,6870.636347353671,120.7187462833688,14,1.7,1.7,1.7,1.7,1.7,1.7,1.7,1.7,1.2,1.2,1.2,1.7,1.7,1.7,1.7,1.7,1.7,1.7,1.2,1.2,2.201
1484.0961434841156,0.4990880489349365,3008,33.48362731933594,7171.39863981567,89.83495041658635,14,1.7,1.7,1.7,1.7,1.7,1.7,1.7,1.7,1.2,1.2,1.2,1.7,1.7,1.7,1.7,1.7,1.7,1.7,1.2,1.2,2.201
1484.5966866016388,0.49909400939941406,4032,31.663009643554688,7072.091557891705,127.34102175977932,14,1.7,1.7,1.7,1.7,1.7,1.7,1.7,1.7,1.2,1.2,1.2,1.7,1.7,1.7,1.7,1.7,1.7,1.7,1.2,1.2,2.201
1485.0972034931183,0.49909543991088867,2976,33.40336608886719,7059.3851587745685,89.09281753469311,14,1.7,1.7,1.7,1.7,1.7,1.7,1.7,1.7,1.2,1.2,1.2,1.7,1.7,1.7,1.7,1.7,1.7,1.7,1.2,1.2,2.201
1485.597719669342,0.49910736083984375,4448,29.941879272460938,7795.3642084047315,148.55446979545638,14,1.7,1.7,1.7,1.7,1.7,1.7,1.7,1.7,1.2,1.2,1.2,1.7,1.7,1.7,1.7,1.7,1.7,1.7,1.2,1.2,2.201
1486.0982151031494,0.49903297424316406,3296,33.62983703613281,7512.99580593031,98.00820611942567,14,1.7,1.7,1.7,1.7,1.7,1.7,1.7,1.7,1.2,1.2,1.2,1.7,1.7,1.7,1.7,1.7,1.7,1.7,1.2,1.2,2.201
1486.5987615585327,0.49907493591308594,3648,31.32763671875,6640.029578198531,116.44670272292274,14,1.7,1.7,1.7,1.7,1.7,1.7,1.7,1.7,1.2,1.2,1.2,1.7,1.7,1.7,1.7,1.7,1.7,1.7,1.2,1.2,2.201
1487.0992784500122,0.49915170669555664,3104,31.078338623046875,7303.795964785264,99.87663876273474,14,1.7,1.7,1.7,1.7,1.7,1.7,1.7,1.7,1.2,1.2,1.2,1.7,1.7,1.7,1.7,1.7,1.7,1.7,1.2,1.2,2.201
1487.5998377799988,0.4990997314453125,4800,31.36456298828125,8074.531993334754,153.03895679316255,14,1.7,1.7,1.7,1.7,1.7,1.7,1.7,1.7,1.2,1.2,1.2,1.7,1.7,1.7,1.7,1.7,1.7,1.7,1.2,1.2,2.201
1488.1003744602203,0.49894022941589355,2816,30.88262939453125,7199.039587702706,91.18394564222767,14,1.7,1.7,1.7,1.7,1.7,1.7,1.7,1.7,1.2,1.2,1.2,1.7,1.7,1.7,1.7,1.7,1.7,1.7,1.2,1.2,2.201
1488.6009349822998,0.4990873336791992,3712,30.515350341796875,6668.546240124769,121.64369598980726,14,1.7,1.7,1.7,1.7,1.7,1.7,1.7,1.7,1.2,1.2,1.2,1.7,1.7,1.7,1.7,1.7,1.7,1.7,1.2,1.2,2.201
1489.1014544963837,0.4990260601043701,4352,30.508743286132812,7817.104894161103,142.64763248960574,14,1.7,1.7,1.7,1.7,1.7,1.7,1.7,1.7,1.2,1.2,1.2,1.7,1.7,1.7,1.7,1.7,1.7,1.7,1.2,1.2,2.201
1489.6020019054413,0.49907922744750977,2880,30.99969482421875,6793.289711838952,92.90414039011694,14,1.7,1.7,1.7,1.7,1.7,1.7,1.7,1.7,1.2,1.2,1.2,1.7,1.7,1.7,1.7,1.7,1.7,1.7,1.2,1.2,2.201
1490.1024985313416,0.499042272567749,4384,30.941497802734375,7575.8310544945025,141.68674147418213,14,1.7,1.7,1.7,1.7,1.7,1.7,1.7,1.7,1.2,1.2,1.2,1.7,1.7,1.7,1.7,1.7,1.7,1.7,1.2,1.2,2.201
1490.6030213832855,0.4991261959075928,2880,31.061477661132812,7021.410137537107,92.71934939540047,14,1.7,1.7,1.7,1.7,1.7,1.7,1.7,1.7,1.2,1.2,1.2,1.7,1.7,1.7,1.7,1.7,1.7,1.7,1.2,1.2,2.201
1491.1035277843475,0.49901843070983887,4160,33.24815368652344,7352.09344149361,125.11972963136849,14,1.7,1.7,1.7,1.7,1.7,1.7,1.7,1.7,1.2,1.2,1.2,1.7,1.7,1.7,1.7,1.7,1.7,1.7,1.2,1.2,2.201
1491.6040744781494,0.49910783767700195,3648,31.202774047851562,7087.084106377294,116.9126820072326,14,1.7,1.7,1.7,1.7,1.7,1.7,1.7,1.7,1.2,1.2,1.2,1.7,1.7,1.7,1.7,1.7,1.7,1.7,1.2,1.2,2.201
1492.1045546531677,0.4750330448150635,3712,31.974868774414062,7525.351313141945,116.09117229498379,14,1.8,1.8,1.8,1.8,1.8,1.8,1.8,1.8,1.2,1.2,1.2,1.8,1.8,1.8,1.8,1.8,1.8,1.8,1.2,1.2,2.201
1492.6051170825958,0.499072790145874,3040,29.85107421875,7600.089690588894,101.83888116463564,14,1.8,1.8,1.8,1.8,1.8,1.8,1.8,1.8,1.2,1.2,1.2,1.8,1.8,1.8,1.8,1.8,1.8,1.8,1.2,1.2,2.201
1493.105625152588,0.49909019470214844,4544,32.24552917480469,7569.9667833760195,140.91876040758208,14,1.8,1.8,1.8,1.8,1.8,1.8,1.8,1.8,1.2,1.2,1.2,1.8,1.8,1.8,1.8,1.8,1.8,1.8,1.2,1.2,2.201
1493.6061849594116,0.49907350540161133,3808,31.930450439453125,7666.228210271945,119.25920078142248,14,1.8,1.8,1.8,1.8,1.8,1.8,1.8,1.8,1.2,1.2,1.2,1.8,1.8,1.8,1.8,1.8,1.8,1.8,1.2,1.2,2.201
1494.1067242622375,0.49897098541259766,4128,31.927444458007812,7892.215734826711,129.2931542149984,14,1.8,1.8,1.8,1.8,1.8,1.8,1.8,1.8,1.2,1.2,1.2,1.8,1.8,1.8,1.8,1.8,1.8,1.8,1.2,1.2,2.201
1494.6072680950165,0.49902892112731934,3872,32.10565185546875,7683.1531709700985,120.60181856548908,14,1.8,1.8,1.8,1.8,1.8,1.8,1.8,1.8,1.2,1.2,1.2,1.8,1.8,1.8,1.8,1.8,1.8,1.8,1.2,1.2,2.201
1495.107792377472,0.49904918670654297,3616,31.441482543945312,7140.266333226605,115.00729951095558,14,1.8,1.8,1.8,1.8,1.8,1.8,1.8,1.8,1.2,1.2,1.2,1.8,1.8,1.8,1.8,1.8,1.8,1.8,1.2,1.2,2.201
1495.6083085536957,0.4991471767425537,3616,32.26153564453125,8215.268319816194,112.08393920991045,14,1.8,1.8,1.8,1.8,1.8,1.8,1.8,1.8,1.2,1.2,1.2,1.8,1.8,1.8,1.8,1.8,1.8,1.8,1.2,1.2,2.201
1496.1088218688965,0.49910879135131836,4160,32.5281982421875,7836.293102688005,127.88903858205958,14,1.8,1.8,1.8,1.8,1.8,1.8,1.8,1.8,1.2,1.2,1.2,1.8,1.8,1.8,1.8,1.8,1.8,1.8,1.2,1.2,2.201
1496.6093435287476,0.49910736083984375,4064,32.303253173828125,7636.520481697569,125.80776239876128,14,1.8,1.8,1.8,1.8,1.8,1.8,1.8,1.8,1.2,1.2,1.2,1.8,1.8,1.8,1.8,1.8,1.8,1.8,1.2,1.2,2.201
1497.109857082367,0.49911022186279297,3456,32.652557373046875,7116.296998514234,105.84163318407528,14,1.8,1.8,1.8,1.8,1.8,1.8,1.8,1.8,1.2,1.2,1.2,1.8,1.8,1.8,1.8,1.8,1.8,1.8,1.2,1.2,2.201
1497.6103718280792,0.4991159439086914,3264,32.21800231933594,8146.18554973218,101.3098195117169,14,1.8,1.8,1.8,1.8,1.8,1.8,1.8,1.8,1.2,1.2,1.2,1.8,1.8,1.8,1.8,1.8,1.8,1.8,1.2,1.2,2.201
1498.1108846664429,0.49906373023986816,4768,34.24586486816406,8049.825106879702,139.22848841328195,14,1.8,1.8,1.8,1.8,1.8,1.8,1.8,1.8,1.2,1.2,1.2,1.8,1.8,1.8,1.8,1.8,1.8,1.8,1.2,1.2,2.201
1498.6114013195038,0.49915337562561035,4032,34.00032043457031,7818.923669123356,118.58711766435019,14,1.8,1.8,1.8,1.8,1.8,1.8,1.8,1.8,1.2,1.2,1.2,1.8,1.8,1.8,1.8,1.8,1.8,1.8,1.2,1.2,2.201
1499.1119105815887,0.4991157054901123,3712,33.0159912109375,7590.19281920541,112.43036673605283,14,1.8,1.8,1.8,1.8,1.8,1.8,1.8,1.8,1.2,1.2,1.2,1.8,1.8,1.8,1.8,1.8,1.8,1.8,1.2,1.2,2.201
1499.6124243736267,0.4991633892059326,3424,33.69819641113281,7789.405751597847,101.60781183140173,14,1.8,1.8,1.8,1.8,1.8,1.8,1.8,1.8,1.2,1.2,1.2,1.8,1.8,1.8,1.8,1.8,1.8,1.8,1.2,1.2,2.201
1500.1129865646362,0.4991443157196045,4032,34.48497009277344,7556.379443619889,116.92050157366769,14,1.8,1.8,1.8,1.8,1.8,1.8,1.8,1.8,1.2,1.2,1.2,1.8,1.8,1.8,1.8,1.8,1.8,1.8,1.2,1.2,2.201
1500.6135063171387,0.49887776374816895,3712,33.104644775390625,7635.489984404383,112.12928050384735,14,1.8,1.8,1.8,1.8,1.8,1.8,1.8,1.8,1.2,1.2,1.2,1.8,1.8,1.8,1.8,1.8,1.8,1.8,1.2,1.2,2.201
1501.114014863968,0.49906063079833984,4064,33.04876708984375,7694.08493019654,122.96979154931658,14,1.8,1.8,1.8,1.8,1.8,1.8,1.8,1.8,1.2,1.2,1.2,1.8,1.8,1.8,1.8,1.8,1.8,1.8,1.2,1.2,2.201
1501.6145281791687,0.4991037845611572,4224,33.74217224121094,7880.139010469035,125.18459006741202,14,1.8,1.8,1.8,1.8,1.8,1.8,1.8,1.8,1.2,1.2,1.2,1.8,1.8,1.8,1.8,1.8,1.8,1.8,1.2,1.2,2.201
1502.1150224208832,0.47873902320861816,3424,35.43431091308594,7725.0108621600275,96.62950715758133,14,1.9,1.9,1.9,1.9,1.9,1.9,1.9,1.9,1.2,1.2,1.2,1.9,1.9,1.9,1.9,1.9,1.9,1.9,1.2,1.2,2.201
1502.6155369281769,0.4989755153656006,3872,33.91973876953125,8062.49496672585,114.15182252164227,14,1.9,1.9,1.9,1.9,1.9,1.9,1.9,1.9,1.2,1.2,1.2,1.9,1.9,1.9,1.9,1.9,1.9,1.9,1.2,1.2,2.201
1503.1160461902618,0.4991035461425781,4320,34.847381591796875,8166.349118065431,123.96914208948584,14,1.9,1.9,1.9,1.9,1.9,1.9,1.9,1.9,1.2,1.2,1.2,1.9,1.9,1.9,1.9,1.9,1.9,1.9,1.2,1.2,2.201
1503.6166052818298,0.49909067153930664,4224,34.95965576171875,8482.559573593951,120.82498834629062,14,1.9,1.9,1.9,1.9,1.9,1.9,1.9,1.9,1.2,1.2,1.2,1.9,1.9,1.9,1.9,1.9,1.9,1.9,1.2,1.2,2.201
1504.1171596050262,0.4990122318267822,3712,34.46437072753906,7847.262961879124,107.70543380424739,14,1.9,1.9,1.9,1.9,1.9,1.9,1.9,1.9,1.2,1.2,1.2,1.9,1.9,1.9,1.9,1.9,1.9,1.9,1.2,1.2,2.201
1504.6177217960358,0.4988694190979004,4192,33.729156494140625,7975.463400919089,124.28416348710729,14,1.9,1.9,1.9,1.9,1.9,1.9,1.9,1.9,1.2,1.2,1.2,1.9,1.9,1.9,1.9,1.9,1.9,1.9,1.2,1.2,2.201
1505.1182324886322,0.49892735481262207,4032,34.35540771484375,8499.307154361233,117.361436472137,14,1.9,1.9,1.9,1.9,1.9,1.9,1.9,1.9,1.2,1.2,1.2,1.9,1.9,1.9,1.9,1.9,1.9,1.9,1.2,1.2,2.201
1505.6187481880188,0.4991943836212158,4288,32.59808349609375,8052.057609390103,131.54147545250117,14,1.9,1.9,1.9,1.9,1.9,1.9,1.9,1.9,1.2,1.2,1.2,1.9,1.9,1.9,1.9,1.9,1.9,1.9,1.2,1.2,2.201
1506.119256734848,0.4990956783294678,4320,33.50181579589844,8167.255955732312,128.94823451715382,14,1.9,1.9,1.9,1.9,1.9,1.9,1.9,1.9,1.2,1.2,1.2,1.9,1.9,1.9,1.9,1.9,1.9,1.9,1.2,1.2,2.201
1506.6198012828827,0.4991772174835205,4096,35.25328063964844,7935.908575142659,116.1877682213024,14,1.9,1.9,1.9,1.9,1.9,1.9,1.9,1.9,1.2,1.2,1.2,1.9,1.9,1.9,1.9,1.9,1.9,1.9,1.2,1.2,2.201
1507.1203405857086,0.4989316463470459,3872,34.16618347167969,8430.12839284527,113.32843199210403,14,1.9,1.9,1.9,1.9,1.9,1.9,1.9,1.9,1.2,1.2,1.2,1.9,1.9,1.9,1.9,1.9,1.9,1.9,1.2,1.2,2.201
1507.6208848953247,0.49904680252075195,4320,33.586669921875,8099.870737714188,128.6224567677781,14,1.9,1.9,1.9,1.9,1.9,1.9,1.9,1.9,1.2,1.2,1.2,1.9,1.9,1.9,1.9,1.9,1.9,1.9,1.2,1.2,2.201
1508.121398448944,0.49910449981689453,3296,34.21067810058594,7808.716186725356,96.34418792603671,14,1.9,1.9,1.9,1.9,1.9,1.9,1.9,1.9,1.2,1.2,1.2,1.9,1.9,1.9,1.9,1.9,1.9,1.9,1.2,1.2,2.201
1508.621943950653,0.4990689754486084,4672,34.04621887207031,8685.903879751917,137.2252236747693,14,1.9,1.9,1.9,1.9,1.9,1.9,1.9,1.9,1.2,1.2,1.2,1.9,1.9,1.9,1.9,1.9,1.9,1.9,1.2,1.2,2.201
1509.1224615573883,0.4989941120147705,4032,34.63720703125,8109.960210112016,116.40661431974851,14,1.9,1.9,1.9,1.9,1.9,1.9,1.9,1.9,1.2,1.2,1.2,1.9,1.9,1.9,1.9,1.9,1.9,1.9,1.2,1.2,2.201
1509.622977256775,0.4990880489349365,4032,34.27998352050781,8082.930121835394,117.61965981074285,14,1.9,1.9,1.9,1.9,1.9,1.9,1.9,1.9,1.2,1.2,1.2,1.9,1.9,1.9,1.9,1.9,1.9,1.9,1.2,1.2,2.201
1510.1234929561615,0.4991486072540283,3968,34.77984619140625,8375.397518131895,114.08906118108288,14,1.9,1.9,1.9,1.9,1.9,1.9,1.9,1.9,1.2,1.2,1.2,1.9,1.9,1.9,1.9,1.9,1.9,1.9,1.2,1.2,2.201
1510.6240124702454,0.49908900260925293,4544,34.9493408203125,8191.531675652572,130.01675835210702,14,1.9,1.9,1.9,1.9,1.9,1.9,1.9,1.9,1.2,1.2,1.2,1.9,1.9,1.9,1.9,1.9,1.9,1.9,1.2,1.2,2.201
1511.124531030655,0.49915075302124023,4064,35.15550231933594,8188.442613384256,115.60068074364429,14,1.9,1.9,1.9,1.9,1.9,1.9,1.9,1.9,1.2,1.2,1.2,1.9,1.9,1.9,1.9,1.9,1.9,1.9,1.2,1.2,2.201
1511.6250503063202,0.4991772174835205,3616,34.8790283203125,8275.179110423365,103.67261286043768,14,1.9,1.9,1.9,1.9,1.9,1.9,1.9,1.9,1.2,1.2,1.2,1.9,1.9,1.9,1.9,1.9,1.9,1.9,1.2,1.2,2.201
1512.1255424022675,0.47716641426086426,4704,36.33680725097656,7738.307753049583,129.45551235444822,14,2.0,2.0,2.0,2.0,2.0,2.0,2.0,2.0,1.2,1.2,1.2,2.0,2.0,2.0,2.0,2.0,2.0,2.0,1.2,1.2,2.201
1512.6260824203491,0.49902939796447754,4576,34.686248779296875,9452.256245156166,131.9254794346995,14,2.0,2.0,2.0,2.0,2.0,2.0,2.0,2.0,1.2,1.2,1.2,2.0,2.0,2.0,2.0,2.0,2.0,2.0,1.2,1.2,2.201
1513.1265923976898,0.499011754989624,4224,35.901885986328125,8471.016030340257,117.65398624486052,14,2.0,2.0,2.0,2.0,2.0,2.0,2.0,2.0,1.2,1.2,1.2,2.0,2.0,2.0,2.0,2.0,2.0,2.0,1.2,1.2,2.201
1513.6271057128906,0.499129056930542,4000,33.318267822265625,8823.012628337525,120.05426036364702,14,2.0,2.0,2.0,2.0,2.0,2.0,2.0,2.0,1.2,1.2,1.2,2.0,2.0,2.0,2.0,2.0,2.0,2.0,1.2,1.2,2.201
1514.1276161670685,0.499143123626709,4096,33.94129943847656,8604.999357652787,120.67893886692768,14,2.0,2.0,2.0,2.0,2.0,2.0,2.0,2.0,1.2,1.2,1.2,2.0,2.0,2.0,2.0,2.0,2.0,2.0,1.2,1.2,2.201
1514.6281292438507,0.4991168975830078,5056,35.862823486328125,8657.575172019482,140.9816491980193,14,2.0,2.0,2.0,2.0,2.0,2.0,2.0,2.0,1.2,1.2,1.2,2.0,2.0,2.0,2.0,2.0,2.0,2.0,1.2,1.2,2.201
1515.12863945961,0.49912571907043457,4416,36.187286376953125,8900.079984137223,122.03180846443495,14,2.0,2.0,2.0,2.0,2.0,2.0,2.0,2.0,1.2,1.2,1.2,2.0,2.0,2.0,2.0,2.0,2.0,2.0,1.2,1.2,2.201
1515.6291530132294,0.4991779327392578,4128,35.76731872558594,8665.813801180157,115.41262099266781,14,2.0,2.0,2.0,2.0,2.0,2.0,2.0,2.0,1.2,1.2,1.2,2.0,2.0,2.0,2.0,2.0,2.0,2.0,1.2,1.2,2.201
1516.129664182663,0.4991035461425781,4384,35.524871826171875,8301.683477691371,123.40649732535334,14,2.0,2.0,2.0,2.0,2.0,2.0,2.0,2.0,1.2,1.2,1.2,2.0,2.0,2.0,2.0,2.0,2.0,2.0,1.2,1.2,2.201
1516.6302103996277,0.4990835189819336,4192,36.20979309082031,9035.365470531377,115.7697860765388,14,2.0,2.0,2.0,2.0,2.0,2.0,2.0,2.0,1.2,1.2,1.2,2.0,2.0,2.0,2.0,2.0,2.0,2.0,1.2,1.2,2.201
1517.130722284317,0.4990243911743164,4832,35.88273620605469,9006.542567014301,134.66085674884152,14,2.0,2.0,2.0,2.0,2.0,2.0,2.0,2.0,1.2,1.2,1.2,2.0,2.0,2.0,2.0,2.0,2.0,2.0,1.2,1.2,2.201
1517.6312355995178,0.49904465675354004,3872,34.997283935546875,8717.117845664316,110.6371570757008,14,2.0,2.0,2.0,2.0,2.0,2.0,2.0,2.0,1.2,1.2,1.2,2.0,2.0,2.0,2.0,2.0,2.0,2.0,1.2,1.2,2.201
1518.1317474842072,0.4991188049316406,4896,35.71965026855469,8762.530586498066,137.06741144411842,14,2.0,2.0,2.0,2.0,2.0,2.0,2.0,2.0,1.2,1.2,1.2,2.0,2.0,2.0,2.0,2.0,2.0,2.0,1.2,1.2,2.201
1518.632259607315,0.499133825302124,3744,36.2906494140625,8261.839894171062,103.16707086947893,14,2.0,2.0,2.0,2.0,2.0,2.0,2.0,2.0,1.2,1.2,1.2,2.0,2.0,2.0,2.0,2.0,2.0,2.0,1.2,1.2,2.201
1519.132773399353,0.49912357330322266,4672,36.39997863769531,9201.21838629082,128.35172367825902,14,2.0,2.0,2.0,2.0,2.0,2.0,2.0,2.0,1.2,1.2,1.2,2.0,2.0,2.0,2.0,2.0,2.0,2.0,1.2,1.2,2.201
1519.6332874298096,0.4990384578704834,3904,35.07994079589844,8367.928276316337,111.28867128693835,14,2.0,2.0,2.0,2.0,2.0,2.0,2.0,2.0,1.2,1.2,1.2,2.0,2.0,2.0,2.0,2.0,2.0,2.0,1.2,1.2,2.201
1520.1338081359863,0.49905896186828613,4864,36.048370361328125,8886.108515753514,134.92981655609012,14,2.0,2.0,2.0,2.0,2.0,2.0,2.0,2.0,1.2,1.2,1.2,2.0,2.0,2.0,2.0,2.0,2.0,2.0,1.2,1.2,2.201
1520.6343264579773,0.4990580081939697,4544,36.47991943359375,8915.034428150953,124.56167860435312,14,2.0,2.0,2.0,2.0,2.0,2.0,2.0,2.0,1.2,1.2,1.2,2.0,2.0,2.0,2.0,2.0,2.0,2.0,1.2,1.2,2.201
1521.1348412036896,0.4991881847381592,3648,36.15162658691406,8623.24455941937,100.90832265125465,14,2.0,2.0,2.0,2.0,2.0,2.0,2.0,2.0,1.2,1.2,1.2,2.0,2.0,2.0,2.0,2.0,2.0,2.0,1.2,1.2,2.201
1521.6353590488434,0.4991121292114258,4992,35.52421569824219,8496.220517213804,140.52386243806686,14,2.0,2.0,2.0,2.0,2.0,2.0,2.0,2.0,1.2,1.2,1.2,2.0,2.0,2.0,2.0,2.0,2.0,2.0,1.2,1.2,2.201
1522.1359028816223,0.47693490982055664,4672,36.282073974609375,8912.252854905166,128.76882405535915,14,2.1,2.1,2.1,2.1,2.1,2.1,2.1,2.1,1.2,1.2,1.2,2.1,2.1,2.1,2.1,2.1,2.1,2.1,1.2,1.2,2.201
1522.6364228725433,0.4988884925842285,4064,34.9228515625,9499.820498927069,116.37079500013982,14,2.1,2.1,2.1,2.1,2.1,2.1,2.1,2.1,1.2,1.2,1.2,2.1,2.1,2.1,2.1,2.1,2.1,2.1,1.2,1.2,2.201
1523.1369638442993,0.4991178512573242,4256,35.31378173828125,8166.491244869219,120.51951930671764,14,2.1,2.1,2.1,2.1,2.1,2.1,2.1,2.1,1.2,1.2,1.2,2.1,2.1,2.1,2.1,2.1,2.1,2.1,1.2,1.2,2.201
1523.637476682663,0.4991579055786133,4864,37.25982666015625,10178.55276766815,130.5427436462369,14,2.1,2.1,2.1,2.1,2.1,2.1,2.1,2.1,1.2,1.2,1.2,2.1,2.1,2.1,2.1,2.1,2.1,2.1,1.2,1.2,2.201
1524.1379885673523,0.49906492233276367,5024,36.98506164550781,9035.91735785535,135.83862717747323,14,2.1,2.1,2.1,2.1,2.1,2.1,2.1,2.1,1.2,1.2,1.2,2.1,2.1,2.1,2.1,2.1,2.1,2.1,1.2,1.2,2.201
1524.6383578777313,0.4991741180419922,4384,37.02655029296875,9257.090630545765,118.40152445507489,14,2.1,2.1,2.1,2.1,2.1,2.1,2.1,2.1,1.2,1.2,1.2,2.1,2.1,2.1,2.1,2.1,2.1,2.1,1.2,1.2,2.201
1525.1388692855835,0.49909234046936035,4640,36.87983703613281,9058.407091438043,125.81400496574825,14,2.1,2.1,2.1,2.1,2.1,2.1,2.1,2.1,1.2,1.2,1.2,2.1,2.1,2.1,2.1,2.1,2.1,2.1,1.2,1.2,2.201
1525.6393837928772,0.4991741180419922,4544,34.60066223144531,9112.347444251352,131.326966218305,14,2.1,2.1,2.1,2.1,2.1,2.1,2.1,2.1,1.2,1.2,1.2,2.1,2.1,2.1,2.1,2.1,2.1,2.1,1.2,1.2,2.201
1526.1398975849152,0.49910402297973633,4288,36.10157775878906,8809.487886933672,118.7759723037609,14,2.1,2.1,2.1,2.1,2.1,2.1,2.1,2.1,1.2,1.2,1.2,2.1,2.1,2.1,2.1,2.1,2.1,2.1,1.2,1.2,2.201
1526.6404387950897,0.49914073944091797,4576,35.484588623046875,9437.156342011129,128.95739185850206,14,2.1,2.1,2.1,2.1,2.1,2.1,2.1,2.1,1.2,1.2,1.2,2.1,2.1,2.1,2.1,2.1,2.1,2.1,1.2,1.2,2.201
1527.1409792900085,0.4990732669830322,5088,34.510498046875,9280.582764016532,147.4333981818825,14,2.1,2.1,2.1,2.1,2.1,2.1,2.1,2.1,1.2,1.2,1.2,2.1,2.1,2.1,2.1,2.1,2.1,2.1,1.2,1.2,2.201
1527.6415207386017,0.49910521507263184,4384,35.68450927734375,9297.843832211485,122.8544286801618,14,2.1,2.1,2.1,2.1,2.1,2.1,2.1,2.1,1.2,1.2,1.2,2.1,2.1,2.1,2.1,2.1,2.1,2.1,1.2,1.2,2.201
1528.142059803009,0.49902915954589844,4352,34.045257568359375,8748.890825273978,127.82984506025933,14,2.1,2.1,2.1,2.1,2.1,2.1,2.1,2.1,1.2,1.2,1.2,2.1,2.1,2.1,2.1,2.1,2.1,2.1,1.2,1.2,2.201
1528.6426084041595,0.4990253448486328,4864,35.68482971191406,9421.915297618814,136.3044195325405,14,2.1,2.1,2.1,2.1,2.1,2.1,2.1,2.1,1.2,1.2,1.2,2.1,2.1,2.1,2.1,2.1,2.1,2.1,1.2,1.2,2.201
1529.1431212425232,0.4991006851196289,4352,35.81201171875,8676.224654153462,121.52347190597602,14,2.1,2.1,2.1,2.1,2.1,2.1,2.1,2.1,1.2,1.2,1.2,2.1,2.1,2.1,2.1,2.1,2.1,2.1,1.2,1.2,2.201
1529.6436331272125,0.49904966354370117,4672,36.49200439453125,9513.828144935225,128.02804552714986,14,2.1,2.1,2.1,2.1,2.1,2.1,2.1,2.1,1.2,1.2,1.2,2.1,2.1,2.1,2.1,2.1,2.1,2.1,1.2,1.2,2.201
1530.144146680832,0.4991168975830078,4640,36.94062805175781,9047.5378246556,125.606960268755,14,2.1,2.1,2.1,2.1,2.1,2.1,2.1,2.1,1.2,1.2,1.2,2.1,2.1,2.1,2.1,2.1,2.1,2.1,1.2,1.2,2.201
1530.6446607112885,0.4990713596343994,4736,35.86322021484375,9922.804165409983,132.05729913901524,14,2.1,2.1,2.1,2.1,2.1,2.1,2.1,2.1,1.2,1.2,1.2,2.1,2.1,2.1,2.1,2.1,2.1,2.1,1.2,1.2,2.201
1531.145171880722,0.49909520149230957,4576,34.39739990234375,8902.93301577072,133.03331103489026,14,2.1,2.1,2.1,2.1,2.1,2.1,2.1,2.1,1.2,1.2,1.2,2.1,2.1,2.1,2.1,2.1,2.1,2.1,1.2,1.2,2.201
1531.6457126140594,0.4991786479949951,4736,37.43458557128906,9167.3027141226,126.5140224667623,14,2.1,2.1,2.1,2.1,2.1,2.1,2.1,2.1,1.2,1.2,1.2,2.1,2.1,2.1,2.1,2.1,2.1,2.1,1.2,1.2,2.201
1532.1462087631226,0.47593045234680176,4704,36.96284484863281,9354.431885492046,127.26293171598215,14,2.2,2.2,2.2,2.2,2.2,2.2,2.2,2.2,1.2,1.2,1.2,2.2,2.2,2.2,2.2,2.2,2.2,2.2,1.2,1.2,2.201
1532.6467683315277,0.4990880489349365,4000,33.75946044921875,9523.908001736438,118.48530594903411,14,2.2,2.2,2.2,2.2,2.2,2.2,2.2,2.2,1.2,1.2,1.2,2.2,2.2,2.2,2.2,2.2,2.2,2.2,1.2,1.2,2.201
1533.147285938263,0.49904584884643555,5152,37.77972412109375,9757.54026969575,136.36944471819098,14,2.2,2.2,2.2,2.2,2.2,2.2,2.2,2.2,1.2,1.2,1.2,2.2,2.2,2.2,2.2,2.2,2.2,2.2,1.2,1.2,2.201
1533.6478056907654,0.4991145133972168,4832,39.240875244140625,9348.754784707242,123.13690685891379,14,2.2,2.2,2.2,2.2,2.2,2.2,2.2,2.2,1.2,1.2,1.2,2.2,2.2,2.2,2.2,2.2,2.2,2.2,1.2,1.2,2.201
1534.1483433246613,0.4991111755371094,5440,40.57557678222656,10090.157958970412,134.07079902269928,14,2.2,2.2,2.2,2.2,2.2,2.2,2.2,2.2,1.2,1.2,1.2,2.2,2.2,2.2,2.2,2.2,2.2,2.2,1.2,1.2,2.201
1534.6488528251648,0.49912047386169434,4608,41.080535888671875,9257.855083691697,112.16990967419865,14,2.2,2.2,2.2,2.2,2.2,2.2,2.2,2.2,1.2,1.2,1.2,2.2,2.2,2.2,2.2,2.2,2.2,2.2,1.2,1.2,2.201
1535.1493661403656,0.49916839599609375,4640,40.70030212402344,10587.280629463783,114.00406773052504,14,2.2,2.2,2.2,2.2,2.2,2.2,2.2,2.2,1.2,1.2,1.2,2.2,2.2,2.2,2.2,2.2,2.2,2.2,1.2,1.2,2.201
1535.6498777866364,0.4990997314453125,5184,40.35321044921875,9457.254289389566,128.46561505988834,14,2.2,2.2,2.2,2.2,2.2,2.2,2.2,2.2,1.2,1.2,1.2,2.2,2.2,2.2,2.2,2.2,2.2,2.2,1.2,1.2,2.201
1536.150387763977,0.4990723133087158,4928,40.625579833984375,10152.641636226632,121.30288404837972,14,2.2,2.2,2.2,2.2,2.2,2.2,2.2,2.2,1.2,1.2,1.2,2.2,2.2,2.2,2.2,2.2,2.2,2.2,1.2,1.2,2.201
1536.6509282588959,0.49913573265075684,5056,40.961517333984375,9709.825766001033,123.43292751524146,14,2.2,2.2,2.2,2.2,2.2,2.2,2.2,2.2,1.2,1.2,1.2,2.2,2.2,2.2,2.2,2.2,2.2,2.2,1.2,1.2,2.201
1537.1514377593994,0.49919605255126953,4640,40.47462463378906,9767.41723433489,114.63972901496487,14,2.2,2.2,2.2,2.2,2.2,2.2,2.2,2.2,1.2,1.2,1.2,2.2,2.2,2.2,2.2,2.2,2.2,2.2,1.2,1.2,2.201
1537.651948928833,0.4991335868835449,5024,40.296142578125,9483.014017248574,124.67694619304102,14,2.2,2.2,2.2,2.2,2.2,2.2,2.2,2.2,1.2,1.2,1.2,2.2,2.2,2.2,2.2,2.2,2.2,2.2,1.2,1.2,2.201
1538.1524603366852,0.499131441116333,4544,40.266448974609375,9043.927340960961,112.84829220637978,14,2.2,2.2,2.2,2.2,2.2,2.2,2.2,2.2,1.2,1.2,1.2,2.2,2.2,2.2,2.2,2.2,2.2,2.2,1.2,1.2,2.201
1538.6530117988586,0.499204158782959,4064,40.92170715332031,9790.357762560312,99.31159481625522,14,2.2,2.2,2.2,2.2,2.2,2.2,2.2,2.2,1.2,1.2,1.2,2.2,2.2,2.2,2.2,2.2,2.2,2.2,1.2,1.2,2.201
1539.1535241603851,0.4989964962005615,5408,40.77494812011719,10026.47502804762,132.63045691851778,14,2.2,2.2,2.2,2.2,2.2,2.2,2.2,2.2,1.2,1.2,1.2,2.2,2.2,2.2,2.2,2.2,2.2,2.2,1.2,1.2,2.201
1539.6540353298187,0.499068021774292,5248,40.56901550292969,10170.536269266471,129.35980661450895,14,2.2,2.2,2.2,2.2,2.2,2.2,2.2,2.2,1.2,1.2,1.2,2.2,2.2,2.2,2.2,2.2,2.2,2.2,1.2,1.2,2.201
1540.1545441150665,0.4990825653076172,4544,40.34979248046875,8909.038094993468,112.61520123553338,14,2.2,2.2,2.2,2.2,2.2,2.2,2.2,2.2,1.2,1.2,1.2,2.2,2.2,2.2,2.2,2.2,2.2,2.2,1.2,1.2,2.201
1540.6550590991974,0.4992492198944092,4864,40.01203918457031,10458.897435740875,121.56341189118113,14,2.2,2.2,2.2,2.2,2.2,2.2,2.2,2.2,1.2,1.2,1.2,2.2,2.2,2.2,2.2,2.2,2.2,2.2,1.2,1.2,2.201
1541.1555726528168,0.49916934967041016,4640,40.96696472167969,9418.727460226757,113.26199125376051,14,2.2,2.2,2.2,2.2,2.2,2.2,2.2,2.2,1.2,1.2,1.2,2.2,2.2,2.2,2.2,2.2,2.2,2.2,1.2,1.2,2.201
1541.6560838222504,0.4991159439086914,5600,40.53593444824219,10046.191974550211,138.14902940378227,14,2.2,2.2,2.2,2.2,2.2,2.2,2.2,2.2,1.2,1.2,1.2,2.2,2.2,2.2,2.2,2.2,2.2,2.2,1.2,1.2,2.201
1542.156575202942,0.47727274894714355,5088,42.50199890136719,9695.281088719763,119.71201664673544,15,1.2,1.2,1.2,1.2,1.2,1.2,1.2,1.2,1.2,1.2,1.2,1.2,1.2,1.2,1.2,1.2,1.2,1.2,1.2,1.2,2.201
1542.6570885181427,0.49909257888793945,2368,28.905914306640625,4820.166699507332,81.92095136239969,15,1.2,1.2,1.2,1.2,1.2,1.2,1.2,1.2,1.2,1.2,1.2,1.2,1.2,1.2,1.2,1.2,1.2,1.2,1.2,1.2,2.201
1543.1575994491577,0.4991285800933838,2624,26.551162719726562,5742.990408907549,98.82806367837375,15,1.2,1.2,1.2,1.2,1.2,1.2,1.2,1.2,1.2,1.2,1.2,1.2,1.2,1.2,1.2,1.2,1.2,1.2,1.2,1.2,2.201
1543.658109664917,0.4991014003753662,2880,28.081130981445312,5623.349753667529,102.55997174412128,15,1.2,1.2,1.2,1.2,1.2,1.2,1.2,1.2,1.2,1.2,1.2,1.2,1.2,1.2,1.2,1.2,1.2,1.2,1.2,1.2,2.201
1544.1586201190948,0.4990694522857666,2368,29.41448974609375,5134.030856748993,80.50454114419819,15,1.2,1.2,1.2,1.2,1.2,1.2,1.2,1.2,1.2,1.2,1.2,1.2,1.2,1.2,1.2,1.2,1.2,1.2,1.2,1.2,2.201
1544.65913438797,0.499117374420166,2944,27.603363037109375,5106.228013244581,106.65367100531007,15,1.2,1.2,1.2,1.2,1.2,1.2,1.2,1.2,1.2,1.2,1.2,1.2,1.2,1.2,1.2,1.2,1.2,1.2,1.2,1.2,2.201
1545.1596434116364,0.4991433620452881,2112,25.43157958984375,5390.920042402162,83.04635551790261,15,1.2,1.2,1.2,1.2,1.2,1.2,1.2,1.2,1.2,1.2,1.2,1.2,1.2,1.2,1.2,1.2,1.2,1.2,1.2,1.2,2.201
1545.6601543426514,0.49916911125183105,2784,28.67236328125,5255.820024338339,97.09698404318728,15,1.2,1.2,1.2,1.2,1.2,1.2,1.2,1.2,1.2,1.2,1.2,1.2,1.2,1.2,1.2,1.2,1.2,1.2,1.2,1.2,2.201
1546.1606752872467,0.49913525581359863,2720,28.304092407226562,4798.515409060362,96.09917749228141,15,1.2,1.2,1.2,1.2,1.2,1.2,1.2,1.2,1.2,1.2,1.2,1.2,1.2,1.2,1.2,1.2,1.2,1.2,1.2,1.2,2.201
1546.6611864566803,0.4990715980529785,2912,29.037216186523438,6363.780797470259,100.28509555786889,15,1.2,1.2,1.2,1.2,1.2,1.2,1.2,1.2,1.2,1.2,1.2,1.2,1.2,1.2,1.2,1.2,1.2,1.2,1.2,1.2,2.201
1547.161699771881,0.49910831451416016,2592,24.532958984375,5046.215512814415,105.65378606187865,15,1.2,1.2,1.2,1.2,1.2,1.2,1.2,1.2,1.2,1.2,1.2,1.2,1.2,1.2,1.2,1.2,1.2,1.2,1.2,1.2,2.201
1547.662213087082,0.4990236759185791,2272,24.744842529296875,4954.101992345152,91.81711289170846,15,1.2,1.2,1.2,1.2,1.2,1.2,1.2,1.2,1.2,1.2,1.2,1.2,1.2,1.2,1.2,1.2,1.2,1.2,1.2,1.2,2.201
1548.1627235412598,0.4990386962890625,2464,25.466781616210938,4885.813208235431,96.7534899828699,15,1.2,1.2,1.2,1.2,1.2,1.2,1.2,1.2,1.2,1.2,1.2,1.2,1.2,1.2,1.2,1.2,1.2,1.2,1.2,1.2,2.201
1548.6632678508759,0.49914073944091797,3136,28.421432495117188,5585.92004335103,110.33926599367453,15,1.2,1.2,1.2,1.2,1.2,1.2,1.2,1.2,1.2,1.2,1.2,1.2,1.2,1.2,1.2,1.2,1.2,1.2,1.2,1.2,2.201
1549.1637811660767,0.49910616874694824,2656,27.25079345703125,6329.776747299682,97.46505195116434,15,1.2,1.2,1.2,1.2,1.2,1.2,1.2,1.2,1.2,1.2,1.2,1.2,1.2,1.2,1.2,1.2,1.2,1.2,1.2,1.2,2.201
1549.6642935276031,0.4990885257720947,3072,24.777130126953125,5472.300171965277,123.98530355451491,15,1.2,1.2,1.2,1.2,1.2,1.2,1.2,1.2,1.2,1.2,1.2,1.2,1.2,1.2,1.2,1.2,1.2,1.2,1.2,1.2,2.201
1550.1648089885712,0.4990999698638916,2688,24.211135864257812,5249.597309659111,111.02329172288918,15,1.2,1.2,1.2,1.2,1.2,1.2,1.2,1.2,1.2,1.2,1.2,1.2,1.2,1.2,1.2,1.2,1.2,1.2,1.2,1.2,2.201
1550.6653201580048,0.4990870952606201,2336,25.86834716796875,5080.859269532337,90.30341153347946,15,1.2,1.2,1.2,1.2,1.2,1.2,1.2,1.2,1.2,1.2,1.2,1.2,1.2,1.2,1.2,1.2,1.2,1.2,1.2,1.2,2.201
1551.1658294200897,0.4991285800933838,2656,28.005447387695312,5061.838092034523,94.83869203128533,15,1.2,1.2,1.2,1.2,1.2,1.2,1.2,1.2,1.2,1.2,1.2,1.2,1.2,1.2,1.2,1.2,1.2,1.2,1.2,1.2,2.201
1551.6663444042206,0.4991624355316162,2592,29.146026611328125,5676.365641203528,88.93150461176663,15,1.2,1.2,1.2,1.2,1.2,1.2,1.2,1.2,1.2,1.2,1.2,1.2,1.2,1.2,1.2,1.2,1.2,1.2,1.2,1.2,2.201
1552.1668345928192,0.47518229484558105,2848,30.521591186523438,5334.059980349835,93.31099360434104,15,1.3,1.3,1.3,1.3,1.3,1.3,1.3,1.3,1.3,1.2,1.2,1.3,1.3,1.3,1.3,1.3,1.3,1.3,1.2,1.2,2.201
1552.6673493385315,0.4991164207458496,2688,28.043472290039062,5096.215968875187,95.85118319869282,15,1.3,1.3,1.3,1.3,1.3,1.3,1.3,1.3,1.3,1.2,1.2,1.3,1.3,1.3,1.3,1.3,1.3,1.3,1.2,1.2,2.201
1553.1678614616394,0.4991137981414795,2880,30.087890625,5863.5336178259695,95.71957156767283,15,1.3,1.3,1.3,1.3,1.3,1.3,1.3,1.3,1.3,1.2,1.2,1.3,1.3,1.3,1.3,1.3,1.3,1.3,1.2,1.2,2.201
1553.668374300003,0.4991466999053955,3104,29.935943603515625,5974.172764120246,103.68806278868963,15,1.3,1.3,1.3,1.3,1.3,1.3,1.3,1.3,1.3,1.2,1.2,1.3,1.3,1.3,1.3,1.3,1.3,1.3,1.2,1.2,2.201
1554.168886423111,0.49918484687805176,2912,29.995346069335938,6572.783434142244,97.08172705421526,15,1.3,1.3,1.3,1.3,1.3,1.3,1.3,1.3,1.3,1.2,1.2,1.3,1.3,1.3,1.3,1.3,1.3,1.3,1.2,1.2,2.201
1554.6693997383118,0.4991307258605957,2944,29.982955932617188,5735.70528048495,98.18911806481853,15,1.3,1.3,1.3,1.3,1.3,1.3,1.3,1.3,1.3,1.2,1.2,1.3,1.3,1.3,1.3,1.3,1.3,1.3,1.2,1.2,2.201
1555.1699104309082,0.499133825302124,2720,29.139495849609375,5622.617319375701,93.34409950117454,15,1.3,1.3,1.3,1.3,1.3,1.3,1.3,1.3,1.3,1.2,1.2,1.3,1.3,1.3,1.3,1.3,1.3,1.3,1.2,1.2,2.201
1555.670422554016,0.49911928176879883,3008,29.613571166992188,5745.304366696882,101.57505094666766,15,1.3,1.3,1.3,1.3,1.3,1.3,1.3,1.3,1.3,1.2,1.2,1.3,1.3,1.3,1.3,1.3,1.3,1.3,1.2,1.2,2.201
1556.1709332466125,0.49911975860595703,3136,28.35150146484375,6271.491478191635,110.61142577893742,15,1.3,1.3,1.3,1.3,1.3,1.3,1.3,1.3,1.3,1.2,1.2,1.3,1.3,1.3,1.3,1.3,1.3,1.3,1.2,1.2,2.201
1556.671443939209,0.4991426467895508,2656,29.67608642578125,5256.693067828387,89.49967195447263,15,1.3,1.3,1.3,1.3,1.3,1.3,1.3,1.3,1.3,1.2,1.2,1.3,1.3,1.3,1.3,1.3,1.3,1.3,1.2,1.2,2.201
1557.171956539154,0.49913787841796875,3552,28.830398559570312,6424.707616266243,123.20329157644981,15,1.3,1.3,1.3,1.3,1.3,1.3,1.3,1.3,1.3,1.2,1.2,1.3,1.3,1.3,1.3,1.3,1.3,1.3,1.2,1.2,2.201
1557.6724698543549,0.49913978576660156,2176,26.360931396484375,5338.088631744443,82.54640047696502,15,1.3,1.3,1.3,1.3,1.3,1.3,1.3,1.3,1.3,1.2,1.2,1.3,1.3,1.3,1.3,1.3,1.3,1.3,1.2,1.2,2.201
1558.1729831695557,0.4991180896759033,3136,27.936843872070312,6381.092680511195,112.25319561366761,15,1.3,1.3,1.3,1.3,1.3,1.3,1.3,1.3,1.3,1.2,1.2,1.3,1.3,1.3,1.3,1.3,1.3,1.3,1.2,1.2,2.201
1558.67351937294,0.49913930892944336,3456,29.999710083007812,5789.199284721547,115.20111329200874,15,1.3,1.3,1.3,1.3,1.3,1.3,1.3,1.3,1.3,1.2,1.2,1.3,1.3,1.3,1.3,1.3,1.3,1.3,1.2,1.2,2.201
1559.1740345954895,0.49909090995788574,2464,29.5533447265625,6624.639206562033,83.37465768418966,15,1.3,1.3,1.3,1.3,1.3,1.3,1.3,1.3,1.3,1.2,1.2,1.3,1.3,1.3,1.3,1.3,1.3,1.3,1.2,1.2,2.201
1559.6745493412018,0.4990663528442383,3392,26.685638427734375,5744.1844240049395,127.1095690360061,15,1.3,1.3,1.3,1.3,1.3,1.3,1.3,1.3,1.3,1.2,1.2,1.3,1.3,1.3,1.3,1.3,1.3,1.3,1.2,1.2,2.201
1560.175064086914,0.4990971088409424,3200,25.311294555664062,6070.093001387405,126.42577379685689,15,1.3,1.3,1.3,1.3,1.3,1.3,1.3,1.3,1.3,1.2,1.2,1.3,1.3,1.3,1.3,1.3,1.3,1.3,1.2,1.2,2.201
1560.6755788326263,0.4990696907043457,2240,26.070587158203125,4802.790945514354,85.92058116708671,15,1.3,1.3,1.3,1.3,1.3,1.3,1.3,1.3,1.3,1.2,1.2,1.3,1.3,1.3,1.3,1.3,1.3,1.3,1.2,1.2,2.201
1561.1760938167572,0.49912166595458984,3200,28.99127197265625,6006.128638099629,110.37804767649207,15,1.3,1.3,1.3,1.3,1.3,1.3,1.3,1.3,1.3,1.2,1.2,1.3,1.3,1.3,1.3,1.3,1.3,1.3,1.2,1.2,2.201
1561.6766090393066,0.4991490840911865,2592,28.759902954101562,6234.0582111667445,90.12547796620241,15,1.3,1.3,1.3,1.3,1.3,1.3,1.3,1.3,1.3,1.2,1.2,1.3,1.3,1.3,1.3,1.3,1.3,1.3,1.2,1.2,2.201
1562.177106142044,0.47665834426879883,2944,27.723739624023438,5542.769662734174,106.19058034468543,15,1.4,1.4,1.4,1.4,1.4,1.4,1.4,1.4,1.4,1.2,1.2,1.4,1.4,1.4,1.4,1.4,1.4,1.4,1.2,1.2,2.201
1562.6776206493378,0.4990401268005371,3040,25.892898559570312,5829.266118862799,117.40670875475936,15,1.4,1.4,1.4,1.4,1.4,1.4,1.4,1.4,1.4,1.2,1.2,1.4,1.4,1.4,1.4,1.4,1.4,1.4,1.2,1.2,2.201
1563.1781368255615,0.49910616874694824,2880,28.86773681640625,6391.720206935729,99.76535460040722,15,1.4,1.4,1.4,1.4,1.4,1.4,1.4,1.4,1.4,1.2,1.2,1.4,1.4,1.4,1.4,1.4,1.4,1.4,1.2,1.2,2.201
1563.6786525249481,0.4991140365600586,2720,29.672088623046875,5385.537101864601,91.66863966183102,15,1.4,1.4,1.4,1.4,1.4,1.4,1.4,1.4,1.4,1.2,1.2,1.4,1.4,1.4,1.4,1.4,1.4,1.4,1.2,1.2,2.201
1564.1791682243347,0.49903011322021484,3552,28.0885009765625,6790.747826477121,126.45744260129247,15,1.4,1.4,1.4,1.4,1.4,1.4,1.4,1.4,1.4,1.2,1.2,1.4,1.4,1.4,1.4,1.4,1.4,1.4,1.2,1.2,2.201
1564.67968416214,0.4991006851196289,3264,27.048751831054688,5905.837037236755,120.67100250639291,15,1.4,1.4,1.4,1.4,1.4,1.4,1.4,1.4,1.4,1.2,1.2,1.4,1.4,1.4,1.4,1.4,1.4,1.4,1.2,1.2,2.201
1565.1802015304565,0.499114990234375,2592,26.51446533203125,5706.7958325424515,97.75795844047025,15,1.4,1.4,1.4,1.4,1.4,1.4,1.4,1.4,1.4,1.2,1.2,1.4,1.4,1.4,1.4,1.4,1.4,1.4,1.2,1.2,2.201
1565.6807146072388,0.49907994270324707,3680,25.756881713867188,6541.2018796922575,142.8744380193637,15,1.4,1.4,1.4,1.4,1.4,1.4,1.4,1.4,1.4,1.2,1.2,1.4,1.4,1.4,1.4,1.4,1.4,1.4,1.2,1.2,2.201
1566.1812286376953,0.4991722106933594,2752,29.970321655273438,5949.757065773382,91.82417298199971,15,1.4,1.4,1.4,1.4,1.4,1.4,1.4,1.4,1.4,1.2,1.2,1.4,1.4,1.4,1.4,1.4,1.4,1.4,1.2,1.2,2.201
1566.6817455291748,0.4991474151611328,2784,29.927505493164062,5642.391697790813,93.02479288278509,15,1.4,1.4,1.4,1.4,1.4,1.4,1.4,1.4,1.4,1.2,1.2,1.4,1.4,1.4,1.4,1.4,1.4,1.4,1.2,1.2,2.201
1567.1822609901428,0.49905991554260254,3200,27.864013671875,6410.042940730778,114.843469346628,15,1.4,1.4,1.4,1.4,1.4,1.4,1.4,1.4,1.4,1.2,1.2,1.4,1.4,1.4,1.4,1.4,1.4,1.4,1.2,1.2,2.201
1567.682776927948,0.49912190437316895,3008,29.503524780273438,5933.523881845728,101.95391982490175,15,1.4,1.4,1.4,1.4,1.4,1.4,1.4,1.4,1.4,1.2,1.2,1.4,1.4,1.4,1.4,1.4,1.4,1.4,1.2,1.2,2.201
1568.183296918869,0.49915003776550293,3136,29.193832397460938,6175.906296066818,107.41994943674288,15,1.4,1.4,1.4,1.4,1.4,1.4,1.4,1.4,1.4,1.2,1.2,1.4,1.4,1.4,1.4,1.4,1.4,1.4,1.2,1.2,2.201
1568.6838383674622,0.49909520149230957,2944,25.81134033203125,5792.784361465401,114.05839302140258,15,1.4,1.4,1.4,1.4,1.4,1.4,1.4,1.4,1.4,1.2,1.2,1.4,1.4,1.4,1.4,1.4,1.4,1.4,1.2,1.2,2.201
1569.1843566894531,0.49909019470214844,3232,26.710189819335938,6456.549238778758,121.00250959880124,15,1.4,1.4,1.4,1.4,1.4,1.4,1.4,1.4,1.4,1.2,1.2,1.4,1.4,1.4,1.4,1.4,1.4,1.4,1.2,1.2,2.201
1569.6848742961884,0.4991178512573242,2944,27.680465698242188,5776.935977042418,106.35659212145968,15,1.4,1.4,1.4,1.4,1.4,1.4,1.4,1.4,1.4,1.2,1.2,1.4,1.4,1.4,1.4,1.4,1.4,1.4,1.2,1.2,2.201
1570.1853923797607,0.49907398223876953,2912,27.019912719726562,5795.5049194133035,107.77236885276915,15,1.4,1.4,1.4,1.4,1.4,1.4,1.4,1.4,1.4,1.2,1.2,1.4,1.4,1.4,1.4,1.4,1.4,1.4,1.2,1.2,2.201
1570.6859090328217,0.4991481304168701,3296,28.596572875976562,6497.089133650605,115.2585666224678,15,1.4,1.4,1.4,1.4,1.4,1.4,1.4,1.4,1.4,1.2,1.2,1.4,1.4,1.4,1.4,1.4,1.4,1.4,1.2,1.2,2.201
1571.1864247322083,0.4991023540496826,3008,29.250213623046875,5914.940384847759,102.8368557838474,15,1.4,1.4,1.4,1.4,1.4,1.4,1.4,1.4,1.4,1.2,1.2,1.4,1.4,1.4,1.4,1.4,1.4,1.4,1.2,1.2,2.201
1571.6869406700134,0.49915552139282227,3168,29.286407470703125,6374.140642892793,108.1730493290832,15,1.4,1.4,1.4,1.4,1.4,1.4,1.4,1.4,1.4,1.2,1.2,1.4,1.4,1.4,1.4,1.4,1.4,1.4,1.2,1.2,2.201
1572.1874351501465,0.4764986038208008,3008,31.042037963867188,5911.862423545549,96.90085436727126,15,1.5,1.5,1.5,1.5,1.5,1.5,1.5,1.5,1.5,1.2,1.2,1.5,1.5,1.5,1.5,1.5,1.5,1.5,1.2,1.2,2.201
1572.687950372696,0.4991183280944824,3040,29.0045166015625,6421.995468832769,104.81126238925948,15,1.5,1.5,1.5,1.5,1.5,1.5,1.5,1.5,1.5,1.2,1.2,1.5,1.5,1.5,1.5,1.5,1.5,1.5,1.2,1.2,2.201
1573.1884660720825,0.4991168975830078,3104,30.389236450195312,6637.142605819596,102.14142777450569,15,1.5,1.5,1.5,1.5,1.5,1.5,1.5,1.5,1.5,1.2,1.2,1.5,1.5,1.5,1.5,1.5,1.5,1.5,1.2,1.2,2.201
1573.6889834403992,0.49913763999938965,3488,30.624374389648438,6764.760026160677,113.89620423328562,15,1.5,1.5,1.5,1.5,1.5,1.5,1.5,1.5,1.5,1.2,1.2,1.5,1.5,1.5,1.5,1.5,1.5,1.5,1.2,1.2,2.201
1574.1894981861115,0.4991934299468994,3040,29.397247314453125,6549.12568839375,103.41104279193472,15,1.5,1.5,1.5,1.5,1.5,1.5,1.5,1.5,1.5,1.2,1.2,1.5,1.5,1.5,1.5,1.5,1.5,1.5,1.2,1.2,2.201
1574.690015077591,0.499112606048584,3616,30.291671752929688,6317.070017803018,119.37274474295975,15,1.5,1.5,1.5,1.5,1.5,1.5,1.5,1.5,1.5,1.2,1.2,1.5,1.5,1.5,1.5,1.5,1.5,1.5,1.2,1.2,2.201
1575.1905329227448,0.49907922744750977,3552,30.660064697265625,7026.005827320715,115.85102755235803,15,1.5,1.5,1.5,1.5,1.5,1.5,1.5,1.5,1.5,1.2,1.2,1.5,1.5,1.5,1.5,1.5,1.5,1.5,1.2,1.2,2.201
1575.6910507678986,0.4991312026977539,3104,30.31201171875,6570.462645388921,102.40164951110681,15,1.5,1.5,1.5,1.5,1.5,1.5,1.5,1.5,1.5,1.2,1.2,1.5,1.5,1.5,1.5,1.5,1.5,1.5,1.2,1.2,2.201
1576.1915683746338,0.4990687370300293,3072,30.10595703125,6584.485918575518,102.0396062085408,15,1.5,1.5,1.5,1.5,1.5,1.5,1.5,1.5,1.5,1.2,1.2,1.5,1.5,1.5,1.5,1.5,1.5,1.5,1.2,1.2,2.201
1576.6920878887177,0.49912142753601074,3648,30.14044189453125,6584.943954189701,121.03339469159877,15,1.5,1.5,1.5,1.5,1.5,1.5,1.5,1.5,1.5,1.2,1.2,1.5,1.5,1.5,1.5,1.5,1.5,1.5,1.2,1.2,2.201
1577.1926052570343,0.49910855293273926,2880,30.5218505859375,6069.207360782257,94.35862979182915,15,1.5,1.5,1.5,1.5,1.5,1.5,1.5,1.5,1.5,1.2,1.2,1.5,1.5,1.5,1.5,1.5,1.5,1.5,1.2,1.2,2.201
1577.6931207180023,0.49915337562561035,3328,29.887359619140625,7053.204531639466,111.3514222202708,15,1.5,1.5,1.5,1.5,1.5,1.5,1.5,1.5,1.5,1.2,1.2,1.5,1.5,1.5,1.5,1.5,1.5,1.5,1.2,1.2,2.201
1578.1936373710632,0.49918317794799805,3072,30.353485107421875,6830.233332648902,101.2074886665601,15,1.5,1.5,1.5,1.5,1.5,1.5,1.5,1.5,1.5,1.2,1.2,1.5,1.5,1.5,1.5,1.5,1.5,1.5,1.2,1.2,2.201
1578.6941561698914,0.49910902976989746,4224,31.075042724609375,6922.246732099942,135.92901665280326,15,1.5,1.5,1.5,1.5,1.5,1.5,1.5,1.5,1.5,1.2,1.2,1.5,1.5,1.5,1.5,1.5,1.5,1.5,1.2,1.2,2.201
1579.1946778297424,0.49910521507263184,2592,30.85089111328125,5646.620773868579,84.01702208478993,15,1.5,1.5,1.5,1.5,1.5,1.5,1.5,1.5,1.5,1.2,1.2,1.5,1.5,1.5,1.5,1.5,1.5,1.5,1.2,1.2,2.201
1579.6951999664307,0.4990510940551758,3904,27.418563842773438,7546.0038845352165,142.38528401366128,15,1.5,1.5,1.5,1.5,1.5,1.5,1.5,1.5,1.5,1.2,1.2,1.5,1.5,1.5,1.5,1.5,1.5,1.5,1.2,1.2,2.201
1580.1957185268402,0.49912095069885254,2944,30.349700927734375,6409.326733566761,97.00260332086809,15,1.5,1.5,1.5,1.5,1.5,1.5,1.5,1.5,1.5,1.2,1.2,1.5,1.5,1.5,1.5,1.5,1.5,1.5,1.2,1.2,2.201
1580.6962373256683,0.4991190433502197,2880,30.02410888671875,6662.258505767874,95.92291351148064,15,1.5,1.5,1.5,1.5,1.5,1.5,1.5,1.5,1.5,1.2,1.2,1.5,1.5,1.5,1.5,1.5,1.5,1.5,1.2,1.2,2.201
1581.1967554092407,0.49912309646606445,3968,30.800521850585938,6679.646438083288,128.8289860557838,15,1.5,1.5,1.5,1.5,1.5,1.5,1.5,1.5,1.5,1.2,1.2,1.5,1.5,1.5,1.5,1.5,1.5,1.5,1.2,1.2,2.201
1581.697280406952,0.4992063045501709,3232,31.569000244140625,6523.904977933847,102.37891523346156,15,1.5,1.5,1.5,1.5,1.5,1.5,1.5,1.5,1.5,1.2,1.2,1.5,1.5,1.5,1.5,1.5,1.5,1.5,1.2,1.2,2.201
1582.1977825164795,0.4751913547515869,4032,31.157577514648438,7116.765760022759,129.4067229104828,15,1.6,1.6,1.6,1.6,1.6,1.6,1.6,1.6,1.6,1.2,1.2,1.6,1.6,1.6,1.6,1.6,1.6,1.6,1.2,1.2,2.201
1582.6983194351196,0.4989738464355469,2752,29.0821533203125,6452.747005271366,94.62848124378256,15,1.6,1.6,1.6,1.6,1.6,1.6,1.6,1.6,1.6,1.2,1.2,1.6,1.6,1.6,1.6,1.6,1.6,1.6,1.2,1.2,2.201
1583.198842048645,0.4990999698638916,3456,28.038360595703125,7091.845214208436,123.25970301307957,15,1.6,1.6,1.6,1.6,1.6,1.6,1.6,1.6,1.6,1.2,1.2,1.6,1.6,1.6,1.6,1.6,1.6,1.6,1.2,1.2,2.201
1583.6993663311005,0.4990546703338623,3968,28.636032104492188,7541.170067811347,138.56668359362303,15,1.6,1.6,1.6,1.6,1.6,1.6,1.6,1.6,1.6,1.2,1.2,1.6,1.6,1.6,1.6,1.6,1.6,1.6,1.2,1.2,2.201
1584.1998875141144,0.4990057945251465,3712,29.26025390625,6976.485814905856,126.86151022110973,15,1.6,1.6,1.6,1.6,1.6,1.6,1.6,1.6,1.6,1.2,1.2,1.6,1.6,1.6,1.6,1.6,1.6,1.6,1.2,1.2,2.201
1584.700409412384,0.49907374382019043,3520,32.15428161621094,7858.3571536417785,109.4722016188772,15,1.6,1.6,1.6,1.6,1.6,1.6,1.6,1.6,1.6,1.2,1.2,1.6,1.6,1.6,1.6,1.6,1.6,1.6,1.2,1.2,2.201
1585.200932264328,0.49906420707702637,3712,27.446060180664062,6601.638716193505,135.24709832907564,15,1.6,1.6,1.6,1.6,1.6,1.6,1.6,1.6,1.6,1.2,1.2,1.6,1.6,1.6,1.6,1.6,1.6,1.6,1.2,1.2,2.201
1585.7014577388763,0.49914002418518066,3200,29.840744018554688,7943.279881803835,107.2359321205353,15,1.6,1.6,1.6,1.6,1.6,1.6,1.6,1.6,1.6,1.2,1.2,1.6,1.6,1.6,1.6,1.6,1.6,1.6,1.2,1.2,2.201
1586.2019815444946,0.498913049697876,4320,28.151443481445312,7361.208347059993,153.45571898816922,15,1.6,1.6,1.6,1.6,1.6,1.6,1.6,1.6,1.6,1.2,1.2,1.6,1.6,1.6,1.6,1.6,1.6,1.6,1.2,1.2,2.201
1586.7025060653687,0.49898791313171387,3040,28.276092529296875,6846.90012733628,107.51131885886475,15,1.6,1.6,1.6,1.6,1.6,1.6,1.6,1.6,1.6,1.2,1.2,1.6,1.6,1.6,1.6,1.6,1.6,1.6,1.2,1.2,2.201
1587.2030322551727,0.4990355968475342,4192,28.535812377929688,7820.767061835577,146.90312455383952,15,1.6,1.6,1.6,1.6,1.6,1.6,1.6,1.6,1.6,1.2,1.2,1.6,1.6,1.6,1.6,1.6,1.6,1.6,1.2,1.2,2.201
1587.7035627365112,0.49903321266174316,3168,27.853927612304688,6720.195822786579,113.73620424720683,15,1.6,1.6,1.6,1.6,1.6,1.6,1.6,1.6,1.6,1.2,1.2,1.6,1.6,1.6,1.6,1.6,1.6,1.6,1.2,1.2,2.201
1588.2040886878967,0.4990420341491699,4128,28.211776733398438,7216.192324558749,146.32187256441307,15,1.6,1.6,1.6,1.6,1.6,1.6,1.6,1.6,1.6,1.2,1.2,1.6,1.6,1.6,1.6,1.6,1.6,1.6,1.2,1.2,2.201
1588.704597711563,0.49906039237976074,2592,28.020751953125,6555.733163243587,92.50287088426721,15,1.6,1.6,1.6,1.6,1.6,1.6,1.6,1.6,1.6,1.2,1.2,1.6,1.6,1.6,1.6,1.6,1.6,1.6,1.2,1.2,2.201
1589.2051298618317,0.49906444549560547,4096,27.503890991210938,7110.699072164957,148.92438314669388,15,1.6,1.6,1.6,1.6,1.6,1.6,1.6,1.6,1.6,1.2,1.2,1.6,1.6,1.6,1.6,1.6,1.6,1.6,1.2,1.2,2.201
1589.7056815624237,0.4990231990814209,2944,30.0694580078125,6651.360689711663,97.90665329701335,15,1.6,1.6,1.6,1.6,1.6,1.6,1.6,1.6,1.6,1.2,1.2,1.6,1.6,1.6,1.6,1.6,1.6,1.6,1.2,1.2,2.201
1590.2062306404114,0.4989008903503418,4384,27.87396240234375,7751.245589931408,157.27939704874456,15,1.6,1.6,1.6,1.6,1.6,1.6,1.6,1.6,1.6,1.2,1.2,1.6,1.6,1.6,1.6,1.6,1.6,1.6,1.2,1.2,2.201
1590.7067821025848,0.49903202056884766,3552,28.697128295898438,7290.039295166134,123.77545109653612,15,1.6,1.6,1.6,1.6,1.6,1.6,1.6,1.6,1.6,1.2,1.2,1.6,1.6,1.6,1.6,1.6,1.6,1.6,1.2,1.2,2.201
1591.2072880268097,0.49906039237976074,3584,27.565902709960938,6938.273717115759,130.01569503127214,15,1.6,1.6,1.6,1.6,1.6,1.6,1.6,1.6,1.6,1.2,1.2,1.6,1.6,1.6,1.6,1.6,1.6,1.6,1.2,1.2,2.201
1591.7078258991241,0.49910688400268555,3584,32.56867980957031,7767.310665160544,110.0443745634062,15,1.6,1.6,1.6,1.6,1.6,1.6,1.6,1.6,1.6,1.2,1.2,1.6,1.6,1.6,1.6,1.6,1.6,1.6,1.2,1.2,2.201
1592.2083365917206,0.4741487503051758,4096,30.585708618164062,7065.546893168504,133.91875438084477,15,1.7,1.7,1.7,1.7,1.7,1.7,1.7,1.7,1.7,1.2,1.2,1.7,1.7,1.7,1.7,1.7,1.7,1.7,1.2,1.2,2.201
1592.7088775634766,0.49911952018737793,3040,27.4427490234375,7154.647262650283,110.7760741244868,15,1.7,1.7,1.7,1.7,1.7,1.7,1.7,1.7,1.7,1.2,1.2,1.7,1.7,1.7,1.7,1.7,1.7,1.7,1.2,1.2,2.201
1593.209416627884,0.4990389347076416,4192,32.2452392578125,7945.480771033195,130.00368725700636,15,1.7,1.7,1.7,1.7,1.7,1.7,1.7,1.7,1.7,1.2,1.2,1.7,1.7,1.7,1.7,1.7,1.7,1.7,1.2,1.2,2.201
1593.7099587917328,0.49901866912841797,3200,29.450241088867188,6509.77780011547,108.65785411888079,15,1.7,1.7,1.7,1.7,1.7,1.7,1.7,1.7,1.7,1.2,1.2,1.7,1.7,1.7,1.7,1.7,1.7,1.7,1.2,1.2,2.201
1594.2104637622833,0.498950719833374,4512,30.657302856445312,8459.040863511367,147.1753735521913,15,1.7,1.7,1.7,1.7,1.7,1.7,1.7,1.7,1.7,1.2,1.2,1.7,1.7,1.7,1.7,1.7,1.7,1.7,1.2,1.2,2.201
1594.7110011577606,0.49912428855895996,3584,33.386566162109375,7680.317094134435,107.34856596505885,15,1.7,1.7,1.7,1.7,1.7,1.7,1.7,1.7,1.7,1.2,1.2,1.7,1.7,1.7,1.7,1.7,1.7,1.7,1.2,1.2,2.201
1595.2115080356598,0.499037504196167,3840,31.221649169921875,7363.177008489018,122.99158122945524,15,1.7,1.7,1.7,1.7,1.7,1.7,1.7,1.7,1.7,1.2,1.2,1.7,1.7,1.7,1.7,1.7,1.7,1.7,1.2,1.2,2.201
1595.7120115756989,0.4991152286529541,3456,32.94770812988281,7138.635117776459,104.893487169916,15,1.7,1.7,1.7,1.7,1.7,1.7,1.7,1.7,1.7,1.2,1.2,1.7,1.7,1.7,1.7,1.7,1.7,1.7,1.2,1.2,2.201
1596.2125134468079,0.49912381172180176,4512,33.46025085449219,8422.381379499277,134.84656823468626,15,1.7,1.7,1.7,1.7,1.7,1.7,1.7,1.7,1.7,1.2,1.2,1.7,1.7,1.7,1.7,1.7,1.7,1.7,1.2,1.2,2.201
1596.7130510807037,0.4991786479949951,3424,33.46466064453125,7349.293254473949,102.31688993862682,15,1.7,1.7,1.7,1.7,1.7,1.7,1.7,1.7,1.7,1.2,1.2,1.7,1.7,1.7,1.7,1.7,1.7,1.7,1.2,1.2,2.201
1597.2135632038116,0.4990720748901367,3648,32.11122131347656,7338.452081058109,113.60514644981731,15,1.7,1.7,1.7,1.7,1.7,1.7,1.7,1.7,1.7,1.2,1.2,1.7,1.7,1.7,1.7,1.7,1.7,1.7,1.2,1.2,2.201
1597.7141089439392,0.49907469749450684,4000,32.72880554199219,7425.066528454383,122.2164980896679,15,1.7,1.7,1.7,1.7,1.7,1.7,1.7,1.7,1.7,1.2,1.2,1.7,1.7,1.7,1.7,1.7,1.7,1.7,1.2,1.2,2.201
1598.214644908905,0.4989602565765381,3552,32.387969970703125,7951.615007972212,109.67034992353638,15,1.7,1.7,1.7,1.7,1.7,1.7,1.7,1.7,1.7,1.2,1.2,1.7,1.7,1.7,1.7,1.7,1.7,1.7,1.2,1.2,2.201
1598.7152032852173,0.49906182289123535,3712,28.403152465820312,7167.32845416033,130.68971849047156,15,1.7,1.7,1.7,1.7,1.7,1.7,1.7,1.7,1.7,1.2,1.2,1.7,1.7,1.7,1.7,1.7,1.7,1.7,1.2,1.2,2.201
1599.215764760971,0.49893808364868164,3488,30.777816772460938,7398.2614160940475,113.3283762713461,15,1.7,1.7,1.7,1.7,1.7,1.7,1.7,1.7,1.7,1.2,1.2,1.7,1.7,1.7,1.7,1.7,1.7,1.7,1.2,1.2,2.201
1599.7163262367249,0.49893641471862793,4000,29.938751220703125,7455.395821148174,133.6061070320774,15,1.7,1.7,1.7,1.7,1.7,1.7,1.7,1.7,1.7,1.2,1.2,1.7,1.7,1.7,1.7,1.7,1.7,1.7,1.2,1.2,2.201
1600.216860294342,0.49898195266723633,4096,29.606552124023438,7869.323825506178,138.34775433632515,15,1.7,1.7,1.7,1.7,1.7,1.7,1.7,1.7,1.7,1.2,1.2,1.7,1.7,1.7,1.7,1.7,1.7,1.7,1.2,1.2,2.201
1600.7174243927002,0.49903011322021484,2816,31.533203125,7480.425030710826,89.30269433261071,15,1.7,1.7,1.7,1.7,1.7,1.7,1.7,1.7,1.7,1.2,1.2,1.7,1.7,1.7,1.7,1.7,1.7,1.7,1.2,1.2,2.201
1601.217984676361,0.4989616870880127,4448,30.7679443359375,7829.31628920014,144.56604417359978,15,1.7,1.7,1.7,1.7,1.7,1.7,1.7,1.7,1.7,1.2,1.2,1.7,1.7,1.7,1.7,1.7,1.7,1.7,1.2,1.2,2.201
1601.718552827835,0.49895668029785156,4160,31.365066528320312,7536.033381258122,132.63163322940287,15,1.7,1.7,1.7,1.7,1.7,1.7,1.7,1.7,1.7,1.2,1.2,1.7,1.7,1.7,1.7,1.7,1.7,1.7,1.2,1.2,2.201
1602.2190420627594,0.4750831127166748,3712,33.152587890625,7437.029428459369,111.9671264350887,15,1.8,1.8,1.8,1.8,1.8,1.8,1.8,1.8,1.8,1.2,1.2,1.8,1.8,1.8,1.8,1.8,1.8,1.8,1.2,1.2,2.201
1602.7195799350739,0.4991459846496582,3104,31.885238647460938,7607.73380539144,97.34912240486479,15,1.8,1.8,1.8,1.8,1.8,1.8,1.8,1.8,1.8,1.2,1.2,1.8,1.8,1.8,1.8,1.8,1.8,1.8,1.2,1.2,2.201
1603.2201187610626,0.4990537166595459,4544,33.28251647949219,7717.251977768871,136.52813791288568,15,1.8,1.8,1.8,1.8,1.8,1.8,1.8,1.8,1.8,1.2,1.2,1.8,1.8,1.8,1.8,1.8,1.8,1.8,1.2,1.2,2.201
1603.7206594944,0.4990856647491455,3712,32.87031555175781,7945.311440332096,112.92863903770746,15,1.8,1.8,1.8,1.8,1.8,1.8,1.8,1.8,1.8,1.2,1.2,1.8,1.8,1.8,1.8,1.8,1.8,1.8,1.2,1.2,2.201
1604.2211973667145,0.4990346431732178,4160,32.17387390136719,7784.949875297984,129.29745459788185,15,1.8,1.8,1.8,1.8,1.8,1.8,1.8,1.8,1.8,1.2,1.2,1.8,1.8,1.8,1.8,1.8,1.8,1.8,1.2,1.2,2.201
1604.7217366695404,0.499082088470459,4000,33.27728271484375,8445.317747854964,120.20212209862164,15,1.8,1.8,1.8,1.8,1.8,1.8,1.8,1.8,1.8,1.2,1.2,1.8,1.8,1.8,1.8,1.8,1.8,1.8,1.2,1.2,2.201
1605.2222745418549,0.49901890754699707,3648,33.12596130371094,7239.6123254262675,110.1251060023225,15,1.8,1.8,1.8,1.8,1.8,1.8,1.8,1.8,1.8,1.2,1.2,1.8,1.8,1.8,1.8,1.8,1.8,1.8,1.2,1.2,2.201
1605.7228109836578,0.49903392791748047,4576,32.77838134765625,8599.952755145858,139.60420898963022,15,1.8,1.8,1.8,1.8,1.8,1.8,1.8,1.8,1.8,1.2,1.2,1.8,1.8,1.8,1.8,1.8,1.8,1.8,1.2,1.2,2.201
1606.223354101181,0.4990513324737549,3712,32.62712097167969,7652.305528288928,113.77038149403414,15,1.8,1.8,1.8,1.8,1.8,1.8,1.8,1.8,1.8,1.2,1.2,1.8,1.8,1.8,1.8,1.8,1.8,1.8,1.2,1.2,2.201
1606.723887205124,0.499053955078125,3936,32.472381591796875,7531.5984229522455,121.21069681548416,15,1.8,1.8,1.8,1.8,1.8,1.8,1.8,1.8,1.8,1.2,1.2,1.8,1.8,1.8,1.8,1.8,1.8,1.8,1.2,1.2,2.201
1607.2244238853455,0.4991452693939209,3680,31.426971435546875,8537.956736399981,117.09687036013824,15,1.8,1.8,1.8,1.8,1.8,1.8,1.8,1.8,1.8,1.2,1.2,1.8,1.8,1.8,1.8,1.8,1.8,1.8,1.2,1.2,2.201
1607.7249643802643,0.4991600513458252,3488,33.4283447265625,7145.157684157022,104.34258796034253,15,1.8,1.8,1.8,1.8,1.8,1.8,1.8,1.8,1.8,1.2,1.2,1.8,1.8,1.8,1.8,1.8,1.8,1.8,1.2,1.2,2.201
1608.225504398346,0.49901747703552246,4224,30.86981201171875,7962.529241827955,136.83270887417427,15,1.8,1.8,1.8,1.8,1.8,1.8,1.8,1.8,1.8,1.2,1.2,1.8,1.8,1.8,1.8,1.8,1.8,1.8,1.2,1.2,2.201
1608.7260568141937,0.4990403652191162,4096,32.308624267578125,7711.46052255972,126.77729531524366,15,1.8,1.8,1.8,1.8,1.8,1.8,1.8,1.8,1.8,1.2,1.2,1.8,1.8,1.8,1.8,1.8,1.8,1.8,1.2,1.2,2.201
1609.2266082763672,0.4989743232727051,3904,32.29655456542969,7433.251583403769,120.87976728572934,15,1.8,1.8,1.8,1.8,1.8,1.8,1.8,1.8,1.8,1.2,1.2,1.8,1.8,1.8,1.8,1.8,1.8,1.8,1.2,1.2,2.201
1609.7271206378937,0.49904775619506836,3712,30.980819702148438,8374.61050521548,119.81606799585688,15,1.8,1.8,1.8,1.8,1.8,1.8,1.8,1.8,1.8,1.2,1.2,1.8,1.8,1.8,1.8,1.8,1.8,1.8,1.2,1.2,2.201
1610.2276298999786,0.49915528297424316,4032,33.58625793457031,8079.3363261595,120.04909888606153,15,1.8,1.8,1.8,1.8,1.8,1.8,1.8,1.8,1.8,1.2,1.2,1.8,1.8,1.8,1.8,1.8,1.8,1.8,1.2,1.2,2.201
1610.7281467914581,0.49913716316223145,4352,33.55485534667969,7805.8563525874915,129.69807066775624,15,1.8,1.8,1.8,1.8,1.8,1.8,1.8,1.8,1.8,1.2,1.2,1.8,1.8,1.8,1.8,1.8,1.8,1.8,1.2,1.2,2.201
1611.2286984920502,0.49904775619506836,3520,33.78509521484375,7268.773657695988,104.18795559449718,15,1.8,1.8,1.8,1.8,1.8,1.8,1.8,1.8,1.8,1.2,1.2,1.8,1.8,1.8,1.8,1.8,1.8,1.8,1.2,1.2,2.201
1611.7292566299438,0.49911069869995117,3680,31.06219482421875,8303.071050229295,118.47198888633447,15,1.8,1.8,1.8,1.8,1.8,1.8,1.8,1.8,1.8,1.2,1.2,1.8,1.8,1.8,1.8,1.8,1.8,1.8,1.2,1.2,2.201
1612.229798078537,0.4765782356262207,4160,32.17060852050781,7845.7749120180315,129.31057854712705,15,1.9,1.9,1.9,1.9,1.9,1.9,1.9,1.9,1.9,1.2,1.2,1.9,1.9,1.9,1.9,1.9,1.9,1.9,1.2,1.2,2.201
1612.7303590774536,0.49896717071533203,3968,30.176559448242188,7937.867754769052,131.4927901839101,15,1.9,1.9,1.9,1.9,1.9,1.9,1.9,1.9,1.9,1.2,1.2,1.9,1.9,1.9,1.9,1.9,1.9,1.9,1.2,1.2,2.201
1613.2308661937714,0.4990391731262207,4128,33.50732421875,8274.60231074235,123.19694563047375,15,1.9,1.9,1.9,1.9,1.9,1.9,1.9,1.9,1.9,1.2,1.2,1.9,1.9,1.9,1.9,1.9,1.9,1.9,1.2,1.2,2.201
1613.7314026355743,0.4991636276245117,4064,33.780517578125,7972.628121302415,120.3060311494959,15,1.9,1.9,1.9,1.9,1.9,1.9,1.9,1.9,1.9,1.2,1.2,1.9,1.9,1.9,1.9,1.9,1.9,1.9,1.2,1.2,2.201
1614.2319102287292,0.4991111755371094,4064,32.19718933105469,8033.109162086905,126.22219778917811,15,1.9,1.9,1.9,1.9,1.9,1.9,1.9,1.9,1.9,1.2,1.2,1.9,1.9,1.9,1.9,1.9,1.9,1.9,1.2,1.2,2.201
1614.7324130535126,0.49915504455566406,4224,34.37309265136719,8378.386768565368,122.88681856015626,15,1.9,1.9,1.9,1.9,1.9,1.9,1.9,1.9,1.9,1.2,1.2,1.9,1.9,1.9,1.9,1.9,1.9,1.9,1.2,1.2,2.201
1615.232961654663,0.49916839599609375,4128,34.59461975097656,8241.299037730034,119.32491322970739,15,1.9,1.9,1.9,1.9,1.9,1.9,1.9,1.9,1.9,1.2,1.2,1.9,1.9,1.9,1.9,1.9,1.9,1.9,1.2,1.2,2.201
1615.7334921360016,0.49899911880493164,4000,33.77601623535156,8139.590703619853,118.42722872134969,15,1.9,1.9,1.9,1.9,1.9,1.9,1.9,1.9,1.9,1.2,1.2,1.9,1.9,1.9,1.9,1.9,1.9,1.9,1.2,1.2,2.201
1616.2339890003204,0.4990544319152832,4032,32.802337646484375,8172.4407228466125,122.91806893317964,15,1.9,1.9,1.9,1.9,1.9,1.9,1.9,1.9,1.9,1.2,1.2,1.9,1.9,1.9,1.9,1.9,1.9,1.9,1.2,1.2,2.201
1616.7345247268677,0.49916768074035645,3584,34.20304870605469,7901.255257789614,104.78598065340162,15,1.9,1.9,1.9,1.9,1.9,1.9,1.9,1.9,1.9,1.2,1.2,1.9,1.9,1.9,1.9,1.9,1.9,1.9,1.2,1.2,2.201
1617.2350788116455,0.4991011619567871,4576,33.77934265136719,8573.624126464045,135.46740820946053,15,1.9,1.9,1.9,1.9,1.9,1.9,1.9,1.9,1.9,1.2,1.2,1.9,1.9,1.9,1.9,1.9,1.9,1.9,1.2,1.2,2.201
1617.7356173992157,0.4989774227142334,4096,31.26641845703125,8311.28735287273,131.00317216150108,15,1.9,1.9,1.9,1.9,1.9,1.9,1.9,1.9,1.9,1.2,1.2,1.9,1.9,1.9,1.9,1.9,1.9,1.9,1.2,1.2,2.201
1618.2361702919006,0.499103307723999,4032,30.915374755859375,8006.636240630405,130.42054420627125,15,1.9,1.9,1.9,1.9,1.9,1.9,1.9,1.9,1.9,1.2,1.2,1.9,1.9,1.9,1.9,1.9,1.9,1.9,1.2,1.2,2.201
1618.7367043495178,0.498981237411499,4160,30.902496337890625,8392.361078752703,134.61695632981207,15,1.9,1.9,1.9,1.9,1.9,1.9,1.9,1.9,1.9,1.2,1.2,1.9,1.9,1.9,1.9,1.9,1.9,1.9,1.2,1.2,2.201
1619.237249135971,0.4991641044616699,3584,31.536895751953125,7894.515124944292,113.64466649441988,15,1.9,1.9,1.9,1.9,1.9,1.9,1.9,1.9,1.9,1.2,1.2,1.9,1.9,1.9,1.9,1.9,1.9,1.9,1.2,1.2,2.201
1619.7378025054932,0.49907422065734863,4832,32.974365234375,8387.322853128448,146.53807482434124,15,1.9,1.9,1.9,1.9,1.9,1.9,1.9,1.9,1.9,1.2,1.2,1.9,1.9,1.9,1.9,1.9,1.9,1.9,1.2,1.2,2.201
1620.238349199295,0.4988212585449219,3904,31.103057861328125,8297.08678852078,125.51820523261233,15,1.9,1.9,1.9,1.9,1.9,1.9,1.9,1.9,1.9,1.2,1.2,1.9,1.9,1.9,1.9,1.9,1.9,1.9,1.2,1.2,2.201
1620.7388944625854,0.49906420707702637,4448,30.975753784179688,7785.913293540218,143.59618271087035,15,1.9,1.9,1.9,1.9,1.9,1.9,1.9,1.9,1.9,1.2,1.2,1.9,1.9,1.9,1.9,1.9,1.9,1.9,1.2,1.2,2.201
1621.2394375801086,0.49909114837646484,3616,32.82218933105469,8685.393736938035,110.16937241839393,15,1.9,1.9,1.9,1.9,1.9,1.9,1.9,1.9,1.9,1.2,1.2,1.9,1.9,1.9,1.9,1.9,1.9,1.9,1.2,1.2,2.201
1621.739979505539,0.4990968704223633,3968,31.906631469726562,8391.104792474714,124.36286180084197,15,1.9,1.9,1.9,1.9,1.9,1.9,1.9,1.9,1.9,1.2,1.2,1.9,1.9,1.9,1.9,1.9,1.9,1.9,1.2,1.2,2.201
1622.2404716014862,0.47545909881591797,4832,32.731781005859375,7876.39930770241,147.62410878696198,15,2.0,2.0,2.0,2.0,2.0,2.0,2.0,2.0,2.0,1.2,1.2,2.0,2.0,2.0,2.0,2.0,2.0,2.0,1.2,1.2,2.201
1622.7410340309143,0.49909448623657227,3840,33.8916015625,8212.789310882492,113.30240599337272,15,2.0,2.0,2.0,2.0,2.0,2.0,2.0,2.0,2.0,1.2,1.2,2.0,2.0,2.0,2.0,2.0,2.0,2.0,1.2,1.2,2.201
1623.2415826320648,0.499051570892334,4416,35.16603088378906,9353.353066505777,125.57573001608493,15,2.0,2.0,2.0,2.0,2.0,2.0,2.0,2.0,2.0,1.2,1.2,2.0,2.0,2.0,2.0,2.0,2.0,2.0,1.2,1.2,2.201
1623.7421281337738,0.4990267753601074,4512,33.71531677246094,9119.180836041502,133.82641576381255,15,2.0,2.0,2.0,2.0,2.0,2.0,2.0,2.0,2.0,1.2,1.2,2.0,2.0,2.0,2.0,2.0,2.0,2.0,1.2,1.2,2.201
1624.2426462173462,0.49907946586608887,4736,32.66865539550781,8701.368461425642,144.97076609560233,15,2.0,2.0,2.0,2.0,2.0,2.0,2.0,2.0,2.0,1.2,1.2,2.0,2.0,2.0,2.0,2.0,2.0,2.0,1.2,1.2,2.201
1624.7431983947754,0.4991476535797119,4608,34.9757080078125,9031.54323494076,131.74858387343335,15,2.0,2.0,2.0,2.0,2.0,2.0,2.0,2.0,2.0,1.2,1.2,2.0,2.0,2.0,2.0,2.0,2.0,2.0,1.2,1.2,2.201
1625.243718624115,0.4990522861480713,4032,33.46223449707031,8807.127620587251,120.4940453200461,15,2.0,2.0,2.0,2.0,2.0,2.0,2.0,2.0,2.0,1.2,1.2,2.0,2.0,2.0,2.0,2.0,2.0,2.0,1.2,1.2,2.201
1625.7442586421967,0.49907922744750977,4704,33.40580749511719,8955.493067104942,140.81383905141547,15,2.0,2.0,2.0,2.0,2.0,2.0,2.0,2.0,2.0,1.2,1.2,2.0,2.0,2.0,2.0,2.0,2.0,2.0,1.2,1.2,2.201
1626.2447998523712,0.49907708168029785,4192,32.720550537109375,8761.3456718754,128.11520378441446,15,2.0,2.0,2.0,2.0,2.0,2.0,2.0,2.0,2.0,1.2,1.2,2.0,2.0,2.0,2.0,2.0,2.0,2.0,1.2,1.2,2.201
1626.7453005313873,0.49905991554260254,4960,34.41560363769531,9037.930353512349,144.1206742213676,15,2.0,2.0,2.0,2.0,2.0,2.0,2.0,2.0,2.0,1.2,1.2,2.0,2.0,2.0,2.0,2.0,2.0,2.0,1.2,1.2,2.201
1627.2458357810974,0.49912047386169434,4480,35.46307373046875,9099.294751089057,126.3285871396682,15,2.0,2.0,2.0,2.0,2.0,2.0,2.0,2.0,2.0,1.2,1.2,2.0,2.0,2.0,2.0,2.0,2.0,2.0,1.2,1.2,2.201
1627.7463684082031,0.4990568161010742,4160,32.3917236328125,8838.664066397434,128.4278677836693,15,2.0,2.0,2.0,2.0,2.0,2.0,2.0,2.0,2.0,1.2,1.2,2.0,2.0,2.0,2.0,2.0,2.0,2.0,1.2,1.2,2.201
1628.2469081878662,0.49915242195129395,4064,32.31706237792969,8502.390895731398,125.75400426170636,15,2.0,2.0,2.0,2.0,2.0,2.0,2.0,2.0,2.0,1.2,1.2,2.0,2.0,2.0,2.0,2.0,2.0,2.0,1.2,1.2,2.201
1628.7474465370178,0.49909305572509766,4768,34.81849670410156,8896.330297553031,136.93870934520666,15,2.0,2.0,2.0,2.0,2.0,2.0,2.0,2.0,2.0,1.2,1.2,2.0,2.0,2.0,2.0,2.0,2.0,2.0,1.2,1.2,2.201
1629.2479858398438,0.49910926818847656,4544,34.11607360839844,9136.24126982227,133.1923495112108,15,2.0,2.0,2.0,2.0,2.0,2.0,2.0,2.0,2.0,1.2,1.2,2.0,2.0,2.0,2.0,2.0,2.0,2.0,1.2,1.2,2.201
1629.748523235321,0.4991452693939209,4000,32.72808837890625,8767.590578989491,122.21917619172835,15,2.0,2.0,2.0,2.0,2.0,2.0,2.0,2.0,2.0,1.2,1.2,2.0,2.0,2.0,2.0,2.0,2.0,2.0,1.2,1.2,2.201
1630.2490656375885,0.49902796745300293,4736,33.66510009765625,8621.809743025055,140.67981340503184,15,2.0,2.0,2.0,2.0,2.0,2.0,2.0,2.0,2.0,1.2,1.2,2.0,2.0,2.0,2.0,2.0,2.0,2.0,1.2,1.2,2.201
1630.7495839595795,0.4991161823272705,4416,33.65374755859375,8680.000049396607,131.2186701439834,15,2.0,2.0,2.0,2.0,2.0,2.0,2.0,2.0,2.0,1.2,1.2,2.0,2.0,2.0,2.0,2.0,2.0,2.0,1.2,1.2,2.201
1631.2501246929169,0.49903225898742676,4064,34.76948547363281,8691.111810867975,116.88409950966646,15,2.0,2.0,2.0,2.0,2.0,2.0,2.0,2.0,2.0,1.2,1.2,2.0,2.0,2.0,2.0,2.0,2.0,2.0,1.2,1.2,2.201
1631.7506823539734,0.49902987480163574,4832,35.4718017578125,9096.10771608779,136.2208785725347,15,2.0,2.0,2.0,2.0,2.0,2.0,2.0,2.0,2.0,1.2,1.2,2.0,2.0,2.0,2.0,2.0,2.0,2.0,1.2,1.2,2.201
1632.2511863708496,0.47551894187927246,4576,35.92079162597656,9103.399321513414,127.3914018278709,15,2.1,2.1,2.1,2.1,2.1,2.1,2.1,2.1,2.1,1.2,1.2,2.1,2.1,2.1,2.1,2.1,2.1,2.1,1.2,1.2,2.201
1632.751720905304,0.4990549087524414,3744,32.61891174316406,8806.795263821337,114.78004016441871,15,2.1,2.1,2.1,2.1,2.1,2.1,2.1,2.1,2.1,1.2,1.2,2.1,2.1,2.1,2.1,2.1,2.1,2.1,1.2,1.2,2.201
1633.2522656917572,0.4990847110748291,4672,35.346832275390625,8789.599772562275,132.17591787575168,15,2.1,2.1,2.1,2.1,2.1,2.1,2.1,2.1,2.1,1.2,1.2,2.1,2.1,2.1,2.1,2.1,2.1,2.1,1.2,1.2,2.201
1633.7528274059296,0.4991145133972168,4992,33.92951965332031,8885.834872635438,147.12851967862997,15,2.1,2.1,2.1,2.1,2.1,2.1,2.1,2.1,2.1,1.2,1.2,2.1,2.1,2.1,2.1,2.1,2.1,2.1,1.2,1.2,2.201
1634.253338098526,0.49889612197875977,4864,34.32072448730469,10305.93946805337,141.7219500071802,15,2.1,2.1,2.1,2.1,2.1,2.1,2.1,2.1,2.1,1.2,1.2,2.1,2.1,2.1,2.1,2.1,2.1,2.1,1.2,1.2,2.201
1634.7538866996765,0.49911069869995117,4768,35.66920471191406,9419.946897041571,133.6727308194627,15,2.1,2.1,2.1,2.1,2.1,2.1,2.1,2.1,2.1,1.2,1.2,2.1,2.1,2.1,2.1,2.1,2.1,2.1,1.2,1.2,2.201
1635.254427433014,0.49903082847595215,3904,36.00224304199219,8879.555731459619,108.43768804756037,15,2.1,2.1,2.1,2.1,2.1,2.1,2.1,2.1,2.1,1.2,1.2,2.1,2.1,2.1,2.1,2.1,2.1,2.1,1.2,1.2,2.201
1635.754951953888,0.49909281730651855,5728,34.704498291015625,9727.945620622346,165.0506499753341,15,2.1,2.1,2.1,2.1,2.1,2.1,2.1,2.1,2.1,1.2,1.2,2.1,2.1,2.1,2.1,2.1,2.1,2.1,1.2,1.2,2.201
1636.2554841041565,0.49912238121032715,4096,34.60821533203125,9264.970166688132,118.35340137314138,15,2.1,2.1,2.1,2.1,2.1,2.1,2.1,2.1,2.1,1.2,1.2,2.1,2.1,2.1,2.1,2.1,2.1,2.1,1.2,1.2,2.201
1636.7560181617737,0.4990806579589844,4384,34.88818359375,8578.968478577102,125.65859120236246,15,2.1,2.1,2.1,2.1,2.1,2.1,2.1,2.1,2.1,1.2,1.2,2.1,2.1,2.1,2.1,2.1,2.1,2.1,1.2,1.2,2.201
1637.256551027298,0.4991333484649658,4832,34.17060852050781,10146.833116070617,141.40807580585022,15,2.1,2.1,2.1,2.1,2.1,2.1,2.1,2.1,2.1,1.2,1.2,2.1,2.1,2.1,2.1,2.1,2.1,2.1,1.2,1.2,2.201
1637.757091999054,0.49909186363220215,5056,35.36204528808594,9339.024998255998,142.97815521726767,15,2.1,2.1,2.1,2.1,2.1,2.1,2.1,2.1,2.1,1.2,1.2,2.1,2.1,2.1,2.1,2.1,2.1,2.1,1.2,1.2,2.201
1638.2576234340668,0.4990732669830322,4640,34.391937255859375,9137.15068545135,134.9153426711803,15,2.1,2.1,2.1,2.1,2.1,2.1,2.1,2.1,2.1,1.2,1.2,2.1,2.1,2.1,2.1,2.1,2.1,2.1,1.2,1.2,2.201
1638.7581737041473,0.4990677833557129,4672,35.073822021484375,9572.053086495915,133.2047587268413,15,2.1,2.1,2.1,2.1,2.1,2.1,2.1,2.1,2.1,1.2,1.2,2.1,2.1,2.1,2.1,2.1,2.1,2.1,1.2,1.2,2.201
1639.258712053299,0.49901628494262695,4640,34.17643737792969,9102.860088199825,135.7660527541235,15,2.1,2.1,2.1,2.1,2.1,2.1,2.1,2.1,2.1,1.2,1.2,2.1,2.1,2.1,2.1,2.1,2.1,2.1,1.2,1.2,2.201
1639.7592389583588,0.49913811683654785,4640,35.56005859375,9613.684964118504,130.48347453554314,15,2.1,2.1,2.1,2.1,2.1,2.1,2.1,2.1,2.1,1.2,1.2,2.1,2.1,2.1,2.1,2.1,2.1,2.1,1.2,1.2,2.201
1640.2597506046295,0.49904513359069824,4672,34.811431884765625,9312.529144646904,134.20878565022736,15,2.1,2.1,2.1,2.1,2.1,2.1,2.1,2.1,2.1,1.2,1.2,2.1,2.1,2.1,2.1,2.1,2.1,2.1,1.2,1.2,2.201
1640.7602927684784,0.49910402297973633,4736,36.8353271484375,9163.045160906602,128.5722258123312,15,2.1,2.1,2.1,2.1,2.1,2.1,2.1,2.1,2.1,1.2,1.2,2.1,2.1,2.1,2.1,2.1,2.1,2.1,1.2,1.2,2.201
1641.2608315944672,0.4991161823272705,4832,36.18601989746094,10460.24653686976,133.5322318865758,15,2.1,2.1,2.1,2.1,2.1,2.1,2.1,2.1,2.1,1.2,1.2,2.1,2.1,2.1,2.1,2.1,2.1,2.1,1.2,1.2,2.201
1641.761370897293,0.499103307723999,5120,36.4891357421875,9424.949526101662,140.3157377082086,15,2.1,2.1,2.1,2.1,2.1,2.1,2.1,2.1,2.1,1.2,1.2,2.1,2.1,2.1,2.1,2.1,2.1,2.1,1.2,1.2,2.201
1642.2618465423584,0.47544193267822266,5184,37.09892272949219,9753.056302461962,139.73451568389945,15,2.2,2.2,2.2,2.2,2.2,2.2,2.2,2.2,2.2,1.2,1.2,2.2,2.2,2.2,2.2,2.2,2.2,2.2,1.2,1.2,2.201
1642.7624073028564,0.4990427494049072,4608,35.23748779296875,9347.191325411535,130.76982181798655,15,2.2,2.2,2.2,2.2,2.2,2.2,2.2,2.2,2.2,1.2,1.2,2.2,2.2,2.2,2.2,2.2,2.2,2.2,1.2,1.2,2.201
1643.262919664383,0.4990196228027344,4352,36.67866516113281,10340.970842615628,118.65208237217075,15,2.2,2.2,2.2,2.2,2.2,2.2,2.2,2.2,2.2,1.2,1.2,2.2,2.2,2.2,2.2,2.2,2.2,2.2,1.2,1.2,2.201
1643.7634770870209,0.4992523193359375,5504,40.01646423339844,9965.473976711939,137.54338633962232,15,2.2,2.2,2.2,2.2,2.2,2.2,2.2,2.2,2.2,1.2,1.2,2.2,2.2,2.2,2.2,2.2,2.2,2.2,1.2,1.2,2.201
1644.2640192508698,0.4990050792694092,5088,40.59962463378906,9914.34502179761,125.32135569956745,15,2.2,2.2,2.2,2.2,2.2,2.2,2.2,2.2,2.2,1.2,1.2,2.2,2.2,2.2,2.2,2.2,2.2,2.2,1.2,1.2,2.201
1644.764556646347,0.4991455078125,4832,40.75135803222656,9737.31044931969,118.57273556819403,15,2.2,2.2,2.2,2.2,2.2,2.2,2.2,2.2,2.2,1.2,1.2,2.2,2.2,2.2,2.2,2.2,2.2,2.2,1.2,1.2,2.201
1645.2651171684265,0.4991145133972168,4992,39.81394958496094,9939.072034711808,125.38318986282249,15,2.2,2.2,2.2,2.2,2.2,2.2,2.2,2.2,2.2,1.2,1.2,2.2,2.2,2.2,2.2,2.2,2.2,2.2,1.2,1.2,2.201
1645.7656788825989,0.4989910125732422,4768,40.484130859375,9678.876923721544,117.77454273532622,15,2.2,2.2,2.2,2.2,2.2,2.2,2.2,2.2,2.2,1.2,1.2,2.2,2.2,2.2,2.2,2.2,2.2,2.2,1.2,1.2,2.201
1646.2662222385406,0.49898552894592285,5408,40.26954650878906,10324.65757872938,134.29503108061255,15,2.2,2.2,2.2,2.2,2.2,2.2,2.2,2.2,2.2,1.2,1.2,2.2,2.2,2.2,2.2,2.2,2.2,2.2,1.2,1.2,2.201
1646.7667682170868,0.49919962882995605,4576,40.55857849121094,10109.338410281078,112.82446698647541,15,2.2,2.2,2.2,2.2,2.2,2.2,2.2,2.2,2.2,1.2,1.2,2.2,2.2,2.2,2.2,2.2,2.2,2.2,1.2,1.2,2.201
1647.2672777175903,0.4991588592529297,4928,40.43031311035156,9481.364952009426,121.88874190880954,15,2.2,2.2,2.2,2.2,2.2,2.2,2.2,2.2,2.2,1.2,1.2,2.2,2.2,2.2,2.2,2.2,2.2,2.2,1.2,1.2,2.201
1647.7677788734436,0.49914073944091797,4512,39.5101318359375,8916.439246382477,114.19855592321738,15,2.2,2.2,2.2,2.2,2.2,2.2,2.2,2.2,2.2,1.2,1.2,2.2,2.2,2.2,2.2,2.2,2.2,2.2,1.2,1.2,2.201
1648.2682874202728,0.4991328716278076,4672,39.69880676269531,10062.520953587858,117.68615686429763,15,2.2,2.2,2.2,2.2,2.2,2.2,2.2,2.2,2.2,1.2,1.2,2.2,2.2,2.2,2.2,2.2,2.2,2.2,1.2,1.2,2.201
1648.7688398361206,0.4991624355316162,5120,41.27410888671875,9903.965890954465,124.0487108771359,15,2.2,2.2,2.2,2.2,2.2,2.2,2.2,2.2,2.2,1.2,1.2,2.2,2.2,2.2,2.2,2.2,2.2,2.2,1.2,1.2,2.201
1649.2693457603455,0.49898481369018555,5152,41.526153564453125,10143.2982494835,124.06639088312221,15,2.2,2.2,2.2,2.2,2.2,2.2,2.2,2.2,2.2,1.2,1.2,2.2,2.2,2.2,2.2,2.2,2.2,2.2,1.2,1.2,2.201
1649.7698783874512,0.4991002082824707,5184,40.82484436035156,10145.691120277454,126.98150063334027,15,2.2,2.2,2.2,2.2,2.2,2.2,2.2,2.2,2.2,1.2,1.2,2.2,2.2,2.2,2.2,2.2,2.2,2.2,1.2,1.2,2.201
1650.2703857421875,0.49909019470214844,4864,40.53114318847656,9555.289525354898,120.00648433185293,15,2.2,2.2,2.2,2.2,2.2,2.2,2.2,2.2,2.2,1.2,1.2,2.2,2.2,2.2,2.2,2.2,2.2,2.2,1.2,1.2,2.201
1650.7708954811096,0.4991188049316406,4544,40.46641540527344,9357.744514797736,112.29064779994924,15,2.2,2.2,2.2,2.2,2.2,2.2,2.2,2.2,2.2,1.2,1.2,2.2,2.2,2.2,2.2,2.2,2.2,2.2,1.2,1.2,2.201
1651.2714343070984,0.49911928176879883,5568,40.24879455566406,10419.47739361006,138.33954684778095,15,2.2,2.2,2.2,2.2,2.2,2.2,2.2,2.2,2.2,1.2,1.2,2.2,2.2,2.2,2.2,2.2,2.2,2.2,1.2,1.2,2.201
1651.7719690799713,0.49913907051086426,4608,40.790313720703125,9293.868767125854,112.96799606768431,15,2.2,2.2,2.2,2.2,2.2,2.2,2.2,2.2,2.2,1.2,1.2,2.2,2.2,2.2,2.2,2.2,2.2,2.2,1.2,1.2,2.201
1652.2724318504333,0.47815370559692383,4640,42.27473449707031,9960.908411694729,109.7582292402465,16,1.2,1.2,1.2,1.2,1.2,1.2,1.2,1.2,1.2,1.2,1.2,1.2,1.2,1.2,1.2,1.2,1.2,1.2,1.2,1.2,2.201
1652.7729737758636,0.4990506172180176,3584,30.28955078125,7186.505095365441,118.3246336627279,16,1.2,1.2,1.2,1.2,1.2,1.2,1.2,1.2,1.2,1.2,1.2,1.2,1.2,1.2,1.2,1.2,1.2,1.2,1.2,1.2,2.201
1653.273521900177,0.4990518093109131,3072,29.53759765625,7510.289672982768,104.0030416742433,16,1.2,1.2,1.2,1.2,1.2,1.2,1.2,1.2,1.2,1.2,1.2,1.2,1.2,1.2,1.2,1.2,1.2,1.2,1.2,1.2,2.201
1653.7740378379822,0.4988863468170166,4000,27.0350341796875,6765.9593533511525,147.9561658185496,16,1.2,1.2,1.2,1.2,1.2,1.2,1.2,1.2,1.2,1.2,1.2,1.2,1.2,1.2,1.2,1.2,1.2,1.2,1.2,1.2,2.201
1654.2745501995087,0.4990084171295166,3968,29.760635375976562,8033.632826628828,133.3304867275467,16,1.2,1.2,1.2,1.2,1.2,1.2,1.2,1.2,1.2,1.2,1.2,1.2,1.2,1.2,1.2,1.2,1.2,1.2,1.2,1.2,2.201
1654.7750630378723,0.4991428852081299,3584,30.417343139648438,6704.766721921235,117.82751647787157,16,1.2,1.2,1.2,1.2,1.2,1.2,1.2,1.2,1.2,1.2,1.2,1.2,1.2,1.2,1.2,1.2,1.2,1.2,1.2,1.2,2.201
1655.2755770683289,0.49913787841796875,2720,30.493179321289062,6008.050798520075,89.20027562035848,16,1.2,1.2,1.2,1.2,1.2,1.2,1.2,1.2,1.2,1.2,1.2,1.2,1.2,1.2,1.2,1.2,1.2,1.2,1.2,1.2,2.201
1655.7761194705963,0.4991436004638672,3904,30.543594360351562,7272.192191170719,127.81730774514726,16,1.2,1.2,1.2,1.2,1.2,1.2,1.2,1.2,1.2,1.2,1.2,1.2,1.2,1.2,1.2,1.2,1.2,1.2,1.2,1.2,2.201
1656.2766361236572,0.4990527629852295,3136,29.978103637695312,6868.157543934296,104.60968571930297,16,1.2,1.2,1.2,1.2,1.2,1.2,1.2,1.2,1.2,1.2,1.2,1.2,1.2,1.2,1.2,1.2,1.2,1.2,1.2,1.2,2.201
1656.7772018909454,0.49912524223327637,3584,28.015914916992188,6420.259831805102,127.92728742284392,16,1.2,1.2,1.2,1.2,1.2,1.2,1.2,1.2,1.2,1.2,1.2,1.2,1.2,1.2,1.2,1.2,1.2,1.2,1.2,1.2,2.201
1657.2777209281921,0.498781681060791,2944,28.458908081054688,5828.20003570563,103.44739831953859,16,1.2,1.2,1.2,1.2,1.2,1.2,1.2,1.2,1.2,1.2,1.2,1.2,1.2,1.2,1.2,1.2,1.2,1.2,1.2,1.2,2.201
1657.7783398628235,0.49906349182128906,3072,29.773590087890625,7292.357797797559,103.17868926560621,16,1.2,1.2,1.2,1.2,1.2,1.2,1.2,1.2,1.2,1.2,1.2,1.2,1.2,1.2,1.2,1.2,1.2,1.2,1.2,1.2,2.201
1658.2789080142975,0.4989752769470215,3904,29.707412719726562,6909.305040011087,131.4150120319173,16,1.2,1.2,1.2,1.2,1.2,1.2,1.2,1.2,1.2,1.2,1.2,1.2,1.2,1.2,1.2,1.2,1.2,1.2,1.2,1.2,2.201
1658.7794189453125,0.4988114833831787,3392,25.565048217773438,6910.353436160971,132.68115010406277,16,1.2,1.2,1.2,1.2,1.2,1.2,1.2,1.2,1.2,1.2,1.2,1.2,1.2,1.2,1.2,1.2,1.2,1.2,1.2,1.2,2.201
1659.2799780368805,0.499117374420166,3168,27.61712646484375,6232.872460839456,114.71142749166259,16,1.2,1.2,1.2,1.2,1.2,1.2,1.2,1.2,1.2,1.2,1.2,1.2,1.2,1.2,1.2,1.2,1.2,1.2,1.2,1.2,2.201
1659.7804825305939,0.4988398551940918,2976,29.942947387695312,7486.90577126608,99.3890134283491,16,1.2,1.2,1.2,1.2,1.2,1.2,1.2,1.2,1.2,1.2,1.2,1.2,1.2,1.2,1.2,1.2,1.2,1.2,1.2,1.2,2.201
1660.281019449234,0.4991006851196289,4128,28.439926147460938,6885.492098418846,145.14805624305532,16,1.2,1.2,1.2,1.2,1.2,1.2,1.2,1.2,1.2,1.2,1.2,1.2,1.2,1.2,1.2,1.2,1.2,1.2,1.2,1.2,2.201
1660.7815654277802,0.4990041255950928,3168,30.05316162109375,7489.5344745458315,105.4132021097055,16,1.2,1.2,1.2,1.2,1.2,1.2,1.2,1.2,1.2,1.2,1.2,1.2,1.2,1.2,1.2,1.2,1.2,1.2,1.2,1.2,2.201
1661.2821066379547,0.49889373779296875,4128,28.679153442382812,6897.682703189886,143.93730304115365,16,1.2,1.2,1.2,1.2,1.2,1.2,1.2,1.2,1.2,1.2,1.2,1.2,1.2,1.2,1.2,1.2,1.2,1.2,1.2,1.2,2.201
1661.7826194763184,0.49896717071533203,3424,27.0570068359375,6838.2585391532575,126.54762667436646,16,1.2,1.2,1.2,1.2,1.2,1.2,1.2,1.2,1.2,1.2,1.2,1.2,1.2,1.2,1.2,1.2,1.2,1.2,1.2,1.2,2.201
1662.2831115722656,0.47549891471862793,3520,29.785354614257812,6830.345183617055,118.1788850791465,16,1.3,1.3,1.3,1.3,1.3,1.3,1.3,1.3,1.3,1.2,1.2,1.3,1.3,1.3,1.3,1.3,1.3,1.3,1.3,1.2,2.201
1662.7836492061615,0.4990534782409668,3456,30.98760986328125,7898.586676824316,111.5284468614401,16,1.3,1.3,1.3,1.3,1.3,1.3,1.3,1.3,1.3,1.2,1.2,1.3,1.3,1.3,1.3,1.3,1.3,1.3,1.3,1.2,2.201
1663.284205198288,0.4990572929382324,4064,32.01725769042969,8125.856467879016,126.93154545883468,16,1.3,1.3,1.3,1.3,1.3,1.3,1.3,1.3,1.3,1.2,1.2,1.3,1.3,1.3,1.3,1.3,1.3,1.3,1.3,1.2,2.201
1663.78475522995,0.498913049697876,3680,29.832305908203125,7407.063088500953,123.35620355073168,16,1.3,1.3,1.3,1.3,1.3,1.3,1.3,1.3,1.3,1.2,1.2,1.3,1.3,1.3,1.3,1.3,1.3,1.3,1.3,1.2,2.201
1664.2853083610535,0.4990701675415039,3296,29.443344116210938,7244.386878038972,111.94380594102712,16,1.3,1.3,1.3,1.3,1.3,1.3,1.3,1.3,1.3,1.2,1.2,1.3,1.3,1.3,1.3,1.3,1.3,1.3,1.3,1.2,2.201
1664.7858612537384,0.49886131286621094,3552,27.078567504882812,6104.957400540837,131.17385176891293,16,1.3,1.3,1.3,1.3,1.3,1.3,1.3,1.3,1.3,1.2,1.2,1.3,1.3,1.3,1.3,1.3,1.3,1.3,1.3,1.2,2.201
1665.286388874054,0.4989185333251953,3520,28.926788330078125,8398.3970647001,121.68651285562517,16,1.3,1.3,1.3,1.3,1.3,1.3,1.3,1.3,1.3,1.2,1.2,1.3,1.3,1.3,1.3,1.3,1.3,1.3,1.3,1.2,2.201
1665.7869327068329,0.4989612102508545,4384,31.056747436523438,7816.327849279651,141.1609508999747,16,1.3,1.3,1.3,1.3,1.3,1.3,1.3,1.3,1.3,1.2,1.2,1.3,1.3,1.3,1.3,1.3,1.3,1.3,1.3,1.2,2.201
1666.287475347519,0.4990699291229248,3808,29.899642944335938,7718.992102214669,127.35938041431935,16,1.3,1.3,1.3,1.3,1.3,1.3,1.3,1.3,1.3,1.2,1.2,1.3,1.3,1.3,1.3,1.3,1.3,1.3,1.3,1.2,2.201
1666.7880203723907,0.4990427494049072,3168,29.236099243164062,7121.575348310188,108.35918887984815,16,1.3,1.3,1.3,1.3,1.3,1.3,1.3,1.3,1.3,1.2,1.2,1.3,1.3,1.3,1.3,1.3,1.3,1.3,1.3,1.2,2.201
1667.2885687351227,0.49904918670654297,4256,29.941848754882812,7584.120089266093,142.14219151400752,16,1.3,1.3,1.3,1.3,1.3,1.3,1.3,1.3,1.3,1.2,1.2,1.3,1.3,1.3,1.3,1.3,1.3,1.3,1.3,1.2,2.201
1667.7890827655792,0.49907827377319336,3008,28.717941284179688,6691.530999206494,104.74288425601961,16,1.3,1.3,1.3,1.3,1.3,1.3,1.3,1.3,1.3,1.2,1.2,1.3,1.3,1.3,1.3,1.3,1.3,1.3,1.3,1.2,2.201
1668.289632320404,0.49912261962890625,3488,29.893844604492188,6416.9345923033015,116.67953875279909,16,1.3,1.3,1.3,1.3,1.3,1.3,1.3,1.3,1.3,1.2,1.2,1.3,1.3,1.3,1.3,1.3,1.3,1.3,1.3,1.2,2.201
1668.7901837825775,0.4990265369415283,4096,30.691574096679688,7640.500736000193,133.45682391842908,16,1.3,1.3,1.3,1.3,1.3,1.3,1.3,1.3,1.3,1.2,1.2,1.3,1.3,1.3,1.3,1.3,1.3,1.3,1.3,1.2,2.201
1669.2907040119171,0.49891161918640137,4320,28.96966552734375,8621.201342386248,149.12150076163147,16,1.3,1.3,1.3,1.3,1.3,1.3,1.3,1.3,1.3,1.2,1.2,1.3,1.3,1.3,1.3,1.3,1.3,1.3,1.3,1.2,2.201
1669.7912139892578,0.49909162521362305,3424,30.46209716796875,7117.007913034337,112.40197879745376,16,1.3,1.3,1.3,1.3,1.3,1.3,1.3,1.3,1.3,1.2,1.2,1.3,1.3,1.3,1.3,1.3,1.3,1.3,1.3,1.2,2.201
1670.2917511463165,0.4991300106048584,2592,30.54730224609375,6545.552517499261,84.85201014212157,16,1.3,1.3,1.3,1.3,1.3,1.3,1.3,1.3,1.3,1.2,1.2,1.3,1.3,1.3,1.3,1.3,1.3,1.3,1.3,1.2,2.201
1670.7922644615173,0.49912476539611816,4512,31.06976318359375,7378.945954679299,145.22157678956953,16,1.3,1.3,1.3,1.3,1.3,1.3,1.3,1.3,1.3,1.2,1.2,1.3,1.3,1.3,1.3,1.3,1.3,1.3,1.3,1.2,2.201
1671.2927792072296,0.49907708168029785,3776,30.594161987304688,7656.155669587914,123.42223988899856,16,1.3,1.3,1.3,1.3,1.3,1.3,1.3,1.3,1.3,1.2,1.2,1.3,1.3,1.3,1.3,1.3,1.3,1.3,1.3,1.2,2.201
1671.7933235168457,0.4990832805633545,3680,31.048446655273438,7515.139658001484,118.52444796541758,16,1.3,1.3,1.3,1.3,1.3,1.3,1.3,1.3,1.3,1.2,1.2,1.3,1.3,1.3,1.3,1.3,1.3,1.3,1.3,1.2,2.201
1672.2938413619995,0.47377705574035645,4064,31.456375122070312,7248.207320625543,129.1947970555778,16,1.4,1.4,1.4,1.4,1.4,1.4,1.4,1.4,1.4,1.2,1.2,1.4,1.4,1.4,1.4,1.4,1.4,1.4,1.4,1.2,2.201
1672.7944033145905,0.49889445304870605,3744,29.437393188476562,7992.344818160962,127.18517485663814,16,1.4,1.4,1.4,1.4,1.4,1.4,1.4,1.4,1.4,1.2,1.2,1.4,1.4,1.4,1.4,1.4,1.4,1.4,1.4,1.2,2.201
1673.2949616909027,0.4988980293273926,3936,29.70086669921875,7578.110295771471,132.52138531376704,16,1.4,1.4,1.4,1.4,1.4,1.4,1.4,1.4,1.4,1.2,1.2,1.4,1.4,1.4,1.4,1.4,1.4,1.4,1.4,1.2,2.201
1673.7955062389374,0.4989304542541504,4192,31.205551147460938,8641.928573850038,134.33507327561125,16,1.4,1.4,1.4,1.4,1.4,1.4,1.4,1.4,1.4,1.2,1.2,1.4,1.4,1.4,1.4,1.4,1.4,1.4,1.4,1.2,2.201
1674.296051979065,0.4989039897918701,3840,30.488845825195312,8048.63914499002,125.9476997593234,16,1.4,1.4,1.4,1.4,1.4,1.4,1.4,1.4,1.4,1.2,1.2,1.4,1.4,1.4,1.4,1.4,1.4,1.4,1.4,1.2,2.201
1674.796620130539,0.49901366233825684,4480,30.9849853515625,8382.927712744533,144.5861583979766,16,1.4,1.4,1.4,1.4,1.4,1.4,1.4,1.4,1.4,1.2,1.2,1.4,1.4,1.4,1.4,1.4,1.4,1.4,1.4,1.2,2.201
1675.297134399414,0.49892354011535645,3456,29.3770751953125,7499.373569626297,117.64275296376171,16,1.4,1.4,1.4,1.4,1.4,1.4,1.4,1.4,1.4,1.2,1.2,1.4,1.4,1.4,1.4,1.4,1.4,1.4,1.4,1.2,2.201
1675.797681570053,0.49910759925842285,3744,30.264724731445312,7685.368949288955,123.70837776396331,16,1.4,1.4,1.4,1.4,1.4,1.4,1.4,1.4,1.4,1.2,1.2,1.4,1.4,1.4,1.4,1.4,1.4,1.4,1.4,1.2,2.201
1676.2982263565063,0.49891233444213867,3744,29.771224975585938,7293.340347295267,125.7590174092698,16,1.4,1.4,1.4,1.4,1.4,1.4,1.4,1.4,1.4,1.2,1.2,1.4,1.4,1.4,1.4,1.4,1.4,1.4,1.4,1.2,2.201
1676.7987415790558,0.49898862838745117,4608,31.371429443359375,8583.183649834917,146.8852418191422,16,1.4,1.4,1.4,1.4,1.4,1.4,1.4,1.4,1.4,1.2,1.2,1.4,1.4,1.4,1.4,1.4,1.4,1.4,1.4,1.2,2.201
1677.2992849349976,0.4990968704223633,4128,32.05348205566406,8829.212724752439,128.78476019645282,16,1.4,1.4,1.4,1.4,1.4,1.4,1.4,1.4,1.4,1.2,1.2,1.4,1.4,1.4,1.4,1.4,1.4,1.4,1.4,1.2,2.201
1677.7997987270355,0.49910664558410645,4032,32.48014831542969,7988.505161008393,124.13736417837104,16,1.4,1.4,1.4,1.4,1.4,1.4,1.4,1.4,1.4,1.2,1.2,1.4,1.4,1.4,1.4,1.4,1.4,1.4,1.4,1.2,2.201
1678.3003461360931,0.4990694522857666,4000,31.513824462890625,8105.800376947311,126.92842167443797,16,1.4,1.4,1.4,1.4,1.4,1.4,1.4,1.4,1.4,1.2,1.2,1.4,1.4,1.4,1.4,1.4,1.4,1.4,1.4,1.2,2.201
1678.8008975982666,0.4990499019622803,4032,31.72381591796875,8541.46981772811,127.09694226022245,16,1.4,1.4,1.4,1.4,1.4,1.4,1.4,1.4,1.4,1.2,1.2,1.4,1.4,1.4,1.4,1.4,1.4,1.4,1.4,1.2,2.201
1679.3014121055603,0.49905848503112793,4480,31.358749389648438,8521.954519482586,142.86284010671847,16,1.4,1.4,1.4,1.4,1.4,1.4,1.4,1.4,1.4,1.2,1.2,1.4,1.4,1.4,1.4,1.4,1.4,1.4,1.4,1.2,2.201
1679.8020133972168,0.4991159439086914,3296,29.896041870117188,7165.817240314337,110.24870831795768,16,1.4,1.4,1.4,1.4,1.4,1.4,1.4,1.4,1.4,1.2,1.2,1.4,1.4,1.4,1.4,1.4,1.4,1.4,1.4,1.2,2.201
1680.3025658130646,0.49892616271972656,5152,31.053375244140625,8848.584289229491,165.9078911549918,16,1.4,1.4,1.4,1.4,1.4,1.4,1.4,1.4,1.4,1.2,1.2,1.4,1.4,1.4,1.4,1.4,1.4,1.4,1.4,1.2,2.201
1680.8031129837036,0.4989612102508545,4352,29.4940185546875,8974.760717155401,147.55534217660326,16,1.4,1.4,1.4,1.4,1.4,1.4,1.4,1.4,1.4,1.2,1.2,1.4,1.4,1.4,1.4,1.4,1.4,1.4,1.4,1.2,2.201
1681.3036258220673,0.4989626407623291,4032,28.688308715820312,7687.061150270386,140.54505756822581,16,1.4,1.4,1.4,1.4,1.4,1.4,1.4,1.4,1.4,1.2,1.2,1.4,1.4,1.4,1.4,1.4,1.4,1.4,1.4,1.2,2.201
1681.8041384220123,0.49910783767700195,4000,30.709930419921875,8537.708523961823,130.25102777195337,16,1.4,1.4,1.4,1.4,1.4,1.4,1.4,1.4,1.4,1.2,1.2,1.4,1.4,1.4,1.4,1.4,1.4,1.4,1.4,1.2,2.201
1682.3046572208405,0.47554993629455566,4672,33.78010559082031,8890.358326506921,138.30625802631027,16,1.5,1.5,1.5,1.5,1.5,1.5,1.5,1.5,1.5,1.2,1.2,1.5,1.5,1.5,1.5,1.5,1.5,1.5,1.5,1.2,2.201
1682.8052024841309,0.49902844429016113,4032,30.933761596679688,8452.440833304134,130.3430230235168,16,1.5,1.5,1.5,1.5,1.5,1.5,1.5,1.5,1.5,1.2,1.2,1.5,1.5,1.5,1.5,1.5,1.5,1.5,1.5,1.2,2.201
1683.3057465553284,0.49898219108581543,4768,30.37408447265625,9660.06735567611,156.97592479840208,16,1.5,1.5,1.5,1.5,1.5,1.5,1.5,1.5,1.5,1.2,1.2,1.5,1.5,1.5,1.5,1.5,1.5,1.5,1.5,1.2,2.201
1683.8062584400177,0.4989771842956543,4448,32.53785705566406,9126.831746719115,136.70230317843595,16,1.5,1.5,1.5,1.5,1.5,1.5,1.5,1.5,1.5,1.2,1.2,1.5,1.5,1.5,1.5,1.5,1.5,1.5,1.5,1.2,2.201
1684.3067705631256,0.49906134605407715,4128,31.13177490234375,8128.223639106147,132.59764382046924,16,1.5,1.5,1.5,1.5,1.5,1.5,1.5,1.5,1.5,1.2,1.2,1.5,1.5,1.5,1.5,1.5,1.5,1.5,1.5,1.2,2.201
1684.8073108196259,0.4990999698638916,5152,33.039306640625,9432.489811000109,155.93547576646543,16,1.5,1.5,1.5,1.5,1.5,1.5,1.5,1.5,1.5,1.2,1.2,1.5,1.5,1.5,1.5,1.5,1.5,1.5,1.5,1.2,2.201
1685.3078246116638,0.4990379810333252,4384,32.88836669921875,8886.34681418373,133.29941374389202,16,1.5,1.5,1.5,1.5,1.5,1.5,1.5,1.5,1.5,1.2,1.2,1.5,1.5,1.5,1.5,1.5,1.5,1.5,1.5,1.2,2.201
1685.8083727359772,0.4991014003753662,4064,32.71336364746094,8565.024331510553,124.23057573033854,16,1.5,1.5,1.5,1.5,1.5,1.5,1.5,1.5,1.5,1.2,1.2,1.5,1.5,1.5,1.5,1.5,1.5,1.5,1.5,1.2,2.201
1686.3089306354523,0.4990570545196533,4480,32.50537109375,9317.839487269775,137.82337654534257,16,1.5,1.5,1.5,1.5,1.5,1.5,1.5,1.5,1.5,1.2,1.2,1.5,1.5,1.5,1.5,1.5,1.5,1.5,1.5,1.2,2.201
1686.8094744682312,0.4988899230957031,3648,31.39849853515625,8239.526797089715,116.18389955543287,16,1.5,1.5,1.5,1.5,1.5,1.5,1.5,1.5,1.5,1.2,1.2,1.5,1.5,1.5,1.5,1.5,1.5,1.5,1.5,1.2,2.201
1687.3099937438965,0.49893975257873535,5344,29.668731689453125,8883.462917934801,180.1222935963834,16,1.5,1.5,1.5,1.5,1.5,1.5,1.5,1.5,1.5,1.2,1.2,1.5,1.5,1.5,1.5,1.5,1.5,1.5,1.5,1.2,2.201
1687.8105113506317,0.49901747703552246,3936,31.864761352539062,8542.992411441643,123.52202975737553,16,1.5,1.5,1.5,1.5,1.5,1.5,1.5,1.5,1.5,1.2,1.2,1.5,1.5,1.5,1.5,1.5,1.5,1.5,1.5,1.2,2.201
1688.3110709190369,0.49909543991088867,4480,32.722137451171875,8584.86502990833,136.9103716615419,16,1.5,1.5,1.5,1.5,1.5,1.5,1.5,1.5,1.5,1.2,1.2,1.5,1.5,1.5,1.5,1.5,1.5,1.5,1.5,1.2,2.201
1688.811618089676,0.49910879135131836,4224,33.57489013671875,9531.08685385029,125.80830444417379,16,1.5,1.5,1.5,1.5,1.5,1.5,1.5,1.5,1.5,1.2,1.2,1.5,1.5,1.5,1.5,1.5,1.5,1.5,1.5,1.2,2.201
1689.3121626377106,0.49908947944641113,4448,31.778213500976562,8243.091199983188,139.9701087621968,16,1.5,1.5,1.5,1.5,1.5,1.5,1.5,1.5,1.5,1.2,1.2,1.5,1.5,1.5,1.5,1.5,1.5,1.5,1.5,1.2,2.201
1689.812680721283,0.49906229972839355,5504,32.20967102050781,10066.196674172052,170.88035442819697,16,1.5,1.5,1.5,1.5,1.5,1.5,1.5,1.5,1.5,1.2,1.2,1.5,1.5,1.5,1.5,1.5,1.5,1.5,1.5,1.2,2.201
1690.3131976127625,0.4990870952606201,4512,32.074951171875,9029.825368662572,140.67051811933413,16,1.5,1.5,1.5,1.5,1.5,1.5,1.5,1.5,1.5,1.2,1.2,1.5,1.5,1.5,1.5,1.5,1.5,1.5,1.5,1.2,2.201
1690.813716173172,0.4991312026977539,3392,32.9013671875,7305.702137975803,103.0960197085275,16,1.5,1.5,1.5,1.5,1.5,1.5,1.5,1.5,1.5,1.2,1.2,1.5,1.5,1.5,1.5,1.5,1.5,1.5,1.5,1.2,2.201
1691.3142671585083,0.49907374382019043,4736,33.011016845703125,9427.792391455463,143.46725585996182,16,1.5,1.5,1.5,1.5,1.5,1.5,1.5,1.5,1.5,1.2,1.2,1.5,1.5,1.5,1.5,1.5,1.5,1.5,1.5,1.2,2.201
1691.8148341178894,0.49896907806396484,4608,33.071075439453125,9199.607566754177,139.3362610307722,16,1.5,1.5,1.5,1.5,1.5,1.5,1.5,1.5,1.5,1.2,1.2,1.5,1.5,1.5,1.5,1.5,1.5,1.5,1.5,1.2,2.201
1692.315373659134,0.4750490188598633,4640,32.26081848144531,8449.23808338264,143.82772100678966,16,1.6,1.6,1.6,1.6,1.6,1.6,1.6,1.6,1.6,1.2,1.2,1.6,1.6,1.6,1.6,1.6,1.6,1.6,1.6,1.2,2.201
1692.8158943653107,0.4988682270050049,4544,31.950851440429688,9848.539439886597,142.2184322215011,16,1.6,1.6,1.6,1.6,1.6,1.6,1.6,1.6,1.6,1.2,1.2,1.6,1.6,1.6,1.6,1.6,1.6,1.6,1.6,1.2,2.201
1693.3164556026459,0.4991004467010498,5280,33.607696533203125,10332.1930717888,157.1068696952664,16,1.6,1.6,1.6,1.6,1.6,1.6,1.6,1.6,1.6,1.2,1.2,1.6,1.6,1.6,1.6,1.6,1.6,1.6,1.6,1.2,2.201
1693.8169741630554,0.4989044666290283,4384,33.39405822753906,8943.301641003816,131.28083954721768,16,1.6,1.6,1.6,1.6,1.6,1.6,1.6,1.6,1.6,1.2,1.2,1.6,1.6,1.6,1.6,1.6,1.6,1.6,1.6,1.2,2.201
1694.3174903392792,0.4990854263305664,4512,33.16905212402344,9544.167968186353,136.0304172434304,16,1.6,1.6,1.6,1.6,1.6,1.6,1.6,1.6,1.6,1.2,1.2,1.6,1.6,1.6,1.6,1.6,1.6,1.6,1.6,1.2,2.201
1694.8180539608002,0.49907493591308594,5216,35.38899230957031,10192.297511220097,147.39046408477213,16,1.6,1.6,1.6,1.6,1.6,1.6,1.6,1.6,1.6,1.2,1.2,1.6,1.6,1.6,1.6,1.6,1.6,1.6,1.6,1.2,2.201
1695.3185985088348,0.49886369705200195,5248,33.31159973144531,9789.150539278067,157.5427191221327,16,1.6,1.6,1.6,1.6,1.6,1.6,1.6,1.6,1.6,1.2,1.2,1.6,1.6,1.6,1.6,1.6,1.6,1.6,1.6,1.2,2.201
1695.81911444664,0.49907875061035156,3968,33.44737243652344,9675.62491543438,118.63413209903071,16,1.6,1.6,1.6,1.6,1.6,1.6,1.6,1.6,1.6,1.2,1.2,1.6,1.6,1.6,1.6,1.6,1.6,1.6,1.6,1.2,2.201
1696.3196589946747,0.49902868270874023,5056,34.9554443359375,9872.405813974918,144.64127394318243,16,1.6,1.6,1.6,1.6,1.6,1.6,1.6,1.6,1.6,1.2,1.2,1.6,1.6,1.6,1.6,1.6,1.6,1.6,1.6,1.2,2.201
1696.8202290534973,0.4990706443786621,5312,33.65495300292969,9768.073549782028,157.83709457379385,16,1.6,1.6,1.6,1.6,1.6,1.6,1.6,1.6,1.6,1.2,1.2,1.6,1.6,1.6,1.6,1.6,1.6,1.6,1.6,1.2,2.201
1697.3207457065582,0.49901771545410156,4384,30.872222900390625,10011.334448541853,142.0046756641074,16,1.6,1.6,1.6,1.6,1.6,1.6,1.6,1.6,1.6,1.2,1.2,1.6,1.6,1.6,1.6,1.6,1.6,1.6,1.6,1.2,2.201
1697.8212931156158,0.4991312026977539,5088,31.657974243164062,8594.577312394027,160.71780085861485,16,1.6,1.6,1.6,1.6,1.6,1.6,1.6,1.6,1.6,1.2,1.2,1.6,1.6,1.6,1.6,1.6,1.6,1.6,1.6,1.2,2.201
1698.3218131065369,0.49900007247924805,3776,31.559112548828125,8479.634222794231,119.64848486020603,16,1.6,1.6,1.6,1.6,1.6,1.6,1.6,1.6,1.6,1.2,1.2,1.6,1.6,1.6,1.6,1.6,1.6,1.6,1.6,1.2,2.201
1698.8223586082458,0.4990384578704834,5280,32.767181396484375,9569.236802436797,161.13683798773417,16,1.6,1.6,1.6,1.6,1.6,1.6,1.6,1.6,1.6,1.2,1.2,1.6,1.6,1.6,1.6,1.6,1.6,1.6,1.6,1.2,2.201
1699.3229207992554,0.49907898902893066,5280,33.38812255859375,10174.836992006909,158.14006884436165,16,1.6,1.6,1.6,1.6,1.6,1.6,1.6,1.6,1.6,1.2,1.2,1.6,1.6,1.6,1.6,1.6,1.6,1.6,1.6,1.2,2.201
1699.8234655857086,0.4989297389984131,4384,32.607147216796875,9191.406029704101,134.44905102712193,16,1.6,1.6,1.6,1.6,1.6,1.6,1.6,1.6,1.6,1.2,1.2,1.6,1.6,1.6,1.6,1.6,1.6,1.6,1.6,1.2,2.201
1700.3239834308624,0.49904799461364746,3872,32.669464111328125,8203.740021847196,118.52046261932364,16,1.6,1.6,1.6,1.6,1.6,1.6,1.6,1.6,1.6,1.2,1.2,1.6,1.6,1.6,1.6,1.6,1.6,1.6,1.6,1.2,2.201
1700.8245377540588,0.4990870952606201,4640,32.09291076660156,9004.588681591176,144.5802169128502,16,1.6,1.6,1.6,1.6,1.6,1.6,1.6,1.6,1.6,1.2,1.2,1.6,1.6,1.6,1.6,1.6,1.6,1.6,1.6,1.2,2.201
1701.325083732605,0.49903416633605957,4672,31.8907470703125,9216.941297119636,146.5001741633461,16,1.6,1.6,1.6,1.6,1.6,1.6,1.6,1.6,1.6,1.2,1.2,1.6,1.6,1.6,1.6,1.6,1.6,1.6,1.6,1.2,2.201
1701.8256340026855,0.4991023540496826,4736,32.50541687011719,9303.49628755238,145.69879287885368,16,1.6,1.6,1.6,1.6,1.6,1.6,1.6,1.6,1.6,1.2,1.2,1.6,1.6,1.6,1.6,1.6,1.6,1.6,1.6,1.2,2.201
1702.3261587619781,0.4744899272918701,4512,33.16938781738281,9158.787552696356,136.02904053705305,16,1.7,1.7,1.7,1.7,1.7,1.7,1.7,1.7,1.7,1.2,1.2,1.7,1.7,1.7,1.7,1.7,1.7,1.7,1.7,1.2,2.201
1702.8263709545135,0.4990200996398926,5120,32.875823974609375,9875.542692390805,155.73754148198,16,1.7,1.7,1.7,1.7,1.7,1.7,1.7,1.7,1.7,1.2,1.2,1.7,1.7,1.7,1.7,1.7,1.7,1.7,1.7,1.2,2.201
1703.3268930912018,0.49904489517211914,4864,33.94636535644531,10017.910546466363,143.28485388426083,16,1.7,1.7,1.7,1.7,1.7,1.7,1.7,1.7,1.7,1.2,1.2,1.7,1.7,1.7,1.7,1.7,1.7,1.7,1.7,1.2,2.201
1703.8274102210999,0.49910831451416016,4800,35.550018310546875,9875.810895613298,135.02102750186066,16,1.7,1.7,1.7,1.7,1.7,1.7,1.7,1.7,1.7,1.2,1.2,1.7,1.7,1.7,1.7,1.7,1.7,1.7,1.7,1.2,2.201
1704.3279240131378,0.49912023544311523,4608,34.6214599609375,9267.45839582562,133.0966402109873,16,1.7,1.7,1.7,1.7,1.7,1.7,1.7,1.7,1.7,1.2,1.2,1.7,1.7,1.7,1.7,1.7,1.7,1.7,1.7,1.2,2.201
1704.8284740447998,0.49912452697753906,4928,34.907623291015625,9843.385556083787,141.1726017241726,16,1.7,1.7,1.7,1.7,1.7,1.7,1.7,1.7,1.7,1.2,1.2,1.7,1.7,1.7,1.7,1.7,1.7,1.7,1.7,1.2,2.201
1705.3290066719055,0.49901843070983887,5568,34.279693603515625,10626.805145952227,162.42852297340727,16,1.7,1.7,1.7,1.7,1.7,1.7,1.7,1.7,1.7,1.2,1.2,1.7,1.7,1.7,1.7,1.7,1.7,1.7,1.7,1.2,2.201
1705.829520702362,0.49901723861694336,4416,33.60588073730469,10249.814864290214,131.40557256986145,16,1.7,1.7,1.7,1.7,1.7,1.7,1.7,1.7,1.7,1.2,1.2,1.7,1.7,1.7,1.7,1.7,1.7,1.7,1.7,1.2,2.201
1706.3300354480743,0.4990499019622803,5664,34.35859680175781,10011.178686722213,164.84957266095992,16,1.7,1.7,1.7,1.7,1.7,1.7,1.7,1.7,1.7,1.2,1.2,1.7,1.7,1.7,1.7,1.7,1.7,1.7,1.7,1.2,2.201
1706.8303725719452,0.4990565776824951,5024,35.91169738769531,10083.556803095615,139.89870614473963,16,1.7,1.7,1.7,1.7,1.7,1.7,1.7,1.7,1.7,1.2,1.2,1.7,1.7,1.7,1.7,1.7,1.7,1.7,1.7,1.2,2.201
1707.330887556076,0.49891018867492676,4992,34.04046630859375,10054.626594718358,146.64898990351773,16,1.7,1.7,1.7,1.7,1.7,1.7,1.7,1.7,1.7,1.2,1.2,1.7,1.7,1.7,1.7,1.7,1.7,1.7,1.7,1.2,2.201
1707.831444978714,0.49909329414367676,3616,33.39219665527344,8734.69751667942,108.28877289296108,16,1.7,1.7,1.7,1.7,1.7,1.7,1.7,1.7,1.7,1.2,1.2,1.7,1.7,1.7,1.7,1.7,1.7,1.7,1.7,1.2,2.201
1708.3319430351257,0.4989769458770752,5184,34.08244323730469,9022.016739217288,152.10177169240882,16,1.7,1.7,1.7,1.7,1.7,1.7,1.7,1.7,1.7,1.2,1.2,1.7,1.7,1.7,1.7,1.7,1.7,1.7,1.7,1.2,2.201
1708.8324902057648,0.49910593032836914,5120,35.31770324707031,10069.731680728366,144.96978934848252,16,1.7,1.7,1.7,1.7,1.7,1.7,1.7,1.7,1.7,1.2,1.2,1.7,1.7,1.7,1.7,1.7,1.7,1.7,1.7,1.2,2.201
1709.3330054283142,0.4991335868835449,4544,32.709320068359375,10076.017975946903,138.92064984852854,16,1.7,1.7,1.7,1.7,1.7,1.7,1.7,1.7,1.7,1.2,1.2,1.7,1.7,1.7,1.7,1.7,1.7,1.7,1.7,1.2,2.201
1709.8335497379303,0.49912190437316895,4800,32.99034118652344,8862.04498296865,145.49713120156517,16,1.7,1.7,1.7,1.7,1.7,1.7,1.7,1.7,1.7,1.2,1.2,1.7,1.7,1.7,1.7,1.7,1.7,1.7,1.7,1.2,2.201
1710.3340663909912,0.49900221824645996,5408,33.46458435058594,9971.242684076606,161.60368057597913,16,1.7,1.7,1.7,1.7,1.7,1.7,1.7,1.7,1.7,1.2,1.2,1.7,1.7,1.7,1.7,1.7,1.7,1.7,1.7,1.2,2.201
1710.8346168994904,0.49904942512512207,4832,34.54804992675781,9976.932985859838,139.86317636578286,16,1.7,1.7,1.7,1.7,1.7,1.7,1.7,1.7,1.7,1.2,1.2,1.7,1.7,1.7,1.7,1.7,1.7,1.7,1.7,1.2,2.201
1711.335170507431,0.49908018112182617,4672,34.08589172363281,9449.872504467925,137.06550610089383,16,1.7,1.7,1.7,1.7,1.7,1.7,1.7,1.7,1.7,1.2,1.2,1.7,1.7,1.7,1.7,1.7,1.7,1.7,1.7,1.2,2.201
1711.8357157707214,0.499009370803833,4608,32.94316101074219,10337.899307737998,139.8772873828778,16,1.7,1.7,1.7,1.7,1.7,1.7,1.7,1.7,1.7,1.2,1.2,1.7,1.7,1.7,1.7,1.7,1.7,1.7,1.7,1.2,2.201
1712.336237192154,0.4760251045227051,5024,34.88853454589844,9327.61884941227,144.00146252605015,16,1.8,1.8,1.8,1.8,1.8,1.8,1.8,1.8,1.8,1.2,1.2,1.8,1.8,1.8,1.8,1.8,1.8,1.8,1.8,1.2,2.201
1712.8367590904236,0.49901890754699707,5792,34.45166015625,10854.256345018652,168.11961959833894,16,1.8,1.8,1.8,1.8,1.8,1.8,1.8,1.8,1.8,1.2,1.2,1.8,1.8,1.8,1.8,1.8,1.8,1.8,1.8,1.2,2.201
1713.3372731208801,0.49911999702453613,4992,36.561370849609375,10602.754611954762,136.5375499877717,16,1.8,1.8,1.8,1.8,1.8,1.8,1.8,1.8,1.8,1.2,1.2,1.8,1.8,1.8,1.8,1.8,1.8,1.8,1.8,1.2,2.201
1713.8377921581268,0.4991157054901123,5760,37.50469970703125,11155.982752619768,153.58075241221397,16,1.8,1.8,1.8,1.8,1.8,1.8,1.8,1.8,1.8,1.2,1.2,1.8,1.8,1.8,1.8,1.8,1.8,1.8,1.8,1.2,2.201
1714.33833527565,0.4990699291229248,4576,37.278717041015625,9775.574589908312,122.75100548565797,16,1.8,1.8,1.8,1.8,1.8,1.8,1.8,1.8,1.8,1.2,1.2,1.8,1.8,1.8,1.8,1.8,1.8,1.8,1.8,1.2,2.201
1714.8388557434082,0.49915361404418945,5152,37.57478332519531,9841.433013277543,137.11323244132691,16,1.8,1.8,1.8,1.8,1.8,1.8,1.8,1.8,1.8,1.2,1.2,1.8,1.8,1.8,1.8,1.8,1.8,1.8,1.8,1.2,2.201
1715.3394119739532,0.49913597106933594,4992,37.20188903808594,9654.200365800325,134.18673430506104,16,1.8,1.8,1.8,1.8,1.8,1.8,1.8,1.8,1.8,1.2,1.2,1.8,1.8,1.8,1.8,1.8,1.8,1.8,1.8,1.2,2.201
1715.8399682044983,0.49898338317871094,5248,36.01148986816406,10389.244927803458,145.73126574914335,16,1.8,1.8,1.8,1.8,1.8,1.8,1.8,1.8,1.8,1.2,1.2,1.8,1.8,1.8,1.8,1.8,1.8,1.8,1.8,1.2,2.201
1716.3405103683472,0.49901795387268066,4352,35.25172424316406,9661.966065956414,123.45495414579418,16,1.8,1.8,1.8,1.8,1.8,1.8,1.8,1.8,1.8,1.2,1.2,1.8,1.8,1.8,1.8,1.8,1.8,1.8,1.8,1.2,2.201
1716.8410322666168,0.49904537200927734,6496,36.46990966796875,11934.173523350195,178.11944310093503,16,1.8,1.8,1.8,1.8,1.8,1.8,1.8,1.8,1.8,1.2,1.2,1.8,1.8,1.8,1.8,1.8,1.8,1.8,1.8,1.2,2.201
1717.3415880203247,0.49910902976989746,4928,37.19709777832031,10140.319886754962,132.4834542030373,16,1.8,1.8,1.8,1.8,1.8,1.8,1.8,1.8,1.8,1.2,1.2,1.8,1.8,1.8,1.8,1.8,1.8,1.8,1.8,1.2,2.201
1717.8421308994293,0.49885106086730957,5376,36.45335388183594,10717.014825953538,147.47614217957502,16,1.8,1.8,1.8,1.8,1.8,1.8,1.8,1.8,1.8,1.2,1.2,1.8,1.8,1.8,1.8,1.8,1.8,1.8,1.8,1.2,2.201
1718.3426444530487,0.49890947341918945,5472,35.81901550292969,10907.28608498874,152.76801785778946,16,1.8,1.8,1.8,1.8,1.8,1.8,1.8,1.8,1.8,1.2,1.2,1.8,1.8,1.8,1.8,1.8,1.8,1.8,1.8,1.2,2.201
1718.843192100525,0.49907565116882324,5152,37.158538818359375,10541.02579409392,138.64915477931785,16,1.8,1.8,1.8,1.8,1.8,1.8,1.8,1.8,1.8,1.2,1.2,1.8,1.8,1.8,1.8,1.8,1.8,1.8,1.8,1.2,2.201
1719.3437349796295,0.49908900260925293,4928,37.673492431640625,9955.161712634836,130.80815400754162,16,1.8,1.8,1.8,1.8,1.8,1.8,1.8,1.8,1.8,1.2,1.2,1.8,1.8,1.8,1.8,1.8,1.8,1.8,1.8,1.2,2.201
1719.844289779663,0.4990053176879883,5056,34.672515869140625,9859.706092122224,145.82154981432893,16,1.8,1.8,1.8,1.8,1.8,1.8,1.8,1.8,1.8,1.2,1.2,1.8,1.8,1.8,1.8,1.8,1.8,1.8,1.8,1.2,2.201
1720.344830751419,0.49892473220825195,5152,36.52146911621094,10428.078618798654,141.0677096150319,16,1.8,1.8,1.8,1.8,1.8,1.8,1.8,1.8,1.8,1.2,1.2,1.8,1.8,1.8,1.8,1.8,1.8,1.8,1.8,1.2,2.201
1720.8453965187073,0.49907684326171875,4736,32.28199768066406,9274.007775965893,146.7071538400091,16,1.8,1.8,1.8,1.8,1.8,1.8,1.8,1.8,1.8,1.2,1.2,1.8,1.8,1.8,1.8,1.8,1.8,1.8,1.8,1.2,2.201
1721.3459131717682,0.4989042282104492,5376,34.66297912597656,10288.802031685986,155.09342057593676,16,1.8,1.8,1.8,1.8,1.8,1.8,1.8,1.8,1.8,1.2,1.2,1.8,1.8,1.8,1.8,1.8,1.8,1.8,1.8,1.2,2.201
1721.8464267253876,0.49906182289123535,5568,36.68414306640625,11010.264782199281,151.78220164283826,16,1.8,1.8,1.8,1.8,1.8,1.8,1.8,1.8,1.8,1.2,1.2,1.8,1.8,1.8,1.8,1.8,1.8,1.8,1.8,1.2,2.201
1722.3469252586365,0.4778296947479248,4896,39.22119140625,10479.334909286807,124.83047619047619,16,1.9,1.9,1.9,1.9,1.9,1.9,1.9,1.9,1.9,1.2,1.2,1.9,1.9,1.9,1.9,1.9,1.9,1.9,1.9,1.2,2.201
1722.8474447727203,0.4990658760070801,5568,37.08842468261719,10605.35872464258,150.12770285198016,16,1.9,1.9,1.9,1.9,1.9,1.9,1.9,1.9,1.9,1.2,1.2,1.9,1.9,1.9,1.9,1.9,1.9,1.9,1.9,1.2,2.201
1723.3479747772217,0.4991152286529541,5760,37.093353271484375,11280.78928085579,155.28388490096464,16,1.9,1.9,1.9,1.9,1.9,1.9,1.9,1.9,1.9,1.2,1.2,1.9,1.9,1.9,1.9,1.9,1.9,1.9,1.9,1.2,2.201
1723.8485352993011,0.49910545349121094,5312,37.62237548828125,10557.377568371898,141.19257306478696,16,1.9,1.9,1.9,1.9,1.9,1.9,1.9,1.9,1.9,1.2,1.2,1.9,1.9,1.9,1.9,1.9,1.9,1.9,1.9,1.2,2.201
1724.3490571975708,0.4989471435546875,5952,38.49046325683594,12556.878500303985,154.63570703953323,16,1.9,1.9,1.9,1.9,1.9,1.9,1.9,1.9,1.9,1.2,1.2,1.9,1.9,1.9,1.9,1.9,1.9,1.9,1.9,1.2,2.201
1724.8496224880219,0.4991798400878906,4704,35.92576599121094,10768.780642445556,130.93666537689998,16,1.9,1.9,1.9,1.9,1.9,1.9,1.9,1.9,1.9,1.2,1.2,1.9,1.9,1.9,1.9,1.9,1.9,1.9,1.9,1.2,2.201
1725.3501863479614,0.499025821685791,5376,36.012725830078125,9709.70121794543,149.28056335879802,16,1.9,1.9,1.9,1.9,1.9,1.9,1.9,1.9,1.9,1.2,1.2,1.9,1.9,1.9,1.9,1.9,1.9,1.9,1.9,1.2,2.201
1725.8507075309753,0.49901509284973145,5632,37.41532897949219,11695.512280180266,150.52653961928198,16,1.9,1.9,1.9,1.9,1.9,1.9,1.9,1.9,1.9,1.2,1.2,1.9,1.9,1.9,1.9,1.9,1.9,1.9,1.9,1.2,2.201
1726.3512206077576,0.4990885257720947,6336,37.765106201171875,12166.643642736239,167.773922473529,16,1.9,1.9,1.9,1.9,1.9,1.9,1.9,1.9,1.9,1.2,1.2,1.9,1.9,1.9,1.9,1.9,1.9,1.9,1.9,1.2,2.201
1726.85174036026,0.4990968704223633,5568,37.716644287109375,11235.035475601595,147.62713134325702,16,1.9,1.9,1.9,1.9,1.9,1.9,1.9,1.9,1.9,1.2,1.2,1.9,1.9,1.9,1.9,1.9,1.9,1.9,1.9,1.2,2.201
1727.3522551059723,0.49910879135131836,5248,37.01554870605469,10118.883024270972,141.77825760939152,16,1.9,1.9,1.9,1.9,1.9,1.9,1.9,1.9,1.9,1.2,1.2,1.9,1.9,1.9,1.9,1.9,1.9,1.9,1.9,1.2,2.201
1727.8527693748474,0.4991183280944824,5856,37.10118103027344,11543.273436838506,157.8386411802277,16,1.9,1.9,1.9,1.9,1.9,1.9,1.9,1.9,1.9,1.2,1.2,1.9,1.9,1.9,1.9,1.9,1.9,1.9,1.9,1.2,2.201
1728.3532848358154,0.49910497665405273,5600,37.15129089355469,10853.927201886983,150.7350044994408,16,1.9,1.9,1.9,1.9,1.9,1.9,1.9,1.9,1.9,1.2,1.2,1.9,1.9,1.9,1.9,1.9,1.9,1.9,1.9,1.2,2.201
1728.8538053035736,0.4991011619567871,5760,38.7659912109375,12193.175257112342,148.58384424270477,16,1.9,1.9,1.9,1.9,1.9,1.9,1.9,1.9,1.9,1.2,1.2,1.9,1.9,1.9,1.9,1.9,1.9,1.9,1.9,1.2,2.201
1729.3543527126312,0.49907517433166504,5408,37.760406494140625,10502.09343579763,143.21879720333976,16,1.9,1.9,1.9,1.9,1.9,1.9,1.9,1.9,1.9,1.2,1.2,1.9,1.9,1.9,1.9,1.9,1.9,1.9,1.9,1.2,2.201
1729.8548662662506,0.499114990234375,5376,35.98115539550781,10828.91853269963,149.41154448506634,16,1.9,1.9,1.9,1.9,1.9,1.9,1.9,1.9,1.9,1.2,1.2,1.9,1.9,1.9,1.9,1.9,1.9,1.9,1.9,1.2,2.201
1730.355381011963,0.49909377098083496,5568,37.82579040527344,11311.483824817658,147.20115403652593,16,1.9,1.9,1.9,1.9,1.9,1.9,1.9,1.9,1.9,1.2,1.2,1.9,1.9,1.9,1.9,1.9,1.9,1.9,1.9,1.2,2.201
1730.855937719345,0.4991014003753662,5504,38.53038024902344,10662.22374005946,142.84831772817762,16,1.9,1.9,1.9,1.9,1.9,1.9,1.9,1.9,1.9,1.2,1.2,1.9,1.9,1.9,1.9,1.9,1.9,1.9,1.9,1.2,2.201
1731.3564529418945,0.4989926815032959,4928,38.89801025390625,11410.003419857285,126.69028487145087,16,1.9,1.9,1.9,1.9,1.9,1.9,1.9,1.9,1.9,1.2,1.2,1.9,1.9,1.9,1.9,1.9,1.9,1.9,1.9,1.2,2.201
1731.856966495514,0.49910616874694824,6176,36.32977294921875,11083.848760662358,169.99830988849632,16,1.9,1.9,1.9,1.9,1.9,1.9,1.9,1.9,1.9,1.2,1.2,1.9,1.9,1.9,1.9,1.9,1.9,1.9,1.9,1.2,2.201
1732.3574905395508,0.47658514976501465,6432,42.000152587890625,12440.658842390578,153.14230076998476,16,2.0,2.0,2.0,2.0,2.0,2.0,2.0,2.0,2.0,1.2,1.2,2.0,2.0,2.0,2.0,2.0,2.0,2.0,2.0,1.2,2.201
1732.8580105304718,0.4989798069000244,5152,36.37901306152344,11609.382437661952,141.62011463277037,16,2.0,2.0,2.0,2.0,2.0,2.0,2.0,2.0,2.0,1.2,1.2,2.0,2.0,2.0,2.0,2.0,2.0,2.0,2.0,1.2,2.201
1733.3585262298584,0.49909162521362305,5376,36.629638671875,10117.576260008182,146.76639450794815,16,2.0,2.0,2.0,2.0,2.0,2.0,2.0,2.0,2.0,1.2,1.2,2.0,2.0,2.0,2.0,2.0,2.0,2.0,2.0,1.2,2.201
1733.8590428829193,0.4991271495819092,6144,38.838775634765625,11990.467115388446,158.19242238162477,16,2.0,2.0,2.0,2.0,2.0,2.0,2.0,2.0,2.0,1.2,1.2,2.0,2.0,2.0,2.0,2.0,2.0,2.0,2.0,1.2,2.201
1734.3595588207245,0.499114990234375,5952,39.72715759277344,13148.075381844199,149.82194449981736,16,2.0,2.0,2.0,2.0,2.0,2.0,2.0,2.0,2.0,1.2,1.2,2.0,2.0,2.0,2.0,2.0,2.0,2.0,2.0,1.2,2.201
1734.860078573227,0.49912190437316895,6144,37.87858581542969,11192.869071645788,162.20246526461574,16,2.0,2.0,2.0,2.0,2.0,2.0,2.0,2.0,2.0,1.2,1.2,2.0,2.0,2.0,2.0,2.0,2.0,2.0,2.0,1.2,2.201
1735.3605983257294,0.4991297721862793,6080,40.36177062988281,11788.81347807445,150.63759357223356,16,2.0,2.0,2.0,2.0,2.0,2.0,2.0,2.0,2.0,1.2,1.2,2.0,2.0,2.0,2.0,2.0,2.0,2.0,2.0,1.2,2.201
1735.861162662506,0.4991137981414795,5504,38.85638427734375,11493.484053013675,141.64982415024278,16,2.0,2.0,2.0,2.0,2.0,2.0,2.0,2.0,2.0,1.2,1.2,2.0,2.0,2.0,2.0,2.0,2.0,2.0,2.0,1.2,2.201
1736.3616788387299,0.4990251064300537,5952,37.460906982421875,11616.232101317313,158.88563517143115,16,2.0,2.0,2.0,2.0,2.0,2.0,2.0,2.0,2.0,1.2,1.2,2.0,2.0,2.0,2.0,2.0,2.0,2.0,2.0,1.2,2.201
1736.862231016159,0.4990503787994385,6080,38.67900085449219,12697.305308468807,157.19123725228977,16,2.0,2.0,2.0,2.0,2.0,2.0,2.0,2.0,2.0,1.2,1.2,2.0,2.0,2.0,2.0,2.0,2.0,2.0,2.0,1.2,2.201
1737.3627469539642,0.4990260601043701,6240,38.56986999511719,12352.479792861706,161.78431508298996,16,2.0,2.0,2.0,2.0,2.0,2.0,2.0,2.0,2.0,1.2,1.2,2.0,2.0,2.0,2.0,2.0,2.0,2.0,2.0,1.2,2.201
1737.8632597923279,0.4991037845611572,6144,37.867950439453125,11907.088544164702,162.24802052130102,16,2.0,2.0,2.0,2.0,2.0,2.0,2.0,2.0,2.0,1.2,1.2,2.0,2.0,2.0,2.0,2.0,2.0,2.0,2.0,1.2,2.201
1738.3637742996216,0.4991302490234375,6176,39.656341552734375,12028.063714478016,155.73801712866663,16,2.0,2.0,2.0,2.0,2.0,2.0,2.0,2.0,2.0,1.2,1.2,2.0,2.0,2.0,2.0,2.0,2.0,2.0,2.0,1.2,2.201
1738.8642938137054,0.49910616874694824,6048,39.106964111328125,12745.232298902423,154.6527616611404,16,2.0,2.0,2.0,2.0,2.0,2.0,2.0,2.0,2.0,1.2,1.2,2.0,2.0,2.0,2.0,2.0,2.0,2.0,2.0,1.2,2.201
1739.3648374080658,0.49911952018737793,5920,38.80476379394531,11711.585617001369,152.55858871955547,16,2.0,2.0,2.0,2.0,2.0,2.0,2.0,2.0,2.0,1.2,1.2,2.0,2.0,2.0,2.0,2.0,2.0,2.0,2.0,1.2,2.201
1739.8653519153595,0.49909162521362305,4896,37.14019775390625,10786.099347508734,131.82482313210244,16,2.0,2.0,2.0,2.0,2.0,2.0,2.0,2.0,2.0,1.2,1.2,2.0,2.0,2.0,2.0,2.0,2.0,2.0,2.0,1.2,2.201
1740.365895986557,0.4990086555480957,6144,36.59393310546875,11239.942264852187,167.89668337350201,16,2.0,2.0,2.0,2.0,2.0,2.0,2.0,2.0,2.0,1.2,1.2,2.0,2.0,2.0,2.0,2.0,2.0,2.0,2.0,1.2,2.201
1740.866442680359,0.49901890754699707,6560,38.256103515625,12602.21795615144,171.47590572889078,16,2.0,2.0,2.0,2.0,2.0,2.0,2.0,2.0,2.0,1.2,1.2,2.0,2.0,2.0,2.0,2.0,2.0,2.0,2.0,1.2,2.201
1741.3669576644897,0.49906444549560547,6176,38.04608154296875,12480.46316721813,162.32946336470698,16,2.0,2.0,2.0,2.0,2.0,2.0,2.0,2.0,2.0,1.2,1.2,2.0,2.0,2.0,2.0,2.0,2.0,2.0,2.0,1.2,2.201
1741.86749792099,0.4991021156311035,5888,38.57438659667969,11970.05915133652,152.64014594873203,16,2.0,2.0,2.0,2.0,2.0,2.0,2.0,2.0,2.0,1.2,1.2,2.0,2.0,2.0,2.0,2.0,2.0,2.0,2.0,1.2,2.201
1742.3679912090302,0.4772834777832031,4928,38.90667724609375,11574.066095091128,126.66206288522811,16,2.1,2.1,2.1,2.1,2.1,2.1,2.1,2.1,2.1,1.2,1.2,2.1,2.1,2.1,2.1,2.1,2.1,2.1,2.1,1.2,2.201
1742.868539094925,0.49904847145080566,6624,38.16795349121094,12429.735533533672,173.54873379641197,16,2.1,2.1,2.1,2.1,2.1,2.1,2.1,2.1,2.1,1.2,1.2,2.1,2.1,2.1,2.1,2.1,2.1,2.1,2.1,1.2,2.201
1743.3690547943115,0.4990866184234619,6752,40.00025939941406,12485.473470006114,168.7989053415715,16,2.1,2.1,2.1,2.1,2.1,2.1,2.1,2.1,2.1,1.2,1.2,2.1,2.1,2.1,2.1,2.1,2.1,2.1,2.1,1.2,2.201
1743.869570016861,0.49909114837646484,7040,39.94844055175781,13773.373572083927,176.22715437111663,16,2.1,2.1,2.1,2.1,2.1,2.1,2.1,2.1,2.1,1.2,1.2,2.1,2.1,2.1,2.1,2.1,2.1,2.1,2.1,1.2,2.201
1744.3700850009918,0.4990544319152832,5248,38.55131530761719,10583.595580195799,136.13024505452012,16,2.1,2.1,2.1,2.1,2.1,2.1,2.1,2.1,2.1,1.2,1.2,2.1,2.1,2.1,2.1,2.1,2.1,2.1,2.1,1.2,2.201
1744.8706052303314,0.49905943870544434,6624,40.69352722167969,13033.868736401819,162.77773032343654,16,2.1,2.1,2.1,2.1,2.1,2.1,2.1,2.1,2.1,1.2,1.2,2.1,2.1,2.1,2.1,2.1,2.1,2.1,2.1,1.2,2.201
1745.3711178302765,0.49909353256225586,6624,40.712158203125,13217.248426411887,162.70323884454626,16,2.1,2.1,2.1,2.1,2.1,2.1,2.1,2.1,2.1,1.2,1.2,2.1,2.1,2.1,2.1,2.1,2.1,2.1,2.1,1.2,2.201
1745.8716373443604,0.49909424781799316,6048,40.14027404785156,12261.096281944965,150.6716170594682,16,2.1,2.1,2.1,2.1,2.1,2.1,2.1,2.1,2.1,1.2,1.2,2.1,2.1,2.1,2.1,2.1,2.1,2.1,2.1,1.2,2.201
1746.3721804618835,0.49912118911743164,5760,41.84510803222656,12699.306262752827,137.6504989678602,16,2.1,2.1,2.1,2.1,2.1,2.1,2.1,2.1,2.1,1.2,1.2,2.1,2.1,2.1,2.1,2.1,2.1,2.1,2.1,1.2,2.201
1746.8727004528046,0.4990847110748291,7008,40.68309020996094,13153.478623772113,172.2583010246391,16,2.1,2.1,2.1,2.1,2.1,2.1,2.1,2.1,2.1,1.2,1.2,2.1,2.1,2.1,2.1,2.1,2.1,2.1,2.1,1.2,2.201
1747.3732151985168,0.49910426139831543,6400,39.490203857421875,12718.261471191137,162.06550928698664,16,2.1,2.1,2.1,2.1,2.1,2.1,2.1,2.1,2.1,1.2,1.2,2.1,2.1,2.1,2.1,2.1,2.1,2.1,2.1,1.2,2.201
1747.8737304210663,0.49911069869995117,6240,40.85679626464844,12669.350360697745,152.72856832877017,16,2.1,2.1,2.1,2.1,2.1,2.1,2.1,2.1,2.1,1.2,1.2,2.1,2.1,2.1,2.1,2.1,2.1,2.1,2.1,1.2,2.201
1748.37424325943,0.499056339263916,6944,41.73907470703125,13639.909729106135,166.36688879042717,16,2.1,2.1,2.1,2.1,2.1,2.1,2.1,2.1,2.1,1.2,1.2,2.1,2.1,2.1,2.1,2.1,2.1,2.1,2.1,1.2,2.201
1748.8747913837433,0.4990854263305664,6144,41.10075378417969,11924.51504747624,149.48630947894975,16,2.1,2.1,2.1,2.1,2.1,2.1,2.1,2.1,2.1,1.2,1.2,2.1,2.1,2.1,2.1,2.1,2.1,2.1,2.1,1.2,2.201
1749.375304698944,0.4990544319152832,5856,39.89727783203125,12604.191864719862,146.7769311142965,16,2.1,2.1,2.1,2.1,2.1,2.1,2.1,2.1,2.1,1.2,1.2,2.1,2.1,2.1,2.1,2.1,2.1,2.1,2.1,1.2,2.201
1749.8758218288422,0.49912023544311523,6336,38.366607666015625,12404.816347756003,165.14360756508327,16,2.1,2.1,2.1,2.1,2.1,2.1,2.1,2.1,2.1,1.2,1.2,2.1,2.1,2.1,2.1,2.1,2.1,2.1,2.1,1.2,2.201
1750.3763349056244,0.49910998344421387,6272,39.5938720703125,12399.24550403977,158.40835139493083,16,2.1,2.1,2.1,2.1,2.1,2.1,2.1,2.1,2.1,1.2,1.2,2.1,2.1,2.1,2.1,2.1,2.1,2.1,2.1,1.2,2.201
1750.8768818378448,0.4991178512573242,6240,40.037261962890625,12333.838348161416,155.85481359298933,16,2.1,2.1,2.1,2.1,2.1,2.1,2.1,2.1,2.1,1.2,1.2,2.1,2.1,2.1,2.1,2.1,2.1,2.1,2.1,1.2,2.201
1751.3773958683014,0.49907732009887695,6176,39.61161804199219,12251.001099352217,155.91385318955759,16,2.1,2.1,2.1,2.1,2.1,2.1,2.1,2.1,2.1,1.2,1.2,2.1,2.1,2.1,2.1,2.1,2.1,2.1,2.1,1.2,2.201
1751.8779430389404,0.4990983009338379,5600,39.321380615234375,12234.624615927427,142.41615915770717,16,2.1,2.1,2.1,2.1,2.1,2.1,2.1,2.1,2.1,1.2,1.2,2.1,2.1,2.1,2.1,2.1,2.1,2.1,2.1,1.2,2.201
1752.3784606456757,0.47620391845703125,7424,43.045440673828125,13567.153696827005,172.4689045758529,16,2.2,2.2,2.2,2.2,2.2,2.2,2.2,2.2,2.2,1.2,1.2,2.2,2.2,2.2,2.2,2.2,2.2,2.2,2.2,1.2,2.201
1752.8789837360382,0.49904704093933105,6208,39.178680419921875,12529.49826972327,158.4535245562612,16,2.2,2.2,2.2,2.2,2.2,2.2,2.2,2.2,2.2,1.2,1.2,2.2,2.2,2.2,2.2,2.2,2.2,2.2,2.2,1.2,2.201
1753.3794977664948,0.4991018772125244,6368,40.76441955566406,12564.051556772818,156.21466144769846,16,2.2,2.2,2.2,2.2,2.2,2.2,2.2,2.2,2.2,1.2,1.2,2.2,2.2,2.2,2.2,2.2,2.2,2.2,2.2,1.2,2.201
1753.8800575733185,0.49910926818847656,6944,45.05964660644531,13928.283353831579,154.10684554740234,16,2.2,2.2,2.2,2.2,2.2,2.2,2.2,2.2,2.2,1.2,1.2,2.2,2.2,2.2,2.2,2.2,2.2,2.2,2.2,1.2,2.201
1754.3805992603302,0.49914073944091797,6272,46.36897277832031,13691.71744149082,135.26286273334173,16,2.2,2.2,2.2,2.2,2.2,2.2,2.2,2.2,2.2,1.2,1.2,2.2,2.2,2.2,2.2,2.2,2.2,2.2,2.2,1.2,2.201
1754.8811564445496,0.4991030693054199,7232,45.78788757324219,12920.354554814894,157.94570099858203,16,2.2,2.2,2.2,2.2,2.2,2.2,2.2,2.2,2.2,1.2,1.2,2.2,2.2,2.2,2.2,2.2,2.2,2.2,2.2,1.2,2.201
1755.3816711902618,0.49906158447265625,6944,46.34480285644531,14224.641342247753,149.83341328496508,16,2.2,2.2,2.2,2.2,2.2,2.2,2.2,2.2,2.2,1.2,1.2,2.2,2.2,2.2,2.2,2.2,2.2,2.2,2.2,1.2,2.201
1755.8821861743927,0.49907422065734863,6272,44.44767761230469,12344.13830846988,141.1097347921658,16,2.2,2.2,2.2,2.2,2.2,2.2,2.2,2.2,2.2,1.2,1.2,2.2,2.2,2.2,2.2,2.2,2.2,2.2,2.2,1.2,2.201
1756.3827278614044,0.4990885257720947,6080,46.26814270019531,13679.198440641641,131.40791147370464,16,2.2,2.2,2.2,2.2,2.2,2.2,2.2,2.2,2.2,1.2,1.2,2.2,2.2,2.2,2.2,2.2,2.2,2.2,2.2,1.2,2.201
1756.8832449913025,0.4991145133972168,6208,44.33514404296875,11949.220937326849,140.02435616276173,16,2.2,2.2,2.2,2.2,2.2,2.2,2.2,2.2,2.2,1.2,1.2,2.2,2.2,2.2,2.2,2.2,2.2,2.2,2.2,1.2,2.201
1757.3837604522705,0.4991161823272705,7200,46.54039001464844,13846.252556910627,154.7043331122456,16,2.2,2.2,2.2,2.2,2.2,2.2,2.2,2.2,2.2,1.2,1.2,2.2,2.2,2.2,2.2,2.2,2.2,2.2,2.2,1.2,2.201
1757.88427400589,0.4991116523742676,7072,46.88847351074219,14036.033290862522,150.82598068328667,16,2.2,2.2,2.2,2.2,2.2,2.2,2.2,2.2,2.2,1.2,1.2,2.2,2.2,2.2,2.2,2.2,2.2,2.2,2.2,1.2,2.201
1758.3847949504852,0.49910688400268555,6272,45.37217712402344,12034.138941744333,138.23449518094938,16,2.2,2.2,2.2,2.2,2.2,2.2,2.2,2.2,2.2,1.2,1.2,2.2,2.2,2.2,2.2,2.2,2.2,2.2,2.2,1.2,2.201
1758.8853409290314,0.49910855293273926,6272,44.57160949707031,12594.142863481664,140.71737751386917,16,2.2,2.2,2.2,2.2,2.2,2.2,2.2,2.2,2.2,1.2,1.2,2.2,2.2,2.2,2.2,2.2,2.2,2.2,2.2,1.2,2.201
1759.385880947113,0.4991159439086914,7008,46.41914367675781,14101.717239949667,150.97219476517236,16,2.2,2.2,2.2,2.2,2.2,2.2,2.2,2.2,2.2,1.2,1.2,2.2,2.2,2.2,2.2,2.2,2.2,2.2,2.2,1.2,2.201
1759.8863847255707,0.4990658760070801,6304,44.965728759765625,12431.712037238456,140.1956595361729,16,2.2,2.2,2.2,2.2,2.2,2.2,2.2,2.2,2.2,1.2,1.2,2.2,2.2,2.2,2.2,2.2,2.2,2.2,2.2,1.2,2.201
1760.3868997097015,0.49912023544311523,6720,45.85243225097656,13474.96882373329,146.55711093399802,16,2.2,2.2,2.2,2.2,2.2,2.2,2.2,2.2,2.2,1.2,1.2,2.2,2.2,2.2,2.2,2.2,2.2,2.2,2.2,1.2,2.201
1760.887418270111,0.49910426139831543,6208,46.678436279296875,13915.15937020085,132.9950292862191,16,2.2,2.2,2.2,2.2,2.2,2.2,2.2,2.2,2.2,1.2,1.2,2.2,2.2,2.2,2.2,2.2,2.2,2.2,2.2,1.2,2.201
1761.387959241867,0.4991157054901123,6912,46.21849060058594,12953.588199472228,149.5505350819997,16,2.2,2.2,2.2,2.2,2.2,2.2,2.2,2.2,2.2,1.2,1.2,2.2,2.2,2.2,2.2,2.2,2.2,2.2,2.2,1.2,2.201
1761.888474225998,0.49912023544311523,7488,46.6837158203125,14472.48843393893,160.398543012763,16,2.2,2.2,2.2,2.2,2.2,2.2,2.2,2.2,2.2,1.2,1.2,2.2,2.2,2.2,2.2,2.2,2.2,2.2,2.2,1.2,2.201
1762.3889698982239,0.4775059223175049,6944,48.42808532714844,13325.076977367959,143.38786993313659,17,1.2,1.2,1.2,1.2,1.2,1.2,1.2,1.2,1.2,1.2,1.2,1.2,1.2,1.2,1.2,1.2,1.2,1.2,1.2,1.2,2.201
1762.8895153999329,0.4990823268890381,3296,30.693511962890625,8387.91527647133,107.38425775404791,17,1.2,1.2,1.2,1.2,1.2,1.2,1.2,1.2,1.2,1.2,1.2,1.2,1.2,1.2,1.2,1.2,1.2,1.2,1.2,1.2,2.201
1763.3900303840637,0.499021053314209,3648,30.036956787109375,6266.078047752257,121.45038613117995,17,1.2,1.2,1.2,1.2,1.2,1.2,1.2,1.2,1.2,1.2,1.2,1.2,1.2,1.2,1.2,1.2,1.2,1.2,1.2,1.2,2.201
1763.8905446529388,0.49907493591308594,3968,27.594650268554688,7961.817469534535,143.79598804054095,17,1.2,1.2,1.2,1.2,1.2,1.2,1.2,1.2,1.2,1.2,1.2,1.2,1.2,1.2,1.2,1.2,1.2,1.2,1.2,1.2,2.201
1764.391058921814,0.49916553497314453,2656,30.950607299804688,7120.543129447755,85.81414814489797,17,1.2,1.2,1.2,1.2,1.2,1.2,1.2,1.2,1.2,1.2,1.2,1.2,1.2,1.2,1.2,1.2,1.2,1.2,1.2,1.2,2.201
1764.891619682312,0.49910569190979004,3840,31.62713623046875,6839.356691302112,121.41472348358386,17,1.2,1.2,1.2,1.2,1.2,1.2,1.2,1.2,1.2,1.2,1.2,1.2,1.2,1.2,1.2,1.2,1.2,1.2,1.2,1.2,2.201
1765.3921353816986,0.4989042282104492,4384,27.69378662109375,7629.207211109501,158.30265683714063,17,1.2,1.2,1.2,1.2,1.2,1.2,1.2,1.2,1.2,1.2,1.2,1.2,1.2,1.2,1.2,1.2,1.2,1.2,1.2,1.2,2.201
1765.892651796341,0.499068021774292,3552,28.100265502929688,7603.861894023066,126.40449961690484,17,1.2,1.2,1.2,1.2,1.2,1.2,1.2,1.2,1.2,1.2,1.2,1.2,1.2,1.2,1.2,1.2,1.2,1.2,1.2,1.2,2.201
1766.3931665420532,0.49910759925842285,3616,28.56134033203125,7412.874889419275,126.60470264922031,17,1.2,1.2,1.2,1.2,1.2,1.2,1.2,1.2,1.2,1.2,1.2,1.2,1.2,1.2,1.2,1.2,1.2,1.2,1.2,1.2,2.201
1766.8936834335327,0.49919915199279785,3520,30.522979736328125,7277.034320927752,115.32294783823264,17,1.2,1.2,1.2,1.2,1.2,1.2,1.2,1.2,1.2,1.2,1.2,1.2,1.2,1.2,1.2,1.2,1.2,1.2,1.2,1.2,2.201
1767.3941972255707,0.49904847145080566,3392,28.508834838867188,6610.688811386793,118.9806605275764,17,1.2,1.2,1.2,1.2,1.2,1.2,1.2,1.2,1.2,1.2,1.2,1.2,1.2,1.2,1.2,1.2,1.2,1.2,1.2,1.2,2.201
1767.8947126865387,0.49910473823547363,2976,30.443832397460938,6799.004951074092,97.75379003361623,17,1.2,1.2,1.2,1.2,1.2,1.2,1.2,1.2,1.2,1.2,1.2,1.2,1.2,1.2,1.2,1.2,1.2,1.2,1.2,1.2,2.201
1768.3952295780182,0.49909424781799316,4288,28.284042358398438,7679.173536001253,151.6049207417042,17,1.2,1.2,1.2,1.2,1.2,1.2,1.2,1.2,1.2,1.2,1.2,1.2,1.2,1.2,1.2,1.2,1.2,1.2,1.2,1.2,2.201
1768.895749092102,0.49912214279174805,3776,29.074005126953125,6915.801108357301,129.87546722620098,17,1.2,1.2,1.2,1.2,1.2,1.2,1.2,1.2,1.2,1.2,1.2,1.2,1.2,1.2,1.2,1.2,1.2,1.2,1.2,1.2,2.201
1769.3962709903717,0.49910926818847656,3808,28.768875122070312,7695.497810397725,132.3652726720155,17,1.2,1.2,1.2,1.2,1.2,1.2,1.2,1.2,1.2,1.2,1.2,1.2,1.2,1.2,1.2,1.2,1.2,1.2,1.2,1.2,2.201
1769.8967924118042,0.49907922744750977,3744,31.197372436523438,7310.645793660967,120.01010686453897,17,1.2,1.2,1.2,1.2,1.2,1.2,1.2,1.2,1.2,1.2,1.2,1.2,1.2,1.2,1.2,1.2,1.2,1.2,1.2,1.2,2.201
1770.3973138332367,0.4991264343261719,3136,28.80267333984375,6946.141322801658,108.87878229212359,17,1.2,1.2,1.2,1.2,1.2,1.2,1.2,1.2,1.2,1.2,1.2,1.2,1.2,1.2,1.2,1.2,1.2,1.2,1.2,1.2,2.201
1770.897827386856,0.49912381172180176,3968,30.668319702148438,7099.215808196332,129.38433010146383,17,1.2,1.2,1.2,1.2,1.2,1.2,1.2,1.2,1.2,1.2,1.2,1.2,1.2,1.2,1.2,1.2,1.2,1.2,1.2,1.2,2.201
1771.398347377777,0.49907946586608887,3488,31.184951782226562,7516.64293905602,111.8488181209226,17,1.2,1.2,1.2,1.2,1.2,1.2,1.2,1.2,1.2,1.2,1.2,1.2,1.2,1.2,1.2,1.2,1.2,1.2,1.2,1.2,2.201
1771.8988552093506,0.4991312026977539,3840,31.017532348632812,7607.334850180884,123.80095092152807,17,1.2,1.2,1.2,1.2,1.2,1.2,1.2,1.2,1.2,1.2,1.2,1.2,1.2,1.2,1.2,1.2,1.2,1.2,1.2,1.2,2.201
1772.3993439674377,0.4759180545806885,3936,30.279129028320312,7409.377185435827,129.99052899832844,17,1.3,1.3,1.3,1.3,1.3,1.3,1.3,1.3,1.3,1.3,1.2,1.3,1.3,1.3,1.3,1.3,1.3,1.3,1.3,1.2,2.201
1772.8998627662659,0.4990229606628418,3424,30.7425537109375,7602.6676121443115,111.37656397041013,17,1.3,1.3,1.3,1.3,1.3,1.3,1.3,1.3,1.3,1.3,1.2,1.3,1.3,1.3,1.3,1.3,1.3,1.3,1.3,1.2,2.201
1773.4003767967224,0.499100923538208,4000,29.784881591796875,7787.99756680432,134.29632035541312,17,1.3,1.3,1.3,1.3,1.3,1.3,1.3,1.3,1.3,1.3,1.2,1.3,1.3,1.3,1.3,1.3,1.3,1.3,1.3,1.2,2.201
1773.9008922576904,0.4990861415863037,4288,31.1531982421875,8776.393860741236,137.64236874380404,17,1.3,1.3,1.3,1.3,1.3,1.3,1.3,1.3,1.3,1.3,1.2,1.3,1.3,1.3,1.3,1.3,1.3,1.3,1.3,1.2,2.201
1774.4014072418213,0.49910998344421387,3872,29.753509521484375,8613.19852087933,130.1359087473063,17,1.3,1.3,1.3,1.3,1.3,1.3,1.3,1.3,1.3,1.3,1.2,1.3,1.3,1.3,1.3,1.3,1.3,1.3,1.3,1.2,2.201
1774.9019238948822,0.49912214279174805,4960,29.837738037109375,8303.338023179838,166.23244006738105,17,1.3,1.3,1.3,1.3,1.3,1.3,1.3,1.3,1.3,1.3,1.2,1.3,1.3,1.3,1.3,1.3,1.3,1.3,1.3,1.2,2.201
1775.4024403095245,0.499065637588501,3552,28.920669555664062,7521.5789829915775,122.81873326492011,17,1.3,1.3,1.3,1.3,1.3,1.3,1.3,1.3,1.3,1.3,1.2,1.3,1.3,1.3,1.3,1.3,1.3,1.3,1.3,1.2,2.201
1775.9029488563538,0.499096155166626,4032,29.30999755859375,7702.848102993743,137.5639827993711,17,1.3,1.3,1.3,1.3,1.3,1.3,1.3,1.3,1.3,1.3,1.2,1.3,1.3,1.3,1.3,1.3,1.3,1.3,1.3,1.2,2.201
1776.4034955501556,0.4990959167480469,3488,28.335540771484375,7553.202997107085,123.0962919723123,17,1.3,1.3,1.3,1.3,1.3,1.3,1.3,1.3,1.3,1.3,1.2,1.3,1.3,1.3,1.3,1.3,1.3,1.3,1.3,1.2,2.201
1776.9040126800537,0.498995304107666,4160,28.605819702148438,7895.4199716741605,145.4249534994994,17,1.3,1.3,1.3,1.3,1.3,1.3,1.3,1.3,1.3,1.3,1.2,1.3,1.3,1.3,1.3,1.3,1.3,1.3,1.3,1.2,2.201
1777.4045276641846,0.4990997314453125,4096,28.829910278320312,8370.5127819043,142.07467038425486,17,1.3,1.3,1.3,1.3,1.3,1.3,1.3,1.3,1.3,1.3,1.2,1.3,1.3,1.3,1.3,1.3,1.3,1.3,1.3,1.2,2.201
1777.9050426483154,0.4991145133972168,4096,29.939788818359375,8401.0983620891,136.80791220171508,17,1.3,1.3,1.3,1.3,1.3,1.3,1.3,1.3,1.3,1.3,1.2,1.3,1.3,1.3,1.3,1.3,1.3,1.3,1.3,1.2,2.201
1778.4055516719818,0.4991109371185303,4096,30.08917236328125,8401.325828098401,136.12870272890842,17,1.3,1.3,1.3,1.3,1.3,1.3,1.3,1.3,1.3,1.3,1.2,1.3,1.3,1.3,1.3,1.3,1.3,1.3,1.3,1.2,2.201
1778.9061138629913,0.49904489517211914,4064,29.516433715820312,8016.503227574091,137.68601041465806,17,1.3,1.3,1.3,1.3,1.3,1.3,1.3,1.3,1.3,1.3,1.2,1.3,1.3,1.3,1.3,1.3,1.3,1.3,1.3,1.2,2.201
1779.406632900238,0.4988977909088135,4192,27.216690063476562,7692.588505514917,154.02313764910946,17,1.3,1.3,1.3,1.3,1.3,1.3,1.3,1.3,1.3,1.3,1.2,1.3,1.3,1.3,1.3,1.3,1.3,1.3,1.3,1.2,2.201
1779.9071509838104,0.49904775619506836,3232,27.901199340820312,7961.401438128154,115.8373143935603,17,1.3,1.3,1.3,1.3,1.3,1.3,1.3,1.3,1.3,1.3,1.2,1.3,1.3,1.3,1.3,1.3,1.3,1.3,1.3,1.2,2.201
1780.4076700210571,0.49910473823547363,3840,29.332748413085938,7414.701700144954,130.91170134902524,17,1.3,1.3,1.3,1.3,1.3,1.3,1.3,1.3,1.3,1.3,1.2,1.3,1.3,1.3,1.3,1.3,1.3,1.3,1.3,1.2,2.201
1780.9081914424896,0.49910831451416016,4736,29.611282348632812,8514.373325684814,159.93903756818105,17,1.3,1.3,1.3,1.3,1.3,1.3,1.3,1.3,1.3,1.3,1.2,1.3,1.3,1.3,1.3,1.3,1.3,1.3,1.3,1.2,2.201
1781.4087080955505,0.4991121292114258,4032,29.000274658203125,8223.211157729045,139.03316597932613,17,1.3,1.3,1.3,1.3,1.3,1.3,1.3,1.3,1.3,1.3,1.2,1.3,1.3,1.3,1.3,1.3,1.3,1.3,1.3,1.2,2.201
1781.9092214107513,0.49909448623657227,4064,29.274398803710938,7672.930386674839,138.82437098878464,17,1.3,1.3,1.3,1.3,1.3,1.3,1.3,1.3,1.3,1.3,1.2,1.3,1.3,1.3,1.3,1.3,1.3,1.3,1.3,1.2,2.201
1782.4097170829773,0.4754023551940918,3456,30.7274169921875,7493.652003712468,112.4728447197073,17,1.4,1.4,1.4,1.4,1.4,1.4,1.4,1.4,1.4,1.4,1.2,1.4,1.4,1.4,1.4,1.4,1.4,1.4,1.4,1.2,2.201
1782.9102764129639,0.49901652336120605,4768,28.82568359375,8807.507438355395,165.40804607436266,17,1.4,1.4,1.4,1.4,1.4,1.4,1.4,1.4,1.4,1.4,1.2,1.4,1.4,1.4,1.4,1.4,1.4,1.4,1.4,1.2,2.201
1783.410790681839,0.4989008903503418,3264,28.8114013671875,7550.321774585929,113.28848459684014,17,1.4,1.4,1.4,1.4,1.4,1.4,1.4,1.4,1.4,1.4,1.2,1.4,1.4,1.4,1.4,1.4,1.4,1.4,1.4,1.2,2.201
1783.911304473877,0.49907636642456055,4608,29.070648193359375,9461.24456961713,158.51039747550618,17,1.4,1.4,1.4,1.4,1.4,1.4,1.4,1.4,1.4,1.4,1.2,1.4,1.4,1.4,1.4,1.4,1.4,1.4,1.4,1.2,2.201
1784.4118204116821,0.4990513324737549,5088,31.543914794921875,9185.392986923163,161.29893937004599,17,1.4,1.4,1.4,1.4,1.4,1.4,1.4,1.4,1.4,1.4,1.2,1.4,1.4,1.4,1.4,1.4,1.4,1.4,1.4,1.2,2.201
1784.9123361110687,0.49910736083984375,3744,29.752517700195312,7608.22685670063,125.83808999718441,17,1.4,1.4,1.4,1.4,1.4,1.4,1.4,1.4,1.4,1.4,1.2,1.4,1.4,1.4,1.4,1.4,1.4,1.4,1.4,1.2,2.201
1785.4128472805023,0.4991154670715332,4480,29.756027221679688,8582.496556033826,150.55773294682146,17,1.4,1.4,1.4,1.4,1.4,1.4,1.4,1.4,1.4,1.4,1.2,1.4,1.4,1.4,1.4,1.4,1.4,1.4,1.4,1.2,2.201
1785.9133954048157,0.4990987777709961,4096,30.192428588867188,8462.793597512158,135.66315104278536,17,1.4,1.4,1.4,1.4,1.4,1.4,1.4,1.4,1.4,1.4,1.2,1.4,1.4,1.4,1.4,1.4,1.4,1.4,1.4,1.2,2.201
1786.4139602184296,0.49893879890441895,3680,29.610702514648438,8034.1528397407665,124.2793884467787,17,1.4,1.4,1.4,1.4,1.4,1.4,1.4,1.4,1.4,1.4,1.2,1.4,1.4,1.4,1.4,1.4,1.4,1.4,1.4,1.2,2.201
1786.9144740104675,0.49887585639953613,5312,31.149444580078125,9134.517450187153,170.53273570718278,17,1.4,1.4,1.4,1.4,1.4,1.4,1.4,1.4,1.4,1.4,1.2,1.4,1.4,1.4,1.4,1.4,1.4,1.4,1.4,1.2,2.201
1787.415019750595,0.49910902976989746,4096,30.964614868164062,8156.102318152474,132.28002406744798,17,1.4,1.4,1.4,1.4,1.4,1.4,1.4,1.4,1.4,1.4,1.2,1.4,1.4,1.4,1.4,1.4,1.4,1.4,1.4,1.2,2.201
1787.9155373573303,0.49899888038635254,4096,30.138870239257812,8874.861804908292,135.90423156156322,17,1.4,1.4,1.4,1.4,1.4,1.4,1.4,1.4,1.4,1.4,1.2,1.4,1.4,1.4,1.4,1.4,1.4,1.4,1.4,1.2,2.201
1788.4160516262054,0.4990837574005127,4448,30.515121459960938,8327.749043320042,145.76379798573785,17,1.4,1.4,1.4,1.4,1.4,1.4,1.4,1.4,1.4,1.4,1.2,1.4,1.4,1.4,1.4,1.4,1.4,1.4,1.4,1.2,2.201
1788.9166038036346,0.4991123676300049,4000,31.58978271484375,8466.650408471385,126.62321979569795,17,1.4,1.4,1.4,1.4,1.4,1.4,1.4,1.4,1.4,1.4,1.2,1.4,1.4,1.4,1.4,1.4,1.4,1.4,1.4,1.2,2.201
1789.4171199798584,0.4990057945251465,4992,28.8363037109375,9544.7273847646,173.1151138523539,17,1.4,1.4,1.4,1.4,1.4,1.4,1.4,1.4,1.4,1.4,1.2,1.4,1.4,1.4,1.4,1.4,1.4,1.4,1.4,1.2,2.201
1789.9176366329193,0.4990959167480469,4096,29.176712036132812,8115.181062008528,140.38593501993856,17,1.4,1.4,1.4,1.4,1.4,1.4,1.4,1.4,1.4,1.4,1.2,1.4,1.4,1.4,1.4,1.4,1.4,1.4,1.4,1.2,2.201
1790.41814827919,0.49904632568359375,3712,30.3785400390625,7882.00201505797,122.19152056770648,17,1.4,1.4,1.4,1.4,1.4,1.4,1.4,1.4,1.4,1.4,1.2,1.4,1.4,1.4,1.4,1.4,1.4,1.4,1.4,1.2,2.201
1790.9186968803406,0.4990370273590088,4704,32.74226379394531,9148.089032935055,143.66752493362605,17,1.4,1.4,1.4,1.4,1.4,1.4,1.4,1.4,1.4,1.4,1.2,1.4,1.4,1.4,1.4,1.4,1.4,1.4,1.4,1.2,2.201
1791.4192173480988,0.49893951416015625,4352,28.835906982421875,8993.629801259469,150.92294487747316,17,1.4,1.4,1.4,1.4,1.4,1.4,1.4,1.4,1.4,1.4,1.2,1.4,1.4,1.4,1.4,1.4,1.4,1.4,1.4,1.2,2.201
1791.919737815857,0.49910426139831543,4512,32.07575988769531,8805.805350370685,140.66697143879242,17,1.4,1.4,1.4,1.4,1.4,1.4,1.4,1.4,1.4,1.4,1.2,1.4,1.4,1.4,1.4,1.4,1.4,1.4,1.4,1.2,2.201
1792.4202287197113,0.47597622871398926,4576,31.874420166015625,8381.111835175312,143.56339585681036,17,1.5,1.5,1.5,1.5,1.5,1.5,1.5,1.5,1.5,1.5,1.2,1.5,1.5,1.5,1.5,1.5,1.5,1.5,1.5,1.2,2.201
1792.9207501411438,0.49906444549560547,4640,30.936431884765625,9601.350190679657,149.9849762016326,17,1.5,1.5,1.5,1.5,1.5,1.5,1.5,1.5,1.5,1.5,1.2,1.5,1.5,1.5,1.5,1.5,1.5,1.5,1.5,1.2,2.201
1793.4212691783905,0.4991421699523926,3680,32.907501220703125,8114.532731792312,111.82860635084619,17,1.5,1.5,1.5,1.5,1.5,1.5,1.5,1.5,1.5,1.5,1.2,1.5,1.5,1.5,1.5,1.5,1.5,1.5,1.5,1.2,2.201
1793.9217851161957,0.4991636276245117,4736,31.13739013671875,9734.44674410151,152.10009506914565,17,1.5,1.5,1.5,1.5,1.5,1.5,1.5,1.5,1.5,1.5,1.2,1.5,1.5,1.5,1.5,1.5,1.5,1.5,1.5,1.2,2.201
1794.4223341941833,0.49906301498413086,4512,29.61236572265625,8031.127142137163,152.36877871422124,17,1.5,1.5,1.5,1.5,1.5,1.5,1.5,1.5,1.5,1.5,1.2,1.5,1.5,1.5,1.5,1.5,1.5,1.5,1.5,1.2,2.201
1794.922848701477,0.49912261962890625,4512,31.708999633789062,9229.765501954193,142.29398757796255,17,1.5,1.5,1.5,1.5,1.5,1.5,1.5,1.5,1.5,1.5,1.2,1.5,1.5,1.5,1.5,1.5,1.5,1.5,1.5,1.2,2.201
1795.4233644008636,0.49910664558410645,4288,35.00605773925781,8677.459806527833,122.49308482375008,17,1.5,1.5,1.5,1.5,1.5,1.5,1.5,1.5,1.5,1.5,1.2,1.5,1.5,1.5,1.5,1.5,1.5,1.5,1.5,1.2,2.201
1795.9238789081573,0.4991002082824707,4672,32.551971435546875,9310.99443909515,143.52433336489594,17,1.5,1.5,1.5,1.5,1.5,1.5,1.5,1.5,1.5,1.5,1.2,1.5,1.5,1.5,1.5,1.5,1.5,1.5,1.5,1.2,2.201
1796.4244258403778,0.4990708827972412,4704,31.960708618164062,9427.725014268472,147.18071667931042,17,1.5,1.5,1.5,1.5,1.5,1.5,1.5,1.5,1.5,1.5,1.2,1.5,1.5,1.5,1.5,1.5,1.5,1.5,1.5,1.2,2.201
1796.924971818924,0.4990856647491455,4768,31.565719604492188,9325.607210340351,151.04993834265244,17,1.5,1.5,1.5,1.5,1.5,1.5,1.5,1.5,1.5,1.5,1.2,1.5,1.5,1.5,1.5,1.5,1.5,1.5,1.5,1.2,2.201
1797.4255394935608,0.4990122318267822,3968,29.794998168945312,8232.892772257397,133.1767156856469,17,1.5,1.5,1.5,1.5,1.5,1.5,1.5,1.5,1.5,1.5,1.2,1.5,1.5,1.5,1.5,1.5,1.5,1.5,1.5,1.2,2.201
1797.9260556697845,0.4988434314727783,4448,30.374710083007812,8858.36262404288,146.4376116790756,17,1.5,1.5,1.5,1.5,1.5,1.5,1.5,1.5,1.5,1.5,1.2,1.5,1.5,1.5,1.5,1.5,1.5,1.5,1.5,1.2,2.201
1798.4265775680542,0.4990499019622803,4512,30.62451171875,8972.627063416574,147.3329613035922,17,1.5,1.5,1.5,1.5,1.5,1.5,1.5,1.5,1.5,1.5,1.2,1.5,1.5,1.5,1.5,1.5,1.5,1.5,1.5,1.2,2.201
1798.9271256923676,0.4990882873535156,4544,32.40501403808594,9246.806339239725,140.22521313088743,17,1.5,1.5,1.5,1.5,1.5,1.5,1.5,1.5,1.5,1.5,1.2,1.5,1.5,1.5,1.5,1.5,1.5,1.5,1.5,1.2,2.201
1799.4276745319366,0.4990091323852539,4736,31.587387084960938,9349.661213521458,149.93326251587476,17,1.5,1.5,1.5,1.5,1.5,1.5,1.5,1.5,1.5,1.5,1.2,1.5,1.5,1.5,1.5,1.5,1.5,1.5,1.5,1.2,2.201
1799.9281895160675,0.49910473823547363,4416,33.396484375,9559.866083483943,132.22948710450905,17,1.5,1.5,1.5,1.5,1.5,1.5,1.5,1.5,1.5,1.5,1.2,1.5,1.5,1.5,1.5,1.5,1.5,1.5,1.5,1.2,2.201
1800.4287114143372,0.49909472465515137,5056,30.9326171875,9232.159388273802,163.45205998421469,17,1.5,1.5,1.5,1.5,1.5,1.5,1.5,1.5,1.5,1.5,1.2,1.5,1.5,1.5,1.5,1.5,1.5,1.5,1.5,1.2,2.201
1800.9292285442352,0.4990882873535156,4320,33.69081115722656,8811.156945799523,128.22487353716846,17,1.5,1.5,1.5,1.5,1.5,1.5,1.5,1.5,1.5,1.5,1.2,1.5,1.5,1.5,1.5,1.5,1.5,1.5,1.5,1.2,2.201
1801.4297881126404,0.4990825653076172,4672,31.392181396484375,9795.530838261997,148.8268668236996,17,1.5,1.5,1.5,1.5,1.5,1.5,1.5,1.5,1.5,1.5,1.2,1.5,1.5,1.5,1.5,1.5,1.5,1.5,1.5,1.2,2.201
1801.9303436279297,0.4989783763885498,4384,34.56257629394531,8692.732129652139,126.84239631661923,17,1.5,1.5,1.5,1.5,1.5,1.5,1.5,1.5,1.5,1.5,1.2,1.5,1.5,1.5,1.5,1.5,1.5,1.5,1.5,1.2,2.201
1802.4308724403381,0.47633790969848633,4992,32.14093017578125,9472.542671995221,155.31597787302243,17,1.6,1.6,1.6,1.6,1.6,1.6,1.6,1.6,1.6,1.6,1.2,1.6,1.6,1.6,1.6,1.6,1.6,1.6,1.6,1.2,2.201
1802.9313876628876,0.49898862838745117,4448,31.272201538085938,9391.218228082731,142.234949291397,17,1.6,1.6,1.6,1.6,1.6,1.6,1.6,1.6,1.6,1.6,1.2,1.6,1.6,1.6,1.6,1.6,1.6,1.6,1.6,1.2,2.201
1803.4319088459015,0.49909067153930664,5120,32.4521484375,10188.519379898074,157.77075622160032,17,1.6,1.6,1.6,1.6,1.6,1.6,1.6,1.6,1.6,1.6,1.2,1.6,1.6,1.6,1.6,1.6,1.6,1.6,1.6,1.2,2.201
1803.932430267334,0.49910736083984375,4928,34.66436767578125,9172.585565857413,142.16327400205304,17,1.6,1.6,1.6,1.6,1.6,1.6,1.6,1.6,1.6,1.6,1.2,1.6,1.6,1.6,1.6,1.6,1.6,1.6,1.6,1.2,2.201
1804.432951450348,0.49910664558410645,5312,33.513702392578125,10655.36664133195,158.50233250195552,17,1.6,1.6,1.6,1.6,1.6,1.6,1.6,1.6,1.6,1.6,1.2,1.6,1.6,1.6,1.6,1.6,1.6,1.6,1.6,1.2,2.201
1804.9334688186646,0.499126672744751,4928,35.743408203125,9675.761294600037,137.8715754243366,17,1.6,1.6,1.6,1.6,1.6,1.6,1.6,1.6,1.6,1.6,1.2,1.6,1.6,1.6,1.6,1.6,1.6,1.6,1.6,1.2,2.201
1805.4339871406555,0.49904417991638184,4800,33.14653015136719,10246.174293515138,144.8115376807251,17,1.6,1.6,1.6,1.6,1.6,1.6,1.6,1.6,1.6,1.6,1.2,1.6,1.6,1.6,1.6,1.6,1.6,1.6,1.6,1.2,2.201
1805.9345035552979,0.49902915954589844,5088,32.867767333984375,9758.823361417437,154.8021180842164,17,1.6,1.6,1.6,1.6,1.6,1.6,1.6,1.6,1.6,1.6,1.2,1.6,1.6,1.6,1.6,1.6,1.6,1.6,1.6,1.2,2.201
1806.4350187778473,0.49902892112731934,5120,33.6485595703125,10217.596197478942,152.16104538743113,17,1.6,1.6,1.6,1.6,1.6,1.6,1.6,1.6,1.6,1.6,1.2,1.6,1.6,1.6,1.6,1.6,1.6,1.6,1.6,1.2,2.201
1806.9355340003967,0.4991300106048584,4416,34.57118225097656,9127.801999124906,127.73644730866147,17,1.6,1.6,1.6,1.6,1.6,1.6,1.6,1.6,1.6,1.6,1.2,1.6,1.6,1.6,1.6,1.6,1.6,1.6,1.6,1.2,2.201
1807.4360539913177,0.4990999698638916,5248,33.42626953125,9916.38753300487,157.00226419504213,17,1.6,1.6,1.6,1.6,1.6,1.6,1.6,1.6,1.6,1.6,1.2,1.6,1.6,1.6,1.6,1.6,1.6,1.6,1.6,1.2,2.201
1807.9365706443787,0.4991030693054199,4928,33.402008056640625,9889.491086809247,147.53604009805238,17,1.6,1.6,1.6,1.6,1.6,1.6,1.6,1.6,1.6,1.6,1.2,1.6,1.6,1.6,1.6,1.6,1.6,1.6,1.6,1.2,2.201
1808.4371190071106,0.4991135597229004,4864,32.93975830078125,9956.392680248655,147.66350000463234,17,1.6,1.6,1.6,1.6,1.6,1.6,1.6,1.6,1.6,1.6,1.2,1.6,1.6,1.6,1.6,1.6,1.6,1.6,1.6,1.2,2.201
1808.9376409053802,0.49907970428466797,5120,32.87382507324219,10280.617206310988,155.74701114314345,17,1.6,1.6,1.6,1.6,1.6,1.6,1.6,1.6,1.6,1.6,1.2,1.6,1.6,1.6,1.6,1.6,1.6,1.6,1.6,1.2,2.201
1809.4381606578827,0.4990406036376953,4928,32.78382873535156,9657.418348159586,150.3180131820913,17,1.6,1.6,1.6,1.6,1.6,1.6,1.6,1.6,1.6,1.6,1.2,1.6,1.6,1.6,1.6,1.6,1.6,1.6,1.6,1.2,2.201
1809.9386744499207,0.4990968704223633,4736,36.209930419921875,10014.382035029781,130.79285005735227,17,1.6,1.6,1.6,1.6,1.6,1.6,1.6,1.6,1.6,1.6,1.2,1.6,1.6,1.6,1.6,1.6,1.6,1.6,1.6,1.2,2.201
1810.4392211437225,0.4991157054901123,5120,34.972869873046875,10274.53097361179,146.3991951071169,17,1.6,1.6,1.6,1.6,1.6,1.6,1.6,1.6,1.6,1.6,1.2,1.6,1.6,1.6,1.6,1.6,1.6,1.6,1.6,1.2,2.201
1810.939781665802,0.4991123676300049,4928,35.92134094238281,9905.370587944466,137.18864248148262,17,1.6,1.6,1.6,1.6,1.6,1.6,1.6,1.6,1.6,1.6,1.2,1.6,1.6,1.6,1.6,1.6,1.6,1.6,1.6,1.2,2.201
1811.440302848816,0.49892592430114746,5088,32.518768310546875,10212.984687906412,156.4634906036647,17,1.6,1.6,1.6,1.6,1.6,1.6,1.6,1.6,1.6,1.6,1.2,1.6,1.6,1.6,1.6,1.6,1.6,1.6,1.6,1.2,2.201
1811.9408283233643,0.4990875720977783,5312,33.60150146484375,9933.89565939832,158.08817369538642,17,1.6,1.6,1.6,1.6,1.6,1.6,1.6,1.6,1.6,1.6,1.2,1.6,1.6,1.6,1.6,1.6,1.6,1.6,1.6,1.2,2.201
1812.4413559436798,0.4752686023712158,5120,35.295257568359375,10280.735422793648,145.06198148812638,17,1.7,1.7,1.7,1.7,1.7,1.7,1.7,1.7,1.7,1.7,1.2,1.7,1.7,1.7,1.7,1.7,1.7,1.7,1.7,1.2,2.201
1812.9418749809265,0.4989359378814697,5024,33.02919006347656,10664.02955181869,152.1078776180922,17,1.7,1.7,1.7,1.7,1.7,1.7,1.7,1.7,1.7,1.7,1.2,1.7,1.7,1.7,1.7,1.7,1.7,1.7,1.7,1.2,2.201
1813.4424214363098,0.4989805221557617,5216,33.65179443359375,10434.048461030872,154.9991638720162,17,1.7,1.7,1.7,1.7,1.7,1.7,1.7,1.7,1.7,1.7,1.2,1.7,1.7,1.7,1.7,1.7,1.7,1.7,1.7,1.2,2.201
1813.9429414272308,0.4991133213043213,4992,36.23756408691406,9361.205187515267,137.75760390590622,17,1.7,1.7,1.7,1.7,1.7,1.7,1.7,1.7,1.7,1.7,1.2,1.7,1.7,1.7,1.7,1.7,1.7,1.7,1.7,1.2,2.201
1814.4434628486633,0.4990994930267334,4640,34.95390319824219,9829.939010842889,132.74626223240622,17,1.7,1.7,1.7,1.7,1.7,1.7,1.7,1.7,1.7,1.7,1.2,1.7,1.7,1.7,1.7,1.7,1.7,1.7,1.7,1.2,2.201
1814.94398021698,0.499100923538208,5664,37.26515197753906,10893.778270505974,151.9918663799863,17,1.7,1.7,1.7,1.7,1.7,1.7,1.7,1.7,1.7,1.7,1.2,1.7,1.7,1.7,1.7,1.7,1.7,1.7,1.7,1.2,2.201
1815.4445023536682,0.49906325340270996,5632,35.2232666015625,10905.79576806146,159.89431257775976,17,1.7,1.7,1.7,1.7,1.7,1.7,1.7,1.7,1.7,1.7,1.2,1.7,1.7,1.7,1.7,1.7,1.7,1.7,1.7,1.2,2.201
1815.9450225830078,0.49907732009887695,5088,35.016387939453125,10747.680437065435,145.30339362237095,17,1.7,1.7,1.7,1.7,1.7,1.7,1.7,1.7,1.7,1.7,1.2,1.7,1.7,1.7,1.7,1.7,1.7,1.7,1.7,1.2,2.201
1816.4455440044403,0.49907755851745605,5184,33.78779602050781,9992.962880699904,153.42817853089687,17,1.7,1.7,1.7,1.7,1.7,1.7,1.7,1.7,1.7,1.7,1.2,1.7,1.7,1.7,1.7,1.7,1.7,1.7,1.7,1.2,2.201
1816.946105003357,0.4990262985229492,5024,35.15486145019531,10705.303246518486,142.91053335873943,17,1.7,1.7,1.7,1.7,1.7,1.7,1.7,1.7,1.7,1.7,1.2,1.7,1.7,1.7,1.7,1.7,1.7,1.7,1.7,1.2,2.201
1817.4466257095337,0.49889540672302246,5408,33.976226806640625,10328.491618187645,159.17011711680152,17,1.7,1.7,1.7,1.7,1.7,1.7,1.7,1.7,1.7,1.7,1.2,1.7,1.7,1.7,1.7,1.7,1.7,1.7,1.7,1.2,2.201
1817.947143316269,0.49905896186828613,5824,33.864990234375,11205.48589284647,171.97701696332663,17,1.7,1.7,1.7,1.7,1.7,1.7,1.7,1.7,1.7,1.7,1.2,1.7,1.7,1.7,1.7,1.7,1.7,1.7,1.7,1.2,2.201
1818.4476912021637,0.4990983009338379,5088,34.15312194824219,10849.344259026557,148.97613189537046,17,1.7,1.7,1.7,1.7,1.7,1.7,1.7,1.7,1.7,1.7,1.2,1.7,1.7,1.7,1.7,1.7,1.7,1.7,1.7,1.2,2.201
1818.9482407569885,0.4990360736846924,5280,34.01039123535156,10714.131744287026,155.24667045028838,17,1.7,1.7,1.7,1.7,1.7,1.7,1.7,1.7,1.7,1.7,1.2,1.7,1.7,1.7,1.7,1.7,1.7,1.7,1.7,1.2,2.201
1819.4487898349762,0.499021053314209,4864,34.18568420410156,9802.89004890913,142.28178002698633,17,1.7,1.7,1.7,1.7,1.7,1.7,1.7,1.7,1.7,1.7,1.2,1.7,1.7,1.7,1.7,1.7,1.7,1.7,1.7,1.2,2.201
1819.949308872223,0.4990518093109131,5216,35.12025451660156,10459.570185507604,148.51828586647525,17,1.7,1.7,1.7,1.7,1.7,1.7,1.7,1.7,1.7,1.7,1.2,1.7,1.7,1.7,1.7,1.7,1.7,1.7,1.7,1.2,2.201
1820.4498286247253,0.4990854263305664,5568,33.66670227050781,10704.71337963247,165.38596371161645,17,1.7,1.7,1.7,1.7,1.7,1.7,1.7,1.7,1.7,1.7,1.2,1.7,1.7,1.7,1.7,1.7,1.7,1.7,1.7,1.2,2.201
1820.9503524303436,0.49904632568359375,5536,37.3194580078125,10646.016705881379,148.34084671972158,17,1.7,1.7,1.7,1.7,1.7,1.7,1.7,1.7,1.7,1.7,1.2,1.7,1.7,1.7,1.7,1.7,1.7,1.7,1.7,1.2,2.201
1821.4508707523346,0.4990859031677246,5120,35.35484313964844,10939.59590318247,144.81750010250258,17,1.7,1.7,1.7,1.7,1.7,1.7,1.7,1.7,1.7,1.7,1.2,1.7,1.7,1.7,1.7,1.7,1.7,1.7,1.7,1.2,2.201
1821.9513900279999,0.4990541934967041,5248,33.75361633300781,10268.063735739444,155.47963655876356,17,1.7,1.7,1.7,1.7,1.7,1.7,1.7,1.7,1.7,1.7,1.2,1.7,1.7,1.7,1.7,1.7,1.7,1.7,1.7,1.2,2.201
1822.4518887996674,0.47658538818359375,5344,38.51789855957031,9801.261177772512,138.7406945821609,17,1.8,1.8,1.8,1.8,1.8,1.8,1.8,1.8,1.8,1.8,1.2,1.8,1.8,1.8,1.8,1.8,1.8,1.8,1.8,1.2,2.201
1822.9524102210999,0.4990425109863281,5088,36.21199035644531,11482.328284510859,140.50594706110638,17,1.8,1.8,1.8,1.8,1.8,1.8,1.8,1.8,1.8,1.8,1.2,1.8,1.8,1.8,1.8,1.8,1.8,1.8,1.8,1.2,2.201
1823.4529309272766,0.4990725517272949,6240,36.32049560546875,11558.317611527396,171.803823047515,17,1.8,1.8,1.8,1.8,1.8,1.8,1.8,1.8,1.8,1.8,1.2,1.8,1.8,1.8,1.8,1.8,1.8,1.8,1.8,1.2,2.201
1823.9534513950348,0.49911069869995117,5504,39.1029052734375,11118.46184573121,140.75680468015895,17,1.8,1.8,1.8,1.8,1.8,1.8,1.8,1.8,1.8,1.8,1.2,1.8,1.8,1.8,1.8,1.8,1.8,1.8,1.8,1.2,2.201
1824.4539725780487,0.4990518093109131,5600,38.67253112792969,11500.867050905916,144.8056239576112,17,1.8,1.8,1.8,1.8,1.8,1.8,1.8,1.8,1.8,1.8,1.2,1.8,1.8,1.8,1.8,1.8,1.8,1.8,1.8,1.2,2.201
1824.9544925689697,0.4990365505218506,5824,35.94953918457031,11655.538800197264,162.00485825697828,17,1.8,1.8,1.8,1.8,1.8,1.8,1.8,1.8,1.8,1.8,1.2,1.8,1.8,1.8,1.8,1.8,1.8,1.8,1.8,1.2,2.201
1825.4550154209137,0.49908995628356934,5536,36.3388671875,11406.021457755167,152.34376931552498,17,1.8,1.8,1.8,1.8,1.8,1.8,1.8,1.8,1.8,1.8,1.2,1.8,1.8,1.8,1.8,1.8,1.8,1.8,1.8,1.2,2.201
1825.955539226532,0.4990651607513428,5056,34.41197204589844,9813.186767959069,146.92561046069503,17,1.8,1.8,1.8,1.8,1.8,1.8,1.8,1.8,1.8,1.8,1.2,1.8,1.8,1.8,1.8,1.8,1.8,1.8,1.8,1.2,2.201
1826.4560639858246,0.49906110763549805,5088,35.04705810546875,10508.094343303548,145.1762366098873,17,1.8,1.8,1.8,1.8,1.8,1.8,1.8,1.8,1.8,1.8,1.2,1.8,1.8,1.8,1.8,1.8,1.8,1.8,1.8,1.2,2.201
1826.9565856456757,0.49903440475463867,5792,35.14387512207031,11613.40140849614,164.80823414839165,17,1.8,1.8,1.8,1.8,1.8,1.8,1.8,1.8,1.8,1.8,1.2,1.8,1.8,1.8,1.8,1.8,1.8,1.8,1.8,1.2,2.201
1827.4571096897125,0.4990687370300293,5760,35.465484619140625,11037.459071056186,162.41142795187815,17,1.8,1.8,1.8,1.8,1.8,1.8,1.8,1.8,1.8,1.8,1.2,1.8,1.8,1.8,1.8,1.8,1.8,1.8,1.8,1.2,2.201
1827.957632780075,0.49905920028686523,5504,34.6129150390625,10772.152403479893,159.01578915813494,17,1.8,1.8,1.8,1.8,1.8,1.8,1.8,1.8,1.8,1.8,1.2,1.8,1.8,1.8,1.8,1.8,1.8,1.8,1.8,1.2,2.201
1828.4581558704376,0.4989445209503174,5376,36.23939514160156,11031.732362548477,148.34684682219046,17,1.8,1.8,1.8,1.8,1.8,1.8,1.8,1.8,1.8,1.8,1.2,1.8,1.8,1.8,1.8,1.8,1.8,1.8,1.8,1.2,2.201
1828.9586772918701,0.4990236759185791,5888,36.31297302246094,11894.665185208061,162.14590847072893,17,1.8,1.8,1.8,1.8,1.8,1.8,1.8,1.8,1.8,1.8,1.2,1.8,1.8,1.8,1.8,1.8,1.8,1.8,1.8,1.2,2.201
1829.459230184555,0.49901843070983887,5280,35.324432373046875,11782.057620752188,149.47161625245894,17,1.8,1.8,1.8,1.8,1.8,1.8,1.8,1.8,1.8,1.8,1.2,1.8,1.8,1.8,1.8,1.8,1.8,1.8,1.8,1.2,2.201
1829.9597792625427,0.49908971786499023,6112,38.62837219238281,11444.445443984514,158.2256681581119,17,1.8,1.8,1.8,1.8,1.8,1.8,1.8,1.8,1.8,1.8,1.2,1.8,1.8,1.8,1.8,1.8,1.8,1.8,1.8,1.2,2.201
1830.4603018760681,0.4990673065185547,6112,35.30497741699219,11502.5467405957,173.12006541769694,17,1.8,1.8,1.8,1.8,1.8,1.8,1.8,1.8,1.8,1.8,1.2,1.8,1.8,1.8,1.8,1.8,1.8,1.8,1.8,1.2,2.201
1830.960824251175,0.499035120010376,5376,35.165618896484375,10831.49834583315,152.87659278299967,17,1.8,1.8,1.8,1.8,1.8,1.8,1.8,1.8,1.8,1.8,1.2,1.8,1.8,1.8,1.8,1.8,1.8,1.8,1.8,1.2,2.201
1831.4613466262817,0.49904322624206543,4480,32.94435119628906,8711.490751551375,135.98689418125917,17,1.8,1.8,1.8,1.8,1.8,1.8,1.8,1.8,1.8,1.8,1.2,1.8,1.8,1.8,1.8,1.8,1.8,1.8,1.8,1.2,2.201
1831.9618709087372,0.49911046028137207,5504,37.48394775390625,11057.134066167035,146.83618801668032,17,1.8,1.8,1.8,1.8,1.8,1.8,1.8,1.8,1.8,1.8,1.2,1.8,1.8,1.8,1.8,1.8,1.8,1.8,1.8,1.2,2.201
1832.4623744487762,0.4761366844177246,5344,37.53019714355469,10817.165974392961,142.39200448532046,17,1.9,1.9,1.9,1.9,1.9,1.9,1.9,1.9,1.9,1.9,1.2,1.9,1.9,1.9,1.9,1.9,1.9,1.9,1.9,1.2,2.201
1832.9628975391388,0.49901604652404785,5504,34.93830871582031,11425.095351969145,157.53481500115515,17,1.9,1.9,1.9,1.9,1.9,1.9,1.9,1.9,1.9,1.9,1.2,1.9,1.9,1.9,1.9,1.9,1.9,1.9,1.9,1.2,2.201
1833.463419675827,0.49906277656555176,6336,36.47151184082031,12406.731646844008,173.72463273947713,17,1.9,1.9,1.9,1.9,1.9,1.9,1.9,1.9,1.9,1.9,1.2,1.9,1.9,1.9,1.9,1.9,1.9,1.9,1.9,1.2,2.201
1833.9639415740967,0.4990692138671875,5184,36.522857666015625,11738.727309149523,141.93851005321775,17,1.9,1.9,1.9,1.9,1.9,1.9,1.9,1.9,1.9,1.9,1.2,1.9,1.9,1.9,1.9,1.9,1.9,1.9,1.9,1.2,2.201
1834.464465379715,0.4990694522857666,6304,36.578582763671875,11465.436811406596,172.34128617636975,17,1.9,1.9,1.9,1.9,1.9,1.9,1.9,1.9,1.9,1.9,1.2,1.9,1.9,1.9,1.9,1.9,1.9,1.9,1.9,1.2,2.201
1834.964988708496,0.49906396865844727,5952,37.04737854003906,11811.897563400538,160.65914066139277,17,1.9,1.9,1.9,1.9,1.9,1.9,1.9,1.9,1.9,1.9,1.2,1.9,1.9,1.9,1.9,1.9,1.9,1.9,1.9,1.2,2.201
1835.4655137062073,0.4990661144256592,6112,37.37818908691406,11984.458610050724,163.5178201326983,17,1.9,1.9,1.9,1.9,1.9,1.9,1.9,1.9,1.9,1.9,1.2,1.9,1.9,1.9,1.9,1.9,1.9,1.9,1.9,1.2,2.201
1835.9660367965698,0.49904489517211914,6144,37.34889221191406,12059.589115070385,164.5028710661491,17,1.9,1.9,1.9,1.9,1.9,1.9,1.9,1.9,1.9,1.9,1.2,1.9,1.9,1.9,1.9,1.9,1.9,1.9,1.9,1.2,2.201
1836.466558933258,0.49901914596557617,5408,38.343780517578125,11327.194377952843,141.03982254751287,17,1.9,1.9,1.9,1.9,1.9,1.9,1.9,1.9,1.9,1.9,1.2,1.9,1.9,1.9,1.9,1.9,1.9,1.9,1.9,1.2,2.201
1836.9671099185944,0.4991002082824707,6112,40.14166259765625,12071.18815075279,152.26075863526543,17,1.9,1.9,1.9,1.9,1.9,1.9,1.9,1.9,1.9,1.9,1.2,1.9,1.9,1.9,1.9,1.9,1.9,1.9,1.9,1.2,2.201
1837.4676349163055,0.49906373023986816,6432,37.360382080078125,12504.679652602219,172.16098021197084,17,1.9,1.9,1.9,1.9,1.9,1.9,1.9,1.9,1.9,1.9,1.2,1.9,1.9,1.9,1.9,1.9,1.9,1.9,1.9,1.2,2.201
1837.968158006668,0.49908900260925293,5600,38.27970886230469,12133.354108505753,146.29160373564147,17,1.9,1.9,1.9,1.9,1.9,1.9,1.9,1.9,1.9,1.9,1.2,1.9,1.9,1.9,1.9,1.9,1.9,1.9,1.9,1.2,2.201
1838.468683719635,0.499096155166626,6112,36.994842529296875,11762.125870423226,165.2122183020457,17,1.9,1.9,1.9,1.9,1.9,1.9,1.9,1.9,1.9,1.9,1.2,1.9,1.9,1.9,1.9,1.9,1.9,1.9,1.9,1.2,2.201
1838.9692070484161,0.4990353584289551,5792,36.42742919921875,11271.855071573933,159.00106395990798,17,1.9,1.9,1.9,1.9,1.9,1.9,1.9,1.9,1.9,1.9,1.2,1.9,1.9,1.9,1.9,1.9,1.9,1.9,1.9,1.2,2.201
1839.4697313308716,0.4990541934967041,6400,38.87806701660156,12637.568062612669,164.61723771573048,17,1.9,1.9,1.9,1.9,1.9,1.9,1.9,1.9,1.9,1.9,1.2,1.9,1.9,1.9,1.9,1.9,1.9,1.9,1.9,1.2,2.201
1839.9702508449554,0.4990544319152832,6144,39.96315002441406,12048.151550490305,153.74163438684243,17,1.9,1.9,1.9,1.9,1.9,1.9,1.9,1.9,1.9,1.9,1.2,1.9,1.9,1.9,1.9,1.9,1.9,1.9,1.9,1.2,2.201
1840.4707765579224,0.49901628494262695,5184,37.368988037109375,12228.417080801984,138.72465571858714,17,1.9,1.9,1.9,1.9,1.9,1.9,1.9,1.9,1.9,1.9,1.2,1.9,1.9,1.9,1.9,1.9,1.9,1.9,1.9,1.2,2.201
1840.9713382720947,0.4989762306213379,6496,37.071929931640625,11240.331812838964,175.22691729236655,17,1.9,1.9,1.9,1.9,1.9,1.9,1.9,1.9,1.9,1.9,1.2,1.9,1.9,1.9,1.9,1.9,1.9,1.9,1.9,1.2,2.201
1841.4718844890594,0.49884033203125,5856,36.69573974609375,11890.333684336354,159.58255755352008,17,1.9,1.9,1.9,1.9,1.9,1.9,1.9,1.9,1.9,1.9,1.2,1.9,1.9,1.9,1.9,1.9,1.9,1.9,1.9,1.2,2.201
1841.9724252223969,0.49904513359069824,5696,35.85870361328125,11681.324954917609,158.84567555560852,17,1.9,1.9,1.9,1.9,1.9,1.9,1.9,1.9,1.9,1.9,1.2,1.9,1.9,1.9,1.9,1.9,1.9,1.9,1.9,1.2,2.201
1842.4729244709015,0.47564220428466797,5984,39.913238525390625,11650.074441861228,149.9251932712327,17,2.0,2.0,2.0,2.0,2.0,2.0,2.0,2.0,2.0,2.0,1.2,2.0,2.0,2.0,2.0,2.0,2.0,2.0,2.0,1.2,2.201
1842.9734885692596,0.49907755851745605,5888,39.65443420410156,12813.990985507273,148.48276411395597,17,2.0,2.0,2.0,2.0,2.0,2.0,2.0,2.0,2.0,2.0,1.2,2.0,2.0,2.0,2.0,2.0,2.0,2.0,2.0,1.2,2.201
1843.4740345478058,0.49890613555908203,7104,38.20869445800781,12897.184822609648,185.92626889692477,17,2.0,2.0,2.0,2.0,2.0,2.0,2.0,2.0,2.0,2.0,1.2,2.0,2.0,2.0,2.0,2.0,2.0,2.0,2.0,1.2,2.201
1843.9745802879333,0.49901294708251953,5984,38.29042053222656,12219.639661121792,156.27929693181758,17,2.0,2.0,2.0,2.0,2.0,2.0,2.0,2.0,2.0,2.0,1.2,2.0,2.0,2.0,2.0,2.0,2.0,2.0,2.0,1.2,2.201
1844.4751279354095,0.4990718364715576,5920,39.70167541503906,12194.69355412628,149.11209509706217,17,2.0,2.0,2.0,2.0,2.0,2.0,2.0,2.0,2.0,2.0,1.2,2.0,2.0,2.0,2.0,2.0,2.0,2.0,2.0,1.2,2.201
1844.9756889343262,0.49906015396118164,6880,38.77276611328125,13193.159177757998,177.44413643068194,17,2.0,2.0,2.0,2.0,2.0,2.0,2.0,2.0,2.0,2.0,1.2,2.0,2.0,2.0,2.0,2.0,2.0,2.0,2.0,1.2,2.201
1845.4762387275696,0.4990401268005371,6048,38.15126037597656,12328.463278019262,158.5268727794996,17,2.0,2.0,2.0,2.0,2.0,2.0,2.0,2.0,2.0,2.0,1.2,2.0,2.0,2.0,2.0,2.0,2.0,2.0,2.0,1.2,2.201
1845.9767668247223,0.49906206130981445,5856,38.63737487792969,12899.702922545112,151.5630919155702,17,2.0,2.0,2.0,2.0,2.0,2.0,2.0,2.0,2.0,2.0,1.2,2.0,2.0,2.0,2.0,2.0,2.0,2.0,2.0,1.2,2.201
1846.477287054062,0.49906086921691895,6976,38.531005859375,12659.010291114786,181.04899792805864,17,2.0,2.0,2.0,2.0,2.0,2.0,2.0,2.0,2.0,2.0,1.2,2.0,2.0,2.0,2.0,2.0,2.0,2.0,2.0,1.2,2.201
1846.9778468608856,0.49909210205078125,6144,41.28868103027344,12806.78828360661,148.80591597234925,17,2.0,2.0,2.0,2.0,2.0,2.0,2.0,2.0,2.0,2.0,1.2,2.0,2.0,2.0,2.0,2.0,2.0,2.0,2.0,1.2,2.201
1847.4783952236176,0.49896812438964844,6688,39.94059753417969,12956.570880858239,167.44867159978406,17,2.0,2.0,2.0,2.0,2.0,2.0,2.0,2.0,2.0,2.0,1.2,2.0,2.0,2.0,2.0,2.0,2.0,2.0,2.0,1.2,2.201
1847.9789447784424,0.49903440475463867,6144,38.523040771484375,12620.67192633649,159.48896756218497,17,2.0,2.0,2.0,2.0,2.0,2.0,2.0,2.0,2.0,2.0,1.2,2.0,2.0,2.0,2.0,2.0,2.0,2.0,2.0,1.2,2.201
1848.4794962406158,0.499070405960083,6592,38.329498291015625,12431.156899247579,171.98242330098944,17,2.0,2.0,2.0,2.0,2.0,2.0,2.0,2.0,2.0,2.0,1.2,2.0,2.0,2.0,2.0,2.0,2.0,2.0,2.0,1.2,2.201
1848.9800477027893,0.49906325340270996,6272,39.49302673339844,12750.767690793484,158.81284669163884,17,2.0,2.0,2.0,2.0,2.0,2.0,2.0,2.0,2.0,2.0,1.2,2.0,2.0,2.0,2.0,2.0,2.0,2.0,2.0,1.2,2.201
1849.4805948734283,0.4990575313568115,5312,36.5325927734375,11175.945751473831,145.40440731768442,17,2.0,2.0,2.0,2.0,2.0,2.0,2.0,2.0,2.0,2.0,1.2,2.0,2.0,2.0,2.0,2.0,2.0,2.0,2.0,1.2,2.201
1849.9811563491821,0.49910449981689453,6784,39.93550109863281,12689.85906100373,169.8739170254771,17,2.0,2.0,2.0,2.0,2.0,2.0,2.0,2.0,2.0,2.0,1.2,2.0,2.0,2.0,2.0,2.0,2.0,2.0,2.0,1.2,2.201
1850.4817073345184,0.49893879890441895,6144,38.797454833984375,12772.029624987323,158.360903473962,17,2.0,2.0,2.0,2.0,2.0,2.0,2.0,2.0,2.0,2.0,1.2,2.0,2.0,2.0,2.0,2.0,2.0,2.0,2.0,1.2,2.201
1850.9822416305542,0.4989290237426758,6304,39.40354919433594,12355.84738030884,159.98558832629647,17,2.0,2.0,2.0,2.0,2.0,2.0,2.0,2.0,2.0,2.0,1.2,2.0,2.0,2.0,2.0,2.0,2.0,2.0,2.0,1.2,2.201
1851.4827609062195,0.49901819229125977,5984,38.83740234375,12500.305733520516,154.07827606582933,17,2.0,2.0,2.0,2.0,2.0,2.0,2.0,2.0,2.0,2.0,1.2,2.0,2.0,2.0,2.0,2.0,2.0,2.0,2.0,1.2,2.201
1851.983308315277,0.4991178512573242,6304,40.835418701171875,12774.018222410907,154.37578946188424,17,2.0,2.0,2.0,2.0,2.0,2.0,2.0,2.0,2.0,2.0,1.2,2.0,2.0,2.0,2.0,2.0,2.0,2.0,2.0,1.2,2.201
1852.4838271141052,0.4756314754486084,6560,42.626861572265625,12374.858432539108,153.8935722227353,17,2.1,2.1,2.1,2.1,2.1,2.1,2.1,2.1,2.1,2.1,1.2,2.1,2.1,2.1,2.1,2.1,2.1,2.1,2.1,1.2,2.201
1852.984377861023,0.49901914596557617,6592,37.89530944824219,13029.564525655487,173.95292705033648,17,2.1,2.1,2.1,2.1,2.1,2.1,2.1,2.1,2.1,2.1,1.2,2.1,2.1,2.1,2.1,2.1,2.1,2.1,2.1,1.2,2.201
1853.4849245548248,0.49905991554260254,6080,39.05975341796875,12174.304074349559,155.6589447695541,17,2.1,2.1,2.1,2.1,2.1,2.1,2.1,2.1,2.1,2.1,1.2,2.1,2.1,2.1,2.1,2.1,2.1,2.1,2.1,1.2,2.201
1853.9854836463928,0.4990847110748291,6208,41.85107421875,13006.315660321223,148.3354995274819,17,2.1,2.1,2.1,2.1,2.1,2.1,2.1,2.1,2.1,2.1,1.2,2.1,2.1,2.1,2.1,2.1,2.1,2.1,2.1,1.2,2.201
1854.4860441684723,0.4988408088684082,6304,39.73435974121094,13469.049854037255,158.65361971497268,17,2.1,2.1,2.1,2.1,2.1,2.1,2.1,2.1,2.1,2.1,1.2,2.1,2.1,2.1,2.1,2.1,2.1,2.1,2.1,1.2,2.201
1854.986603975296,0.49888086318969727,7040,39.88069152832031,13247.366515502908,176.52652775593708,17,2.1,2.1,2.1,2.1,2.1,2.1,2.1,2.1,2.1,2.1,1.2,2.1,2.1,2.1,2.1,2.1,2.1,2.1,2.1,1.2,2.201
1855.487148284912,0.49899983406066895,6496,39.81646728515625,12929.13851347537,163.1485775339425,17,2.1,2.1,2.1,2.1,2.1,2.1,2.1,2.1,2.1,2.1,1.2,2.1,2.1,2.1,2.1,2.1,2.1,2.1,2.1,1.2,2.201
1855.9877092838287,0.49906063079833984,6976,39.94091796875,13625.480744209093,174.65797870389613,17,2.1,2.1,2.1,2.1,2.1,2.1,2.1,2.1,2.1,2.1,1.2,2.1,2.1,2.1,2.1,2.1,2.1,2.1,2.1,1.2,2.201
1856.488273859024,0.4990110397338867,6432,39.94691467285156,13320.725456865983,161.013686605721,17,2.1,2.1,2.1,2.1,2.1,2.1,2.1,2.1,2.1,2.1,1.2,2.1,2.1,2.1,2.1,2.1,2.1,2.1,2.1,1.2,2.201
1856.9888207912445,0.49892568588256836,6400,41.63755798339844,12770.402245962165,153.70738126745528,17,2.1,2.1,2.1,2.1,2.1,2.1,2.1,2.1,2.1,2.1,1.2,2.1,2.1,2.1,2.1,2.1,2.1,2.1,2.1,1.2,2.201
1857.4893686771393,0.49907422065734863,6432,40.75230407714844,13730.497933385635,157.83156672132063,17,2.1,2.1,2.1,2.1,2.1,2.1,2.1,2.1,2.1,2.1,1.2,2.1,2.1,2.1,2.1,2.1,2.1,2.1,2.1,1.2,2.201
1857.9899575710297,0.4990720748901367,7168,40.140350341796875,12810.469947918205,178.57342895525724,17,2.1,2.1,2.1,2.1,2.1,2.1,2.1,2.1,2.1,2.1,1.2,2.1,2.1,2.1,2.1,2.1,2.1,2.1,2.1,1.2,2.201
1858.4905033111572,0.49901723861694336,6784,39.38043212890625,13552.241617437838,172.26829755939548,17,2.1,2.1,2.1,2.1,2.1,2.1,2.1,2.1,2.1,2.1,1.2,2.1,2.1,2.1,2.1,2.1,2.1,2.1,2.1,1.2,2.201
1858.9910502433777,0.4990854263305664,6560,39.23738098144531,13189.966379280331,167.18750935752087,17,2.1,2.1,2.1,2.1,2.1,2.1,2.1,2.1,2.1,2.1,1.2,2.1,2.1,2.1,2.1,2.1,2.1,2.1,2.1,1.2,2.201
1859.491599559784,0.49910736083984375,6528,39.96925354003906,13251.564091880873,163.32554205598558,17,2.1,2.1,2.1,2.1,2.1,2.1,2.1,2.1,2.1,2.1,1.2,2.1,2.1,2.1,2.1,2.1,2.1,2.1,2.1,1.2,2.201
1859.9921481609344,0.4991164207458496,6752,40.28511047363281,13692.904864427157,167.6053489891577,17,2.1,2.1,2.1,2.1,2.1,2.1,2.1,2.1,2.1,2.1,1.2,2.1,2.1,2.1,2.1,2.1,2.1,2.1,2.1,1.2,2.201
1860.4926896095276,0.4990875720977783,6400,39.7423095703125,12756.463033336591,161.03744521130696,17,2.1,2.1,2.1,2.1,2.1,2.1,2.1,2.1,2.1,2.1,1.2,2.1,2.1,2.1,2.1,2.1,2.1,2.1,2.1,1.2,2.201
1860.993236541748,0.4990200996398926,6912,39.873565673828125,13859.234204119046,173.3479282124207,17,2.1,2.1,2.1,2.1,2.1,2.1,2.1,2.1,2.1,2.1,1.2,2.1,2.1,2.1,2.1,2.1,2.1,2.1,2.1,1.2,2.201
1861.4937798976898,0.49907588958740234,6400,39.89494323730469,12892.98628194388,160.42133364951206,17,2.1,2.1,2.1,2.1,2.1,2.1,2.1,2.1,2.1,2.1,1.2,2.1,2.1,2.1,2.1,2.1,2.1,2.1,2.1,1.2,2.201
1861.9943630695343,0.49902963638305664,5568,40.082305908203125,11949.435250316516,138.91416359008602,17,2.1,2.1,2.1,2.1,2.1,2.1,2.1,2.1,2.1,2.1,1.2,2.1,2.1,2.1,2.1,2.1,2.1,2.1,2.1,1.2,2.201
1862.494889497757,0.47467637062072754,8096,43.02671813964844,14009.719440727538,188.16215482025493,17,2.2,2.2,2.2,2.2,2.2,2.2,2.2,2.2,2.2,2.2,1.2,2.2,2.2,2.2,2.2,2.2,2.2,2.2,2.2,1.2,2.201
1862.9954512119293,0.4990251064300537,6560,40.45527648925781,13458.176886389372,162.15437315678446,17,2.2,2.2,2.2,2.2,2.2,2.2,2.2,2.2,2.2,2.2,1.2,2.2,2.2,2.2,2.2,2.2,2.2,2.2,2.2,1.2,2.201
1863.4960141181946,0.4989757537841797,6688,41.29890441894531,13953.412417454123,161.9413418853787,17,2.2,2.2,2.2,2.2,2.2,2.2,2.2,2.2,2.2,2.2,1.2,2.2,2.2,2.2,2.2,2.2,2.2,2.2,2.2,1.2,2.201
1863.9965598583221,0.4989340305328369,7040,45.92755126953125,13924.028119235563,153.28489774438287,17,2.2,2.2,2.2,2.2,2.2,2.2,2.2,2.2,2.2,2.2,1.2,2.2,2.2,2.2,2.2,2.2,2.2,2.2,2.2,1.2,2.201
1864.4971220493317,0.4991140365600586,7168,46.2542724609375,13872.871082835343,154.96946808651018,17,2.2,2.2,2.2,2.2,2.2,2.2,2.2,2.2,2.2,2.2,1.2,2.2,2.2,2.2,2.2,2.2,2.2,2.2,2.2,1.2,2.201
1864.9976584911346,0.49907565116882324,6976,46.64459228515625,14218.278045737006,149.55645784945534,17,2.2,2.2,2.2,2.2,2.2,2.2,2.2,2.2,2.2,2.2,1.2,2.2,2.2,2.2,2.2,2.2,2.2,2.2,2.2,1.2,2.201
1865.498204946518,0.49906277656555176,6944,46.7041015625,14226.772405268797,148.68073183481442,17,2.2,2.2,2.2,2.2,2.2,2.2,2.2,2.2,2.2,2.2,1.2,2.2,2.2,2.2,2.2,2.2,2.2,2.2,2.2,1.2,2.201
1865.9987461566925,0.49907875061035156,7168,47.044708251953125,14179.987440590092,152.36570203838835,17,2.2,2.2,2.2,2.2,2.2,2.2,2.2,2.2,2.2,2.2,1.2,2.2,2.2,2.2,2.2,2.2,2.2,2.2,2.2,1.2,2.201
1866.4992904663086,0.4991133213043213,6592,46.058502197265625,13242.385806023101,143.12232672627704,17,2.2,2.2,2.2,2.2,2.2,2.2,2.2,2.2,2.2,2.2,1.2,2.2,2.2,2.2,2.2,2.2,2.2,2.2,2.2,1.2,2.201
1866.9998359680176,0.4991021156311035,7232,46.75260925292969,14221.554262302792,154.6865536611054,17,2.2,2.2,2.2,2.2,2.2,2.2,2.2,2.2,2.2,2.2,1.2,2.2,2.2,2.2,2.2,2.2,2.2,2.2,2.2,1.2,2.201
1867.5003807544708,0.4991161823272705,6944,46.60826110839844,13745.465750826243,148.98646366252754,17,2.2,2.2,2.2,2.2,2.2,2.2,2.2,2.2,2.2,2.2,1.2,2.2,2.2,2.2,2.2,2.2,2.2,2.2,2.2,1.2,2.201
1868.0009415149689,0.4991145133972168,7328,46.84428405761719,14454.552419609085,156.43317316978866,17,2.2,2.2,2.2,2.2,2.2,2.2,2.2,2.2,2.2,2.2,1.2,2.2,2.2,2.2,2.2,2.2,2.2,2.2,2.2,1.2,2.201
1868.5014853477478,0.498981237411499,7008,46.75578308105469,13914.250759554194,149.88520217597687,17,2.2,2.2,2.2,2.2,2.2,2.2,2.2,2.2,2.2,2.2,1.2,2.2,2.2,2.2,2.2,2.2,2.2,2.2,2.2,1.2,2.201
1869.0020275115967,0.49907755851745605,6848,46.74046325683594,14625.727216044614,146.5111708964172,17,2.2,2.2,2.2,2.2,2.2,2.2,2.2,2.2,2.2,2.2,1.2,2.2,2.2,2.2,2.2,2.2,2.2,2.2,2.2,1.2,2.201
1869.5025737285614,0.49906468391418457,7168,45.97483825683594,13584.601077792775,155.9113696051818,17,2.2,2.2,2.2,2.2,2.2,2.2,2.2,2.2,2.2,2.2,1.2,2.2,2.2,2.2,2.2,2.2,2.2,2.2,2.2,1.2,2.201
1870.0031173229218,0.49910831451416016,7168,46.54304504394531,14103.065908563687,154.00797247434224,17,2.2,2.2,2.2,2.2,2.2,2.2,2.2,2.2,2.2,2.2,1.2,2.2,2.2,2.2,2.2,2.2,2.2,2.2,2.2,1.2,2.201
1870.5036644935608,0.49910974502563477,6496,45.970855712890625,13410.789232524794,141.30691933538372,17,2.2,2.2,2.2,2.2,2.2,2.2,2.2,2.2,2.2,2.2,1.2,2.2,2.2,2.2,2.2,2.2,2.2,2.2,2.2,1.2,2.201
1871.0042133331299,0.49910831451416016,6944,46.00437927246094,13991.703241523255,150.9421518085085,17,2.2,2.2,2.2,2.2,2.2,2.2,2.2,2.2,2.2,2.2,1.2,2.2,2.2,2.2,2.2,2.2,2.2,2.2,2.2,1.2,2.201
1871.5047616958618,0.49912309646606445,7040,46.65119934082031,13900.24753018596,150.9071599331836,17,2.2,2.2,2.2,2.2,2.2,2.2,2.2,2.2,2.2,2.2,1.2,2.2,2.2,2.2,2.2,2.2,2.2,2.2,2.2,1.2,2.201
1872.0053198337555,0.4991462230682373,7296,46.48234558105469,14340.655064272118,156.96281908315981,17,2.2,2.2,2.2,2.2,2.2,2.2,2.2,2.2,2.2,2.2,1.2,2.2,2.2,2.2,2.2,2.2,2.2,2.2,2.2,1.2,2.201
1872.5058522224426,0.4773740768432617,7008,48.75080871582031,13624.244568759403,143.75146145474724,18,1.2,1.2,1.2,1.2,1.2,1.2,1.2,1.2,1.2,1.2,1.2,1.2,1.2,1.2,1.2,1.2,1.2,1.2,1.2,1.2,2.201
1873.0064034461975,0.4988369941711426,3584,29.255203247070312,7685.7131043882155,122.50812170853438,18,1.2,1.2,1.2,1.2,1.2,1.2,1.2,1.2,1.2,1.2,1.2,1.2,1.2,1.2,1.2,1.2,1.2,1.2,1.2,1.2,2.201
1873.5069558620453,0.49893951416015625,3584,27.13671875,7735.3516110051905,132.07197351374694,18,1.2,1.2,1.2,1.2,1.2,1.2,1.2,1.2,1.2,1.2,1.2,1.2,1.2,1.2,1.2,1.2,1.2,1.2,1.2,1.2,2.201
1874.0075232982635,0.4989352226257324,4096,26.744888305664062,7503.156672588428,153.15076111694003,18,1.2,1.2,1.2,1.2,1.2,1.2,1.2,1.2,1.2,1.2,1.2,1.2,1.2,1.2,1.2,1.2,1.2,1.2,1.2,1.2,2.201
1874.5080738067627,0.4988267421722412,3552,28.533233642578125,7649.34765015488,124.48641624339422,18,1.2,1.2,1.2,1.2,1.2,1.2,1.2,1.2,1.2,1.2,1.2,1.2,1.2,1.2,1.2,1.2,1.2,1.2,1.2,1.2,2.201
1875.0086262226105,0.4989027976989746,4032,28.834396362304688,7393.940647318596,139.8329949182168,18,1.2,1.2,1.2,1.2,1.2,1.2,1.2,1.2,1.2,1.2,1.2,1.2,1.2,1.2,1.2,1.2,1.2,1.2,1.2,1.2,2.201
1875.5091791152954,0.49895739555358887,3648,28.686325073242188,7856.636256760167,127.16860701696342,18,1.2,1.2,1.2,1.2,1.2,1.2,1.2,1.2,1.2,1.2,1.2,1.2,1.2,1.2,1.2,1.2,1.2,1.2,1.2,1.2,2.201
1876.0097291469574,0.4989612102508545,4128,27.1317138671875,7778.115766697849,152.1466730854888,18,1.2,1.2,1.2,1.2,1.2,1.2,1.2,1.2,1.2,1.2,1.2,1.2,1.2,1.2,1.2,1.2,1.2,1.2,1.2,1.2,2.201
1876.510278224945,0.49890828132629395,3424,28.626708984375,7388.8361362298865,119.60857959148863,18,1.2,1.2,1.2,1.2,1.2,1.2,1.2,1.2,1.2,1.2,1.2,1.2,1.2,1.2,1.2,1.2,1.2,1.2,1.2,1.2,2.201
1877.010847568512,0.49892568588256836,4064,28.846420288085938,7665.6020787794405,140.88403203632518,18,1.2,1.2,1.2,1.2,1.2,1.2,1.2,1.2,1.2,1.2,1.2,1.2,1.2,1.2,1.2,1.2,1.2,1.2,1.2,1.2,2.201
1877.511393547058,0.4988515377044678,3808,26.987533569335938,8212.49140290213,141.10218668988583,18,1.2,1.2,1.2,1.2,1.2,1.2,1.2,1.2,1.2,1.2,1.2,1.2,1.2,1.2,1.2,1.2,1.2,1.2,1.2,1.2,2.201
1878.011946439743,0.49892520904541016,4096,26.86920166015625,7728.454514635626,152.44219206087797,18,1.2,1.2,1.2,1.2,1.2,1.2,1.2,1.2,1.2,1.2,1.2,1.2,1.2,1.2,1.2,1.2,1.2,1.2,1.2,1.2,2.201
1878.5124990940094,0.49895620346069336,4096,28.538681030273438,7749.987250196966,143.52450260945906,18,1.2,1.2,1.2,1.2,1.2,1.2,1.2,1.2,1.2,1.2,1.2,1.2,1.2,1.2,1.2,1.2,1.2,1.2,1.2,1.2,2.201
1879.0130496025085,0.49892091751098633,3328,27.453414916992188,7187.502590203016,121.22353485213043,18,1.2,1.2,1.2,1.2,1.2,1.2,1.2,1.2,1.2,1.2,1.2,1.2,1.2,1.2,1.2,1.2,1.2,1.2,1.2,1.2,2.201
1879.5136141777039,0.498931884765625,4352,27.231002807617188,8221.838658542027,159.8178381731369,18,1.2,1.2,1.2,1.2,1.2,1.2,1.2,1.2,1.2,1.2,1.2,1.2,1.2,1.2,1.2,1.2,1.2,1.2,1.2,1.2,2.201
1880.014166355133,0.4987833499908447,3424,27.070892333984375,7400.322959081195,126.48271648221821,18,1.2,1.2,1.2,1.2,1.2,1.2,1.2,1.2,1.2,1.2,1.2,1.2,1.2,1.2,1.2,1.2,1.2,1.2,1.2,1.2,2.201
1880.5147304534912,0.4988884925842285,4128,27.1934814453125,7784.6968087252635,151.8010854293012,18,1.2,1.2,1.2,1.2,1.2,1.2,1.2,1.2,1.2,1.2,1.2,1.2,1.2,1.2,1.2,1.2,1.2,1.2,1.2,1.2,2.201
1881.0152969360352,0.4988276958465576,3392,29.2666015625,7329.467205296801,115.90003003103206,18,1.2,1.2,1.2,1.2,1.2,1.2,1.2,1.2,1.2,1.2,1.2,1.2,1.2,1.2,1.2,1.2,1.2,1.2,1.2,1.2,2.201
1881.5158512592316,0.4988250732421875,4000,27.201385498046875,7559.1270106652155,147.05133311269051,18,1.2,1.2,1.2,1.2,1.2,1.2,1.2,1.2,1.2,1.2,1.2,1.2,1.2,1.2,1.2,1.2,1.2,1.2,1.2,1.2,2.201
1882.0164215564728,0.4989356994628906,4192,26.9959716796875,7922.308054953593,155.28242693905975,18,1.2,1.2,1.2,1.2,1.2,1.2,1.2,1.2,1.2,1.2,1.2,1.2,1.2,1.2,1.2,1.2,1.2,1.2,1.2,1.2,2.201
1882.5169568061829,0.4728860855102539,3744,28.28826904296875,8075.589040869033,132.35168239926642,18,1.3,1.3,1.3,1.3,1.3,1.3,1.3,1.3,1.3,1.3,1.2,1.3,1.3,1.3,1.3,1.3,1.3,1.3,1.3,1.3,2.201
1883.0174090862274,0.4989035129547119,4128,26.091644287109375,8160.69976629968,158.2115697491494,18,1.3,1.3,1.3,1.3,1.3,1.3,1.3,1.3,1.3,1.3,1.2,1.3,1.3,1.3,1.3,1.3,1.3,1.3,1.3,1.3,2.201
1883.5179572105408,0.49875903129577637,4096,27.608810424804688,8179.99865644106,148.35843837444062,18,1.3,1.3,1.3,1.3,1.3,1.3,1.3,1.3,1.3,1.3,1.2,1.3,1.3,1.3,1.3,1.3,1.3,1.3,1.3,1.3,2.201
1884.0185346603394,0.4989354610443115,4064,28.757614135742188,8301.33620402629,141.3190948601312,18,1.3,1.3,1.3,1.3,1.3,1.3,1.3,1.3,1.3,1.3,1.2,1.3,1.3,1.3,1.3,1.3,1.3,1.3,1.3,1.3,2.201
1884.5190749168396,0.4989752769470215,3872,27.293838500976562,7295.552318439039,141.86351985124634,18,1.3,1.3,1.3,1.3,1.3,1.3,1.3,1.3,1.3,1.3,1.2,1.3,1.3,1.3,1.3,1.3,1.3,1.3,1.3,1.3,2.201
1885.0196397304535,0.49896883964538574,4352,27.910064697265625,8878.356000030088,155.92941281953995,18,1.3,1.3,1.3,1.3,1.3,1.3,1.3,1.3,1.3,1.3,1.2,1.3,1.3,1.3,1.3,1.3,1.3,1.3,1.3,1.3,2.201
1885.5202043056488,0.498889684677124,4128,27.714263916015625,8115.383663325087,148.9485707615888,18,1.3,1.3,1.3,1.3,1.3,1.3,1.3,1.3,1.3,1.3,1.2,1.3,1.3,1.3,1.3,1.3,1.3,1.3,1.3,1.3,2.201
1886.0207533836365,0.49880290031433105,4096,27.5882568359375,8110.418187261483,148.46896722609875,18,1.3,1.3,1.3,1.3,1.3,1.3,1.3,1.3,1.3,1.3,1.2,1.3,1.3,1.3,1.3,1.3,1.3,1.3,1.3,1.3,2.201
1886.5213193893433,0.49897193908691406,4064,28.894821166992188,8296.688133586327,140.64804127054035,18,1.3,1.3,1.3,1.3,1.3,1.3,1.3,1.3,1.3,1.3,1.2,1.3,1.3,1.3,1.3,1.3,1.3,1.3,1.3,1.3,2.201
1887.0218648910522,0.4987754821777344,3808,27.5693359375,7452.083806089822,138.12447309695017,18,1.3,1.3,1.3,1.3,1.3,1.3,1.3,1.3,1.3,1.3,1.2,1.3,1.3,1.3,1.3,1.3,1.3,1.3,1.3,1.3,2.201
1887.5224194526672,0.4989135265350342,4448,29.150711059570312,9079.377924142038,152.5863294006923,18,1.3,1.3,1.3,1.3,1.3,1.3,1.3,1.3,1.3,1.3,1.2,1.3,1.3,1.3,1.3,1.3,1.3,1.3,1.3,1.3,2.201
1888.022970199585,0.4989497661590576,4000,27.124252319335938,7709.26193581253,147.4695026763388,18,1.3,1.3,1.3,1.3,1.3,1.3,1.3,1.3,1.3,1.3,1.2,1.3,1.3,1.3,1.3,1.3,1.3,1.3,1.3,1.3,2.201
1888.5235223770142,0.49895787239074707,4128,29.882354736328125,8423.56375536964,138.1417239847424,18,1.3,1.3,1.3,1.3,1.3,1.3,1.3,1.3,1.3,1.3,1.2,1.3,1.3,1.3,1.3,1.3,1.3,1.3,1.3,1.3,2.201
1889.0240681171417,0.4989640712738037,4096,27.719223022460938,8362.209544639878,147.76748961112668,18,1.3,1.3,1.3,1.3,1.3,1.3,1.3,1.3,1.3,1.3,1.2,1.3,1.3,1.3,1.3,1.3,1.3,1.3,1.3,1.3,2.201
1889.5246365070343,0.49895429611206055,4096,27.970474243164062,8380.651266259187,146.44013413541086,18,1.3,1.3,1.3,1.3,1.3,1.3,1.3,1.3,1.3,1.3,1.2,1.3,1.3,1.3,1.3,1.3,1.3,1.3,1.3,1.3,2.201
1890.025187253952,0.49881434440612793,4096,30.054168701171875,8377.806773660212,136.28724988957316,18,1.3,1.3,1.3,1.3,1.3,1.3,1.3,1.3,1.3,1.3,1.2,1.3,1.3,1.3,1.3,1.3,1.3,1.3,1.3,1.3,2.201
1890.5257396697998,0.49895262718200684,4192,29.8648681640625,8219.881683519226,140.3655953534189,18,1.3,1.3,1.3,1.3,1.3,1.3,1.3,1.3,1.3,1.3,1.2,1.3,1.3,1.3,1.3,1.3,1.3,1.3,1.3,1.3,2.201
1891.0262923240662,0.4989128112792969,4224,29.510040283203125,8381.00143266338,143.13772395642124,18,1.3,1.3,1.3,1.3,1.3,1.3,1.3,1.3,1.3,1.3,1.2,1.3,1.3,1.3,1.3,1.3,1.3,1.3,1.3,1.3,2.201
1891.5268604755402,0.49890565872192383,4096,27.6922607421875,8127.085726406152,147.9113618831412,18,1.3,1.3,1.3,1.3,1.3,1.3,1.3,1.3,1.3,1.3,1.2,1.3,1.3,1.3,1.3,1.3,1.3,1.3,1.3,1.3,2.201
1892.0274064540863,0.49889636039733887,4064,29.752532958984375,7939.393778308147,136.59341225173884,18,1.3,1.3,1.3,1.3,1.3,1.3,1.3,1.3,1.3,1.3,1.2,1.3,1.3,1.3,1.3,1.3,1.3,1.3,1.3,1.3,2.201
1892.5279505252838,0.4752845764160156,4064,32.84437561035156,8279.514142012553,123.73503604431893,18,1.4,1.4,1.4,1.4,1.4,1.4,1.4,1.4,1.4,1.4,1.2,1.4,1.4,1.4,1.4,1.4,1.4,1.4,1.4,1.4,2.201
1893.0285096168518,0.4988398551940918,4096,30.563873291015625,8971.349098380893,134.01442811255325,18,1.4,1.4,1.4,1.4,1.4,1.4,1.4,1.4,1.4,1.4,1.2,1.4,1.4,1.4,1.4,1.4,1.4,1.4,1.4,1.4,2.201
1893.5290615558624,0.49884557723999023,3680,30.541976928710938,7964.867929071362,120.48990831829951,18,1.4,1.4,1.4,1.4,1.4,1.4,1.4,1.4,1.4,1.4,1.2,1.4,1.4,1.4,1.4,1.4,1.4,1.4,1.4,1.4,2.201
1894.0296280384064,0.4989774227142334,5376,30.49267578125,9448.46761978037,176.30463258018543,18,1.4,1.4,1.4,1.4,1.4,1.4,1.4,1.4,1.4,1.4,1.2,1.4,1.4,1.4,1.4,1.4,1.4,1.4,1.4,1.4,2.201
1894.5301842689514,0.498776912689209,4256,31.0128173828125,7973.542038037879,137.23358144038542,18,1.4,1.4,1.4,1.4,1.4,1.4,1.4,1.4,1.4,1.4,1.2,1.4,1.4,1.4,1.4,1.4,1.4,1.4,1.4,1.4,2.201
1895.0307354927063,0.49886274337768555,4320,30.087066650390625,9494.214672795619,143.58328946447534,18,1.4,1.4,1.4,1.4,1.4,1.4,1.4,1.4,1.4,1.4,1.2,1.4,1.4,1.4,1.4,1.4,1.4,1.4,1.4,1.4,2.201
1895.531286239624,0.4989967346191406,4608,31.255889892578125,9007.799629694735,147.42821323715356,18,1.4,1.4,1.4,1.4,1.4,1.4,1.4,1.4,1.4,1.4,1.2,1.4,1.4,1.4,1.4,1.4,1.4,1.4,1.4,1.4,2.201
1896.0318431854248,0.4990103244781494,4544,31.4300537109375,8892.869243388432,144.57499951451598,18,1.4,1.4,1.4,1.4,1.4,1.4,1.4,1.4,1.4,1.4,1.2,1.4,1.4,1.4,1.4,1.4,1.4,1.4,1.4,1.4,2.201
1896.5324079990387,0.4988987445831299,4640,30.839324951171875,8773.622232964051,150.45724922145817,18,1.4,1.4,1.4,1.4,1.4,1.4,1.4,1.4,1.4,1.4,1.2,1.4,1.4,1.4,1.4,1.4,1.4,1.4,1.4,1.4,2.201
1897.0329740047455,0.4988875389099121,4256,30.3297119140625,9354.363698402642,140.32444528517553,18,1.4,1.4,1.4,1.4,1.4,1.4,1.4,1.4,1.4,1.4,1.2,1.4,1.4,1.4,1.4,1.4,1.4,1.4,1.4,1.4,2.201
1897.5335321426392,0.49892306327819824,4064,30.777435302734375,8854.44702630976,132.0447906079731,18,1.4,1.4,1.4,1.4,1.4,1.4,1.4,1.4,1.4,1.4,1.2,1.4,1.4,1.4,1.4,1.4,1.4,1.4,1.4,1.4,2.201
1898.0340795516968,0.4988408088684082,5088,30.672134399414062,8813.589827250717,165.88346718046455,18,1.4,1.4,1.4,1.4,1.4,1.4,1.4,1.4,1.4,1.4,1.2,1.4,1.4,1.4,1.4,1.4,1.4,1.4,1.4,1.4,2.201
1898.5346312522888,0.4989585876464844,4256,30.713348388671875,9049.635008320214,138.5716707322526,18,1.4,1.4,1.4,1.4,1.4,1.4,1.4,1.4,1.4,1.4,1.2,1.4,1.4,1.4,1.4,1.4,1.4,1.4,1.4,1.4,2.201
1899.035187959671,0.4989433288574219,4096,29.60479736328125,8752.137773318706,138.35595460215032,18,1.4,1.4,1.4,1.4,1.4,1.4,1.4,1.4,1.4,1.4,1.2,1.4,1.4,1.4,1.4,1.4,1.4,1.4,1.4,1.4,2.201
1899.5357401371002,0.4989042282104492,5088,29.592391967773438,9143.157326569402,171.93608429967097,18,1.4,1.4,1.4,1.4,1.4,1.4,1.4,1.4,1.4,1.4,1.2,1.4,1.4,1.4,1.4,1.4,1.4,1.4,1.4,1.4,2.201
1900.0363066196442,0.4989800453186035,4096,30.725814819335938,9011.604572301292,133.30810017843245,18,1.4,1.4,1.4,1.4,1.4,1.4,1.4,1.4,1.4,1.4,1.2,1.4,1.4,1.4,1.4,1.4,1.4,1.4,1.4,1.4,2.201
1900.536862373352,0.49886131286621094,5056,30.116317749023438,8900.693430602818,167.88240986612473,18,1.4,1.4,1.4,1.4,1.4,1.4,1.4,1.4,1.4,1.4,1.2,1.4,1.4,1.4,1.4,1.4,1.4,1.4,1.4,1.4,2.201
1901.0374250411987,0.49895739555358887,4096,32.060455322265625,9015.634468143582,127.75863470520876,18,1.4,1.4,1.4,1.4,1.4,1.4,1.4,1.4,1.4,1.4,1.2,1.4,1.4,1.4,1.4,1.4,1.4,1.4,1.4,1.4,2.201
1901.5379910469055,0.49878907203674316,4416,28.619796752929688,8364.736740075814,154.29878968472943,18,1.4,1.4,1.4,1.4,1.4,1.4,1.4,1.4,1.4,1.4,1.2,1.4,1.4,1.4,1.4,1.4,1.4,1.4,1.4,1.4,2.201
1902.038545846939,0.4987804889678955,4640,28.83184814453125,8987.29514045953,160.93314506722328,18,1.4,1.4,1.4,1.4,1.4,1.4,1.4,1.4,1.4,1.4,1.2,1.4,1.4,1.4,1.4,1.4,1.4,1.4,1.4,1.4,2.201
1902.5390756130219,0.474224328994751,4736,32.55328369140625,9244.435923883802,145.4845552570249,18,1.5,1.5,1.5,1.5,1.5,1.5,1.5,1.5,1.5,1.5,1.2,1.5,1.5,1.5,1.5,1.5,1.5,1.5,1.5,1.5,2.201
1903.0396287441254,0.4989662170410156,4480,29.467056274414062,9294.723373765733,152.03418890165617,18,1.5,1.5,1.5,1.5,1.5,1.5,1.5,1.5,1.5,1.5,1.2,1.5,1.5,1.5,1.5,1.5,1.5,1.5,1.5,1.5,2.201
1903.5401945114136,0.4990103244781494,4256,31.963134765625,9493.081588855588,133.1533978506122,18,1.5,1.5,1.5,1.5,1.5,1.5,1.5,1.5,1.5,1.5,1.2,1.5,1.5,1.5,1.5,1.5,1.5,1.5,1.5,1.5,2.201
1904.0407450199127,0.49890851974487305,4960,32.69798278808594,9338.90103402419,151.6913147867721,18,1.5,1.5,1.5,1.5,1.5,1.5,1.5,1.5,1.5,1.5,1.2,1.5,1.5,1.5,1.5,1.5,1.5,1.5,1.5,1.5,2.201
1904.5412983894348,0.499021053314209,4864,32.683837890625,9167.727480105848,148.81973213418686,18,1.5,1.5,1.5,1.5,1.5,1.5,1.5,1.5,1.5,1.5,1.2,1.5,1.5,1.5,1.5,1.5,1.5,1.5,1.5,1.5,2.201
1905.0418491363525,0.4989445209503174,4864,32.214813232421875,10186.012683682626,150.9864410793708,18,1.5,1.5,1.5,1.5,1.5,1.5,1.5,1.5,1.5,1.5,1.2,1.5,1.5,1.5,1.5,1.5,1.5,1.5,1.5,1.5,2.201
1905.5424134731293,0.49895548820495605,4512,30.63665771484375,9475.160351832714,147.27455070315628,18,1.5,1.5,1.5,1.5,1.5,1.5,1.5,1.5,1.5,1.5,1.2,1.5,1.5,1.5,1.5,1.5,1.5,1.5,1.5,1.5,2.201
1906.042962551117,0.4989604949951172,5120,31.867172241210938,9669.835976867034,160.6669070366641,18,1.5,1.5,1.5,1.5,1.5,1.5,1.5,1.5,1.5,1.5,1.2,1.5,1.5,1.5,1.5,1.5,1.5,1.5,1.5,1.5,2.201
1906.5434987545013,0.49896693229675293,4608,32.418121337890625,9659.36102100011,142.14272171947619,18,1.5,1.5,1.5,1.5,1.5,1.5,1.5,1.5,1.5,1.5,1.2,1.5,1.5,1.5,1.5,1.5,1.5,1.5,1.5,1.5,2.201
1907.0440504550934,0.4989786148071289,5248,33.135589599609375,9891.908197335866,158.37955694809386,18,1.5,1.5,1.5,1.5,1.5,1.5,1.5,1.5,1.5,1.5,1.2,1.5,1.5,1.5,1.5,1.5,1.5,1.5,1.5,1.5,2.201
1907.5446031093597,0.4989621639251709,4640,32.590118408203125,9636.856030060024,142.37444436016793,18,1.5,1.5,1.5,1.5,1.5,1.5,1.5,1.5,1.5,1.5,1.2,1.5,1.5,1.5,1.5,1.5,1.5,1.5,1.5,1.5,2.201
1908.0451760292053,0.4990112781524658,5024,32.6661376953125,9467.705914674061,153.79840882507912,18,1.5,1.5,1.5,1.5,1.5,1.5,1.5,1.5,1.5,1.5,1.2,1.5,1.5,1.5,1.5,1.5,1.5,1.5,1.5,1.5,2.201
1908.545728445053,0.49903440475463867,4128,32.36412048339844,9727.078218739498,127.54865382847363,18,1.5,1.5,1.5,1.5,1.5,1.5,1.5,1.5,1.5,1.5,1.2,1.5,1.5,1.5,1.5,1.5,1.5,1.5,1.5,1.5,2.201
1909.046292066574,0.4989461898803711,5184,32.68193054199219,9771.828314351467,158.6197606453881,18,1.5,1.5,1.5,1.5,1.5,1.5,1.5,1.5,1.5,1.5,1.2,1.5,1.5,1.5,1.5,1.5,1.5,1.5,1.5,1.5,2.201
1909.5468430519104,0.49893927574157715,4960,32.531494140625,9375.740424123891,152.46763577963063,18,1.5,1.5,1.5,1.5,1.5,1.5,1.5,1.5,1.5,1.5,1.2,1.5,1.5,1.5,1.5,1.5,1.5,1.5,1.5,1.5,2.201
1910.0473935604095,0.4989449977874756,4640,31.7027587890625,9665.081677216032,146.35950236610975,18,1.5,1.5,1.5,1.5,1.5,1.5,1.5,1.5,1.5,1.5,1.2,1.5,1.5,1.5,1.5,1.5,1.5,1.5,1.5,1.5,2.201
1910.5479502677917,0.4989962577819824,4736,30.86065673828125,9719.276386182959,153.46400564849958,18,1.5,1.5,1.5,1.5,1.5,1.5,1.5,1.5,1.5,1.5,1.2,1.5,1.5,1.5,1.5,1.5,1.5,1.5,1.5,1.5,2.201
1911.0485000610352,0.49890923500061035,5120,33.336029052734375,9637.822674318055,153.58757912949545,18,1.5,1.5,1.5,1.5,1.5,1.5,1.5,1.5,1.5,1.5,1.2,1.5,1.5,1.5,1.5,1.5,1.5,1.5,1.5,1.5,2.201
1911.549046754837,0.4989814758300781,4576,32.494110107421875,9581.52855694511,140.82552145211113,18,1.5,1.5,1.5,1.5,1.5,1.5,1.5,1.5,1.5,1.5,1.2,1.5,1.5,1.5,1.5,1.5,1.5,1.5,1.5,1.5,2.201
1912.0495960712433,0.4989802837371826,4704,32.42301940917969,9349.98548236967,145.08210788869934,18,1.5,1.5,1.5,1.5,1.5,1.5,1.5,1.5,1.5,1.5,1.2,1.5,1.5,1.5,1.5,1.5,1.5,1.5,1.5,1.5,2.201
1912.550120830536,0.47437167167663574,4960,33.84989929199219,9579.559258314577,146.5292394879703,18,1.6,1.6,1.6,1.6,1.6,1.6,1.6,1.6,1.6,1.6,1.2,1.6,1.6,1.6,1.6,1.6,1.6,1.6,1.6,1.6,2.201
1913.0506682395935,0.4989044666290283,5216,32.29362487792969,10436.236984107209,161.51794726409767,18,1.6,1.6,1.6,1.6,1.6,1.6,1.6,1.6,1.6,1.6,1.2,1.6,1.6,1.6,1.6,1.6,1.6,1.6,1.6,1.6,2.201
1913.5512194633484,0.49901509284973145,5152,34.118072509765625,10381.80453805735,151.00501350201836,18,1.6,1.6,1.6,1.6,1.6,1.6,1.6,1.6,1.6,1.6,1.2,1.6,1.6,1.6,1.6,1.6,1.6,1.6,1.6,1.6,2.201
1914.0517728328705,0.49902772903442383,5088,33.93080139160156,10264.098265039604,149.95224961763986,18,1.6,1.6,1.6,1.6,1.6,1.6,1.6,1.6,1.6,1.6,1.2,1.6,1.6,1.6,1.6,1.6,1.6,1.6,1.6,1.6,2.201
1914.5523216724396,0.4989933967590332,4992,32.244354248046875,9800.161301232096,154.81780039996858,18,1.6,1.6,1.6,1.6,1.6,1.6,1.6,1.6,1.6,1.6,1.2,1.6,1.6,1.6,1.6,1.6,1.6,1.6,1.6,1.6,2.201
1915.0528717041016,0.4990866184234619,5152,35.46672058105469,10394.81738664094,145.26293707436972,18,1.6,1.6,1.6,1.6,1.6,1.6,1.6,1.6,1.6,1.6,1.2,1.6,1.6,1.6,1.6,1.6,1.6,1.6,1.6,1.6,2.201
1915.5533950328827,0.4990220069885254,5184,33.713531494140625,10337.509875750035,153.76615175722466,18,1.6,1.6,1.6,1.6,1.6,1.6,1.6,1.6,1.6,1.6,1.2,1.6,1.6,1.6,1.6,1.6,1.6,1.6,1.6,1.6,2.201
1916.0539717674255,0.4990072250366211,5184,34.07362365722656,10425.63736255386,152.14114155130497,18,1.6,1.6,1.6,1.6,1.6,1.6,1.6,1.6,1.6,1.6,1.2,1.6,1.6,1.6,1.6,1.6,1.6,1.6,1.6,1.6,2.201
1916.5543868541718,0.4989175796508789,4928,34.2244873046875,9911.900665299045,143.99046963444343,18,1.6,1.6,1.6,1.6,1.6,1.6,1.6,1.6,1.6,1.6,1.2,1.6,1.6,1.6,1.6,1.6,1.6,1.6,1.6,1.6,2.201
1917.054948091507,0.4989614486694336,5120,34.19779968261719,10296.094258224399,149.71723466181092,18,1.6,1.6,1.6,1.6,1.6,1.6,1.6,1.6,1.6,1.6,1.2,1.6,1.6,1.6,1.6,1.6,1.6,1.6,1.6,1.6,2.201
1917.555502653122,0.49892258644104004,5216,33.57649230957031,10019.98957947356,155.34678107258043,18,1.6,1.6,1.6,1.6,1.6,1.6,1.6,1.6,1.6,1.6,1.2,1.6,1.6,1.6,1.6,1.6,1.6,1.6,1.6,1.6,2.201
1918.0560545921326,0.49901318550109863,4992,32.471405029296875,9928.106392690215,153.7352632414901,18,1.6,1.6,1.6,1.6,1.6,1.6,1.6,1.6,1.6,1.6,1.2,1.6,1.6,1.6,1.6,1.6,1.6,1.6,1.6,1.6,2.201
1918.556620836258,0.4990246295928955,5184,34.17762756347656,10417.31758201182,151.67816988970318,18,1.6,1.6,1.6,1.6,1.6,1.6,1.6,1.6,1.6,1.6,1.2,1.6,1.6,1.6,1.6,1.6,1.6,1.6,1.6,1.6,2.201
1919.0571806430817,0.4989912509918213,5312,33.76300048828125,10389.367069687703,157.33198836530343,18,1.6,1.6,1.6,1.6,1.6,1.6,1.6,1.6,1.6,1.6,1.2,1.6,1.6,1.6,1.6,1.6,1.6,1.6,1.6,1.6,2.201
1919.557745218277,0.4990086555480957,5088,33.68846130371094,10513.951252621939,151.03094065740348,18,1.6,1.6,1.6,1.6,1.6,1.6,1.6,1.6,1.6,1.6,1.2,1.6,1.6,1.6,1.6,1.6,1.6,1.6,1.6,1.6,2.201
1920.0582950115204,0.4988553524017334,5024,33.04112243652344,10104.471547748946,152.0529458299063,18,1.6,1.6,1.6,1.6,1.6,1.6,1.6,1.6,1.6,1.6,1.2,1.6,1.6,1.6,1.6,1.6,1.6,1.6,1.6,1.6,2.201
1920.5588479042053,0.4989912509918213,5152,33.57975769042969,10368.165523660033,153.42576463761478,18,1.6,1.6,1.6,1.6,1.6,1.6,1.6,1.6,1.6,1.6,1.2,1.6,1.6,1.6,1.6,1.6,1.6,1.6,1.6,1.6,2.201
1921.059401512146,0.49902844429016113,5056,33.269805908203125,10178.80263237696,151.96962717336964,18,1.6,1.6,1.6,1.6,1.6,1.6,1.6,1.6,1.6,1.6,1.2,1.6,1.6,1.6,1.6,1.6,1.6,1.6,1.6,1.6,2.201
1921.5599534511566,0.49903035163879395,5120,33.75749206542969,10319.982099380195,151.67003490888118,18,1.6,1.6,1.6,1.6,1.6,1.6,1.6,1.6,1.6,1.6,1.2,1.6,1.6,1.6,1.6,1.6,1.6,1.6,1.6,1.6,2.201
1922.0605039596558,0.49901652336120605,4832,33.677734375,9638.173555451076,143.47758510699995,18,1.6,1.6,1.6,1.6,1.6,1.6,1.6,1.6,1.6,1.6,1.2,1.6,1.6,1.6,1.6,1.6,1.6,1.6,1.6,1.6,2.201
1922.5610492229462,0.47472453117370605,5440,33.41700744628906,10632.17131429258,162.79135732736322,18,1.7,1.7,1.7,1.7,1.7,1.7,1.7,1.7,1.7,1.7,1.2,1.7,1.7,1.7,1.7,1.7,1.7,1.7,1.7,1.7,2.201
1923.0615978240967,0.4988231658935547,5248,32.38395690917969,10751.289246909062,162.05555160284877,18,1.7,1.7,1.7,1.7,1.7,1.7,1.7,1.7,1.7,1.7,1.2,1.7,1.7,1.7,1.7,1.7,1.7,1.7,1.7,1.7,2.201
1923.562165260315,0.4989657402038574,5472,33.69715881347656,10800.769768205733,162.38757784563052,18,1.7,1.7,1.7,1.7,1.7,1.7,1.7,1.7,1.7,1.7,1.2,1.7,1.7,1.7,1.7,1.7,1.7,1.7,1.7,1.7,2.201
1924.0627143383026,0.498854398727417,5664,35.28485107421875,10921.129335990561,160.5221455543697,18,1.7,1.7,1.7,1.7,1.7,1.7,1.7,1.7,1.7,1.7,1.2,1.7,1.7,1.7,1.7,1.7,1.7,1.7,1.7,1.7,2.201
1924.5632815361023,0.4990246295928955,5056,33.85675048828125,10483.224350024057,149.33506397047822,18,1.7,1.7,1.7,1.7,1.7,1.7,1.7,1.7,1.7,1.7,1.2,1.7,1.7,1.7,1.7,1.7,1.7,1.7,1.7,1.7,2.201
1925.06382894516,0.4988408088684082,4960,33.915191650390625,10525.0520785649,146.24714644485496,18,1.7,1.7,1.7,1.7,1.7,1.7,1.7,1.7,1.7,1.7,1.2,1.7,1.7,1.7,1.7,1.7,1.7,1.7,1.7,1.7,2.201
1925.5643837451935,0.49901700019836426,6304,34.63145446777344,11085.952170325882,182.0310494283812,18,1.7,1.7,1.7,1.7,1.7,1.7,1.7,1.7,1.7,1.7,1.2,1.7,1.7,1.7,1.7,1.7,1.7,1.7,1.7,1.7,2.201
1926.0649337768555,0.49899768829345703,5024,34.173187255859375,10645.38855925824,147.01584497766092,18,1.7,1.7,1.7,1.7,1.7,1.7,1.7,1.7,1.7,1.7,1.2,1.7,1.7,1.7,1.7,1.7,1.7,1.7,1.7,1.7,2.201
1926.5654876232147,0.4990043640136719,4960,34.67607116699219,9978.34800601456,143.0381191719717,18,1.7,1.7,1.7,1.7,1.7,1.7,1.7,1.7,1.7,1.7,1.2,1.7,1.7,1.7,1.7,1.7,1.7,1.7,1.7,1.7,2.201
1927.0660390853882,0.4989166259765625,5472,35.40966796875,11682.028517651359,154.53406693418276,18,1.7,1.7,1.7,1.7,1.7,1.7,1.7,1.7,1.7,1.7,1.2,1.7,1.7,1.7,1.7,1.7,1.7,1.7,1.7,1.7,2.201
1927.5666055679321,0.4989798069000244,6144,34.326019287109375,10942.45075468797,178.98958654688187,18,1.7,1.7,1.7,1.7,1.7,1.7,1.7,1.7,1.7,1.7,1.2,1.7,1.7,1.7,1.7,1.7,1.7,1.7,1.7,1.7,2.201
1928.0671589374542,0.4988725185394287,5024,34.6881103515625,10733.177929712048,144.83348758643746,18,1.7,1.7,1.7,1.7,1.7,1.7,1.7,1.7,1.7,1.7,1.2,1.7,1.7,1.7,1.7,1.7,1.7,1.7,1.7,1.7,2.201
1928.567709684372,0.4989759922027588,5248,35.54841613769531,10898.219032147796,147.62964346068443,18,1.7,1.7,1.7,1.7,1.7,1.7,1.7,1.7,1.7,1.7,1.2,1.7,1.7,1.7,1.7,1.7,1.7,1.7,1.7,1.7,2.201
1929.0682711601257,0.4990413188934326,6048,33.87284851074219,11063.885587875782,178.55008556726435,18,1.7,1.7,1.7,1.7,1.7,1.7,1.7,1.7,1.7,1.7,1.2,1.7,1.7,1.7,1.7,1.7,1.7,1.7,1.7,1.7,2.201
1929.568823814392,0.4989302158355713,5120,35.673675537109375,10970.348040294115,143.52319807007115,18,1.7,1.7,1.7,1.7,1.7,1.7,1.7,1.7,1.7,1.7,1.2,1.7,1.7,1.7,1.7,1.7,1.7,1.7,1.7,1.7,2.201
1930.0693743228912,0.4990193843841553,5312,35.6727294921875,10057.32746240936,148.90926698399554,18,1.7,1.7,1.7,1.7,1.7,1.7,1.7,1.7,1.7,1.7,1.2,1.7,1.7,1.7,1.7,1.7,1.7,1.7,1.7,1.7,2.201
1930.569923400879,0.4989447593688965,5280,35.34687805175781,11200.698055166544,149.37670003751361,18,1.7,1.7,1.7,1.7,1.7,1.7,1.7,1.7,1.7,1.7,1.2,1.7,1.7,1.7,1.7,1.7,1.7,1.7,1.7,1.7,2.201
1931.0704863071442,0.4989762306213379,5664,33.598907470703125,10485.630898764663,168.5769099765752,18,1.7,1.7,1.7,1.7,1.7,1.7,1.7,1.7,1.7,1.7,1.2,1.7,1.7,1.7,1.7,1.7,1.7,1.7,1.7,1.7,2.201
1931.5710356235504,0.49892139434814453,5120,35.51777648925781,10926.631538532256,144.15316796501943,18,1.7,1.7,1.7,1.7,1.7,1.7,1.7,1.7,1.7,1.7,1.2,1.7,1.7,1.7,1.7,1.7,1.7,1.7,1.7,1.7,2.201
1932.0715854167938,0.4990055561065674,5696,34.44482421875,11010.40481619262,165.365918659541,18,1.7,1.7,1.7,1.7,1.7,1.7,1.7,1.7,1.7,1.7,1.2,1.7,1.7,1.7,1.7,1.7,1.7,1.7,1.7,1.7,2.201
1932.572130203247,0.4752829074859619,4672,36.339202880859375,10264.518178076793,128.5663864261822,18,1.8,1.8,1.8,1.8,1.8,1.8,1.8,1.8,1.8,1.8,1.2,1.8,1.8,1.8,1.8,1.8,1.8,1.8,1.8,1.8,2.201
1933.0726940631866,0.498960018157959,6176,35.39872741699219,11232.501967625307,174.46954878483515,18,1.8,1.8,1.8,1.8,1.8,1.8,1.8,1.8,1.8,1.8,1.2,1.8,1.8,1.8,1.8,1.8,1.8,1.8,1.8,1.8,2.201
1933.5732448101044,0.4988987445831299,4896,35.91229248046875,11346.464422387746,136.33214873884026,18,1.8,1.8,1.8,1.8,1.8,1.8,1.8,1.8,1.8,1.8,1.2,1.8,1.8,1.8,1.8,1.8,1.8,1.8,1.8,1.8,2.201
1934.0737946033478,0.4990272521972656,6240,36.21818542480469,11093.419677558713,172.28913946987586,18,1.8,1.8,1.8,1.8,1.8,1.8,1.8,1.8,1.8,1.8,1.2,1.8,1.8,1.8,1.8,1.8,1.8,1.8,1.8,1.8,2.201
1934.5743584632874,0.49899816513061523,5408,35.581451416015625,11133.33814917855,151.98930298739293,18,1.8,1.8,1.8,1.8,1.8,1.8,1.8,1.8,1.8,1.8,1.2,1.8,1.8,1.8,1.8,1.8,1.8,1.8,1.8,1.8,2.201
1935.0749199390411,0.4989895820617676,6240,36.68772888183594,11703.33051119907,170.08411777403367,18,1.8,1.8,1.8,1.8,1.8,1.8,1.8,1.8,1.8,1.8,1.2,1.8,1.8,1.8,1.8,1.8,1.8,1.8,1.8,1.8,2.201
1935.5754897594452,0.49893903732299805,5664,36.57392883300781,11574.088169287075,154.86441245787805,18,1.8,1.8,1.8,1.8,1.8,1.8,1.8,1.8,1.8,1.8,1.2,1.8,1.8,1.8,1.8,1.8,1.8,1.8,1.8,1.8,2.201
1936.0760385990143,0.4989352226257324,5600,36.07777404785156,11365.251281589743,155.2202193121025,18,1.8,1.8,1.8,1.8,1.8,1.8,1.8,1.8,1.8,1.8,1.2,1.8,1.8,1.8,1.8,1.8,1.8,1.8,1.8,1.8,2.201
1936.576589345932,0.49902820587158203,5696,36.152984619140625,11260.98396928153,157.55269060093985,18,1.8,1.8,1.8,1.8,1.8,1.8,1.8,1.8,1.8,1.8,1.2,1.8,1.8,1.8,1.8,1.8,1.8,1.8,1.8,1.8,2.201
1937.077137708664,0.49892473220825195,5664,37.1708984375,11542.62416128856,152.37726926411474,18,1.8,1.8,1.8,1.8,1.8,1.8,1.8,1.8,1.8,1.8,1.2,1.8,1.8,1.8,1.8,1.8,1.8,1.8,1.8,1.8,2.201
1937.5777006149292,0.4990379810333252,6240,35.65892028808594,11781.588004338237,174.99127706580776,18,1.8,1.8,1.8,1.8,1.8,1.8,1.8,1.8,1.8,1.8,1.2,1.8,1.8,1.8,1.8,1.8,1.8,1.8,1.8,1.8,2.201
1938.0782701969147,0.4988248348236084,5504,35.49237060546875,11348.224528583965,155.0755812053853,18,1.8,1.8,1.8,1.8,1.8,1.8,1.8,1.8,1.8,1.8,1.2,1.8,1.8,1.8,1.8,1.8,1.8,1.8,1.8,1.8,2.201
1938.57883310318,0.4988524913787842,5408,37.0455322265625,11158.76012624059,145.9825159732039,18,1.8,1.8,1.8,1.8,1.8,1.8,1.8,1.8,1.8,1.8,1.2,1.8,1.8,1.8,1.8,1.8,1.8,1.8,1.8,1.8,2.201
1939.0793838500977,0.49896812438964844,5824,34.99485778808594,11441.084208244569,166.42445113701223,18,1.8,1.8,1.8,1.8,1.8,1.8,1.8,1.8,1.8,1.8,1.2,1.8,1.8,1.8,1.8,1.8,1.8,1.8,1.8,1.8,2.201
1939.5799324512482,0.4989626407623291,5632,35.672393798828125,11582.88617216239,157.88119047354252,18,1.8,1.8,1.8,1.8,1.8,1.8,1.8,1.8,1.8,1.8,1.2,1.8,1.8,1.8,1.8,1.8,1.8,1.8,1.8,1.8,2.201
1940.0804846286774,0.4990265369415283,5984,36.797515869140625,11271.316506142584,162.61967305837462,18,1.8,1.8,1.8,1.8,1.8,1.8,1.8,1.8,1.8,1.8,1.2,1.8,1.8,1.8,1.8,1.8,1.8,1.8,1.8,1.8,2.201
1940.5810370445251,0.49904751777648926,5280,34.81568908691406,11108.836225015491,151.65576607772954,18,1.8,1.8,1.8,1.8,1.8,1.8,1.8,1.8,1.8,1.8,1.2,1.8,1.8,1.8,1.8,1.8,1.8,1.8,1.8,1.8,2.201
1941.0815887451172,0.49898362159729004,6080,37.236724853515625,11421.301204058438,163.27966608013782,18,1.8,1.8,1.8,1.8,1.8,1.8,1.8,1.8,1.8,1.8,1.2,1.8,1.8,1.8,1.8,1.8,1.8,1.8,1.8,1.8,2.201
1941.582138299942,0.49898529052734375,5664,36.47505187988281,11658.608359240527,155.2842205311264,18,1.8,1.8,1.8,1.8,1.8,1.8,1.8,1.8,1.8,1.8,1.2,1.8,1.8,1.8,1.8,1.8,1.8,1.8,1.8,1.8,2.201
1942.0823702812195,0.4989781379699707,5792,36.796844482421875,11945.940465234879,157.40480145700758,18,1.8,1.8,1.8,1.8,1.8,1.8,1.8,1.8,1.8,1.8,1.2,1.8,1.8,1.8,1.8,1.8,1.8,1.8,1.8,1.8,2.201
1942.582896232605,0.47518301010131836,6048,38.81427001953125,11437.07895428814,155.81898093038103,18,1.9,1.9,1.9,1.9,1.9,1.9,1.9,1.9,1.9,1.9,1.2,1.9,1.9,1.9,1.9,1.9,1.9,1.9,1.9,1.9,2.201
1943.0834686756134,0.49890732765197754,5952,36.48661804199219,11839.536614612103,163.12830071424779,18,1.9,1.9,1.9,1.9,1.9,1.9,1.9,1.9,1.9,1.9,1.2,1.9,1.9,1.9,1.9,1.9,1.9,1.9,1.9,1.9,2.201
1943.5840210914612,0.49906086921691895,5760,36.49665832519531,12412.040783987135,157.82266827490912,18,1.9,1.9,1.9,1.9,1.9,1.9,1.9,1.9,1.9,1.9,1.2,1.9,1.9,1.9,1.9,1.9,1.9,1.9,1.9,1.9,2.201
1944.0845856666565,0.4990370273590088,6176,37.80119323730469,12306.704358357254,163.38108591516945,18,1.9,1.9,1.9,1.9,1.9,1.9,1.9,1.9,1.9,1.9,1.2,1.9,1.9,1.9,1.9,1.9,1.9,1.9,1.9,1.9,2.201
1944.5851483345032,0.4989306926727295,6016,37.16526794433594,12001.5020593042,161.87156269155463,18,1.9,1.9,1.9,1.9,1.9,1.9,1.9,1.9,1.9,1.9,1.2,1.9,1.9,1.9,1.9,1.9,1.9,1.9,1.9,1.9,2.201
1945.0856955051422,0.49893760681152344,6304,37.99668884277344,12575.267655386777,165.9091934585493,18,1.9,1.9,1.9,1.9,1.9,1.9,1.9,1.9,1.9,1.9,1.2,1.9,1.9,1.9,1.9,1.9,1.9,1.9,1.9,1.9,2.201
1945.5862591266632,0.4990055561065674,6176,37.909759521484375,12264.463264604201,162.913193804353,18,1.9,1.9,1.9,1.9,1.9,1.9,1.9,1.9,1.9,1.9,1.2,1.9,1.9,1.9,1.9,1.9,1.9,1.9,1.9,1.9,2.201
1946.0868093967438,0.49896812438964844,6080,36.61322021484375,12127.256485699987,166.06023628413442,18,1.9,1.9,1.9,1.9,1.9,1.9,1.9,1.9,1.9,1.9,1.2,1.9,1.9,1.9,1.9,1.9,1.9,1.9,1.9,1.9,2.201
1946.5873589515686,0.49899721145629883,6144,38.067047119140625,12228.11985043327,161.39943770187296,18,1.9,1.9,1.9,1.9,1.9,1.9,1.9,1.9,1.9,1.9,1.2,1.9,1.9,1.9,1.9,1.9,1.9,1.9,1.9,1.9,2.201
1947.0879218578339,0.49904680252075195,6112,36.6998291015625,12192.320618182539,166.540285053801,18,1.9,1.9,1.9,1.9,1.9,1.9,1.9,1.9,1.9,1.9,1.2,1.9,1.9,1.9,1.9,1.9,1.9,1.9,1.9,1.9,2.201
1947.5884864330292,0.49898624420166016,6112,37.9136962890625,12175.132574672614,161.2082333888193,18,1.9,1.9,1.9,1.9,1.9,1.9,1.9,1.9,1.9,1.9,1.2,1.9,1.9,1.9,1.9,1.9,1.9,1.9,1.9,1.9,2.201
1948.0890367031097,0.4989752769470215,6272,37.23786926269531,12388.325894242636,168.43068962281507,18,1.9,1.9,1.9,1.9,1.9,1.9,1.9,1.9,1.9,1.9,1.2,1.9,1.9,1.9,1.9,1.9,1.9,1.9,1.9,1.9,2.201
1948.5895845890045,0.4990508556365967,6016,36.49365234375,11860.683284403045,164.85058670841195,18,1.9,1.9,1.9,1.9,1.9,1.9,1.9,1.9,1.9,1.9,1.2,1.9,1.9,1.9,1.9,1.9,1.9,1.9,1.9,1.9,2.201
1949.0901329517365,0.4990248680114746,6144,37.70262145996094,12213.36022332962,162.9594909341979,18,1.9,1.9,1.9,1.9,1.9,1.9,1.9,1.9,1.9,1.9,1.2,1.9,1.9,1.9,1.9,1.9,1.9,1.9,1.9,1.9,2.201
1949.5906822681427,0.4989902973175049,6176,37.8604736328125,12111.594031285298,163.12527043104532,18,1.9,1.9,1.9,1.9,1.9,1.9,1.9,1.9,1.9,1.9,1.2,1.9,1.9,1.9,1.9,1.9,1.9,1.9,1.9,1.9,2.201
1950.0912327766418,0.49904394149780273,5408,35.762939453125,11086.970767796482,151.2179950165546,18,1.9,1.9,1.9,1.9,1.9,1.9,1.9,1.9,1.9,1.9,1.2,1.9,1.9,1.9,1.9,1.9,1.9,1.9,1.9,1.9,2.201
1950.591782093048,0.49901556968688965,6176,37.78776550292969,12208.982385356114,163.43914274373208,18,1.9,1.9,1.9,1.9,1.9,1.9,1.9,1.9,1.9,1.9,1.2,1.9,1.9,1.9,1.9,1.9,1.9,1.9,1.9,1.9,2.201
1951.09232878685,0.4990048408508301,6176,38.418914794921875,12212.47605899048,160.75415021395477,18,1.9,1.9,1.9,1.9,1.9,1.9,1.9,1.9,1.9,1.9,1.2,1.9,1.9,1.9,1.9,1.9,1.9,1.9,1.9,1.9,2.201
1951.5928919315338,0.4990577697753906,5536,37.00358581542969,11842.20069457223,149.60712260733416,18,1.9,1.9,1.9,1.9,1.9,1.9,1.9,1.9,1.9,1.9,1.2,1.9,1.9,1.9,1.9,1.9,1.9,1.9,1.9,1.9,2.201
1952.0934262275696,0.49888181686401367,6336,36.51344299316406,12586.20339163401,173.52513158472092,18,1.9,1.9,1.9,1.9,1.9,1.9,1.9,1.9,1.9,1.9,1.2,1.9,1.9,1.9,1.9,1.9,1.9,1.9,1.9,1.9,2.201
1952.5939548015594,0.4757685661315918,6496,39.51258850097656,11940.237369778155,164.40330149059838,18,2.0,2.0,2.0,2.0,2.0,2.0,2.0,2.0,2.0,2.0,1.2,2.0,2.0,2.0,2.0,2.0,2.0,2.0,2.0,2.0,2.201
1953.094500541687,0.4989755153656006,6336,37.01806640625,13242.113105613947,171.1596691860235,18,2.0,2.0,2.0,2.0,2.0,2.0,2.0,2.0,2.0,2.0,1.2,2.0,2.0,2.0,2.0,2.0,2.0,2.0,2.0,2.0,2.201
1953.5950548648834,0.49902963638305664,5856,38.777008056640625,11845.287153484545,151.01732427231838,18,2.0,2.0,2.0,2.0,2.0,2.0,2.0,2.0,2.0,2.0,1.2,2.0,2.0,2.0,2.0,2.0,2.0,2.0,2.0,2.0,2.201
1954.0956029891968,0.49900031089782715,6240,39.06495666503906,12873.154985539291,159.73395423178465,18,2.0,2.0,2.0,2.0,2.0,2.0,2.0,2.0,2.0,2.0,1.2,2.0,2.0,2.0,2.0,2.0,2.0,2.0,2.0,2.0,2.201
1954.5961377620697,0.4990231990814209,6784,39.32615661621094,12827.56964784273,172.5060515372996,18,2.0,2.0,2.0,2.0,2.0,2.0,2.0,2.0,2.0,2.0,1.2,2.0,2.0,2.0,2.0,2.0,2.0,2.0,2.0,2.0,2.201
1955.0966999530792,0.49894070625305176,6144,39.70817565917969,12474.453200135946,154.728841051141,18,2.0,2.0,2.0,2.0,2.0,2.0,2.0,2.0,2.0,2.0,1.2,2.0,2.0,2.0,2.0,2.0,2.0,2.0,2.0,2.0,2.201
1955.597246170044,0.498976469039917,6304,38.67485046386719,13179.402511139888,162.9999838238456,18,2.0,2.0,2.0,2.0,2.0,2.0,2.0,2.0,2.0,2.0,1.2,2.0,2.0,2.0,2.0,2.0,2.0,2.0,2.0,2.0,2.201
1956.0978059768677,0.4990246295928955,6304,39.32325744628906,12109.127615404142,160.31225308865933,18,2.0,2.0,2.0,2.0,2.0,2.0,2.0,2.0,2.0,2.0,1.2,2.0,2.0,2.0,2.0,2.0,2.0,2.0,2.0,2.0,2.201
1956.5983624458313,0.49890613555908203,6112,39.23185729980469,12742.312319300256,155.7917575324793,18,2.0,2.0,2.0,2.0,2.0,2.0,2.0,2.0,2.0,2.0,1.2,2.0,2.0,2.0,2.0,2.0,2.0,2.0,2.0,2.0,2.201
1957.0989105701447,0.499056339263916,6912,37.839019775390625,13027.01211572465,182.6685797102852,18,2.0,2.0,2.0,2.0,2.0,2.0,2.0,2.0,2.0,2.0,1.2,2.0,2.0,2.0,2.0,2.0,2.0,2.0,2.0,2.0,2.201
1957.5994601249695,0.49904608726501465,6176,39.22113037109375,12790.036752327445,157.46613984771218,18,2.0,2.0,2.0,2.0,2.0,2.0,2.0,2.0,2.0,2.0,1.2,2.0,2.0,2.0,2.0,2.0,2.0,2.0,2.0,2.0,2.201
1958.1000072956085,0.49905824661254883,6368,39.36689758300781,12304.96797443954,161.7602704549586,18,2.0,2.0,2.0,2.0,2.0,2.0,2.0,2.0,2.0,2.0,1.2,2.0,2.0,2.0,2.0,2.0,2.0,2.0,2.0,2.0,2.201
1958.600557088852,0.49899768829345703,6208,39.35444641113281,12945.154366655048,157.745834743691,18,2.0,2.0,2.0,2.0,2.0,2.0,2.0,2.0,2.0,2.0,1.2,2.0,2.0,2.0,2.0,2.0,2.0,2.0,2.0,2.0,2.201
1959.1011242866516,0.4990568161010742,6752,39.505126953125,12969.728677312527,170.91452479096242,18,2.0,2.0,2.0,2.0,2.0,2.0,2.0,2.0,2.0,2.0,1.2,2.0,2.0,2.0,2.0,2.0,2.0,2.0,2.0,2.0,2.201
1959.601674079895,0.49889564514160156,6080,38.424957275390625,12740.107183671194,158.23049473873985,18,2.0,2.0,2.0,2.0,2.0,2.0,2.0,2.0,2.0,2.0,1.2,2.0,2.0,2.0,2.0,2.0,2.0,2.0,2.0,2.0,2.201
1960.1022250652313,0.4989917278289795,6464,38.31190490722656,12506.749324590084,168.72040206961182,18,2.0,2.0,2.0,2.0,2.0,2.0,2.0,2.0,2.0,2.0,1.2,2.0,2.0,2.0,2.0,2.0,2.0,2.0,2.0,2.0,2.201
1960.6027746200562,0.4989657402038574,6784,38.420013427734375,13118.749413092357,176.5746389641502,18,2.0,2.0,2.0,2.0,2.0,2.0,2.0,2.0,2.0,2.0,1.2,2.0,2.0,2.0,2.0,2.0,2.0,2.0,2.0,2.0,2.201
1961.1033411026,0.49898219108581543,6144,38.37763977050781,12820.700701769594,160.09322190578013,18,2.0,2.0,2.0,2.0,2.0,2.0,2.0,2.0,2.0,2.0,1.2,2.0,2.0,2.0,2.0,2.0,2.0,2.0,2.0,2.0,2.201
1961.6039052009583,0.4989604949951172,6560,39.23838806152344,12707.965459949457,167.1832183756966,18,2.0,2.0,2.0,2.0,2.0,2.0,2.0,2.0,2.0,2.0,1.2,2.0,2.0,2.0,2.0,2.0,2.0,2.0,2.0,2.0,2.201
1962.104469537735,0.4989888668060303,6080,38.30497741699219,12241.180823249568,158.7261084587638,18,2.0,2.0,2.0,2.0,2.0,2.0,2.0,2.0,2.0,2.0,1.2,2.0,2.0,2.0,2.0,2.0,2.0,2.0,2.0,2.0,2.201
1962.6050267219543,0.4758780002593994,6848,40.44773864746094,13158.460863014161,169.3048914226476,18,2.1,2.1,2.1,2.1,2.1,2.1,2.1,2.1,2.1,2.1,1.2,2.1,2.1,2.1,2.1,2.1,2.1,2.1,2.1,2.1,2.201
1963.1055800914764,0.4990108013153076,6144,38.60334777832031,13462.29149824347,159.15718075235117,18,2.1,2.1,2.1,2.1,2.1,2.1,2.1,2.1,2.1,2.1,1.2,2.1,2.1,2.1,2.1,2.1,2.1,2.1,2.1,2.1,2.201
1963.606129169464,0.4989778995513916,6528,39.923004150390625,13099.725882044628,163.51474892542942,18,2.1,2.1,2.1,2.1,2.1,2.1,2.1,2.1,2.1,2.1,1.2,2.1,2.1,2.1,2.1,2.1,2.1,2.1,2.1,2.1,2.201
1964.1067068576813,0.49901485443115234,7264,40.978759765625,13707.07806306229,177.2625633754148,18,2.1,2.1,2.1,2.1,2.1,2.1,2.1,2.1,2.1,2.1,1.2,2.1,2.1,2.1,2.1,2.1,2.1,2.1,2.1,2.1,2.201
1964.6072578430176,0.49905920028686523,6240,39.413543701171875,12826.697222013378,158.32121179741742,18,2.1,2.1,2.1,2.1,2.1,2.1,2.1,2.1,2.1,2.1,1.2,2.1,2.1,2.1,2.1,2.1,2.1,2.1,2.1,2.1,2.201
1965.1078219413757,0.49907350540161133,6592,40.56410217285156,13333.091660651042,162.5082190137033,18,2.1,2.1,2.1,2.1,2.1,2.1,2.1,2.1,2.1,2.1,1.2,2.1,2.1,2.1,2.1,2.1,2.1,2.1,2.1,2.1,2.201
1965.608388185501,0.4989755153656006,6528,40.661376953125,13243.80571183942,160.54547310401142,18,2.1,2.1,2.1,2.1,2.1,2.1,2.1,2.1,2.1,2.1,1.2,2.1,2.1,2.1,2.1,2.1,2.1,2.1,2.1,2.1,2.201
1966.1089532375336,0.49896883964538574,7040,39.71031188964844,13282.584568010852,177.28392613897262,18,2.1,2.1,2.1,2.1,2.1,2.1,2.1,2.1,2.1,2.1,1.2,2.1,2.1,2.1,2.1,2.1,2.1,2.1,2.1,2.1,2.201
1966.6095044612885,0.49899911880493164,6720,38.710357666015625,13260.821844203057,173.59694937408403,18,2.1,2.1,2.1,2.1,2.1,2.1,2.1,2.1,2.1,2.1,1.2,2.1,2.1,2.1,2.1,2.1,2.1,2.1,2.1,2.1,2.201
1967.1100552082062,0.4989924430847168,6496,40.973419189453125,13154.391938547458,158.54180901925122,18,2.1,2.1,2.1,2.1,2.1,2.1,2.1,2.1,2.1,2.1,1.2,2.1,2.1,2.1,2.1,2.1,2.1,2.1,2.1,2.1,2.201
1967.6106324195862,0.49899864196777344,6272,39.52299499511719,13091.824486132995,158.69242704847812,18,2.1,2.1,2.1,2.1,2.1,2.1,2.1,2.1,2.1,2.1,1.2,2.1,2.1,2.1,2.1,2.1,2.1,2.1,2.1,2.1,2.201
1968.1111810207367,0.49906420707702637,6656,40.402740478515625,13371.757509939194,164.74130024767413,18,2.1,2.1,2.1,2.1,2.1,2.1,2.1,2.1,2.1,2.1,1.2,2.1,2.1,2.1,2.1,2.1,2.1,2.1,2.1,2.1,2.201
1968.611734867096,0.49907565116882324,7168,39.577239990234375,13512.313144749996,181.1141959815463,18,2.1,2.1,2.1,2.1,2.1,2.1,2.1,2.1,2.1,2.1,1.2,2.1,2.1,2.1,2.1,2.1,2.1,2.1,2.1,2.1,2.201
1969.1122827529907,0.4990811347961426,6496,40.98793029785156,13211.160618760496,158.48567987685138,18,2.1,2.1,2.1,2.1,2.1,2.1,2.1,2.1,2.1,2.1,1.2,2.1,2.1,2.1,2.1,2.1,2.1,2.1,2.1,2.1,2.201
1969.6128470897675,0.4990849494934082,6816,40.280426025390625,13861.249894913586,169.2137018536884,18,2.1,2.1,2.1,2.1,2.1,2.1,2.1,2.1,2.1,2.1,1.2,2.1,2.1,2.1,2.1,2.1,2.1,2.1,2.1,2.1,2.201
1970.1133964061737,0.4990224838256836,6688,40.04631042480469,13603.893242674474,167.00664628163727,18,2.1,2.1,2.1,2.1,2.1,2.1,2.1,2.1,2.1,2.1,1.2,2.1,2.1,2.1,2.1,2.1,2.1,2.1,2.1,2.1,2.201
1970.6139662265778,0.4990122318267822,6720,39.33015441894531,13277.266963122545,170.86126661030804,18,2.1,2.1,2.1,2.1,2.1,2.1,2.1,2.1,2.1,2.1,1.2,2.1,2.1,2.1,2.1,2.1,2.1,2.1,2.1,2.1,2.201
1971.114530801773,0.49890732765197754,6368,40.71812438964844,12895.451079797152,156.39227237143822,18,2.1,2.1,2.1,2.1,2.1,2.1,2.1,2.1,2.1,2.1,1.2,2.1,2.1,2.1,2.1,2.1,2.1,2.1,2.1,2.1,2.201
1971.6150789260864,0.498915433883667,6848,39.41352844238281,13629.737910547256,173.7474484176376,18,2.1,2.1,2.1,2.1,2.1,2.1,2.1,2.1,2.1,2.1,1.2,2.1,2.1,2.1,2.1,2.1,2.1,2.1,2.1,2.1,2.201
1972.1156413555145,0.4990658760070801,6368,39.68780517578125,12924.7533922741,160.45230951410622,18,2.1,2.1,2.1,2.1,2.1,2.1,2.1,2.1,2.1,2.1,1.2,2.1,2.1,2.1,2.1,2.1,2.1,2.1,2.1,2.1,2.201
1972.6161999702454,0.4759953022003174,7168,41.510009765625,13512.617393420092,172.68124099397147,18,2.2,2.2,2.2,2.2,2.2,2.2,2.2,2.2,2.2,2.2,1.2,2.2,2.2,2.2,2.2,2.2,2.2,2.2,2.2,2.2,2.201
1973.1167612075806,0.4990370273590088,6912,40.580413818359375,14661.819606063918,170.32847498644472,18,2.2,2.2,2.2,2.2,2.2,2.2,2.2,2.2,2.2,2.2,1.2,2.2,2.2,2.2,2.2,2.2,2.2,2.2,2.2,2.2,2.201
1973.6173264980316,0.49907684326171875,7392,42.422882080078125,14205.127956097116,174.24558722923965,18,2.2,2.2,2.2,2.2,2.2,2.2,2.2,2.2,2.2,2.2,1.2,2.2,2.2,2.2,2.2,2.2,2.2,2.2,2.2,2.2,2.201
1974.1178884506226,0.499056339263916,7008,46.89910888671875,14301.824162240899,149.42714619434014,18,2.2,2.2,2.2,2.2,2.2,2.2,2.2,2.2,2.2,2.2,1.2,2.2,2.2,2.2,2.2,2.2,2.2,2.2,2.2,2.2,2.201
1974.6184101104736,0.498960018157959,7136,46.73716735839844,14143.68600191731,152.68362212194907,18,2.2,2.2,2.2,2.2,2.2,2.2,2.2,2.2,2.2,2.2,1.2,2.2,2.2,2.2,2.2,2.2,2.2,2.2,2.2,2.2,2.201
1975.1189563274384,0.49910402297973633,7296,47.28755187988281,14372.987836977783,154.29007656249345,18,2.2,2.2,2.2,2.2,2.2,2.2,2.2,2.2,2.2,2.2,1.2,2.2,2.2,2.2,2.2,2.2,2.2,2.2,2.2,2.2,2.201
1975.6194767951965,0.4991288185119629,7168,46.55712890625,13988.933601765828,153.96138396836884,18,2.2,2.2,2.2,2.2,2.2,2.2,2.2,2.2,2.2,2.2,1.2,2.2,2.2,2.2,2.2,2.2,2.2,2.2,2.2,2.2,2.201
1976.120025396347,0.4990711212158203,6144,47.10978698730469,13945.6304844631,130.4187599416594,18,2.2,2.2,2.2,2.2,2.2,2.2,2.2,2.2,2.2,2.2,1.2,2.2,2.2,2.2,2.2,2.2,2.2,2.2,2.2,2.2,2.201
1976.6205735206604,0.49910926818847656,7008,45.830352783203125,13011.4138027483,152.91176206194163,18,2.2,2.2,2.2,2.2,2.2,2.2,2.2,2.2,2.2,2.2,1.2,2.2,2.2,2.2,2.2,2.2,2.2,2.2,2.2,2.2,2.201
1977.1211364269257,0.49910640716552734,6976,46.624237060546875,13701.490190393992,149.62175125655935,18,2.2,2.2,2.2,2.2,2.2,2.2,2.2,2.2,2.2,2.2,1.2,2.2,2.2,2.2,2.2,2.2,2.2,2.2,2.2,2.2,2.201
1977.6216843128204,0.4990091323852539,7552,46.77044677734375,14930.464424796439,161.4694859758811,18,2.2,2.2,2.2,2.2,2.2,2.2,2.2,2.2,2.2,2.2,1.2,2.2,2.2,2.2,2.2,2.2,2.2,2.2,2.2,2.2,2.201
1978.1222319602966,0.4990353584289551,6976,46.70379638671875,13665.502402825228,149.36687249655316,18,2.2,2.2,2.2,2.2,2.2,2.2,2.2,2.2,2.2,2.2,1.2,2.2,2.2,2.2,2.2,2.2,2.2,2.2,2.2,2.2,2.201
1978.6227798461914,0.49903321266174316,6688,46.37773132324219,13925.858341474237,144.20714013340086,18,2.2,2.2,2.2,2.2,2.2,2.2,2.2,2.2,2.2,2.2,1.2,2.2,2.2,2.2,2.2,2.2,2.2,2.2,2.2,2.2,2.201
1979.123327255249,0.4990725517272949,7264,46.33595275878906,14173.648383348103,156.76811563181153,18,2.2,2.2,2.2,2.2,2.2,2.2,2.2,2.2,2.2,2.2,1.2,2.2,2.2,2.2,2.2,2.2,2.2,2.2,2.2,2.2,2.201
1979.6238737106323,0.49910950660705566,6784,46.93116760253906,14014.33200074715,144.55212487901053,18,2.2,2.2,2.2,2.2,2.2,2.2,2.2,2.2,2.2,2.2,1.2,2.2,2.2,2.2,2.2,2.2,2.2,2.2,2.2,2.2,2.201
1980.1244387626648,0.4990851879119873,7168,46.821929931640625,14222.374370645108,153.09065667445108,18,2.2,2.2,2.2,2.2,2.2,2.2,2.2,2.2,2.2,2.2,1.2,2.2,2.2,2.2,2.2,2.2,2.2,2.2,2.2,2.2,2.201
1980.6250023841858,0.4989736080169678,7136,46.72468566894531,14457.619255920015,152.7244089036817,18,2.2,2.2,2.2,2.2,2.2,2.2,2.2,2.2,2.2,2.2,1.2,2.2,2.2,2.2,2.2,2.2,2.2,2.2,2.2,2.2,2.201
1981.125550031662,0.49901437759399414,7008,46.65214538574219,13734.990683057707,150.21817200590698,18,2.2,2.2,2.2,2.2,2.2,2.2,2.2,2.2,2.2,2.2,1.2,2.2,2.2,2.2,2.2,2.2,2.2,2.2,2.2,2.2,2.201
1981.6260962486267,0.49906086921691895,7232,46.5631103515625,14299.332019959731,155.31608488772955,18,2.2,2.2,2.2,2.2,2.2,2.2,2.2,2.2,2.2,2.2,1.2,2.2,2.2,2.2,2.2,2.2,2.2,2.2,2.2,2.2,2.201
1982.12664270401,0.499070405960083,7200,46.53875732421875,14267.778075307888,154.70976050864863,18,2.2,2.2,2.2,2.2,2.2,2.2,2.2,2.2,2.2,2.2,1.2,2.2,2.2,2.2,2.2,2.2,2.2,2.2,2.2,2.2,2.201
1982.6271793842316,0.4771230220794678,7040,49.43205261230469,13886.92106481655,142.41771538832668,19,1.2,1.2,1.2,1.2,1.2,1.2,1.2,1.2,1.2,1.2,1.2,1.2,1.2,1.2,1.2,1.2,1.2,1.2,1.2,1.2,2.201
1983.1277363300323,0.4988837242126465,3104,28.62127685546875,8112.460428527874,108.45078700277865,19,1.2,1.2,1.2,1.2,1.2,1.2,1.2,1.2,1.2,1.2,1.2,1.2,1.2,1.2,1.2,1.2,1.2,1.2,1.2,1.2,2.201
1983.6283040046692,0.4988865852355957,4096,27.042098999023438,7708.121934854919,151.46753216708206,19,1.2,1.2,1.2,1.2,1.2,1.2,1.2,1.2,1.2,1.2,1.2,1.2,1.2,1.2,1.2,1.2,1.2,1.2,1.2,1.2,2.201
1984.1288750171661,0.4988422393798828,4064,28.147491455078125,7653.796108168025,144.3823157912997,19,1.2,1.2,1.2,1.2,1.2,1.2,1.2,1.2,1.2,1.2,1.2,1.2,1.2,1.2,1.2,1.2,1.2,1.2,1.2,1.2,2.201
1984.6293983459473,0.4989159107208252,4000,26.755859375,7541.2290356735775,149.49996350098547,19,1.2,1.2,1.2,1.2,1.2,1.2,1.2,1.2,1.2,1.2,1.2,1.2,1.2,1.2,1.2,1.2,1.2,1.2,1.2,1.2,2.201
1985.1299693584442,0.49889636039733887,4192,27.946426391601562,7904.839028865123,150.0012896554021,19,1.2,1.2,1.2,1.2,1.2,1.2,1.2,1.2,1.2,1.2,1.2,1.2,1.2,1.2,1.2,1.2,1.2,1.2,1.2,1.2,2.201
1985.630497455597,0.49883365631103516,3232,26.920120239257812,7645.135112974532,120.05889911616183,19,1.2,1.2,1.2,1.2,1.2,1.2,1.2,1.2,1.2,1.2,1.2,1.2,1.2,1.2,1.2,1.2,1.2,1.2,1.2,1.2,2.201
1986.1310436725616,0.49893879890441895,4032,26.818038940429688,7598.485287086175,150.346563704982,19,1.2,1.2,1.2,1.2,1.2,1.2,1.2,1.2,1.2,1.2,1.2,1.2,1.2,1.2,1.2,1.2,1.2,1.2,1.2,1.2,2.201
1986.631597995758,0.4989287853240967,4096,27.088714599609375,7727.342529004448,151.2068793422581,19,1.2,1.2,1.2,1.2,1.2,1.2,1.2,1.2,1.2,1.2,1.2,1.2,1.2,1.2,1.2,1.2,1.2,1.2,1.2,1.2,2.201
1987.1321666240692,0.49893927574157715,3168,27.97760009765625,7995.353506104522,113.23344350273241,19,1.2,1.2,1.2,1.2,1.2,1.2,1.2,1.2,1.2,1.2,1.2,1.2,1.2,1.2,1.2,1.2,1.2,1.2,1.2,1.2,2.201
1987.63272356987,0.4989030361175537,4128,28.298233032226562,7781.813690159431,145.87483237200556,19,1.2,1.2,1.2,1.2,1.2,1.2,1.2,1.2,1.2,1.2,1.2,1.2,1.2,1.2,1.2,1.2,1.2,1.2,1.2,1.2,2.201
1988.1332921981812,0.49890565872192383,3968,26.774322509765625,7487.566871452528,148.2016958058497,19,1.2,1.2,1.2,1.2,1.2,1.2,1.2,1.2,1.2,1.2,1.2,1.2,1.2,1.2,1.2,1.2,1.2,1.2,1.2,1.2,2.201
1988.633840560913,0.49877095222473145,4224,27.911056518554688,7966.776124735378,151.3378756261689,19,1.2,1.2,1.2,1.2,1.2,1.2,1.2,1.2,1.2,1.2,1.2,1.2,1.2,1.2,1.2,1.2,1.2,1.2,1.2,1.2,2.201
1989.1344060897827,0.49898266792297363,3424,29.143295288085938,7014.179287032585,117.48842971095875,19,1.2,1.2,1.2,1.2,1.2,1.2,1.2,1.2,1.2,1.2,1.2,1.2,1.2,1.2,1.2,1.2,1.2,1.2,1.2,1.2,2.201
1989.6349606513977,0.498809814453125,4096,28.325515747070312,7738.305247158213,144.60460443420686,19,1.2,1.2,1.2,1.2,1.2,1.2,1.2,1.2,1.2,1.2,1.2,1.2,1.2,1.2,1.2,1.2,1.2,1.2,1.2,1.2,2.201
1990.1355328559875,0.498920202255249,3488,26.51483154296875,7535.59032809504,131.54901604211602,19,1.2,1.2,1.2,1.2,1.2,1.2,1.2,1.2,1.2,1.2,1.2,1.2,1.2,1.2,1.2,1.2,1.2,1.2,1.2,1.2,2.201
1990.6360831260681,0.49887752532958984,4064,27.791595458984375,7511.9118229813,146.23125923079036,19,1.2,1.2,1.2,1.2,1.2,1.2,1.2,1.2,1.2,1.2,1.2,1.2,1.2,1.2,1.2,1.2,1.2,1.2,1.2,1.2,2.201
1991.136649131775,0.499051570892334,3296,29.282211303710938,8298.331290863789,112.55980519416228,19,1.2,1.2,1.2,1.2,1.2,1.2,1.2,1.2,1.2,1.2,1.2,1.2,1.2,1.2,1.2,1.2,1.2,1.2,1.2,1.2,2.201
1991.6372141838074,0.4988856315612793,4032,28.164077758789062,7612.674241799666,143.16108748640804,19,1.2,1.2,1.2,1.2,1.2,1.2,1.2,1.2,1.2,1.2,1.2,1.2,1.2,1.2,1.2,1.2,1.2,1.2,1.2,1.2,2.201
1992.1377654075623,0.49883294105529785,3936,28.328887939453125,7438.394004142861,138.93944613753808,19,1.2,1.2,1.2,1.2,1.2,1.2,1.2,1.2,1.2,1.2,1.2,1.2,1.2,1.2,1.2,1.2,1.2,1.2,1.2,1.2,2.201
1992.6383402347565,0.4746558666229248,4256,30.638656616210938,8044.063080292756,138.90948461977106,19,1.3,1.3,1.3,1.3,1.3,1.3,1.3,1.3,1.3,1.3,1.3,1.3,1.3,1.3,1.3,1.3,1.3,1.3,1.3,1.3,2.201
1993.138843536377,0.49886560440063477,3904,27.516708374023438,7921.376966364735,141.87743486373859,19,1.3,1.3,1.3,1.3,1.3,1.3,1.3,1.3,1.3,1.3,1.3,1.3,1.3,1.3,1.3,1.3,1.3,1.3,1.3,1.3,2.201
1993.6394126415253,0.49892449378967285,3776,28.261032104492188,7544.930976495716,133.61153924027397,19,1.3,1.3,1.3,1.3,1.3,1.3,1.3,1.3,1.3,1.3,1.3,1.3,1.3,1.3,1.3,1.3,1.3,1.3,1.3,1.3,2.201
1994.139964580536,0.49877047538757324,4640,27.917526245117188,9473.242346136323,166.2038376631433,19,1.3,1.3,1.3,1.3,1.3,1.3,1.3,1.3,1.3,1.3,1.3,1.3,1.3,1.3,1.3,1.3,1.3,1.3,1.3,1.3,2.201
1994.6405351161957,0.4989182949066162,4096,29.062713623046875,8170.375986999497,140.93659845830265,19,1.3,1.3,1.3,1.3,1.3,1.3,1.3,1.3,1.3,1.3,1.3,1.3,1.3,1.3,1.3,1.3,1.3,1.3,1.3,1.3,2.201
1995.1411018371582,0.4987938404083252,4288,28.99212646484375,7999.078564734667,147.90222459879539,19,1.3,1.3,1.3,1.3,1.3,1.3,1.3,1.3,1.3,1.3,1.3,1.3,1.3,1.3,1.3,1.3,1.3,1.3,1.3,1.3,2.201
1995.641653060913,0.4988722801208496,3968,28.57940673828125,8079.718208146894,138.84123055238177,19,1.3,1.3,1.3,1.3,1.3,1.3,1.3,1.3,1.3,1.3,1.3,1.3,1.3,1.3,1.3,1.3,1.3,1.3,1.3,1.3,2.201
1996.1421999931335,0.4989457130432129,4032,28.554351806640625,8261.821340772047,141.20439599901246,19,1.3,1.3,1.3,1.3,1.3,1.3,1.3,1.3,1.3,1.3,1.3,1.3,1.3,1.3,1.3,1.3,1.3,1.3,1.3,1.3,2.201
1996.6427540779114,0.4990842342376709,4224,30.7501220703125,8653.902650566173,137.36530835037019,19,1.3,1.3,1.3,1.3,1.3,1.3,1.3,1.3,1.3,1.3,1.3,1.3,1.3,1.3,1.3,1.3,1.3,1.3,1.3,1.3,2.201
1997.1433067321777,0.49900150299072266,3744,29.728363037109375,7667.456846115886,125.94033500352619,19,1.3,1.3,1.3,1.3,1.3,1.3,1.3,1.3,1.3,1.3,1.3,1.3,1.3,1.3,1.3,1.3,1.3,1.3,1.3,1.3,2.201
1997.6438596248627,0.4989914894104004,4224,27.746124267578125,7976.345820627783,152.23747862096272,19,1.3,1.3,1.3,1.3,1.3,1.3,1.3,1.3,1.3,1.3,1.3,1.3,1.3,1.3,1.3,1.3,1.3,1.3,1.3,1.3,2.201
1998.144413471222,0.4989652633666992,4256,28.268447875976562,8278.932853437038,150.55655049306353,19,1.3,1.3,1.3,1.3,1.3,1.3,1.3,1.3,1.3,1.3,1.3,1.3,1.3,1.3,1.3,1.3,1.3,1.3,1.3,1.3,2.201
1998.6449677944183,0.4989635944366455,3872,28.0648193359375,7923.468915235064,137.96632551422968,19,1.3,1.3,1.3,1.3,1.3,1.3,1.3,1.3,1.3,1.3,1.3,1.3,1.3,1.3,1.3,1.3,1.3,1.3,1.3,1.3,2.201
1999.1455194950104,0.49895644187927246,4128,28.495803833007812,8438.87999746217,144.86343407580506,19,1.3,1.3,1.3,1.3,1.3,1.3,1.3,1.3,1.3,1.3,1.3,1.3,1.3,1.3,1.3,1.3,1.3,1.3,1.3,1.3,2.201
1999.6460692882538,0.49892663955688477,4320,28.278823852539062,8751.200218684698,152.76448633531558,19,1.3,1.3,1.3,1.3,1.3,1.3,1.3,1.3,1.3,1.3,1.3,1.3,1.3,1.3,1.3,1.3,1.3,1.3,1.3,1.3,2.201
2000.1466319561005,0.4990525245666504,3904,30.598861694335938,7742.573955105884,127.58644550240435,19,1.3,1.3,1.3,1.3,1.3,1.3,1.3,1.3,1.3,1.3,1.3,1.3,1.3,1.3,1.3,1.3,1.3,1.3,1.3,1.3,2.201
2000.647185087204,0.49898433685302734,4000,31.511260986328125,8193.7103413888,126.93874744446092,19,1.3,1.3,1.3,1.3,1.3,1.3,1.3,1.3,1.3,1.3,1.3,1.3,1.3,1.3,1.3,1.3,1.3,1.3,1.3,1.3,2.201
2001.1477386951447,0.49889349937438965,4864,29.335098266601562,8763.492343624039,165.80820544029794,19,1.3,1.3,1.3,1.3,1.3,1.3,1.3,1.3,1.3,1.3,1.3,1.3,1.3,1.3,1.3,1.3,1.3,1.3,1.3,1.3,2.201
2001.6482920646667,0.4989638328552246,4064,28.291671752929688,8324.004649622217,143.64651320327724,19,1.3,1.3,1.3,1.3,1.3,1.3,1.3,1.3,1.3,1.3,1.3,1.3,1.3,1.3,1.3,1.3,1.3,1.3,1.3,1.3,2.201
2002.1488590240479,0.498929500579834,4128,28.850631713867188,8452.010652721945,143.081789020788,19,1.3,1.3,1.3,1.3,1.3,1.3,1.3,1.3,1.3,1.3,1.3,1.3,1.3,1.3,1.3,1.3,1.3,1.3,1.3,1.3,2.201
2002.6493918895721,0.47377586364746094,4512,30.032424926757812,8206.98110886199,150.2376185407516,19,1.4,1.4,1.4,1.4,1.4,1.4,1.4,1.4,1.4,1.4,1.4,1.4,1.4,1.4,1.4,1.4,1.4,1.4,1.4,1.4,2.201
2003.1499452590942,0.4988269805908203,4032,30.114456176757812,8870.326655987168,133.88918519179097,19,1.4,1.4,1.4,1.4,1.4,1.4,1.4,1.4,1.4,1.4,1.4,1.4,1.4,1.4,1.4,1.4,1.4,1.4,1.4,1.4,2.201
2003.650498867035,0.49888086318969727,4768,29.830215454101562,9329.593618395951,159.83793369968484,19,1.4,1.4,1.4,1.4,1.4,1.4,1.4,1.4,1.4,1.4,1.4,1.4,1.4,1.4,1.4,1.4,1.4,1.4,1.4,1.4,2.201
2004.1510500907898,0.49897003173828125,4384,29.72222900390625,8598.74592151594,147.49903176588242,19,1.4,1.4,1.4,1.4,1.4,1.4,1.4,1.4,1.4,1.4,1.4,1.4,1.4,1.4,1.4,1.4,1.4,1.4,1.4,1.4,2.201
2004.6516168117523,0.4988570213317871,4320,29.245758056640625,9519.002159152931,147.71372968460597,19,1.4,1.4,1.4,1.4,1.4,1.4,1.4,1.4,1.4,1.4,1.4,1.4,1.4,1.4,1.4,1.4,1.4,1.4,1.4,1.4,2.201
2005.152171611786,0.49895644187927246,4608,29.282958984375,9021.046899479688,157.3611465446087,19,1.4,1.4,1.4,1.4,1.4,1.4,1.4,1.4,1.4,1.4,1.4,1.4,1.4,1.4,1.4,1.4,1.4,1.4,1.4,1.4,2.201
2005.652724981308,0.49887728691101074,4448,29.736709594726562,8690.248585321495,149.57942760381255,19,1.4,1.4,1.4,1.4,1.4,1.4,1.4,1.4,1.4,1.4,1.4,1.4,1.4,1.4,1.4,1.4,1.4,1.4,1.4,1.4,2.201
2006.1532907485962,0.4990084171295166,4704,30.739608764648438,9212.856275551536,153.02732172082017,19,1.4,1.4,1.4,1.4,1.4,1.4,1.4,1.4,1.4,1.4,1.4,1.4,1.4,1.4,1.4,1.4,1.4,1.4,1.4,1.4,2.201
2006.6538424491882,0.4988529682159424,4384,30.841888427734375,8594.824090184195,142.14434405571987,19,1.4,1.4,1.4,1.4,1.4,1.4,1.4,1.4,1.4,1.4,1.4,1.4,1.4,1.4,1.4,1.4,1.4,1.4,1.4,1.4,2.201
2007.1543939113617,0.4989302158355713,4288,28.919540405273438,9448.677157090848,148.27344902127453,19,1.4,1.4,1.4,1.4,1.4,1.4,1.4,1.4,1.4,1.4,1.4,1.4,1.4,1.4,1.4,1.4,1.4,1.4,1.4,1.4,2.201
2007.6549456119537,0.4989326000213623,4640,29.538986206054688,9079.260077203018,157.08054323979903,19,1.4,1.4,1.4,1.4,1.4,1.4,1.4,1.4,1.4,1.4,1.4,1.4,1.4,1.4,1.4,1.4,1.4,1.4,1.4,1.4,2.201
2008.1554963588715,0.49895286560058594,4416,30.080642700195312,8640.110232150248,146.8053739414061,19,1.4,1.4,1.4,1.4,1.4,1.4,1.4,1.4,1.4,1.4,1.4,1.4,1.4,1.4,1.4,1.4,1.4,1.4,1.4,1.4,2.201
2008.656048297882,0.4989936351776123,4800,31.343429565429688,9417.460243474994,153.14214387356552,19,1.4,1.4,1.4,1.4,1.4,1.4,1.4,1.4,1.4,1.4,1.4,1.4,1.4,1.4,1.4,1.4,1.4,1.4,1.4,1.4,2.201
2009.1566035747528,0.4989895820617676,4384,30.246414184570312,8597.267888936367,144.94280126060107,19,1.4,1.4,1.4,1.4,1.4,1.4,1.4,1.4,1.4,1.4,1.4,1.4,1.4,1.4,1.4,1.4,1.4,1.4,1.4,1.4,2.201
2009.6571624279022,0.4990043640136719,4320,29.508819580078125,9247.760395876858,146.39690985526582,19,1.4,1.4,1.4,1.4,1.4,1.4,1.4,1.4,1.4,1.4,1.4,1.4,1.4,1.4,1.4,1.4,1.4,1.4,1.4,1.4,2.201
2010.15771484375,0.49892473220825195,4608,30.946136474609375,8754.99516049901,148.90388671880777,19,1.4,1.4,1.4,1.4,1.4,1.4,1.4,1.4,1.4,1.4,1.4,1.4,1.4,1.4,1.4,1.4,1.4,1.4,1.4,1.4,2.201
2010.6582798957825,0.4989008903503418,4416,31.780059814453125,8657.352580315697,138.9550562768817,19,1.4,1.4,1.4,1.4,1.4,1.4,1.4,1.4,1.4,1.4,1.4,1.4,1.4,1.4,1.4,1.4,1.4,1.4,1.4,1.4,2.201
2011.1588323116302,0.4989330768585205,4096,28.745819091796875,8124.537893814706,142.4902865672339,19,1.4,1.4,1.4,1.4,1.4,1.4,1.4,1.4,1.4,1.4,1.4,1.4,1.4,1.4,1.4,1.4,1.4,1.4,1.4,1.4,2.201
2011.6593856811523,0.4989790916442871,4768,29.522537231445312,9343.922098790059,161.50373399890117,19,1.4,1.4,1.4,1.4,1.4,1.4,1.4,1.4,1.4,1.4,1.4,1.4,1.4,1.4,1.4,1.4,1.4,1.4,1.4,1.4,2.201
2012.159937620163,0.49905848503112793,4096,31.738418579101562,9031.940396756829,129.05494928146945,19,1.4,1.4,1.4,1.4,1.4,1.4,1.4,1.4,1.4,1.4,1.4,1.4,1.4,1.4,1.4,1.4,1.4,1.4,1.4,1.4,2.201
2012.6604669094086,0.47335124015808105,4384,32.65727233886719,8605.097181504845,134.24268734110913,19,1.5,1.5,1.5,1.5,1.5,1.5,1.5,1.5,1.5,1.5,1.5,1.5,1.5,1.5,1.5,1.5,1.5,1.5,1.5,1.5,2.201
2013.161033630371,0.4989619255065918,4768,29.821365356445312,9373.351012934045,159.88536886254568,19,1.5,1.5,1.5,1.5,1.5,1.5,1.5,1.5,1.5,1.5,1.5,1.5,1.5,1.5,1.5,1.5,1.5,1.5,1.5,1.5,2.201
2013.6615798473358,0.4989888668060303,5216,30.858322143554688,9840.859577702235,169.03057709148501,19,1.5,1.5,1.5,1.5,1.5,1.5,1.5,1.5,1.5,1.5,1.5,1.5,1.5,1.5,1.5,1.5,1.5,1.5,1.5,1.5,2.201
2014.1621448993683,0.4990267753601074,4352,33.71556091308594,9152.617763093614,129.0798634855536,19,1.5,1.5,1.5,1.5,1.5,1.5,1.5,1.5,1.5,1.5,1.5,1.5,1.5,1.5,1.5,1.5,1.5,1.5,1.5,1.5,2.201
2014.6626937389374,0.4988861083984375,4864,33.92445373535156,10225.465749507684,143.37740079603358,19,1.5,1.5,1.5,1.5,1.5,1.5,1.5,1.5,1.5,1.5,1.5,1.5,1.5,1.5,1.5,1.5,1.5,1.5,1.5,1.5,2.201
2015.1632487773895,0.4990696907043457,5088,33.05693054199219,9620.893251052881,153.91628673862257,19,1.5,1.5,1.5,1.5,1.5,1.5,1.5,1.5,1.5,1.5,1.5,1.5,1.5,1.5,1.5,1.5,1.5,1.5,1.5,1.5,2.201
2015.6638140678406,0.49895763397216797,4544,30.76519775390625,9508.809694875079,147.69935939784588,19,1.5,1.5,1.5,1.5,1.5,1.5,1.5,1.5,1.5,1.5,1.5,1.5,1.5,1.5,1.5,1.5,1.5,1.5,1.5,1.5,2.201
2016.1643691062927,0.4988827705383301,5184,30.661331176757812,9796.415257575003,169.07289413219033,19,1.5,1.5,1.5,1.5,1.5,1.5,1.5,1.5,1.5,1.5,1.5,1.5,1.5,1.5,1.5,1.5,1.5,1.5,1.5,1.5,2.201
2016.6649203300476,0.4989809989929199,4640,30.891326904296875,9534.841037696468,150.20397195546147,19,1.5,1.5,1.5,1.5,1.5,1.5,1.5,1.5,1.5,1.5,1.5,1.5,1.5,1.5,1.5,1.5,1.5,1.5,1.5,1.5,2.201
2017.1654725074768,0.4990055561065674,5056,30.5120849609375,9525.854582755583,165.70483487027664,19,1.5,1.5,1.5,1.5,1.5,1.5,1.5,1.5,1.5,1.5,1.5,1.5,1.5,1.5,1.5,1.5,1.5,1.5,1.5,1.5,2.201
2017.6660397052765,0.4989502429962158,4352,30.887420654296875,9027.38999639822,140.89878364105405,19,1.5,1.5,1.5,1.5,1.5,1.5,1.5,1.5,1.5,1.5,1.5,1.5,1.5,1.5,1.5,1.5,1.5,1.5,1.5,1.5,2.201
2018.166564464569,0.49892330169677734,4832,31.188430786132812,10096.14971535929,154.92924389605497,19,1.5,1.5,1.5,1.5,1.5,1.5,1.5,1.5,1.5,1.5,1.5,1.5,1.5,1.5,1.5,1.5,1.5,1.5,1.5,1.5,2.201
2018.6671168804169,0.4990212917327881,5088,32.176788330078125,9608.780985653466,158.1264092552038,19,1.5,1.5,1.5,1.5,1.5,1.5,1.5,1.5,1.5,1.5,1.5,1.5,1.5,1.5,1.5,1.5,1.5,1.5,1.5,1.5,2.201
2019.1676695346832,0.4990091323852539,4448,30.4644775390625,9341.899519712304,146.00611463947268,19,1.5,1.5,1.5,1.5,1.5,1.5,1.5,1.5,1.5,1.5,1.5,1.5,1.5,1.5,1.5,1.5,1.5,1.5,1.5,1.5,2.201
2019.6682353019714,0.49893832206726074,5088,30.50787353515625,9613.955881819473,166.77661896483082,19,1.5,1.5,1.5,1.5,1.5,1.5,1.5,1.5,1.5,1.5,1.5,1.5,1.5,1.5,1.5,1.5,1.5,1.5,1.5,1.5,2.201
2020.168786764145,0.4989941120147705,4800,30.694747924804688,10084.674607943354,156.37854436071387,19,1.5,1.5,1.5,1.5,1.5,1.5,1.5,1.5,1.5,1.5,1.5,1.5,1.5,1.5,1.5,1.5,1.5,1.5,1.5,1.5,2.201
2020.669338464737,0.4990525245666504,4480,32.436553955078125,9417.126103565144,138.1157815409251,19,1.5,1.5,1.5,1.5,1.5,1.5,1.5,1.5,1.5,1.5,1.5,1.5,1.5,1.5,1.5,1.5,1.5,1.5,1.5,1.5,2.201
2021.1698896884918,0.49898672103881836,5056,30.896224975585938,9248.953227076041,163.64458777715495,19,1.5,1.5,1.5,1.5,1.5,1.5,1.5,1.5,1.5,1.5,1.5,1.5,1.5,1.5,1.5,1.5,1.5,1.5,1.5,1.5,2.201
2021.6704564094543,0.4989631175994873,4960,30.640396118164062,10139.124296329936,161.87780278270102,19,1.5,1.5,1.5,1.5,1.5,1.5,1.5,1.5,1.5,1.5,1.5,1.5,1.5,1.5,1.5,1.5,1.5,1.5,1.5,1.5,2.201
2022.1710078716278,0.4989299774169922,4896,32.76231384277344,9467.737021114872,149.43999448561345,19,1.5,1.5,1.5,1.5,1.5,1.5,1.5,1.5,1.5,1.5,1.5,1.5,1.5,1.5,1.5,1.5,1.5,1.5,1.5,1.5,2.201
2022.6715393066406,0.4753298759460449,4672,34.487213134765625,9724.375340368377,135.47049979780138,19,1.6,1.6,1.6,1.6,1.6,1.6,1.6,1.6,1.6,1.6,1.6,1.6,1.6,1.6,1.6,1.6,1.6,1.6,1.6,1.6,2.201
2023.1720900535583,0.49898695945739746,5056,33.39662170410156,10098.87614834345,151.3925583490696,19,1.6,1.6,1.6,1.6,1.6,1.6,1.6,1.6,1.6,1.6,1.6,1.6,1.6,1.6,1.6,1.6,1.6,1.6,1.6,1.6,2.201
2023.6726553440094,0.49903106689453125,5120,31.943893432617188,10305.086471620114,160.28102556753723,19,1.6,1.6,1.6,1.6,1.6,1.6,1.6,1.6,1.6,1.6,1.6,1.6,1.6,1.6,1.6,1.6,1.6,1.6,1.6,1.6,2.201
2024.1732051372528,0.4989790916442871,5120,33.25856018066406,10143.372819324064,153.94532932837777,19,1.6,1.6,1.6,1.6,1.6,1.6,1.6,1.6,1.6,1.6,1.6,1.6,1.6,1.6,1.6,1.6,1.6,1.6,1.6,1.6,2.201
2024.6737554073334,0.4990684986114502,5024,34.32533264160156,10115.708260041276,146.36420431687296,19,1.6,1.6,1.6,1.6,1.6,1.6,1.6,1.6,1.6,1.6,1.6,1.6,1.6,1.6,1.6,1.6,1.6,1.6,1.6,1.6,2.201
2025.1743485927582,0.49899816513061523,5152,33.01277160644531,10365.693117162102,156.06081371835316,19,1.6,1.6,1.6,1.6,1.6,1.6,1.6,1.6,1.6,1.6,1.6,1.6,1.6,1.6,1.6,1.6,1.6,1.6,1.6,1.6,2.201
2025.6749007701874,0.4990270137786865,4576,32.304473876953125,9779.884943507184,141.65220636094745,19,1.6,1.6,1.6,1.6,1.6,1.6,1.6,1.6,1.6,1.6,1.6,1.6,1.6,1.6,1.6,1.6,1.6,1.6,1.6,1.6,2.201
2026.1754522323608,0.4990558624267578,5248,34.24491882324219,10555.059099383563,153.24901271011797,19,1.6,1.6,1.6,1.6,1.6,1.6,1.6,1.6,1.6,1.6,1.6,1.6,1.6,1.6,1.6,1.6,1.6,1.6,1.6,1.6,2.201
2026.6760032176971,0.49895358085632324,5152,33.932586669921875,10391.426087473765,151.8304528362636,19,1.6,1.6,1.6,1.6,1.6,1.6,1.6,1.6,1.6,1.6,1.6,1.6,1.6,1.6,1.6,1.6,1.6,1.6,1.6,1.6,2.201
2027.1765673160553,0.4990372657775879,5216,33.674774169921875,10507.347694967897,154.89339211839177,19,1.6,1.6,1.6,1.6,1.6,1.6,1.6,1.6,1.6,1.6,1.6,1.6,1.6,1.6,1.6,1.6,1.6,1.6,1.6,1.6,2.201
2027.6771204471588,0.49898838996887207,5024,32.460052490234375,10110.199039543644,154.7748575425586,19,1.6,1.6,1.6,1.6,1.6,1.6,1.6,1.6,1.6,1.6,1.6,1.6,1.6,1.6,1.6,1.6,1.6,1.6,1.6,1.6,2.201
2028.1776797771454,0.49901866912841797,4992,32.4453125,9041.032366943635,153.85889718275945,19,1.6,1.6,1.6,1.6,1.6,1.6,1.6,1.6,1.6,1.6,1.6,1.6,1.6,1.6,1.6,1.6,1.6,1.6,1.6,1.6,2.201
2028.6782321929932,0.49899768829345703,4416,33.71678161621094,9174.256749116312,130.9733547604318,19,1.6,1.6,1.6,1.6,1.6,1.6,1.6,1.6,1.6,1.6,1.6,1.6,1.6,1.6,1.6,1.6,1.6,1.6,1.6,1.6,2.201
2029.178784608841,0.49893760681152344,5088,33.157806396484375,9672.82548878648,153.44802786892035,19,1.6,1.6,1.6,1.6,1.6,1.6,1.6,1.6,1.6,1.6,1.6,1.6,1.6,1.6,1.6,1.6,1.6,1.6,1.6,1.6,2.201
2029.6793360710144,0.49901771545410156,5120,32.36967468261719,10322.700966540275,158.17273575348864,19,1.6,1.6,1.6,1.6,1.6,1.6,1.6,1.6,1.6,1.6,1.6,1.6,1.6,1.6,1.6,1.6,1.6,1.6,1.6,1.6,2.201
2030.179859638214,0.4990091323852539,5056,34.00572204589844,10185.294363190214,148.68086003807772,19,1.6,1.6,1.6,1.6,1.6,1.6,1.6,1.6,1.6,1.6,1.6,1.6,1.6,1.6,1.6,1.6,1.6,1.6,1.6,1.6,2.201
2030.6804084777832,0.49904561042785645,5088,34.91395568847656,10259.742919132086,145.72969174270068,19,1.6,1.6,1.6,1.6,1.6,1.6,1.6,1.6,1.6,1.6,1.6,1.6,1.6,1.6,1.6,1.6,1.6,1.6,1.6,1.6,2.201
2031.1809628009796,0.4990673065185547,5280,35.249176025390625,10662.698872786314,149.7907354258925,19,1.6,1.6,1.6,1.6,1.6,1.6,1.6,1.6,1.6,1.6,1.6,1.6,1.6,1.6,1.6,1.6,1.6,1.6,1.6,1.6,2.201
2031.6815190315247,0.4989430904388428,5120,32.083740234375,9811.796945008009,159.58239166000837,19,1.6,1.6,1.6,1.6,1.6,1.6,1.6,1.6,1.6,1.6,1.6,1.6,1.6,1.6,1.6,1.6,1.6,1.6,1.6,1.6,2.201
2032.1820828914642,0.49887895584106445,4960,33.46134948730469,9986.277000038568,148.23072219134005,19,1.6,1.6,1.6,1.6,1.6,1.6,1.6,1.6,1.6,1.6,1.6,1.6,1.6,1.6,1.6,1.6,1.6,1.6,1.6,1.6,2.201
2032.6826121807098,0.4742164611816406,5856,33.86604309082031,10706.394396282934,172.91656968296127,19,1.7,1.7,1.7,1.7,1.7,1.7,1.7,1.7,1.7,1.7,1.7,1.7,1.7,1.7,1.7,1.7,1.7,1.7,1.7,1.7,2.201
2033.1831679344177,0.49901556968688965,4352,33.98799133300781,10325.738770051554,128.04522507258343,19,1.7,1.7,1.7,1.7,1.7,1.7,1.7,1.7,1.7,1.7,1.7,1.7,1.7,1.7,1.7,1.7,1.7,1.7,1.7,1.7,2.201
2033.6837210655212,0.4989790916442871,5888,33.68965148925781,10971.511957045817,174.77176936298767,19,1.7,1.7,1.7,1.7,1.7,1.7,1.7,1.7,1.7,1.7,1.7,1.7,1.7,1.7,1.7,1.7,1.7,1.7,1.7,1.7,2.201
2034.1842858791351,0.49903368949890137,5440,34.66142272949219,10584.880097186944,156.946817863056,19,1.7,1.7,1.7,1.7,1.7,1.7,1.7,1.7,1.7,1.7,1.7,1.7,1.7,1.7,1.7,1.7,1.7,1.7,1.7,1.7,2.201
2034.6848385334015,0.49893927574157715,5056,35.785430908203125,10834.844947182353,141.28654795214464,19,1.7,1.7,1.7,1.7,1.7,1.7,1.7,1.7,1.7,1.7,1.7,1.7,1.7,1.7,1.7,1.7,1.7,1.7,1.7,1.7,2.201
2035.185406923294,0.4990561008453369,5824,36.299041748046875,11310.750593651983,160.4450067972764,19,1.7,1.7,1.7,1.7,1.7,1.7,1.7,1.7,1.7,1.7,1.7,1.7,1.7,1.7,1.7,1.7,1.7,1.7,1.7,1.7,2.201
2035.6859714984894,0.4988284111022949,5408,34.38493347167969,10495.501263713095,157.27818710058483,19,1.7,1.7,1.7,1.7,1.7,1.7,1.7,1.7,1.7,1.7,1.7,1.7,1.7,1.7,1.7,1.7,1.7,1.7,1.7,1.7,2.201
2036.186522245407,0.4988861083984375,5216,36.32763671875,11151.039942091274,143.5821449213027,19,1.7,1.7,1.7,1.7,1.7,1.7,1.7,1.7,1.7,1.7,1.7,1.7,1.7,1.7,1.7,1.7,1.7,1.7,1.7,1.7,2.201
2036.6870892047882,0.49901747703552246,5280,34.64128112792969,10914.65161387918,152.4193051781499,19,1.7,1.7,1.7,1.7,1.7,1.7,1.7,1.7,1.7,1.7,1.7,1.7,1.7,1.7,1.7,1.7,1.7,1.7,1.7,1.7,2.201
2037.1876392364502,0.4989171028137207,5728,34.82328796386719,10615.853686405977,164.4876269565183,19,1.7,1.7,1.7,1.7,1.7,1.7,1.7,1.7,1.7,1.7,1.7,1.7,1.7,1.7,1.7,1.7,1.7,1.7,1.7,1.7,2.201
2037.6881878376007,0.4989891052246094,5120,34.1107177734375,10964.777440328367,150.09945067725948,19,1.7,1.7,1.7,1.7,1.7,1.7,1.7,1.7,1.7,1.7,1.7,1.7,1.7,1.7,1.7,1.7,1.7,1.7,1.7,1.7,2.201
2038.1887547969818,0.49898600578308105,5024,35.317138671875,10754.156493788954,142.2538798139072,19,1.7,1.7,1.7,1.7,1.7,1.7,1.7,1.7,1.7,1.7,1.7,1.7,1.7,1.7,1.7,1.7,1.7,1.7,1.7,1.7,2.201
2038.689304113388,0.4989485740661621,6144,35.49137878417969,10968.82559329259,173.1124630959306,19,1.7,1.7,1.7,1.7,1.7,1.7,1.7,1.7,1.7,1.7,1.7,1.7,1.7,1.7,1.7,1.7,1.7,1.7,1.7,1.7,2.201
2039.1898550987244,0.49905872344970703,5504,33.75376892089844,10715.729478933134,163.06327192375346,19,1.7,1.7,1.7,1.7,1.7,1.7,1.7,1.7,1.7,1.7,1.7,1.7,1.7,1.7,1.7,1.7,1.7,1.7,1.7,1.7,2.201
2039.6903810501099,0.49900341033935547,5664,34.116973876953125,11032.204529935254,166.01706881823347,19,1.7,1.7,1.7,1.7,1.7,1.7,1.7,1.7,1.7,1.7,1.7,1.7,1.7,1.7,1.7,1.7,1.7,1.7,1.7,1.7,2.201
2040.1909337043762,0.4990556240081787,5120,35.57225036621094,10969.039798827045,143.9324177495203,19,1.7,1.7,1.7,1.7,1.7,1.7,1.7,1.7,1.7,1.7,1.7,1.7,1.7,1.7,1.7,1.7,1.7,1.7,1.7,1.7,2.201
2040.6914916038513,0.4989936351776123,5728,35.43804931640625,11170.345292153183,161.634178813228,19,1.7,1.7,1.7,1.7,1.7,1.7,1.7,1.7,1.7,1.7,1.7,1.7,1.7,1.7,1.7,1.7,1.7,1.7,1.7,1.7,2.201
2041.1920430660248,0.499037504196167,5600,33.82647705078125,10862.451163015083,165.55079003920875,19,1.7,1.7,1.7,1.7,1.7,1.7,1.7,1.7,1.7,1.7,1.7,1.7,1.7,1.7,1.7,1.7,1.7,1.7,1.7,1.7,2.201
2041.69260263443,0.4990427494049072,5088,33.54008483886719,10287.824613825698,151.699079607094,19,1.7,1.7,1.7,1.7,1.7,1.7,1.7,1.7,1.7,1.7,1.7,1.7,1.7,1.7,1.7,1.7,1.7,1.7,1.7,1.7,2.201
2042.1931672096252,0.4990243911743164,5664,34.09478759765625,11009.605824674203,166.12510002524127,19,1.7,1.7,1.7,1.7,1.7,1.7,1.7,1.7,1.7,1.7,1.7,1.7,1.7,1.7,1.7,1.7,1.7,1.7,1.7,1.7,2.201
2042.6937110424042,0.4753103256225586,5536,37.10528564453125,10766.340664513058,149.19707270373544,19,1.8,1.8,1.8,1.8,1.8,1.8,1.8,1.8,1.8,1.8,1.8,1.8,1.8,1.8,1.8,1.8,1.8,1.8,1.8,1.8,2.201
2043.1942784786224,0.49881649017333984,5664,36.82489013671875,11657.631337707166,153.80901284352578,19,1.8,1.8,1.8,1.8,1.8,1.8,1.8,1.8,1.8,1.8,1.8,1.8,1.8,1.8,1.8,1.8,1.8,1.8,1.8,1.8,2.201
2043.6948294639587,0.4988820552825928,5664,35.312408447265625,11677.21010856043,160.3968760289582,19,1.8,1.8,1.8,1.8,1.8,1.8,1.8,1.8,1.8,1.8,1.8,1.8,1.8,1.8,1.8,1.8,1.8,1.8,1.8,1.8,2.201
2044.1953814029694,0.499053955078125,5664,35.88568115234375,11685.468197189288,157.83454063348816,19,1.8,1.8,1.8,1.8,1.8,1.8,1.8,1.8,1.8,1.8,1.8,1.8,1.8,1.8,1.8,1.8,1.8,1.8,1.8,1.8,2.201
2044.6959347724915,0.499006986618042,5984,36.163543701171875,11313.109645357057,165.47050945690617,19,1.8,1.8,1.8,1.8,1.8,1.8,1.8,1.8,1.8,1.8,1.8,1.8,1.8,1.8,1.8,1.8,1.8,1.8,1.8,1.8,2.201
2045.196486234665,0.49902820587158203,5824,35.038360595703125,11810.911521781014,166.21782243756624,19,1.8,1.8,1.8,1.8,1.8,1.8,1.8,1.8,1.8,1.8,1.8,1.8,1.8,1.8,1.8,1.8,1.8,1.8,1.8,1.8,2.201
2045.6970572471619,0.49900150299072266,5536,35.532073974609375,11288.502693134964,155.80289526459765,19,1.8,1.8,1.8,1.8,1.8,1.8,1.8,1.8,1.8,1.8,1.8,1.8,1.8,1.8,1.8,1.8,1.8,1.8,1.8,1.8,2.201
2046.1976084709167,0.4989337921142578,5728,36.92893981933594,11779.599284707248,155.10870412263577,19,1.8,1.8,1.8,1.8,1.8,1.8,1.8,1.8,1.8,1.8,1.8,1.8,1.8,1.8,1.8,1.8,1.8,1.8,1.8,1.8,2.201
2046.6981642246246,0.4990715980529785,5120,36.312225341796875,11609.528565418621,140.9993453115821,19,1.8,1.8,1.8,1.8,1.8,1.8,1.8,1.8,1.8,1.8,1.8,1.8,1.8,1.8,1.8,1.8,1.8,1.8,1.8,1.8,2.201
2047.198712348938,0.49899959564208984,6144,37.012359619140625,10850.424617684348,165.99860325637502,19,1.8,1.8,1.8,1.8,1.8,1.8,1.8,1.8,1.8,1.8,1.8,1.8,1.8,1.8,1.8,1.8,1.8,1.8,1.8,1.8,2.201
2047.699277639389,0.49908900260925293,5888,35.24211120605469,11116.053351195937,167.07285115735138,19,1.8,1.8,1.8,1.8,1.8,1.8,1.8,1.8,1.8,1.8,1.8,1.8,1.8,1.8,1.8,1.8,1.8,1.8,1.8,1.8,2.201
2048.1998286247253,0.49892306327819824,5472,35.87071228027344,11283.6145521596,152.54784898735466,19,1.8,1.8,1.8,1.8,1.8,1.8,1.8,1.8,1.8,1.8,1.8,1.8,1.8,1.8,1.8,1.8,1.8,1.8,1.8,1.8,2.201
2048.7003922462463,0.4989917278289795,5696,36.59748840332031,11748.191916860937,155.6390957004369,19,1.8,1.8,1.8,1.8,1.8,1.8,1.8,1.8,1.8,1.8,1.8,1.8,1.8,1.8,1.8,1.8,1.8,1.8,1.8,1.8,2.201
2049.2009403705597,0.4988715648651123,6176,35.846466064453125,11650.573147749035,172.29034485283287,19,1.8,1.8,1.8,1.8,1.8,1.8,1.8,1.8,1.8,1.8,1.8,1.8,1.8,1.8,1.8,1.8,1.8,1.8,1.8,1.8,2.201
2049.701508998871,0.4990561008453369,5696,35.40931701660156,11724.643066518007,160.86161722151957,19,1.8,1.8,1.8,1.8,1.8,1.8,1.8,1.8,1.8,1.8,1.8,1.8,1.8,1.8,1.8,1.8,1.8,1.8,1.8,1.8,2.201
2050.2020602226257,0.49892210960388184,5728,35.267822265625,11724.327173195641,162.41433783063474,19,1.8,1.8,1.8,1.8,1.8,1.8,1.8,1.8,1.8,1.8,1.8,1.8,1.8,1.8,1.8,1.8,1.8,1.8,1.8,1.8,2.201
2050.7026085853577,0.49895811080932617,6112,35.752960205078125,11538.643908152395,170.95087972972627,19,1.8,1.8,1.8,1.8,1.8,1.8,1.8,1.8,1.8,1.8,1.8,1.8,1.8,1.8,1.8,1.8,1.8,1.8,1.8,1.8,2.201
2051.203161239624,0.4991028308868408,5088,37.89422607421875,11336.079376897747,134.2684764173508,19,1.8,1.8,1.8,1.8,1.8,1.8,1.8,1.8,1.8,1.8,1.8,1.8,1.8,1.8,1.8,1.8,1.8,1.8,1.8,1.8,2.201
2051.7037127017975,0.49904775619506836,6240,35.32902526855469,11384.135255974516,176.62530886619274,19,1.8,1.8,1.8,1.8,1.8,1.8,1.8,1.8,1.8,1.8,1.8,1.8,1.8,1.8,1.8,1.8,1.8,1.8,1.8,1.8,2.201
2052.204145669937,0.4990227222442627,5024,36.4359130859375,11767.35626067125,137.88593655250048,19,1.8,1.8,1.8,1.8,1.8,1.8,1.8,1.8,1.8,1.8,1.8,1.8,1.8,1.8,1.8,1.8,1.8,1.8,1.8,1.8,2.201
2052.704689025879,0.4753446578979492,6432,37.18177795410156,11150.865189536435,172.98796222009278,19,1.9,1.9,1.9,1.9,1.9,1.9,1.9,1.9,1.9,1.9,1.9,1.9,1.9,1.9,1.9,1.9,1.9,1.9,1.9,1.9,2.201
2053.205257177353,0.49887633323669434,5952,36.01548767089844,12880.50516911054,165.26223535796765,19,1.9,1.9,1.9,1.9,1.9,1.9,1.9,1.9,1.9,1.9,1.9,1.9,1.9,1.9,1.9,1.9,1.9,1.9,1.9,1.9,2.201
2053.7058243751526,0.4990251064300537,5920,35.343780517578125,11156.623643133065,167.49764494083212,19,1.9,1.9,1.9,1.9,1.9,1.9,1.9,1.9,1.9,1.9,1.9,1.9,1.9,1.9,1.9,1.9,1.9,1.9,1.9,1.9,2.201
2054.2063822746277,0.4988870620727539,6272,38.08372497558594,12494.858079186666,164.68977244271002,19,1.9,1.9,1.9,1.9,1.9,1.9,1.9,1.9,1.9,1.9,1.9,1.9,1.9,1.9,1.9,1.9,1.9,1.9,1.9,1.9,2.201
2054.7069318294525,0.4990663528442383,5952,36.69746398925781,11765.456446696075,162.19104409346343,19,1.9,1.9,1.9,1.9,1.9,1.9,1.9,1.9,1.9,1.9,1.9,1.9,1.9,1.9,1.9,1.9,1.9,1.9,1.9,1.9,2.201
2055.207499027252,0.4990112781524658,5728,37.38780212402344,11573.372317797563,153.20504749113047,19,1.9,1.9,1.9,1.9,1.9,1.9,1.9,1.9,1.9,1.9,1.9,1.9,1.9,1.9,1.9,1.9,1.9,1.9,1.9,1.9,2.201
2055.7080516815186,0.4989492893218994,6016,36.53692626953125,11801.6821244543,164.6553395220014,19,1.9,1.9,1.9,1.9,1.9,1.9,1.9,1.9,1.9,1.9,1.9,1.9,1.9,1.9,1.9,1.9,1.9,1.9,1.9,1.9,2.201
2056.2085721492767,0.4990406036376953,6272,36.513702392578125,12486.590157712484,171.77113217844663,19,1.9,1.9,1.9,1.9,1.9,1.9,1.9,1.9,1.9,1.9,1.9,1.9,1.9,1.9,1.9,1.9,1.9,1.9,1.9,1.9,2.201
2056.7090921401978,0.49910521507263184,6080,38.96031188964844,12122.02833626843,156.05624557680775,19,1.9,1.9,1.9,1.9,1.9,1.9,1.9,1.9,1.9,1.9,1.9,1.9,1.9,1.9,1.9,1.9,1.9,1.9,1.9,1.9,2.201
2057.2096433639526,0.4990720748901367,6176,40.45783996582031,12313.019007134473,152.65273690383924,19,1.9,1.9,1.9,1.9,1.9,1.9,1.9,1.9,1.9,1.9,1.9,1.9,1.9,1.9,1.9,1.9,1.9,1.9,1.9,1.9,2.201
2057.7101900577545,0.49901342391967773,5536,37.48310852050781,12036.347535624082,147.69319350798068,19,1.9,1.9,1.9,1.9,1.9,1.9,1.9,1.9,1.9,1.9,1.9,1.9,1.9,1.9,1.9,1.9,1.9,1.9,1.9,1.9,2.201
2058.2107417583466,0.49910426139831543,6176,38.87113952636719,12320.172555337944,158.88394513905817,19,1.9,1.9,1.9,1.9,1.9,1.9,1.9,1.9,1.9,1.9,1.9,1.9,1.9,1.9,1.9,1.9,1.9,1.9,1.9,1.9,2.201
2058.7113065719604,0.4990713596343994,6048,39.585784912109375,12078.884133040512,152.78211644478228,19,1.9,1.9,1.9,1.9,1.9,1.9,1.9,1.9,1.9,1.9,1.9,1.9,1.9,1.9,1.9,1.9,1.9,1.9,1.9,1.9,2.201
2059.2118730545044,0.4989490509033203,6176,39.51116943359375,12326.171128211836,156.31023046229944,19,1.9,1.9,1.9,1.9,1.9,1.9,1.9,1.9,1.9,1.9,1.9,1.9,1.9,1.9,1.9,1.9,1.9,1.9,1.9,1.9,2.201
2059.712438583374,0.49885034561157227,6080,36.28135681152344,11519.729696141383,167.57917934504897,19,1.9,1.9,1.9,1.9,1.9,1.9,1.9,1.9,1.9,1.9,1.9,1.9,1.9,1.9,1.9,1.9,1.9,1.9,1.9,1.9,2.201
2060.212989807129,0.49890971183776855,6016,36.85736083984375,11975.677893873553,163.2238408534273,19,1.9,1.9,1.9,1.9,1.9,1.9,1.9,1.9,1.9,1.9,1.9,1.9,1.9,1.9,1.9,1.9,1.9,1.9,1.9,1.9,2.201
2060.7135441303253,0.49901413917541504,6112,36.935882568359375,12181.367464497593,165.4759430396219,19,1.9,1.9,1.9,1.9,1.9,1.9,1.9,1.9,1.9,1.9,1.9,1.9,1.9,1.9,1.9,1.9,1.9,1.9,1.9,1.9,2.201
2061.2140929698944,0.4989950656890869,6208,38.511444091796875,12358.486876011259,161.19883703146655,19,1.9,1.9,1.9,1.9,1.9,1.9,1.9,1.9,1.9,1.9,1.9,1.9,1.9,1.9,1.9,1.9,1.9,1.9,1.9,1.9,2.201
2061.7146441936493,0.49897098541259766,6144,36.646575927734375,12162.519001464541,167.6554997147818,19,1.9,1.9,1.9,1.9,1.9,1.9,1.9,1.9,1.9,1.9,1.9,1.9,1.9,1.9,1.9,1.9,1.9,1.9,1.9,1.9,2.201
2062.2151947021484,0.4990379810333252,6112,36.87373352050781,12189.245169229376,165.75484542677867,19,1.9,1.9,1.9,1.9,1.9,1.9,1.9,1.9,1.9,1.9,1.9,1.9,1.9,1.9,1.9,1.9,1.9,1.9,1.9,1.9,2.201
2062.7157237529755,0.4764103889465332,6080,41.02436828613281,12142.971370221545,148.20459775501726,19,2.0,2.0,2.0,2.0,2.0,2.0,2.0,2.0,2.0,2.0,2.0,2.0,2.0,2.0,2.0,2.0,2.0,2.0,2.0,2.0,2.201
2063.2162866592407,0.499072790145874,6176,40.145599365234375,12941.014882865875,153.84002475121457,19,2.0,2.0,2.0,2.0,2.0,2.0,2.0,2.0,2.0,2.0,2.0,2.0,2.0,2.0,2.0,2.0,2.0,2.0,2.0,2.0,2.201
2063.7168369293213,0.49898266792297363,6688,41.05726623535156,12971.344932187303,162.89443046847157,19,2.0,2.0,2.0,2.0,2.0,2.0,2.0,2.0,2.0,2.0,2.0,2.0,2.0,2.0,2.0,2.0,2.0,2.0,2.0,2.0,2.201
2064.217357635498,0.49907922744750977,6080,39.85173034667969,12782.32205480685,152.5655209223949,19,2.0,2.0,2.0,2.0,2.0,2.0,2.0,2.0,2.0,2.0,2.0,2.0,2.0,2.0,2.0,2.0,2.0,2.0,2.0,2.0,2.201
2064.717919588089,0.4991326332092285,6592,41.246490478515625,12758.638660481847,159.8196579520778,19,2.0,2.0,2.0,2.0,2.0,2.0,2.0,2.0,2.0,2.0,2.0,2.0,2.0,2.0,2.0,2.0,2.0,2.0,2.0,2.0,2.201
2065.2184686660767,0.49887681007385254,6784,41.36039733886719,13169.967115251206,164.02163510225614,19,2.0,2.0,2.0,2.0,2.0,2.0,2.0,2.0,2.0,2.0,2.0,2.0,2.0,2.0,2.0,2.0,2.0,2.0,2.0,2.0,2.201
2065.7189910411835,0.4990382194519043,6080,38.14195251464844,12751.524241375362,159.4045296361001,19,2.0,2.0,2.0,2.0,2.0,2.0,2.0,2.0,2.0,2.0,2.0,2.0,2.0,2.0,2.0,2.0,2.0,2.0,2.0,2.0,2.201
2066.2195580005646,0.49907779693603516,5632,40.32987976074219,12494.437072565664,139.648321130932,19,2.0,2.0,2.0,2.0,2.0,2.0,2.0,2.0,2.0,2.0,2.0,2.0,2.0,2.0,2.0,2.0,2.0,2.0,2.0,2.0,2.201
2066.7201211452484,0.49900293350219727,7232,40.61729431152344,13011.335052935676,178.05223421660133,19,2.0,2.0,2.0,2.0,2.0,2.0,2.0,2.0,2.0,2.0,2.0,2.0,2.0,2.0,2.0,2.0,2.0,2.0,2.0,2.0,2.201
2067.2206666469574,0.4988722801208496,6656,40.5390625,12880.135827499114,164.18731932935054,19,2.0,2.0,2.0,2.0,2.0,2.0,2.0,2.0,2.0,2.0,2.0,2.0,2.0,2.0,2.0,2.0,2.0,2.0,2.0,2.0,2.201
2067.7212328910828,0.49903202056884766,6080,39.72528076171875,12688.901132114424,153.05115240013583,19,2.0,2.0,2.0,2.0,2.0,2.0,2.0,2.0,2.0,2.0,2.0,2.0,2.0,2.0,2.0,2.0,2.0,2.0,2.0,2.0,2.201
2068.221778869629,0.4989759922027588,6592,39.41639709472656,12746.537863700249,167.2400443946697,19,2.0,2.0,2.0,2.0,2.0,2.0,2.0,2.0,2.0,2.0,2.0,2.0,2.0,2.0,2.0,2.0,2.0,2.0,2.0,2.0,2.201
2068.72235250473,0.4990665912628174,6144,40.91015625,12869.026887671695,150.18275565740475,19,2.0,2.0,2.0,2.0,2.0,2.0,2.0,2.0,2.0,2.0,2.0,2.0,2.0,2.0,2.0,2.0,2.0,2.0,2.0,2.0,2.201
2069.222918987274,0.49909520149230957,6688,40.56999206542969,12949.751548471528,164.85090727190325,19,2.0,2.0,2.0,2.0,2.0,2.0,2.0,2.0,2.0,2.0,2.0,2.0,2.0,2.0,2.0,2.0,2.0,2.0,2.0,2.0,2.201
2069.7234711647034,0.4990112781524658,6528,38.701385498046875,12655.605099041746,168.6761317712888,19,2.0,2.0,2.0,2.0,2.0,2.0,2.0,2.0,2.0,2.0,2.0,2.0,2.0,2.0,2.0,2.0,2.0,2.0,2.0,2.0,2.201
2070.2239871025085,0.4990694522857666,6144,38.71296691894531,12878.40327466631,158.7065133205602,19,2.0,2.0,2.0,2.0,2.0,2.0,2.0,2.0,2.0,2.0,2.0,2.0,2.0,2.0,2.0,2.0,2.0,2.0,2.0,2.0,2.201
2070.7245507240295,0.49904394149780273,6304,40.60975646972656,13240.828394433795,155.23363221100465,19,2.0,2.0,2.0,2.0,2.0,2.0,2.0,2.0,2.0,2.0,2.0,2.0,2.0,2.0,2.0,2.0,2.0,2.0,2.0,2.0,2.201
2071.2251167297363,0.49895668029785156,6144,39.92124938964844,12911.913206931613,153.9029988774133,19,2.0,2.0,2.0,2.0,2.0,2.0,2.0,2.0,2.0,2.0,2.0,2.0,2.0,2.0,2.0,2.0,2.0,2.0,2.0,2.0,2.201
2071.7256627082825,0.4990425109863281,7168,40.471221923828125,12913.083142677155,177.11350582621566,19,2.0,2.0,2.0,2.0,2.0,2.0,2.0,2.0,2.0,2.0,2.0,2.0,2.0,2.0,2.0,2.0,2.0,2.0,2.0,2.0,2.201
2072.226227045059,0.4990253448486328,6080,39.701690673828125,12738.919643305895,153.1420928632648,19,2.0,2.0,2.0,2.0,2.0,2.0,2.0,2.0,2.0,2.0,2.0,2.0,2.0,2.0,2.0,2.0,2.0,2.0,2.0,2.0,2.201
2072.726758003235,0.4755592346191406,7232,41.8294677734375,12788.213859812686,172.8924699489592,19,2.1,2.1,2.1,2.1,2.1,2.1,2.1,2.1,2.1,2.1,2.1,2.1,2.1,2.1,2.1,2.1,2.1,2.1,2.1,2.1,2.201
2073.2273099422455,0.49897122383117676,6016,39.704071044921875,13242.203724461297,151.5209861778001,19,2.1,2.1,2.1,2.1,2.1,2.1,2.1,2.1,2.1,2.1,2.1,2.1,2.1,2.1,2.1,2.1,2.1,2.1,2.1,2.1,2.201
2073.7278616428375,0.49904608726501465,6688,40.32127380371094,13605.105074543111,165.86777571953778,19,2.1,2.1,2.1,2.1,2.1,2.1,2.1,2.1,2.1,2.1,2.1,2.1,2.1,2.1,2.1,2.1,2.1,2.1,2.1,2.1,2.201
2074.228411436081,0.4990811347961426,6560,39.81373596191406,13050.202621677425,164.7672553581838,19,2.1,2.1,2.1,2.1,2.1,2.1,2.1,2.1,2.1,2.1,2.1,2.1,2.1,2.1,2.1,2.1,2.1,2.1,2.1,2.1,2.201
2074.7289657592773,0.4990828037261963,7200,39.11570739746094,13572.378676419734,184.06927751145219,19,2.1,2.1,2.1,2.1,2.1,2.1,2.1,2.1,2.1,2.1,2.1,2.1,2.1,2.1,2.1,2.1,2.1,2.1,2.1,2.1,2.201
2075.229513645172,0.4990866184234619,5920,39.52699279785156,12689.086739335673,149.77106986802633,19,2.1,2.1,2.1,2.1,2.1,2.1,2.1,2.1,2.1,2.1,2.1,2.1,2.1,2.1,2.1,2.1,2.1,2.1,2.1,2.1,2.201
2075.7300641536713,0.49893689155578613,6496,38.89414978027344,13609.050253767617,167.0174058746151,19,2.1,2.1,2.1,2.1,2.1,2.1,2.1,2.1,2.1,2.1,2.1,2.1,2.1,2.1,2.1,2.1,2.1,2.1,2.1,2.1,2.201
2076.2306299209595,0.4989895820617676,7200,39.44886779785156,13570.088305209201,182.51474381711208,19,2.1,2.1,2.1,2.1,2.1,2.1,2.1,2.1,2.1,2.1,2.1,2.1,2.1,2.1,2.1,2.1,2.1,2.1,2.1,2.1,2.201
2076.731195449829,0.49900269508361816,5984,40.69435119628906,13001.031586443143,147.04743592387544,19,2.1,2.1,2.1,2.1,2.1,2.1,2.1,2.1,2.1,2.1,2.1,2.1,2.1,2.1,2.1,2.1,2.1,2.1,2.1,2.1,2.201
2077.231749534607,0.49894022941589355,7712,39.914947509765625,13558.815001946616,193.2108265484547,19,2.1,2.1,2.1,2.1,2.1,2.1,2.1,2.1,2.1,2.1,2.1,2.1,2.1,2.1,2.1,2.1,2.1,2.1,2.1,2.1,2.201
2077.7322936058044,0.4990406036376953,6592,41.05326843261719,13432.993256797303,160.57186800655796,19,2.1,2.1,2.1,2.1,2.1,2.1,2.1,2.1,2.1,2.1,2.1,2.1,2.1,2.1,2.1,2.1,2.1,2.1,2.1,2.1,2.201
2078.2328412532806,0.49909138679504395,6592,41.27391052246094,13418.105440648347,159.71348284075688,19,2.1,2.1,2.1,2.1,2.1,2.1,2.1,2.1,2.1,2.1,2.1,2.1,2.1,2.1,2.1,2.1,2.1,2.1,2.1,2.1,2.201
2078.733383655548,0.49912261962890625,6752,41.21061706542969,13070.62181914331,163.8412739435548,19,2.1,2.1,2.1,2.1,2.1,2.1,2.1,2.1,2.1,2.1,2.1,2.1,2.1,2.1,2.1,2.1,2.1,2.1,2.1,2.1,2.201
2079.233776807785,0.4990115165710449,6272,41.69175720214844,13742.837905939658,150.4374106754319,19,2.1,2.1,2.1,2.1,2.1,2.1,2.1,2.1,2.1,2.1,2.1,2.1,2.1,2.1,2.1,2.1,2.1,2.1,2.1,2.1,2.201
2079.7343516349792,0.49896240234375,7232,40.64617919921875,13339.486411034268,177.92570279616845,19,2.1,2.1,2.1,2.1,2.1,2.1,2.1,2.1,2.1,2.1,2.1,2.1,2.1,2.1,2.1,2.1,2.1,2.1,2.1,2.1,2.201
2080.2348980903625,0.4990353584289551,6080,39.4044189453125,13434.886038736267,154.297415435516,19,2.1,2.1,2.1,2.1,2.1,2.1,2.1,2.1,2.1,2.1,2.1,2.1,2.1,2.1,2.1,2.1,2.1,2.1,2.1,2.1,2.201
2080.7354502677917,0.4990537166595459,7168,39.87861633300781,13546.30066028035,179.74545405846982,19,2.1,2.1,2.1,2.1,2.1,2.1,2.1,2.1,2.1,2.1,2.1,2.1,2.1,2.1,2.1,2.1,2.1,2.1,2.1,2.1,2.201
2081.2360129356384,0.49902939796447754,6624,39.939453125,13477.832873251125,165.85104406083428,19,2.1,2.1,2.1,2.1,2.1,2.1,2.1,2.1,2.1,2.1,2.1,2.1,2.1,2.1,2.1,2.1,2.1,2.1,2.1,2.1,2.201
2081.7365548610687,0.49894285202026367,6592,40.70252990722656,13415.820572643954,161.95553482855172,19,2.1,2.1,2.1,2.1,2.1,2.1,2.1,2.1,2.1,2.1,2.1,2.1,2.1,2.1,2.1,2.1,2.1,2.1,2.1,2.1,2.201
2082.237121105194,0.4990420341491699,7104,39.82752990722656,13420.63972508571,178.36908330865393,19,2.1,2.1,2.1,2.1,2.1,2.1,2.1,2.1,2.1,2.1,2.1,2.1,2.1,2.1,2.1,2.1,2.1,2.1,2.1,2.1,2.201
2082.7376580238342,0.47561001777648926,5792,40.16499328613281,11844.5546078052,144.2051778457466,19,2.2,2.2,2.2,2.2,2.2,2.2,2.2,2.2,2.2,2.2,2.2,2.2,2.2,2.2,2.2,2.2,2.2,2.2,2.2,2.2,2.201
2083.2381887435913,0.49882054328918457,7520,39.860809326171875,14763.440019834714,188.65648056630164,19,2.2,2.2,2.2,2.2,2.2,2.2,2.2,2.2,2.2,2.2,2.2,2.2,2.2,2.2,2.2,2.2,2.2,2.2,2.2,2.2,2.201
2083.7387108802795,0.49891066551208496,7264,41.85493469238281,14374.700228680655,173.55181780565474,19,2.2,2.2,2.2,2.2,2.2,2.2,2.2,2.2,2.2,2.2,2.2,2.2,2.2,2.2,2.2,2.2,2.2,2.2,2.2,2.2,2.201
2084.239232778549,0.49910449981689453,7008,46.59965515136719,13911.45358406072,150.3873789888849,19,2.2,2.2,2.2,2.2,2.2,2.2,2.2,2.2,2.2,2.2,2.2,2.2,2.2,2.2,2.2,2.2,2.2,2.2,2.2,2.2,2.201
2084.739810705185,0.49912214279174805,6752,46.581207275390625,14049.092696706493,144.95115938240522,19,2.2,2.2,2.2,2.2,2.2,2.2,2.2,2.2,2.2,2.2,2.2,2.2,2.2,2.2,2.2,2.2,2.2,2.2,2.2,2.2,2.201
2085.240369796753,0.49897193908691406,7008,45.99412536621094,13183.31181709513,152.36728482608234,19,2.2,2.2,2.2,2.2,2.2,2.2,2.2,2.2,2.2,2.2,2.2,2.2,2.2,2.2,2.2,2.2,2.2,2.2,2.2,2.2,2.201
2085.740926027298,0.49912524223327637,6688,46.527069091796875,14269.551968300562,143.74427898745833,19,2.2,2.2,2.2,2.2,2.2,2.2,2.2,2.2,2.2,2.2,2.2,2.2,2.2,2.2,2.2,2.2,2.2,2.2,2.2,2.2,2.201
2086.241481781006,0.499117374420166,7136,46.567291259765625,14158.701177505493,153.24060745112612,19,2.2,2.2,2.2,2.2,2.2,2.2,2.2,2.2,2.2,2.2,2.2,2.2,2.2,2.2,2.2,2.2,2.2,2.2,2.2,2.2,2.201
2086.742026567459,0.4990706443786621,7200,47.05320739746094,14276.896935980441,153.01826162839907,19,2.2,2.2,2.2,2.2,2.2,2.2,2.2,2.2,2.2,2.2,2.2,2.2,2.2,2.2,2.2,2.2,2.2,2.2,2.2,2.2,2.201
2087.2425940036774,0.49907803535461426,7168,46.63432312011719,14219.223681702631,153.70653030681294,19,2.2,2.2,2.2,2.2,2.2,2.2,2.2,2.2,2.2,2.2,2.2,2.2,2.2,2.2,2.2,2.2,2.2,2.2,2.2,2.2,2.201
2087.7431440353394,0.4989349842071533,7360,46.18951416015625,14398.564468589337,159.34352490654348,19,2.2,2.2,2.2,2.2,2.2,2.2,2.2,2.2,2.2,2.2,2.2,2.2,2.2,2.2,2.2,2.2,2.2,2.2,2.2,2.2,2.201
2088.243709564209,0.49901270866394043,7072,46.95042419433594,14001.490305639916,150.6269670903881,19,2.2,2.2,2.2,2.2,2.2,2.2,2.2,2.2,2.2,2.2,2.2,2.2,2.2,2.2,2.2,2.2,2.2,2.2,2.2,2.2,2.201
2088.7442581653595,0.49901866912841797,7072,46.70074462890625,14036.990607402804,151.43227492828157,19,2.2,2.2,2.2,2.2,2.2,2.2,2.2,2.2,2.2,2.2,2.2,2.2,2.2,2.2,2.2,2.2,2.2,2.2,2.2,2.2,2.201
2089.244800567627,0.4990098476409912,6656,46.47889709472656,13937.28653532417,143.2047749849723,19,2.2,2.2,2.2,2.2,2.2,2.2,2.2,2.2,2.2,2.2,2.2,2.2,2.2,2.2,2.2,2.2,2.2,2.2,2.2,2.2,2.201
2089.745009660721,0.4990966320037842,7008,46.20726013183594,13383.658544862932,151.66447826608137,19,2.2,2.2,2.2,2.2,2.2,2.2,2.2,2.2,2.2,2.2,2.2,2.2,2.2,2.2,2.2,2.2,2.2,2.2,2.2,2.2,2.201
2090.245527982712,0.4990966320037842,6816,46.482635498046875,14242.735953642561,146.63540324184925,19,2.2,2.2,2.2,2.2,2.2,2.2,2.2,2.2,2.2,2.2,2.2,2.2,2.2,2.2,2.2,2.2,2.2,2.2,2.2,2.2,2.201
2090.7460854053497,0.49901866912841797,7168,46.21388244628906,14036.182531353239,155.1049083212351,19,2.2,2.2,2.2,2.2,2.2,2.2,2.2,2.2,2.2,2.2,2.2,2.2,2.2,2.2,2.2,2.2,2.2,2.2,2.2,2.2,2.201
2091.2466173171997,0.4989283084869385,7168,46.74641418457031,14169.548978041868,153.3379645270408,19,2.2,2.2,2.2,2.2,2.2,2.2,2.2,2.2,2.2,2.2,2.2,2.2,2.2,2.2,2.2,2.2,2.2,2.2,2.2,2.2,2.201
2091.747159719467,0.4990382194519043,7104,46.48115539550781,14075.89488207473,152.83613196686088,19,2.2,2.2,2.2,2.2,2.2,2.2,2.2,2.2,2.2,2.2,2.2,2.2,2.2,2.2,2.2,2.2,2.2,2.2,2.2,2.2,2.201
2092.247714281082,0.49912381172180176,7104,46.43013000488281,14091.592806123472,153.0040945233819,19,2.2,2.2,2.2,2.2,2.2,2.2,2.2,2.2,2.2,2.2,2.2,2.2,2.2,2.2,2.2,2.2,2.2,2.2,2.2,2.2,2.201
2092.7482283115387,0.4786348342895508,6816,47.41575622558594,13678.594328687372,143.74968454730728,1,1.2,1.2,2.2,2.2,2.2,2.2,2.2,2.2,2.2,2.2,2.2,2.2,2.2,2.2,2.2,2.2,2.2,2.2,2.2,2.2,2.201
2093.248776435852,0.49924135208129883,96,24.234970092773438,284.1384205685631,3.9612180098636056,1,1.2,1.2,2.2,2.2,2.2,2.2,2.2,2.2,2.2,2.2,2.2,2.2,2.2,2.2,2.2,2.2,2.2,2.2,2.2,2.2,2.201
2093.7493283748627,0.4991128444671631,0,23.310089111328125,284.1384205685631,3.9612180098636056,1,1.2,1.2,2.2,2.2,2.2,2.2,2.2,2.2,2.2,2.2,2.2,2.2,2.2,2.2,2.2,2.2,2.2,2.2,2.2,2.2,2.201
2094.249867916107,0.4992184638977051,0,23.9678955078125,284.1384205685631,3.9612180098636056,1,1.2,1.2,2.2,2.2,2.2,2.2,2.2,2.2,2.2,2.2,2.2,2.2,2.2,2.2,2.2,2.2,2.2,2.2,2.2,2.2,2.201
2094.75040268898,0.4992194175720215,576,24.066436767578125,473.09600069096655,23.93374663489765,1,1.2,1.2,2.2,2.2,2.2,2.2,2.2,2.2,2.2,2.2,2.2,2.2,2.2,2.2,2.2,2.2,2.2,2.2,2.2,2.2,2.201
2095.2509355545044,0.49919819831848145,0,23.83770751953125,473.09600069096655,23.93374663489765,1,1.2,1.2,2.2,2.2,2.2,2.2,2.2,2.2,2.2,2.2,2.2,2.2,2.2,2.2,2.2,2.2,2.2,2.2,2.2,2.2,2.201
2095.751472234726,0.4992184638977051,928,23.950515747070312,876.7201657936879,38.74655601575157,1,1.2,1.2,2.2,2.2,2.2,2.2,2.2,2.2,2.2,2.2,2.2,2.2,2.2,2.2,2.2,2.2,2.2,2.2,2.2,2.2,2.201
2096.252004623413,0.4992179870605469,0,23.763458251953125,876.7201657936879,38.74655601575157,1,1.2,1.2,2.2,2.2,2.2,2.2,2.2,2.2,2.2,2.2,2.2,2.2,2.2,2.2,2.2,2.2,2.2,2.2,2.2,2.2,2.201
2096.7525386810303,0.4991903305053711,0,23.95867919921875,876.7201657936879,38.74655601575157,1,1.2,1.2,2.2,2.2,2.2,2.2,2.2,2.2,2.2,2.2,2.2,2.2,2.2,2.2,2.2,2.2,2.2,2.2,2.2,2.2,2.201
2097.253071308136,0.49922704696655273,0,23.741241455078125,876.7201657936879,38.74655601575157,1,1.2,1.2,2.2,2.2,2.2,2.2,2.2,2.2,2.2,2.2,2.2,2.2,2.2,2.2,2.2,2.2,2.2,2.2,2.2,2.2,2.201
2097.7536191940308,0.4991896152496338,608,23.703689575195312,298.0392477919498,25.650015288600496,1,1.2,1.2,2.2,2.2,2.2,2.2,2.2,2.2,2.2,2.2,2.2,2.2,2.2,2.2,2.2,2.2,2.2,2.2,2.2,2.2,2.201
2098.2541513442993,0.49916863441467285,0,23.401580810546875,298.0392477919498,25.650015288600496,1,1.2,1.2,2.2,2.2,2.2,2.2,2.2,2.2,2.2,2.2,2.2,2.2,2.2,2.2,2.2,2.2,2.2,2.2,2.2,2.2,2.201
2098.7546849250793,0.49920177459716797,480,23.473617553710938,435.4299058427532,20.44848855962199,1,1.2,1.2,2.2,2.2,2.2,2.2,2.2,2.2,2.2,2.2,2.2,2.2,2.2,2.2,2.2,2.2,2.2,2.2,2.2,2.2,2.201
2099.255231618881,0.49925851821899414,0,23.902114868164062,435.4299058427532,20.44848855962199,1,1.2,1.2,2.2,2.2,2.2,2.2,2.2,2.2,2.2,2.2,2.2,2.2,2.2,2.2,2.2,2.2,2.2,2.2,2.2,2.2,2.201
2099.7557668685913,0.49900293350219727,768,23.403350830078125,665.7184993945257,32.815813666005546,1,1.2,1.2,2.2,2.2,2.2,2.2,2.2,2.2,2.2,2.2,2.2,2.2,2.2,2.2,2.2,2.2,2.2,2.2,2.2,2.2,2.201
2100.256314754486,0.49928927421569824,0,23.571121215820312,665.7184993945257,32.815813666005546,1,1.2,1.2,2.2,2.2,2.2,2.2,2.2,2.2,2.2,2.2,2.2,2.2,2.2,2.2,2.2,2.2,2.2,2.2,2.2,2.2,2.201
2100.7568464279175,0.49915242195129395,0,23.641525268554688,665.7184993945257,32.815813666005546,1,1.2,1.2,2.2,2.2,2.2,2.2,2.2,2.2,2.2,2.2,2.2,2.2,2.2,2.2,2.2,2.2,2.2,2.2,2.2,2.2,2.201
2101.257392883301,0.49929189682006836,608,22.835739135742188,500.8340756708175,26.624931927356215,1,1.2,1.2,2.2,2.2,2.2,2.2,2.2,2.2,2.2,2.2,2.2,2.2,2.2,2.2,2.2,2.2,2.2,2.2,2.2,2.2,2.201
2101.7579259872437,0.4990108013153076,0,23.23443603515625,500.8340756708175,26.624931927356215,1,1.2,1.2,2.2,2.2,2.2,2.2,2.2,2.2,2.2,2.2,2.2,2.2,2.2,2.2,2.2,2.2,2.2,2.2,2.2,2.2,2.201
2102.2584705352783,0.49921751022338867,448,23.761474609375,436.6370577444216,18.854048722348374,1,1.2,1.2,2.2,2.2,2.2,2.2,2.2,2.2,2.2,2.2,2.2,2.2,2.2,2.2,2.2,2.2,2.2,2.2,2.2,2.2,2.201
2102.7589843273163,0.4818258285522461,0,24.348602294921875,436.6370577444216,18.854048722348374,1,1.3,1.3,2.2,2.2,2.2,2.2,2.2,2.2,2.2,2.2,2.2,2.2,2.2,2.2,2.2,2.2,2.2,2.2,2.2,2.2,2.201
2103.259134531021,0.499253511428833,608,22.432342529296875,501.4626815427176,27.10372308223921,1,1.3,1.3,2.2,2.2,2.2,2.2,2.2,2.2,2.2,2.2,2.2,2.2,2.2,2.2,2.2,2.2,2.2,2.2,2.2,2.2,2.201
2103.7596650123596,0.499255895614624,0,23.795852661132812,501.4626815427176,27.10372308223921,1,1.3,1.3,2.2,2.2,2.2,2.2,2.2,2.2,2.2,2.2,2.2,2.2,2.2,2.2,2.2,2.2,2.2,2.2,2.2,2.2,2.201
2104.260199546814,0.49926090240478516,608,23.24249267578125,664.083968586575,26.15898425703444,1,1.3,1.3,2.2,2.2,2.2,2.2,2.2,2.2,2.2,2.2,2.2,2.2,2.2,2.2,2.2,2.2,2.2,2.2,2.2,2.2,2.201
2104.7607312202454,0.49925875663757324,0,23.428787231445312,664.083968586575,26.15898425703444,1,1.3,1.3,2.2,2.2,2.2,2.2,2.2,2.2,2.2,2.2,2.2,2.2,2.2,2.2,2.2,2.2,2.2,2.2,2.2,2.2,2.201
2105.261263847351,0.49927306175231934,0,23.702468872070312,664.083968586575,26.15898425703444,1,1.3,1.3,2.2,2.2,2.2,2.2,2.2,2.2,2.2,2.2,2.2,2.2,2.2,2.2,2.2,2.2,2.2,2.2,2.2,2.2,2.201
2105.7617971897125,0.4992547035217285,0,23.13055419921875,664.083968586575,26.15898425703444,1,1.3,1.3,2.2,2.2,2.2,2.2,2.2,2.2,2.2,2.2,2.2,2.2,2.2,2.2,2.2,2.2,2.2,2.2,2.2,2.2,2.201
2106.2623307704926,0.4992215633392334,608,23.696609497070312,334.06614923336997,25.65767900573156,1,1.3,1.3,2.2,2.2,2.2,2.2,2.2,2.2,2.2,2.2,2.2,2.2,2.2,2.2,2.2,2.2,2.2,2.2,2.2,2.2,2.201
2106.7628648281097,0.4992244243621826,0,23.990280151367188,334.06614923336997,25.65767900573156,1,1.3,1.3,2.2,2.2,2.2,2.2,2.2,2.2,2.2,2.2,2.2,2.2,2.2,2.2,2.2,2.2,2.2,2.2,2.2,2.2,2.201
2107.263398170471,0.49923276901245117,480,23.661895751953125,464.7498831125757,20.28577950946214,1,1.3,1.3,2.2,2.2,2.2,2.2,2.2,2.2,2.2,2.2,2.2,2.2,2.2,2.2,2.2,2.2,2.2,2.2,2.2,2.2,2.201
2107.7639288902283,0.4992353916168213,0,23.73974609375,464.7498831125757,20.28577950946214,1,1.3,1.3,2.2,2.2,2.2,2.2,2.2,2.2,2.2,2.2,2.2,2.2,2.2,2.2,2.2,2.2,2.2,2.2,2.2,2.2,2.201
2108.2644646167755,0.49926090240478516,736,23.538009643554688,739.5603612617227,31.26857415497473,1,1.3,1.3,2.2,2.2,2.2,2.2,2.2,2.2,2.2,2.2,2.2,2.2,2.2,2.2,2.2,2.2,2.2,2.2,2.2,2.2,2.201
2108.765011548996,0.4992341995239258,0,23.729782104492188,739.5603612617227,31.26857415497473,1,1.3,1.3,2.2,2.2,2.2,2.2,2.2,2.2,2.2,2.2,2.2,2.2,2.2,2.2,2.2,2.2,2.2,2.2,2.2,2.2,2.201
2109.265559196472,0.49911046028137207,608,23.307876586914062,536.7943578849049,26.085602338453885,1,1.3,1.3,2.2,2.2,2.2,2.2,2.2,2.2,2.2,2.2,2.2,2.2,2.2,2.2,2.2,2.2,2.2,2.2,2.2,2.2,2.201
2109.766091108322,0.49906373023986816,0,23.4000244140625,536.7943578849049,26.085602338453885,1,1.3,1.3,2.2,2.2,2.2,2.2,2.2,2.2,2.2,2.2,2.2,2.2,2.2,2.2,2.2,2.2,2.2,2.2,2.2,2.2,2.201
2110.266622066498,0.4992036819458008,640,22.267364501953125,661.6003961252782,28.741614210512612,1,1.3,1.3,2.2,2.2,2.2,2.2,2.2,2.2,2.2,2.2,2.2,2.2,2.2,2.2,2.2,2.2,2.2,2.2,2.2,2.2,2.201
2110.7671689987183,0.4992349147796631,0,23.639312744140625,661.6003961252782,28.741614210512612,1,1.3,1.3,2.2,2.2,2.2,2.2,2.2,2.2,2.2,2.2,2.2,2.2,2.2,2.2,2.2,2.2,2.2,2.2,2.2,2.2,2.201
2111.267706632614,0.49915528297424316,0,23.92596435546875,661.6003961252782,28.741614210512612,1,1.3,1.3,2.2,2.2,2.2,2.2,2.2,2.2,2.2,2.2,2.2,2.2,2.2,2.2,2.2,2.2,2.2,2.2,2.2,2.2,2.201
2111.768252849579,0.49923062324523926,0,24.12945556640625,661.6003961252782,28.741614210512612,1,1.3,1.3,2.2,2.2,2.2,2.2,2.2,2.2,2.2,2.2,2.2,2.2,2.2,2.2,2.2,2.2,2.2,2.2,2.2,2.2,2.201
2112.268799304962,0.4991180896759033,608,23.953598022460938,323.40424941062616,25.382408080401422,1,1.3,1.3,2.2,2.2,2.2,2.2,2.2,2.2,2.2,2.2,2.2,2.2,2.2,2.2,2.2,2.2,2.2,2.2,2.2,2.2,2.201
2112.769329547882,0.4817321300506592,0,24.765274047851562,323.40424941062616,25.382408080401422,1,1.4,1.4,2.2,2.2,2.2,2.2,2.2,2.2,2.2,2.2,2.2,2.2,2.2,2.2,2.2,2.2,2.2,2.2,2.2,2.2,2.201
2113.269859313965,0.4990968704223633,544,23.595367431640625,524.9146172012045,23.055373118305994,1,1.4,1.4,2.2,2.2,2.2,2.2,2.2,2.2,2.2,2.2,2.2,2.2,2.2,2.2,2.2,2.2,2.2,2.2,2.2,2.2,2.201
2113.7704071998596,0.49918556213378906,0,23.935211181640625,524.9146172012045,23.055373118305994,1,1.4,1.4,2.2,2.2,2.2,2.2,2.2,2.2,2.2,2.2,2.2,2.2,2.2,2.2,2.2,2.2,2.2,2.2,2.2,2.2,2.201
2114.2709550857544,0.49906420707702637,512,24.049179077148438,542.5800559183064,21.289707992008054,1,1.4,1.4,2.2,2.2,2.2,2.2,2.2,2.2,2.2,2.2,2.2,2.2,2.2,2.2,2.2,2.2,2.2,2.2,2.2,2.2,2.201
2114.771486759186,0.49924302101135254,0,24.452102661132812,542.5800559183064,21.289707992008054,1,1.4,1.4,2.2,2.2,2.2,2.2,2.2,2.2,2.2,2.2,2.2,2.2,2.2,2.2,2.2,2.2,2.2,2.2,2.2,2.2,2.201
2115.2720186710358,0.4991919994354248,608,23.798660278320312,573.3379537302666,25.547656586108975,1,1.4,1.4,2.2,2.2,2.2,2.2,2.2,2.2,2.2,2.2,2.2,2.2,2.2,2.2,2.2,2.2,2.2,2.2,2.2,2.2,2.201
2115.7725665569305,0.49924206733703613,0,23.636428833007812,573.3379537302666,25.547656586108975,1,1.4,1.4,2.2,2.2,2.2,2.2,2.2,2.2,2.2,2.2,2.2,2.2,2.2,2.2,2.2,2.2,2.2,2.2,2.2,2.2,2.201
2116.273097515106,0.499173641204834,640,24.2530517578125,714.6478197099458,26.38843170710838,1,1.4,1.4,2.2,2.2,2.2,2.2,2.2,2.2,2.2,2.2,2.2,2.2,2.2,2.2,2.2,2.2,2.2,2.2,2.2,2.2,2.201
2116.7736291885376,0.49926042556762695,0,23.482376098632812,714.6478197099458,26.38843170710838,1,1.4,1.4,2.2,2.2,2.2,2.2,2.2,2.2,2.2,2.2,2.2,2.2,2.2,2.2,2.2,2.2,2.2,2.2,2.2,2.2,2.201
2117.274162530899,0.4992663860321045,0,23.388320922851562,714.6478197099458,26.38843170710838,1,1.4,1.4,2.2,2.2,2.2,2.2,2.2,2.2,2.2,2.2,2.2,2.2,2.2,2.2,2.2,2.2,2.2,2.2,2.2,2.2,2.201
2117.7746760845184,0.4991121292114258,608,24.239486694335938,360.31465446539806,25.08303940867163,1,1.4,1.4,2.2,2.2,2.2,2.2,2.2,2.2,2.2,2.2,2.2,2.2,2.2,2.2,2.2,2.2,2.2,2.2,2.2,2.2,2.201
2118.2752075195312,0.49926090240478516,0,23.640151977539062,360.31465446539806,25.08303940867163,1,1.4,1.4,2.2,2.2,2.2,2.2,2.2,2.2,2.2,2.2,2.2,2.2,2.2,2.2,2.2,2.2,2.2,2.2,2.2,2.2,2.201
2118.7757523059845,0.4990262985229492,608,24.0361328125,690.5632900203784,25.29525047739,1,1.4,1.4,2.2,2.2,2.2,2.2,2.2,2.2,2.2,2.2,2.2,2.2,2.2,2.2,2.2,2.2,2.2,2.2,2.2,2.2,2.201
2119.276285648346,0.4990565776824951,0,24.12030029296875,690.5632900203784,25.29525047739,1,1.4,1.4,2.2,2.2,2.2,2.2,2.2,2.2,2.2,2.2,2.2,2.2,2.2,2.2,2.2,2.2,2.2,2.2,2.2,2.2,2.201
2119.776822090149,0.4992387294769287,704,24.067886352539062,692.8131761208825,29.250595157714418,1,1.4,1.4,2.2,2.2,2.2,2.2,2.2,2.2,2.2,2.2,2.2,2.2,2.2,2.2,2.2,2.2,2.2,2.2,2.2,2.2,2.201
2120.2773265838623,0.4990208148956299,0,24.105682373046875,692.8131761208825,29.250595157714418,1,1.4,1.4,2.2,2.2,2.2,2.2,2.2,2.2,2.2,2.2,2.2,2.2,2.2,2.2,2.2,2.2,2.2,2.2,2.2,2.2,2.201
2120.7778491973877,0.4992513656616211,608,24.330764770507812,605.3795399489962,24.988939136717086,1,1.4,1.4,2.2,2.2,2.2,2.2,2.2,2.2,2.2,2.2,2.2,2.2,2.2,2.2,2.2,2.2,2.2,2.2,2.2,2.2,2.201
2121.2783665657043,0.4992215633392334,0,24.293533325195312,605.3795399489962,24.988939136717086,1,1.4,1.4,2.2,2.2,2.2,2.2,2.2,2.2,2.2,2.2,2.2,2.2,2.2,2.2,2.2,2.2,2.2,2.2,2.2,2.2,2.201
2121.778882741928,0.49923276901245117,576,23.9189453125,607.8085167670599,24.081329359408812,1,1.4,1.4,2.2,2.2,2.2,2.2,2.2,2.2,2.2,2.2,2.2,2.2,2.2,2.2,2.2,2.2,2.2,2.2,2.2,2.2,2.201
2122.279395341873,0.4992070198059082,0,24.264129638671875,607.8085167670599,24.081329359408812,1,1.4,1.4,2.2,2.2,2.2,2.2,2.2,2.2,2.2,2.2,2.2,2.2,2.2,2.2,2.2,2.2,2.2,2.2,2.2,2.2,2.201
2122.7798686027527,0.4833354949951172,0,25.476425170898438,607.8085167670599,24.081329359408812,1,1.5,1.5,2.2,2.2,2.2,2.2,2.2,2.2,2.2,2.2,2.2,2.2,2.2,2.2,2.2,2.2,2.2,2.2,2.2,2.2,2.201
2123.2803831100464,0.499220609664917,576,24.09185791015625,337.02348796682634,23.908492327492077,1,1.5,1.5,2.2,2.2,2.2,2.2,2.2,2.2,2.2,2.2,2.2,2.2,2.2,2.2,2.2,2.2,2.2,2.2,2.2,2.2,2.201
2123.7809138298035,0.49924373626708984,0,24.38720703125,337.02348796682634,23.908492327492077,1,1.5,1.5,2.2,2.2,2.2,2.2,2.2,2.2,2.2,2.2,2.2,2.2,2.2,2.2,2.2,2.2,2.2,2.2,2.2,2.2,2.201
2124.2814280986786,0.4991617202758789,608,24.508926391601562,684.0261322268876,24.807288180862237,1,1.5,1.5,2.2,2.2,2.2,2.2,2.2,2.2,2.2,2.2,2.2,2.2,2.2,2.2,2.2,2.2,2.2,2.2,2.2,2.2,2.201
2124.781948328018,0.4992401599884033,0,24.33013916015625,684.0261322268876,24.807288180862237,1,1.5,1.5,2.2,2.2,2.2,2.2,2.2,2.2,2.2,2.2,2.2,2.2,2.2,2.2,2.2,2.2,2.2,2.2,2.2,2.2,2.201
2125.28249502182,0.499222993850708,768,24.259857177734375,858.9970553553807,31.65723501063593,1,1.5,1.5,2.2,2.2,2.2,2.2,2.2,2.2,2.2,2.2,2.2,2.2,2.2,2.2,2.2,2.2,2.2,2.2,2.2,2.2,2.201
2125.78302693367,0.49915266036987305,0,24.6461181640625,858.9970553553807,31.65723501063593,1,1.5,1.5,2.2,2.2,2.2,2.2,2.2,2.2,2.2,2.2,2.2,2.2,2.2,2.2,2.2,2.2,2.2,2.2,2.2,2.2,2.201
2126.2835578918457,0.49920010566711426,608,24.157302856445312,620.0442457536367,25.168372628891472,1,1.5,1.5,2.2,2.2,2.2,2.2,2.2,2.2,2.2,2.2,2.2,2.2,2.2,2.2,2.2,2.2,2.2,2.2,2.2,2.2,2.201
2126.784088373184,0.49924778938293457,640,24.4547119140625,751.6798069909577,26.17082557541693,1,1.5,1.5,2.2,2.2,2.2,2.2,2.2,2.2,2.2,2.2,2.2,2.2,2.2,2.2,2.2,2.2,2.2,2.2,2.2,2.2,2.201
2127.2846174240112,0.49913716316223145,0,24.698654174804688,751.6798069909577,26.17082557541693,1,1.5,1.5,2.2,2.2,2.2,2.2,2.2,2.2,2.2,2.2,2.2,2.2,2.2,2.2,2.2,2.2,2.2,2.2,2.2,2.2,2.201
2127.7851479053497,0.49912405014038086,0,24.5836181640625,751.6798069909577,26.17082557541693,1,1.5,1.5,2.2,2.2,2.2,2.2,2.2,2.2,2.2,2.2,2.2,2.2,2.2,2.2,2.2,2.2,2.2,2.2,2.2,2.2,2.201
2128.285662651062,0.49913668632507324,608,25.158660888671875,376.23783920212526,24.166628052678377,1,1.5,1.5,2.2,2.2,2.2,2.2,2.2,2.2,2.2,2.2,2.2,2.2,2.2,2.2,2.2,2.2,2.2,2.2,2.2,2.2,2.201
2128.786187648773,0.49922609329223633,0,24.586196899414062,376.23783920212526,24.166628052678377,1,1.5,1.5,2.2,2.2,2.2,2.2,2.2,2.2,2.2,2.2,2.2,2.2,2.2,2.2,2.2,2.2,2.2,2.2,2.2,2.2,2.201
2129.2867333889008,0.49927353858947754,544,24.127853393554688,606.7573703572301,22.546556095426194,1,1.5,1.5,2.2,2.2,2.2,2.2,2.2,2.2,2.2,2.2,2.2,2.2,2.2,2.2,2.2,2.2,2.2,2.2,2.2,2.2,2.201
2129.7872908115387,0.49911022186279297,0,22.654495239257812,606.7573703572301,22.546556095426194,1,1.5,1.5,2.2,2.2,2.2,2.2,2.2,2.2,2.2,2.2,2.2,2.2,2.2,2.2,2.2,2.2,2.2,2.2,2.2,2.2,2.201
2130.287832260132,0.49907565116882324,544,22.216934204101562,641.9411085235611,24.485826667280215,1,1.5,1.5,2.2,2.2,2.2,2.2,2.2,2.2,2.2,2.2,2.2,2.2,2.2,2.2,2.2,2.2,2.2,2.2,2.2,2.2,2.201
2130.788370847702,0.49928784370422363,0,23.044296264648438,641.9411085235611,24.485826667280215,1,1.5,1.5,2.2,2.2,2.2,2.2,2.2,2.2,2.2,2.2,2.2,2.2,2.2,2.2,2.2,2.2,2.2,2.2,2.2,2.2,2.201
2131.288918733597,0.49933624267578125,576,24.273788452148438,589.7960208897904,23.729299657343727,1,1.5,1.5,2.2,2.2,2.2,2.2,2.2,2.2,2.2,2.2,2.2,2.2,2.2,2.2,2.2,2.2,2.2,2.2,2.2,2.2,2.201
2131.7894327640533,0.49924588203430176,0,24.0086669921875,589.7960208897904,23.729299657343727,1,1.5,1.5,2.2,2.2,2.2,2.2,2.2,2.2,2.2,2.2,2.2,2.2,2.2,2.2,2.2,2.2,2.2,2.2,2.2,2.2,2.201
2132.289965867996,0.4992403984069824,704,24.423614501953125,815.3885539430488,28.824562389964925,1,1.5,1.5,2.2,2.2,2.2,2.2,2.2,2.2,2.2,2.2,2.2,2.2,2.2,2.2,2.2,2.2,2.2,2.2,2.2,2.2,2.201
2132.790467977524,0.48315978050231934,0,24.269760131835938,815.3885539430488,28.824562389964925,1,1.6,1.6,2.2,2.2,2.2,2.2,2.2,2.2,2.2,2.2,2.2,2.2,2.2,2.2,2.2,2.2,2.2,2.2,2.2,2.2,2.201
2133.290955543518,0.49927425384521484,0,23.14837646484375,815.3885539430488,28.824562389964925,1,1.6,1.6,2.2,2.2,2.2,2.2,2.2,2.2,2.2,2.2,2.2,2.2,2.2,2.2,2.2,2.2,2.2,2.2,2.2,2.2,2.201
2133.7914686203003,0.4992527961730957,576,24.349411010742188,367.347015148244,23.655602993677633,1,1.6,1.6,2.2,2.2,2.2,2.2,2.2,2.2,2.2,2.2,2.2,2.2,2.2,2.2,2.2,2.2,2.2,2.2,2.2,2.2,2.201
2134.2919838428497,0.4992403984069824,704,24.849563598632812,840.8166186547809,28.330477402779543,1,1.6,1.6,2.2,2.2,2.2,2.2,2.2,2.2,2.2,2.2,2.2,2.2,2.2,2.2,2.2,2.2,2.2,2.2,2.2,2.2,2.201
2134.7924706935883,0.4992048740386963,0,24.74163818359375,840.8166186547809,28.330477402779543,1,1.6,1.6,2.2,2.2,2.2,2.2,2.2,2.2,2.2,2.2,2.2,2.2,2.2,2.2,2.2,2.2,2.2,2.2,2.2,2.2,2.201
2135.2929842472076,0.49927377700805664,480,24.948806762695312,592.0677435055608,19.23939708081429,1,1.6,1.6,2.2,2.2,2.2,2.2,2.2,2.2,2.2,2.2,2.2,2.2,2.2,2.2,2.2,2.2,2.2,2.2,2.2,2.2,2.201
2135.79349732399,0.499265193939209,0,24.091293334960938,592.0677435055608,19.23939708081429,1,1.6,1.6,2.2,2.2,2.2,2.2,2.2,2.2,2.2,2.2,2.2,2.2,2.2,2.2,2.2,2.2,2.2,2.2,2.2,2.2,2.201
2136.2940101623535,0.4992804527282715,608,23.989669799804688,674.5850145464624,25.34424212895794,1,1.6,1.6,2.2,2.2,2.2,2.2,2.2,2.2,2.2,2.2,2.2,2.2,2.2,2.2,2.2,2.2,2.2,2.2,2.2,2.2,2.201
2136.794528245926,0.49924635887145996,608,24.270553588867188,757.4382425294091,25.050932512676074,1,1.6,1.6,2.2,2.2,2.2,2.2,2.2,2.2,2.2,2.2,2.2,2.2,2.2,2.2,2.2,2.2,2.2,2.2,2.2,2.2,2.201
2137.2950739860535,0.49928760528564453,0,24.011810302734375,757.4382425294091,25.050932512676074,1,1.6,1.6,2.2,2.2,2.2,2.2,2.2,2.2,2.2,2.2,2.2,2.2,2.2,2.2,2.2,2.2,2.2,2.2,2.2,2.2,2.201
2137.795586824417,0.499129056930542,608,22.595382690429688,659.9320584562734,26.908152357052995,1,1.6,1.6,2.2,2.2,2.2,2.2,2.2,2.2,2.2,2.2,2.2,2.2,2.2,2.2,2.2,2.2,2.2,2.2,2.2,2.2,2.201
2138.2961156368256,0.4992861747741699,0,24.056243896484375,659.9320584562734,26.908152357052995,1,1.6,1.6,2.2,2.2,2.2,2.2,2.2,2.2,2.2,2.2,2.2,2.2,2.2,2.2,2.2,2.2,2.2,2.2,2.2,2.2,2.201
2138.7966527938843,0.4992647171020508,416,24.194015502929688,548.3121380591243,17.194334687833276,1,1.6,1.6,2.2,2.2,2.2,2.2,2.2,2.2,2.2,2.2,2.2,2.2,2.2,2.2,2.2,2.2,2.2,2.2,2.2,2.2,2.201
2139.29718208313,0.49908876419067383,0,24.349212646484375,548.3121380591243,17.194334687833276,1,1.6,1.6,2.2,2.2,2.2,2.2,2.2,2.2,2.2,2.2,2.2,2.2,2.2,2.2,2.2,2.2,2.2,2.2,2.2,2.2,2.201
2139.7976677417755,0.49910616874694824,0,24.566452026367188,548.3121380591243,17.194334687833276,1,1.6,1.6,2.2,2.2,2.2,2.2,2.2,2.2,2.2,2.2,2.2,2.2,2.2,2.2,2.2,2.2,2.2,2.2,2.2,2.2,2.201
2140.298181295395,0.49921345710754395,768,24.462615966796875,518.9183296826117,31.394843504979473,1,1.6,1.6,2.2,2.2,2.2,2.2,2.2,2.2,2.2,2.2,2.2,2.2,2.2,2.2,2.2,2.2,2.2,2.2,2.2,2.2,2.201
2140.7987158298492,0.49926114082336426,0,24.128921508789062,518.9183296826117,31.394843504979473,1,1.6,1.6,2.2,2.2,2.2,2.2,2.2,2.2,2.2,2.2,2.2,2.2,2.2,2.2,2.2,2.2,2.2,2.2,2.2,2.2,2.201
2141.299246788025,0.4992103576660156,608,23.998367309570312,693.026260170245,25.33505684603534,1,1.6,1.6,2.2,2.2,2.2,2.2,2.2,2.2,2.2,2.2,2.2,2.2,2.2,2.2,2.2,2.2,2.2,2.2,2.2,2.2,2.201
2141.7997601032257,0.49926018714904785,640,21.737289428710938,777.9382170891433,29.442493375217172,1,1.6,1.6,2.2,2.2,2.2,2.2,2.2,2.2,2.2,2.2,2.2,2.2,2.2,2.2,2.2,2.2,2.2,2.2,2.2,2.2,2.201
2142.3002746105194,0.49926328659057617,0,23.996612548828125,777.9382170891433,29.442493375217172,1,1.6,1.6,2.2,2.2,2.2,2.2,2.2,2.2,2.2,2.2,2.2,2.2,2.2,2.2,2.2,2.2,2.2,2.2,2.2,2.2,2.201
2142.8007442951202,0.4822511672973633,544,24.892318725585938,600.9097385704334,21.854131228074046,1,1.7,1.7,2.2,2.2,2.2,2.2,2.2,2.2,2.2,2.2,2.2,2.2,2.2,2.2,2.2,2.2,2.2,2.2,2.2,2.2,2.201
2143.3012912273407,0.499267578125,0,23.211166381835938,600.9097385704334,21.854131228074046,1,1.7,1.7,2.2,2.2,2.2,2.2,2.2,2.2,2.2,2.2,2.2,2.2,2.2,2.2,2.2,2.2,2.2,2.2,2.2,2.2,2.201
2143.801801919937,0.4991476535797119,640,24.740066528320312,809.4011006612548,25.86896843092086,1,1.7,1.7,2.2,2.2,2.2,2.2,2.2,2.2,2.2,2.2,2.2,2.2,2.2,2.2,2.2,2.2,2.2,2.2,2.2,2.2,2.201
2144.302332878113,0.49924230575561523,0,24.379501342773438,809.4011006612548,25.86896843092086,1,1.7,1.7,2.2,2.2,2.2,2.2,2.2,2.2,2.2,2.2,2.2,2.2,2.2,2.2,2.2,2.2,2.2,2.2,2.2,2.2,2.201
2144.8028507232666,0.49926280975341797,608,25.315338134765625,447.0587416787405,24.0170602013422,1,1.7,1.7,2.2,2.2,2.2,2.2,2.2,2.2,2.2,2.2,2.2,2.2,2.2,2.2,2.2,2.2,2.2,2.2,2.2,2.2,2.201
2145.303364276886,0.4992811679840088,0,24.783798217773438,447.0587416787405,24.0170602013422,1,1.7,1.7,2.2,2.2,2.2,2.2,2.2,2.2,2.2,2.2,2.2,2.2,2.2,2.2,2.2,2.2,2.2,2.2,2.2,2.2,2.201
2145.803877353668,0.49925732612609863,640,23.152481079101562,900.8253010279383,27.642825743530867,1,1.7,1.7,2.2,2.2,2.2,2.2,2.2,2.2,2.2,2.2,2.2,2.2,2.2,2.2,2.2,2.2,2.2,2.2,2.2,2.2,2.201
2146.3044073581696,0.49925899505615234,480,25.224288940429688,575.858534708466,19.029277738356868,1,1.7,1.7,2.2,2.2,2.2,2.2,2.2,2.2,2.2,2.2,2.2,2.2,2.2,2.2,2.2,2.2,2.2,2.2,2.2,2.2,2.201
2146.80491399765,0.49904608726501465,0,25.060836791992188,575.858534708466,19.029277738356868,1,1.7,1.7,2.2,2.2,2.2,2.2,2.2,2.2,2.2,2.2,2.2,2.2,2.2,2.2,2.2,2.2,2.2,2.2,2.2,2.2,2.201
2147.3054275512695,0.4992532730102539,608,24.95098876953125,777.1099363421723,24.36777177914711,1,1.7,1.7,2.2,2.2,2.2,2.2,2.2,2.2,2.2,2.2,2.2,2.2,2.2,2.2,2.2,2.2,2.2,2.2,2.2,2.2,2.201
2147.8059380054474,0.4993014335632324,0,24.800521850585938,777.1099363421723,24.36777177914711,1,1.7,1.7,2.2,2.2,2.2,2.2,2.2,2.2,2.2,2.2,2.2,2.2,2.2,2.2,2.2,2.2,2.2,2.2,2.2,2.2,2.201
2148.3064692020416,0.499267578125,608,24.764419555664062,715.6206414398553,24.55135274353481,1,1.7,1.7,2.2,2.2,2.2,2.2,2.2,2.2,2.2,2.2,2.2,2.2,2.2,2.2,2.2,2.2,2.2,2.2,2.2,2.2,2.201
2148.8069899082184,0.4991176128387451,608,24.841140747070312,728.6230629013727,24.4755265545406,1,1.7,1.7,2.2,2.2,2.2,2.2,2.2,2.2,2.2,2.2,2.2,2.2,2.2,2.2,2.2,2.2,2.2,2.2,2.2,2.2,2.201
2149.3075199127197,0.49927234649658203,0,24.668533325195312,728.6230629013727,24.4755265545406,1,1.7,1.7,2.2,2.2,2.2,2.2,2.2,2.2,2.2,2.2,2.2,2.2,2.2,2.2,2.2,2.2,2.2,2.2,2.2,2.2,2.201
2149.8080310821533,0.49921584129333496,448,21.600540161132812,594.5179965393806,20.74022208046973,1,1.7,1.7,2.2,2.2,2.2,2.2,2.2,2.2,2.2,2.2,2.2,2.2,2.2,2.2,2.2,2.2,2.2,2.2,2.2,2.2,2.201
2150.3085396289825,0.49925756454467773,0,22.895004272460938,594.5179965393806,20.74022208046973,1,1.7,1.7,2.2,2.2,2.2,2.2,2.2,2.2,2.2,2.2,2.2,2.2,2.2,2.2,2.2,2.2,2.2,2.2,2.2,2.2,2.201
2150.8090674877167,0.49922800064086914,608,25.003677368164062,448.16535034517995,24.31642318238101,1,1.7,1.7,2.2,2.2,2.2,2.2,2.2,2.2,2.2,2.2,2.2,2.2,2.2,2.2,2.2,2.2,2.2,2.2,2.2,2.2,2.201
2151.3095803260803,0.4992067813873291,0,24.953567504882812,448.16535034517995,24.31642318238101,1,1.7,1.7,2.2,2.2,2.2,2.2,2.2,2.2,2.2,2.2,2.2,2.2,2.2,2.2,2.2,2.2,2.2,2.2,2.2,2.2,2.201
2151.8100657463074,0.49918699264526367,608,25.033035278320312,735.1993479843426,24.287905691027177,1,1.7,1.7,2.2,2.2,2.2,2.2,2.2,2.2,2.2,2.2,2.2,2.2,2.2,2.2,2.2,2.2,2.2,2.2,2.2,2.2,2.201
2152.310615301132,0.49920225143432617,0,25.925689697265625,735.1993479843426,24.287905691027177,1,1.7,1.7,2.2,2.2,2.2,2.2,2.2,2.2,2.2,2.2,2.2,2.2,2.2,2.2,2.2,2.2,2.2,2.2,2.2,2.2,2.201
2152.8111124038696,0.47959375381469727,800,24.442276000976562,970.4373094724172,32.73017619014027,1,1.8,1.8,2.2,2.2,2.2,2.2,2.2,2.2,2.2,2.2,2.2,2.2,2.2,2.2,2.2,2.2,2.2,2.2,2.2,2.2,2.201
2153.311642408371,0.49925708770751953,512,23.04925537109375,623.0408209898249,22.213298944229805,1,1.8,1.8,2.2,2.2,2.2,2.2,2.2,2.2,2.2,2.2,2.2,2.2,2.2,2.2,2.2,2.2,2.2,2.2,2.2,2.2,2.201
2153.812153339386,0.4992077350616455,0,25.077011108398438,623.0408209898249,22.213298944229805,1,1.8,1.8,2.2,2.2,2.2,2.2,2.2,2.2,2.2,2.2,2.2,2.2,2.2,2.2,2.2,2.2,2.2,2.2,2.2,2.2,2.201
2154.312667131424,0.4992401599884033,704,25.268020629882812,969.3984527812494,27.86130383190466,1,1.8,1.8,2.2,2.2,2.2,2.2,2.2,2.2,2.2,2.2,2.2,2.2,2.2,2.2,2.2,2.2,2.2,2.2,2.2,2.2,2.201
2154.813152074814,0.4992372989654541,0,24.795211791992188,969.3984527812494,27.86130383190466,1,1.8,1.8,2.2,2.2,2.2,2.2,2.2,2.2,2.2,2.2,2.2,2.2,2.2,2.2,2.2,2.2,2.2,2.2,2.2,2.2,2.201
2155.313681602478,0.49925875663757324,576,24.937896728515625,452.8301562298339,23.09737690674466,1,1.8,1.8,2.2,2.2,2.2,2.2,2.2,2.2,2.2,2.2,2.2,2.2,2.2,2.2,2.2,2.2,2.2,2.2,2.2,2.2,2.201
2155.814193248749,0.49924635887145996,0,24.8621826171875,452.8301562298339,23.09737690674466,1,1.8,1.8,2.2,2.2,2.2,2.2,2.2,2.2,2.2,2.2,2.2,2.2,2.2,2.2,2.2,2.2,2.2,2.2,2.2,2.2,2.201
2156.314722776413,0.49921202659606934,512,25.162811279296875,707.3477620500396,20.34748797807249,1,1.8,1.8,2.2,2.2,2.2,2.2,2.2,2.2,2.2,2.2,2.2,2.2,2.2,2.2,2.2,2.2,2.2,2.2,2.2,2.2,2.201
2156.8152396678925,0.49921536445617676,640,25.042205810546875,824.5604428050963,25.556854090323586,1,1.8,1.8,2.2,2.2,2.2,2.2,2.2,2.2,2.2,2.2,2.2,2.2,2.2,2.2,2.2,2.2,2.2,2.2,2.2,2.2,2.201
2157.3157551288605,0.4992647171020508,0,25.1444091796875,824.5604428050963,25.556854090323586,1,1.8,1.8,2.2,2.2,2.2,2.2,2.2,2.2,2.2,2.2,2.2,2.2,2.2,2.2,2.2,2.2,2.2,2.2,2.2,2.2,2.201
2157.816287279129,0.4992856979370117,576,23.400497436523438,754.1278469475784,24.61486135337365,1,1.8,1.8,2.2,2.2,2.2,2.2,2.2,2.2,2.2,2.2,2.2,2.2,2.2,2.2,2.2,2.2,2.2,2.2,2.2,2.2,2.201
2158.316801071167,0.4992086887359619,640,24.960693359375,833.1145671942929,25.640313383346864,1,1.8,1.8,2.2,2.2,2.2,2.2,2.2,2.2,2.2,2.2,2.2,2.2,2.2,2.2,2.2,2.2,2.2,2.2,2.2,2.2,2.201
2158.8173356056213,0.49927473068237305,0,25.528854370117188,833.1145671942929,25.640313383346864,1,1.8,1.8,2.2,2.2,2.2,2.2,2.2,2.2,2.2,2.2,2.2,2.2,2.2,2.2,2.2,2.2,2.2,2.2,2.2,2.2,2.201
2159.3178491592407,0.49904417991638184,0,25.16412353515625,833.1145671942929,25.640313383346864,1,1.8,1.8,2.2,2.2,2.2,2.2,2.2,2.2,2.2,2.2,2.2,2.2,2.2,2.2,2.2,2.2,2.2,2.2,2.2,2.2,2.201
2159.8183324337006,0.49924278259277344,608,24.382125854492188,475.00039182300986,24.936299797172175,1,1.8,1.8,2.2,2.2,2.2,2.2,2.2,2.2,2.2,2.2,2.2,2.2,2.2,2.2,2.2,2.2,2.2,2.2,2.2,2.2,2.201
2160.318819999695,0.4992494583129883,640,24.853668212890625,874.5595110863562,25.75072599014004,1,1.8,1.8,2.2,2.2,2.2,2.2,2.2,2.2,2.2,2.2,2.2,2.2,2.2,2.2,2.2,2.2,2.2,2.2,2.2,2.2,2.201
2160.8193349838257,0.49925756454467773,0,24.76312255859375,874.5595110863562,25.75072599014004,1,1.8,1.8,2.2,2.2,2.2,2.2,2.2,2.2,2.2,2.2,2.2,2.2,2.2,2.2,2.2,2.2,2.2,2.2,2.2,2.2,2.201
2161.3198642730713,0.49928998947143555,576,24.406723022460938,738.2663070392998,23.60005476646417,1,1.8,1.8,2.2,2.2,2.2,2.2,2.2,2.2,2.2,2.2,2.2,2.2,2.2,2.2,2.2,2.2,2.2,2.2,2.2,2.2,2.201
2161.8203740119934,0.49929165840148926,0,24.471099853515625,738.2663070392998,23.60005476646417,1,1.8,1.8,2.2,2.2,2.2,2.2,2.2,2.2,2.2,2.2,2.2,2.2,2.2,2.2,2.2,2.2,2.2,2.2,2.2,2.2,2.201
2162.3209047317505,0.499267578125,608,24.385971069335938,791.8679018138769,24.93236780570644,1,1.8,1.8,2.2,2.2,2.2,2.2,2.2,2.2,2.2,2.2,2.2,2.2,2.2,2.2,2.2,2.2,2.2,2.2,2.2,2.2,2.201
2162.8213737010956,0.4837934970855713,672,25.389892578125,861.3254938731114,26.467225016106234,1,1.9,1.9,2.2,2.2,2.2,2.2,2.2,2.2,2.2,2.2,2.2,2.2,2.2,2.2,2.2,2.2,2.2,2.2,2.2,2.2,2.201
2163.3219060897827,0.49922704696655273,0,24.554367065429688,861.3254938731114,26.467225016106234,1,1.9,1.9,2.2,2.2,2.2,2.2,2.2,2.2,2.2,2.2,2.2,2.2,2.2,2.2,2.2,2.2,2.2,2.2,2.2,2.2,2.201
2163.822431564331,0.4992208480834961,0,25.1392822265625,861.3254938731114,26.467225016106234,1,1.9,1.9,2.2,2.2,2.2,2.2,2.2,2.2,2.2,2.2,2.2,2.2,2.2,2.2,2.2,2.2,2.2,2.2,2.2,2.2,2.201
2164.322944164276,0.4991428852081299,608,24.984573364257812,498.36060981121705,24.33501629728794,1,1.9,1.9,2.2,2.2,2.2,2.2,2.2,2.2,2.2,2.2,2.2,2.2,2.2,2.2,2.2,2.2,2.2,2.2,2.2,2.2,2.201
2164.823459625244,0.4992654323577881,544,25.35498046875,761.3910059198328,21.455350780903963,1,1.9,1.9,2.2,2.2,2.2,2.2,2.2,2.2,2.2,2.2,2.2,2.2,2.2,2.2,2.2,2.2,2.2,2.2,2.2,2.2,2.201
2165.323988676071,0.49924135208129883,800,25.014419555664062,1084.717823321917,31.981553608300878,1,1.9,1.9,2.2,2.2,2.2,2.2,2.2,2.2,2.2,2.2,2.2,2.2,2.2,2.2,2.2,2.2,2.2,2.2,2.2,2.2,2.201
2165.824525117874,0.49907469749450684,0,24.504898071289062,1084.717823321917,31.981553608300878,1,1.9,1.9,2.2,2.2,2.2,2.2,2.2,2.2,2.2,2.2,2.2,2.2,2.2,2.2,2.2,2.2,2.2,2.2,2.2,2.2,2.201
2166.325038909912,0.4992084503173828,576,25.038131713867188,760.3475696374071,23.00491133214171,1,1.9,1.9,2.2,2.2,2.2,2.2,2.2,2.2,2.2,2.2,2.2,2.2,2.2,2.2,2.2,2.2,2.2,2.2,2.2,2.2,2.201
2166.8255472183228,0.4992687702178955,640,25.231964111328125,916.3156241625405,25.36465243752729,1,1.9,1.9,2.2,2.2,2.2,2.2,2.2,2.2,2.2,2.2,2.2,2.2,2.2,2.2,2.2,2.2,2.2,2.2,2.2,2.2,2.201
2167.326075553894,0.49923157691955566,0,24.955337524414062,916.3156241625405,25.36465243752729,1,1.9,1.9,2.2,2.2,2.2,2.2,2.2,2.2,2.2,2.2,2.2,2.2,2.2,2.2,2.2,2.2,2.2,2.2,2.2,2.2,2.201
2167.826585292816,0.4992098808288574,0,24.939285278320312,916.3156241625405,25.36465243752729,1,1.9,1.9,2.2,2.2,2.2,2.2,2.2,2.2,2.2,2.2,2.2,2.2,2.2,2.2,2.2,2.2,2.2,2.2,2.2,2.2,2.201
2168.3271157741547,0.49924778938293457,544,25.291824340820312,456.3742173193284,21.508926863848206,1,1.9,1.9,2.2,2.2,2.2,2.2,2.2,2.2,2.2,2.2,2.2,2.2,2.2,2.2,2.2,2.2,2.2,2.2,2.2,2.2,2.201
2168.827661752701,0.4992666244506836,576,24.933792114257812,926.6459314086839,23.10117920934408,1,1.9,1.9,2.2,2.2,2.2,2.2,2.2,2.2,2.2,2.2,2.2,2.2,2.2,2.2,2.2,2.2,2.2,2.2,2.2,2.2,2.201
2169.3281750679016,0.49903106689453125,0,25.21380615234375,926.6459314086839,23.10117920934408,1,1.9,1.9,2.2,2.2,2.2,2.2,2.2,2.2,2.2,2.2,2.2,2.2,2.2,2.2,2.2,2.2,2.2,2.2,2.2,2.2,2.201
2169.8286871910095,0.49924135208129883,544,25.34588623046875,721.1029469057013,21.463049074450897,1,1.9,1.9,2.2,2.2,2.2,2.2,2.2,2.2,2.2,2.2,2.2,2.2,2.2,2.2,2.2,2.2,2.2,2.2,2.2,2.2,2.201
2170.3291997909546,0.4992659091949463,608,24.968185424804688,861.794790067605,24.350988654385006,1,1.9,1.9,2.2,2.2,2.2,2.2,2.2,2.2,2.2,2.2,2.2,2.2,2.2,2.2,2.2,2.2,2.2,2.2,2.2,2.2,2.201
2170.8297111988068,0.49929094314575195,608,25.1646728515625,850.9508628314326,24.160854527550462,1,1.9,1.9,2.2,2.2,2.2,2.2,2.2,2.2,2.2,2.2,2.2,2.2,2.2,2.2,2.2,2.2,2.2,2.2,2.2,2.2,2.201
2171.3302404880524,0.4992692470550537,0,24.8543701171875,850.9508628314326,24.160854527550462,1,1.9,1.9,2.2,2.2,2.2,2.2,2.2,2.2,2.2,2.2,2.2,2.2,2.2,2.2,2.2,2.2,2.2,2.2,2.2,2.2,2.201
2171.8307492733,0.49924707412719727,608,24.759689331054688,801.6139397231482,24.55604316639869,1,1.9,1.9,2.2,2.2,2.2,2.2,2.2,2.2,2.2,2.2,2.2,2.2,2.2,2.2,2.2,2.2,2.2,2.2,2.2,2.2,2.201
2172.3312628269196,0.4992849826812744,224,24.442718505859375,369.9234812804797,9.164283422333037,1,1.9,1.9,2.2,2.2,2.2,2.2,2.2,2.2,2.2,2.2,2.2,2.2,2.2,2.2,2.2,2.2,2.2,2.2,2.2,2.2,2.201
2172.831760406494,0.4832007884979248,0,25.884918212890625,369.9234812804797,9.164283422333037,1,2.0,2.0,2.2,2.2,2.2,2.2,2.2,2.2,2.2,2.2,2.2,2.2,2.2,2.2,2.2,2.2,2.2,2.2,2.2,2.2,2.201
2173.3322927951813,0.4992551803588867,0,24.157318115234375,369.9234812804797,9.164283422333037,1,2.0,2.0,2.2,2.2,2.2,2.2,2.2,2.2,2.2,2.2,2.2,2.2,2.2,2.2,2.2,2.2,2.2,2.2,2.2,2.2,2.201
2173.8328053951263,0.499237060546875,960,24.739578247070312,745.3413138081846,38.804218504156765,1,2.0,2.0,2.2,2.2,2.2,2.2,2.2,2.2,2.2,2.2,2.2,2.2,2.2,2.2,2.2,2.2,2.2,2.2,2.2,2.2,2.201
2174.3333356380463,0.4992544651031494,576,25.359146118164062,960.8998840376668,22.71369853369893,1,2.0,2.0,2.2,2.2,2.2,2.2,2.2,2.2,2.2,2.2,2.2,2.2,2.2,2.2,2.2,2.2,2.2,2.2,2.2,2.2,2.201
2174.833846092224,0.49925923347473145,672,24.867156982421875,917.3292736139784,27.023595840691566,1,2.0,2.0,2.2,2.2,2.2,2.2,2.2,2.2,2.2,2.2,2.2,2.2,2.2,2.2,2.2,2.2,2.2,2.2,2.2,2.2,2.201
2175.3343799114227,0.49924516677856445,0,24.8861083984375,917.3292736139784,27.023595840691566,1,2.0,2.0,2.2,2.2,2.2,2.2,2.2,2.2,2.2,2.2,2.2,2.2,2.2,2.2,2.2,2.2,2.2,2.2,2.2,2.2,2.201
2175.8348903656006,0.4990253448486328,544,25.314178466796875,800.4964039941348,21.489933031543288,1,2.0,2.0,2.2,2.2,2.2,2.2,2.2,2.2,2.2,2.2,2.2,2.2,2.2,2.2,2.2,2.2,2.2,2.2,2.2,2.2,2.201
2176.3353786468506,0.49924230575561523,672,25.00372314453125,943.2605759024588,26.875997471079746,1,2.0,2.0,2.2,2.2,2.2,2.2,2.2,2.2,2.2,2.2,2.2,2.2,2.2,2.2,2.2,2.2,2.2,2.2,2.2,2.2,2.201
2176.8358659744263,0.4993007183074951,0,25.194137573242188,943.2605759024588,26.875997471079746,1,2.0,2.0,2.2,2.2,2.2,2.2,2.2,2.2,2.2,2.2,2.2,2.2,2.2,2.2,2.2,2.2,2.2,2.2,2.2,2.2,2.201
2177.3363947868347,0.49924588203430176,608,25.357376098632812,517.0068797054332,23.977244239903094,1,2.0,2.0,2.2,2.2,2.2,2.2,2.2,2.2,2.2,2.2,2.2,2.2,2.2,2.2,2.2,2.2,2.2,2.2,2.2,2.2,2.201
2177.836904525757,0.4990260601043701,0,25.059951782226562,517.0068797054332,23.977244239903094,1,2.0,2.0,2.2,2.2,2.2,2.2,2.2,2.2,2.2,2.2,2.2,2.2,2.2,2.2,2.2,2.2,2.2,2.2,2.2,2.2,2.201
2178.337420940399,0.49926209449768066,576,24.927764892578125,960.9004438796317,23.106764785457983,1,2.0,2.0,2.2,2.2,2.2,2.2,2.2,2.2,2.2,2.2,2.2,2.2,2.2,2.2,2.2,2.2,2.2,2.2,2.2,2.2,2.201
2178.8379447460175,0.4992341995239258,512,24.791458129882812,718.5347593490209,20.652274558342818,1,2.0,2.0,2.2,2.2,2.2,2.2,2.2,2.2,2.2,2.2,2.2,2.2,2.2,2.2,2.2,2.2,2.2,2.2,2.2,2.2,2.201
2179.338476896286,0.49924230575561523,608,25.826309204101562,894.8939148495432,23.541884951313193,1,2.0,2.0,2.2,2.2,2.2,2.2,2.2,2.2,2.2,2.2,2.2,2.2,2.2,2.2,2.2,2.2,2.2,2.2,2.2,2.2,2.201
2179.8390226364136,0.4992387294769287,0,25.663681030273438,894.8939148495432,23.541884951313193,1,2.0,2.0,2.2,2.2,2.2,2.2,2.2,2.2,2.2,2.2,2.2,2.2,2.2,2.2,2.2,2.2,2.2,2.2,2.2,2.2,2.201
2180.339553117752,0.49903297424316406,608,25.548965454101562,867.8384088849378,23.797441078084564,1,2.0,2.0,2.2,2.2,2.2,2.2,2.2,2.2,2.2,2.2,2.2,2.2,2.2,2.2,2.2,2.2,2.2,2.2,2.2,2.2,2.201
2180.8400661945343,0.4992654323577881,544,26.032501220703125,805.3957450902285,20.896954748526728,1,2.0,2.0,2.2,2.2,2.2,2.2,2.2,2.2,2.2,2.2,2.2,2.2,2.2,2.2,2.2,2.2,2.2,2.2,2.2,2.2,2.201
2181.3405809402466,0.49926114082336426,0,25.46624755859375,805.3957450902285,20.896954748526728,1,2.0,2.0,2.2,2.2,2.2,2.2,2.2,2.2,2.2,2.2,2.2,2.2,2.2,2.2,2.2,2.2,2.2,2.2,2.2,2.2,2.201
2181.8410913944244,0.49927687644958496,480,23.748733520507812,709.4753399959668,20.211604108720334,1,2.0,2.0,2.2,2.2,2.2,2.2,2.2,2.2,2.2,2.2,2.2,2.2,2.2,2.2,2.2,2.2,2.2,2.2,2.2,2.2,2.201
2182.341609954834,0.4992361068725586,608,25.038482666015625,884.352770599954,24.282621599320382,1,2.0,2.0,2.2,2.2,2.2,2.2,2.2,2.2,2.2,2.2,2.2,2.2,2.2,2.2,2.2,2.2,2.2,2.2,2.2,2.2,2.201
2182.8421223163605,0.4830360412597656,608,25.963653564453125,909.5103431223554,23.417351432866663,1,2.1,2.1,2.2,2.2,2.2,2.2,2.2,2.2,2.2,2.2,2.2,2.2,2.2,2.2,2.2,2.2,2.2,2.2,2.2,2.2,2.201
2183.3426110744476,0.4990353584289551,0,24.529739379882812,909.5103431223554,23.417351432866663,1,2.1,2.1,2.2,2.2,2.2,2.2,2.2,2.2,2.2,2.2,2.2,2.2,2.2,2.2,2.2,2.2,2.2,2.2,2.2,2.2,2.201
2183.843097925186,0.4992532730102539,608,25.938140869140625,573.584745120436,23.44038468552523,1,2.1,2.1,2.2,2.2,2.2,2.2,2.2,2.2,2.2,2.2,2.2,2.2,2.2,2.2,2.2,2.2,2.2,2.2,2.2,2.2,2.201
2184.343585729599,0.49925851821899414,480,25.610931396484375,920.2709241806849,18.741997023422968,1,2.1,2.1,2.2,2.2,2.2,2.2,2.2,2.2,2.2,2.2,2.2,2.2,2.2,2.2,2.2,2.2,2.2,2.2,2.2,2.2,2.201
2184.844072818756,0.49926090240478516,0,25.803314208984375,920.2709241806849,18.741997023422968,1,2.1,2.1,2.2,2.2,2.2,2.2,2.2,2.2,2.2,2.2,2.2,2.2,2.2,2.2,2.2,2.2,2.2,2.2,2.2,2.2,2.201
2185.344605445862,0.4992716312408447,576,25.760360717773438,801.7682368048453,22.359935340602085,1,2.1,2.1,2.2,2.2,2.2,2.2,2.2,2.2,2.2,2.2,2.2,2.2,2.2,2.2,2.2,2.2,2.2,2.2,2.2,2.2,2.201
2185.8450915813446,0.49928951263427734,608,25.731246948242188,965.7786930742195,23.628858765491547,1,2.1,2.1,2.2,2.2,2.2,2.2,2.2,2.2,2.2,2.2,2.2,2.2,2.2,2.2,2.2,2.2,2.2,2.2,2.2,2.2,2.201
2186.3456234931946,0.49925827980041504,608,25.777496337890625,952.2982815345874,23.586464411840264,1,2.1,2.1,2.2,2.2,2.2,2.2,2.2,2.2,2.2,2.2,2.2,2.2,2.2,2.2,2.2,2.2,2.2,2.2,2.2,2.2,2.201
2186.8461344242096,0.4992697238922119,0,25.485855102539062,952.2982815345874,23.586464411840264,1,2.1,2.1,2.2,2.2,2.2,2.2,2.2,2.2,2.2,2.2,2.2,2.2,2.2,2.2,2.2,2.2,2.2,2.2,2.2,2.2,2.201
2187.34667634964,0.49924707412719727,608,25.222396850585938,897.3225543260343,24.105559975196236,1,2.1,2.1,2.2,2.2,2.2,2.2,2.2,2.2,2.2,2.2,2.2,2.2,2.2,2.2,2.2,2.2,2.2,2.2,2.2,2.2,2.201
2187.8471913337708,0.49926114082336426,224,25.618560791015625,389.95175739594123,8.743660575911678,1,2.1,2.1,2.2,2.2,2.2,2.2,2.2,2.2,2.2,2.2,2.2,2.2,2.2,2.2,2.2,2.2,2.2,2.2,2.2,2.2,2.201
2188.3477058410645,0.49925851821899414,0,25.73309326171875,389.95175739594123,8.743660575911678,1,2.1,2.1,2.2,2.2,2.2,2.2,2.2,2.2,2.2,2.2,2.2,2.2,2.2,2.2,2.2,2.2,2.2,2.2,2.2,2.2,2.201
2188.8482234477997,0.49928927421569824,960,25.454757690429688,813.5582730380222,37.71397126129134,1,2.1,2.1,2.2,2.2,2.2,2.2,2.2,2.2,2.2,2.2,2.2,2.2,2.2,2.2,2.2,2.2,2.2,2.2,2.2,2.2,2.201
2189.348737716675,0.49924135208129883,576,25.595626831054688,970.3629686011542,22.503844262221786,1,2.1,2.1,2.2,2.2,2.2,2.2,2.2,2.2,2.2,2.2,2.2,2.2,2.2,2.2,2.2,2.2,2.2,2.2,2.2,2.2,2.201
2189.8492720127106,0.4992654323577881,0,25.06475830078125,970.3629686011542,22.503844262221786,1,2.1,2.1,2.2,2.2,2.2,2.2,2.2,2.2,2.2,2.2,2.2,2.2,2.2,2.2,2.2,2.2,2.2,2.2,2.2,2.2,2.201
2190.34978556633,0.4992637634277344,544,25.694198608398438,826.235282472597,21.17209445957141,1,2.1,2.1,2.2,2.2,2.2,2.2,2.2,2.2,2.2,2.2,2.2,2.2,2.2,2.2,2.2,2.2,2.2,2.2,2.2,2.2,2.201
2190.8503184318542,0.4992208480834961,576,25.519912719726562,854.9104059139793,22.570610108503995,1,2.1,2.1,2.2,2.2,2.2,2.2,2.2,2.2,2.2,2.2,2.2,2.2,2.2,2.2,2.2,2.2,2.2,2.2,2.2,2.2,2.201
2191.350821495056,0.4992222785949707,640,25.205215454101562,972.2833623833968,25.391570294863513,1,2.1,2.1,2.2,2.2,2.2,2.2,2.2,2.2,2.2,2.2,2.2,2.2,2.2,2.2,2.2,2.2,2.2,2.2,2.2,2.2,2.201
2191.8513350486755,0.49923062324523926,0,26.085037231445312,972.2833623833968,25.391570294863513,1,2.1,2.1,2.2,2.2,2.2,2.2,2.2,2.2,2.2,2.2,2.2,2.2,2.2,2.2,2.2,2.2,2.2,2.2,2.2,2.2,2.201
2192.3518674373627,0.4992392063140869,0,25.38787841796875,972.2833623833968,25.391570294863513,1,2.1,2.1,2.2,2.2,2.2,2.2,2.2,2.2,2.2,2.2,2.2,2.2,2.2,2.2,2.2,2.2,2.2,2.2,2.2,2.2,2.201
2192.8523528575897,0.48189806938171387,608,26.601165771484375,544.1709645950242,22.856141163999556,1,2.2,2.2,2.2,2.2,2.2,2.2,2.2,2.2,2.2,2.2,2.2,2.2,2.2,2.2,2.2,2.2,2.2,2.2,2.2,2.2,2.201
2193.352854013443,0.4990723133087158,608,26.574508666992188,1053.0091255942518,22.87906834398741,1,2.2,2.2,2.2,2.2,2.2,2.2,2.2,2.2,2.2,2.2,2.2,2.2,2.2,2.2,2.2,2.2,2.2,2.2,2.2,2.2,2.201
2193.8533849716187,0.4990220069885254,768,26.59368896484375,1140.6301666319082,28.87903220253792,1,2.2,2.2,2.2,2.2,2.2,2.2,2.2,2.2,2.2,2.2,2.2,2.2,2.2,2.2,2.2,2.2,2.2,2.2,2.2,2.2,2.201
2194.353882074356,0.49910998344421387,544,28.38006591796875,900.8871687911578,19.168383948522408,1,2.2,2.2,2.2,2.2,2.2,2.2,2.2,2.2,2.2,2.2,2.2,2.2,2.2,2.2,2.2,2.2,2.2,2.2,2.2,2.2,2.201
2194.8543944358826,0.49912571907043457,0,28.7288818359375,900.8871687911578,19.168383948522408,1,2.2,2.2,2.2,2.2,2.2,2.2,2.2,2.2,2.2,2.2,2.2,2.2,2.2,2.2,2.2,2.2,2.2,2.2,2.2,2.2,2.201
2195.354930639267,0.4992809295654297,608,28.6378173828125,926.6208560017869,21.23066824097084,1,2.2,2.2,2.2,2.2,2.2,2.2,2.2,2.2,2.2,2.2,2.2,2.2,2.2,2.2,2.2,2.2,2.2,2.2,2.2,2.2,2.201
2195.8554441928864,0.4992098808288574,0,28.73724365234375,926.6208560017869,21.23066824097084,1,2.2,2.2,2.2,2.2,2.2,2.2,2.2,2.2,2.2,2.2,2.2,2.2,2.2,2.2,2.2,2.2,2.2,2.2,2.2,2.2,2.201
2196.355976819992,0.4993114471435547,576,28.438217163085938,547.5287463093473,20.25443425995331,1,2.2,2.2,2.2,2.2,2.2,2.2,2.2,2.2,2.2,2.2,2.2,2.2,2.2,2.2,2.2,2.2,2.2,2.2,2.2,2.2,2.201
2196.8565096855164,0.49926328659057617,576,28.301788330078125,1091.3146537948528,20.35207080493383,1,2.2,2.2,2.2,2.2,2.2,2.2,2.2,2.2,2.2,2.2,2.2,2.2,2.2,2.2,2.2,2.2,2.2,2.2,2.2,2.2,2.201
2197.35702586174,0.49899983406066895,768,26.951141357421875,1103.1360681078056,28.496010236260595,1,2.2,2.2,2.2,2.2,2.2,2.2,2.2,2.2,2.2,2.2,2.2,2.2,2.2,2.2,2.2,2.2,2.2,2.2,2.2,2.2,2.201
2197.8575387001038,0.499237060546875,608,27.058929443359375,1000.3424119388923,22.46947726711381,1,2.2,2.2,2.2,2.2,2.2,2.2,2.2,2.2,2.2,2.2,2.2,2.2,2.2,2.2,2.2,2.2,2.2,2.2,2.2,2.2,2.201
2198.358058452606,0.49925994873046875,0,28.52593994140625,1000.3424119388923,22.46947726711381,1,2.2,2.2,2.2,2.2,2.2,2.2,2.2,2.2,2.2,2.2,2.2,2.2,2.2,2.2,2.2,2.2,2.2,2.2,2.2,2.2,2.201
2198.8585579395294,0.49908018112182617,640,27.352859497070312,957.784874471385,23.397919331561972,1,2.2,2.2,2.2,2.2,2.2,2.2,2.2,2.2,2.2,2.2,2.2,2.2,2.2,2.2,2.2,2.2,2.2,2.2,2.2,2.2,2.201
2199.359053850174,0.4991180896759033,0,25.746688842773438,957.784874471385,23.397919331561972,1,2.2,2.2,2.2,2.2,2.2,2.2,2.2,2.2,2.2,2.2,2.2,2.2,2.2,2.2,2.2,2.2,2.2,2.2,2.2,2.2,2.201
2199.8595502376556,0.49925732612609863,608,25.903732299804688,577.9458587840139,23.47152112919976,1,2.2,2.2,2.2,2.2,2.2,2.2,2.2,2.2,2.2,2.2,2.2,2.2,2.2,2.2,2.2,2.2,2.2,2.2,2.2,2.2,2.201
2200.3600482940674,0.4992859363555908,480,28.802108764648438,930.6266124619183,16.66544640610307,1,2.2,2.2,2.2,2.2,2.2,2.2,2.2,2.2,2.2,2.2,2.2,2.2,2.2,2.2,2.2,2.2,2.2,2.2,2.2,2.2,2.201
2200.860556602478,0.49927568435668945,608,28.603897094726562,904.4708071573823,21.2558448936698,1,2.2,2.2,2.2,2.2,2.2,2.2,2.2,2.2,2.2,2.2,2.2,2.2,2.2,2.2,2.2,2.2,2.2,2.2,2.2,2.2,2.201
2201.3611013889313,0.49902987480163574,576,27.371597290039062,947.7857118343331,21.04371162181372,1,2.2,2.2,2.2,2.2,2.2,2.2,2.2,2.2,2.2,2.2,2.2,2.2,2.2,2.2,2.2,2.2,2.2,2.2,2.2,2.2,2.201
2201.8616280555725,0.4989919662475586,0,26.412338256835938,947.7857118343331,21.04371162181372,1,2.2,2.2,2.2,2.2,2.2,2.2,2.2,2.2,2.2,2.2,2.2,2.2,2.2,2.2,2.2,2.2,2.2,2.2,2.2,2.2,2.201
2202.362155199051,0.4991898536682129,672,27.216400146484375,999.6025494364758,24.69099500239396,1,2.2,2.2,2.2,2.2,2.2,2.2,2.2,2.2,2.2,2.2,2.2,2.2,2.2,2.2,2.2,2.2,2.2,2.2,2.2,2.2,2.201
2202.8626375198364,0.47842860221862793,0,29.917251586914062,999.6025494364758,24.69099500239396,2,1.2,1.2,2.2,2.2,2.2,2.2,2.2,2.2,2.2,2.2,2.2,1.2,2.2,2.2,2.2,2.2,2.2,2.2,2.2,2.2,2.201
2203.363130092621,0.49921703338623047,576,23.895538330078125,482.4382121661923,24.10491833427202,2,1.2,1.2,2.2,2.2,2.2,2.2,2.2,2.2,2.2,2.2,2.2,1.2,2.2,2.2,2.2,2.2,2.2,2.2,2.2,2.2,2.201
2203.86363697052,0.4992210865020752,0,24.164230346679688,482.4382121661923,24.10491833427202,2,1.2,1.2,2.2,2.2,2.2,2.2,2.2,2.2,2.2,2.2,2.2,1.2,2.2,2.2,2.2,2.2,2.2,2.2,2.2,2.2,2.201
2204.3641510009766,0.4992377758026123,832,24.646820068359375,1146.3131736423964,33.75689024760192,2,1.2,1.2,2.2,2.2,2.2,2.2,2.2,2.2,2.2,2.2,2.2,1.2,2.2,2.2,2.2,2.2,2.2,2.2,2.2,2.2,2.201
2204.86466383934,0.4991438388824463,640,24.20001220703125,1211.5043220736977,26.446267651635715,2,1.2,1.2,2.2,2.2,2.2,2.2,2.2,2.2,2.2,2.2,2.2,1.2,2.2,2.2,2.2,2.2,2.2,2.2,2.2,2.2,2.201
2205.3651587963104,0.499133825302124,0,23.611785888671875,1211.5043220736977,26.446267651635715,2,1.2,1.2,2.2,2.2,2.2,2.2,2.2,2.2,2.2,2.2,2.2,1.2,2.2,2.2,2.2,2.2,2.2,2.2,2.2,2.2,2.201
2205.865668773651,0.4992344379425049,928,24.115341186523438,837.5473087333747,38.481727993075275,2,1.2,1.2,2.2,2.2,2.2,2.2,2.2,2.2,2.2,2.2,2.2,1.2,2.2,2.2,2.2,2.2,2.2,2.2,2.2,2.2,2.201
2206.366180896759,0.4992644786834717,448,23.889450073242188,744.6441531313847,18.753047836031627,2,1.2,1.2,2.2,2.2,2.2,2.2,2.2,2.2,2.2,2.2,2.2,1.2,2.2,2.2,2.2,2.2,2.2,2.2,2.2,2.2,2.201
2206.8666727542877,0.4991908073425293,800,24.046600341796875,1432.7332380376672,33.26873606367844,2,1.2,1.2,2.2,2.2,2.2,2.2,2.2,2.2,2.2,2.2,2.2,1.2,2.2,2.2,2.2,2.2,2.2,2.2,2.2,2.2,2.201
2207.3672127723694,0.4992101192474365,256,24.916122436523438,472.86312257014254,10.27447190678197,2,1.2,1.2,2.2,2.2,2.2,2.2,2.2,2.2,2.2,2.2,2.2,1.2,2.2,2.2,2.2,2.2,2.2,2.2,2.2,2.2,2.201
2207.8677263259888,0.4992330074310303,608,23.981826782226562,1259.7893195925533,25.352530710904876,2,1.2,1.2,2.2,2.2,2.2,2.2,2.2,2.2,2.2,2.2,2.2,1.2,2.2,2.2,2.2,2.2,2.2,2.2,2.2,2.2,2.201
2208.368220090866,0.4992208480834961,544,24.467010498046875,868.9014026142264,22.234019969191817,2,1.2,1.2,2.2,2.2,2.2,2.2,2.2,2.2,2.2,2.2,2.2,1.2,2.2,2.2,2.2,2.2,2.2,2.2,2.2,2.2,2.201
2208.8687603473663,0.4992196559906006,512,24.1964111328125,1127.9589718706175,21.160162851824012,2,1.2,1.2,2.2,2.2,2.2,2.2,2.2,2.2,2.2,2.2,2.2,1.2,2.2,2.2,2.2,2.2,2.2,2.2,2.2,2.2,2.201
2209.369303226471,0.4992208480834961,0,24.254165649414062,1127.9589718706175,21.160162851824012,2,1.2,1.2,2.2,2.2,2.2,2.2,2.2,2.2,2.2,2.2,2.2,1.2,2.2,2.2,2.2,2.2,2.2,2.2,2.2,2.2,2.201
2209.8698456287384,0.49921751022338867,0,24.338851928710938,1127.9589718706175,21.160162851824012,2,1.2,1.2,2.2,2.2,2.2,2.2,2.2,2.2,2.2,2.2,2.2,1.2,2.2,2.2,2.2,2.2,2.2,2.2,2.2,2.2,2.201
2210.3703515529633,0.49919819831848145,736,24.266647338867188,696.9691905610631,30.329694486521426,2,1.2,1.2,2.2,2.2,2.2,2.2,2.2,2.2,2.2,2.2,2.2,1.2,2.2,2.2,2.2,2.2,2.2,2.2,2.2,2.2,2.201
2210.8708481788635,0.49919819831848145,0,25.1654052734375,696.9691905610631,30.329694486521426,2,1.2,1.2,2.2,2.2,2.2,2.2,2.2,2.2,2.2,2.2,2.2,1.2,2.2,2.2,2.2,2.2,2.2,2.2,2.2,2.2,2.201
2211.371367931366,0.49913668632507324,896,24.367721557617188,818.3193315570993,36.769953968877175,2,1.2,1.2,2.2,2.2,2.2,2.2,2.2,2.2,2.2,2.2,2.2,1.2,2.2,2.2,2.2,2.2,2.2,2.2,2.2,2.2,2.201
2211.871866941452,0.4992251396179199,640,24.525543212890625,1339.0842255939792,26.09524259848467,2,1.2,1.2,2.2,2.2,2.2,2.2,2.2,2.2,2.2,2.2,2.2,1.2,2.2,2.2,2.2,2.2,2.2,2.2,2.2,2.2,2.201
2212.372368335724,0.49927473068237305,992,23.681854248046875,1141.8723392827048,41.888611829532465,2,1.2,1.2,2.2,2.2,2.2,2.2,2.2,2.2,2.2,2.2,2.2,1.2,2.2,2.2,2.2,2.2,2.2,2.2,2.2,2.2,2.201
2212.8728511333466,0.47734928131103516,256,25.647659301757812,497.7541127278414,9.981417679797959,2,1.3,1.3,2.2,2.2,2.2,2.2,2.2,2.2,2.2,2.2,2.2,1.3,2.2,2.2,2.2,2.2,2.2,2.2,2.2,2.2,2.201
2213.3733463287354,0.4992516040802002,256,23.4622802734375,770.9103982766925,10.91113041940032,2,1.3,1.3,2.2,2.2,2.2,2.2,2.2,2.2,2.2,2.2,2.2,1.3,2.2,2.2,2.2,2.2,2.2,2.2,2.2,2.2,2.201
2213.87383890152,0.49923181533813477,672,24.386093139648438,1433.6090548260715,27.556689632560303,2,1.3,1.3,2.2,2.2,2.2,2.2,2.2,2.2,2.2,2.2,2.2,1.3,2.2,2.2,2.2,2.2,2.2,2.2,2.2,2.2,2.201
2214.3743600845337,0.4992201328277588,608,24.037750244140625,1095.0021002214326,25.29354843214599,2,1.3,1.3,2.2,2.2,2.2,2.2,2.2,2.2,2.2,2.2,2.2,1.3,2.2,2.2,2.2,2.2,2.2,2.2,2.2,2.2,2.201
2214.8748548030853,0.4992201328277588,608,24.492218017578125,1046.7358345964185,24.824211492958167,2,1.3,1.3,2.2,2.2,2.2,2.2,2.2,2.2,2.2,2.2,2.2,1.3,2.2,2.2,2.2,2.2,2.2,2.2,2.2,2.2,2.201
2215.3753621578217,0.49922657012939453,448,23.70086669921875,942.8585927571546,18.90226233856534,2,1.3,1.3,2.2,2.2,2.2,2.2,2.2,2.2,2.2,2.2,2.2,1.3,2.2,2.2,2.2,2.2,2.2,2.2,2.2,2.2,2.201
2215.8758747577667,0.4992198944091797,0,24.458770751953125,942.8585927571546,18.90226233856534,2,1.3,1.3,2.2,2.2,2.2,2.2,2.2,2.2,2.2,2.2,2.2,1.3,2.2,2.2,2.2,2.2,2.2,2.2,2.2,2.2,2.201
2216.376391887665,0.49924397468566895,896,24.21612548828125,953.1942701895744,37.000138623893214,2,1.3,1.3,2.2,2.2,2.2,2.2,2.2,2.2,2.2,2.2,2.2,1.3,2.2,2.2,2.2,2.2,2.2,2.2,2.2,2.2,2.201
2216.876902103424,0.49923014640808105,480,24.102081298828125,896.2911920543462,19.915292544604362,2,1.3,1.3,2.2,2.2,2.2,2.2,2.2,2.2,2.2,2.2,2.2,1.3,2.2,2.2,2.2,2.2,2.2,2.2,2.2,2.2,2.201
2217.37739777565,0.49921417236328125,672,24.204315185546875,1398.6610975071092,27.763644410037738,2,1.3,1.3,2.2,2.2,2.2,2.2,2.2,2.2,2.2,2.2,2.2,1.3,2.2,2.2,2.2,2.2,2.2,2.2,2.2,2.2,2.201
2217.877909183502,0.49924802780151367,288,24.471954345703125,609.3069910547422,11.768573769449194,2,1.3,1.3,2.2,2.2,2.2,2.2,2.2,2.2,2.2,2.2,2.2,1.3,2.2,2.2,2.2,2.2,2.2,2.2,2.2,2.2,2.201
2218.3784124851227,0.49921607971191406,608,24.413040161132812,1179.8251077441682,24.90472288527082,2,1.3,1.3,2.2,2.2,2.2,2.2,2.2,2.2,2.2,2.2,2.2,1.3,2.2,2.2,2.2,2.2,2.2,2.2,2.2,2.2,2.201
2218.8789069652557,0.4992401599884033,608,24.029556274414062,1097.5390852440707,25.302173417466715,2,1.3,1.3,2.2,2.2,2.2,2.2,2.2,2.2,2.2,2.2,2.2,1.3,2.2,2.2,2.2,2.2,2.2,2.2,2.2,2.2,2.201
2219.3794224262238,0.4992401599884033,672,24.075027465820312,1338.54408393533,27.91274074158581,2,1.3,1.3,2.2,2.2,2.2,2.2,2.2,2.2,2.2,2.2,2.2,1.3,2.2,2.2,2.2,2.2,2.2,2.2,2.2,2.2,2.201
2219.879917383194,0.49924540519714355,0,24.270645141601562,1338.54408393533,27.91274074158581,2,1.3,1.3,2.2,2.2,2.2,2.2,2.2,2.2,2.2,2.2,2.2,1.3,2.2,2.2,2.2,2.2,2.2,2.2,2.2,2.2,2.201
2220.380443572998,0.49924421310424805,704,24.165481567382812,742.6189163363925,29.132463097702924,2,1.3,1.3,2.2,2.2,2.2,2.2,2.2,2.2,2.2,2.2,2.2,1.3,2.2,2.2,2.2,2.2,2.2,2.2,2.2,2.2,2.201
2220.8809385299683,0.49923110008239746,736,24.086349487304688,1303.5859571896822,30.55672676292965,2,1.3,1.3,2.2,2.2,2.2,2.2,2.2,2.2,2.2,2.2,2.2,1.3,2.2,2.2,2.2,2.2,2.2,2.2,2.2,2.2,2.201
2221.3814375400543,0.4992194175720215,320,24.114242553710938,708.8984973288208,13.270165931492434,2,1.3,1.3,2.2,2.2,2.2,2.2,2.2,2.2,2.2,2.2,2.2,1.3,2.2,2.2,2.2,2.2,2.2,2.2,2.2,2.2,2.201
2221.881936788559,0.4992642402648926,0,23.73895263671875,708.8984973288208,13.270165931492434,2,1.3,1.3,2.2,2.2,2.2,2.2,2.2,2.2,2.2,2.2,2.2,1.3,2.2,2.2,2.2,2.2,2.2,2.2,2.2,2.2,2.201
2222.3824360370636,0.4991922378540039,1088,24.003646850585938,1101.2174441720008,45.32644588434451,2,1.3,1.3,2.2,2.2,2.2,2.2,2.2,2.2,2.2,2.2,2.2,1.3,2.2,2.2,2.2,2.2,2.2,2.2,2.2,2.2,2.201
2222.8829119205475,0.4783613681793213,608,25.504623413085938,1047.772678218359,23.838815031789363,2,1.4,1.4,2.2,2.2,2.2,2.2,2.2,2.2,2.2,2.2,2.2,1.4,2.2,2.2,2.2,2.2,2.2,2.2,2.2,2.2,2.201
2223.383406639099,0.4992079734802246,608,23.188507080078125,1126.5045863187036,26.219885476040382,2,1.4,1.4,2.2,2.2,2.2,2.2,2.2,2.2,2.2,2.2,2.2,1.4,2.2,2.2,2.2,2.2,2.2,2.2,2.2,2.2,2.201
2223.8839082717896,0.4992694854736328,0,24.19537353515625,1126.5045863187036,26.219885476040382,2,1.4,1.4,2.2,2.2,2.2,2.2,2.2,2.2,2.2,2.2,2.2,1.4,2.2,2.2,2.2,2.2,2.2,2.2,2.2,2.2,2.201
2224.384403705597,0.49919986724853516,608,24.819900512695312,787.5659203835244,24.49647208251337,2,1.4,1.4,2.2,2.2,2.2,2.2,2.2,2.2,2.2,2.2,2.2,1.4,2.2,2.2,2.2,2.2,2.2,2.2,2.2,2.2,2.201
2224.8848991394043,0.4992401599884033,832,24.278411865234375,1454.4036357684768,34.26912784156972,2,1.4,1.4,2.2,2.2,2.2,2.2,2.2,2.2,2.2,2.2,2.2,1.4,2.2,2.2,2.2,2.2,2.2,2.2,2.2,2.2,2.201
2225.385396003723,0.4992492198944092,544,24.241409301757812,1295.405937234452,22.440939519162075,2,1.4,1.4,2.2,2.2,2.2,2.2,2.2,2.2,2.2,2.2,2.2,1.4,2.2,2.2,2.2,2.2,2.2,2.2,2.2,2.2,2.201
2225.885891675949,0.49922943115234375,320,25.05218505859375,823.3560093119877,12.773336906603648,2,1.4,1.4,2.2,2.2,2.2,2.2,2.2,2.2,2.2,2.2,2.2,1.4,2.2,2.2,2.2,2.2,2.2,2.2,2.2,2.2,2.201
2226.386387825012,0.49919772148132324,704,24.84906005859375,1376.755127947854,28.331051490075577,2,1.4,1.4,2.2,2.2,2.2,2.2,2.2,2.2,2.2,2.2,2.2,1.4,2.2,2.2,2.2,2.2,2.2,2.2,2.2,2.2,2.201
2226.8868820667267,0.49927783012390137,672,24.568634033203125,756.7562176222805,27.351947979355703,2,1.4,1.4,2.2,2.2,2.2,2.2,2.2,2.2,2.2,2.2,2.2,1.4,2.2,2.2,2.2,2.2,2.2,2.2,2.2,2.2,2.201
2227.3873794078827,0.49925899505615234,0,24.714492797851562,756.7562176222805,27.351947979355703,2,1.4,1.4,2.2,2.2,2.2,2.2,2.2,2.2,2.2,2.2,2.2,1.4,2.2,2.2,2.2,2.2,2.2,2.2,2.2,2.2,2.201
2227.8879022598267,0.49918103218078613,1312,24.328643798828125,1338.7799396779612,53.92820129427836,2,1.4,1.4,2.2,2.2,2.2,2.2,2.2,2.2,2.2,2.2,2.2,1.4,2.2,2.2,2.2,2.2,2.2,2.2,2.2,2.2,2.201
2228.3883979320526,0.4992506504058838,0,24.193984985351562,1338.7799396779612,53.92820129427836,2,1.4,1.4,2.2,2.2,2.2,2.2,2.2,2.2,2.2,2.2,2.2,1.4,2.2,2.2,2.2,2.2,2.2,2.2,2.2,2.2,2.201
2228.8888940811157,0.4992713928222656,736,24.083541870117188,789.6979033713759,30.56028901268992,2,1.4,1.4,2.2,2.2,2.2,2.2,2.2,2.2,2.2,2.2,2.2,1.4,2.2,2.2,2.2,2.2,2.2,2.2,2.2,2.2,2.201
2229.3893959522247,0.4992213249206543,0,24.348831176757812,789.6979033713759,30.56028901268992,2,1.4,1.4,2.2,2.2,2.2,2.2,2.2,2.2,2.2,2.2,2.2,1.4,2.2,2.2,2.2,2.2,2.2,2.2,2.2,2.2,2.201
2229.8899171352386,0.4992246627807617,1024,24.92071533203125,1108.2256436920222,41.09031327378576,2,1.4,1.4,2.2,2.2,2.2,2.2,2.2,2.2,2.2,2.2,2.2,1.4,2.2,2.2,2.2,2.2,2.2,2.2,2.2,2.2,2.201
2230.3904135227203,0.4992024898529053,896,24.918212890625,1373.5370077700172,35.95763484054279,2,1.4,1.4,2.2,2.2,2.2,2.2,2.2,2.2,2.2,2.2,2.2,1.4,2.2,2.2,2.2,2.2,2.2,2.2,2.2,2.2,2.201
2230.8909084796906,0.4992492198944092,416,24.58685302734375,1426.2671133248512,16.919611449962886,2,1.4,1.4,2.2,2.2,2.2,2.2,2.2,2.2,2.2,2.2,2.2,1.4,2.2,2.2,2.2,2.2,2.2,2.2,2.2,2.2,2.201
2231.391407728195,0.49927377700805664,512,23.974365234375,991.5441967056862,21.356144156254135,2,1.4,1.4,2.2,2.2,2.2,2.2,2.2,2.2,2.2,2.2,2.2,1.4,2.2,2.2,2.2,2.2,2.2,2.2,2.2,2.2,2.201
2231.8919036388397,0.4992246627807617,608,25.000717163085938,1216.8970642470306,24.31930236376276,2,1.4,1.4,2.2,2.2,2.2,2.2,2.2,2.2,2.2,2.2,2.2,1.4,2.2,2.2,2.2,2.2,2.2,2.2,2.2,2.2,2.201
2232.3924260139465,0.4992213249206543,0,24.7418212890625,1216.8970642470306,24.31930236376276,2,1.4,1.4,2.2,2.2,2.2,2.2,2.2,2.2,2.2,2.2,2.2,1.4,2.2,2.2,2.2,2.2,2.2,2.2,2.2,2.2,2.201
2232.892904520035,0.47794413566589355,640,25.665740966796875,780.4826721044462,24.935964281255387,2,1.5,1.5,2.2,2.2,2.2,2.2,2.2,2.2,2.2,2.2,2.2,1.5,2.2,2.2,2.2,2.2,2.2,2.2,2.2,2.2,2.201
2233.3934030532837,0.4991893768310547,1216,24.28271484375,1339.2121516856068,50.07677303894955,2,1.5,1.5,2.2,2.2,2.2,2.2,2.2,2.2,2.2,2.2,2.2,1.5,2.2,2.2,2.2,2.2,2.2,2.2,2.2,2.2,2.201
2233.8938987255096,0.4992187023162842,352,25.129165649414062,1069.6540165852368,14.00762782620312,2,1.5,1.5,2.2,2.2,2.2,2.2,2.2,2.2,2.2,2.2,2.2,1.5,2.2,2.2,2.2,2.2,2.2,2.2,2.2,2.2,2.201
2234.394397497177,0.49920225143432617,704,25.189605712890625,1277.8594336684425,27.9480357106079,2,1.5,1.5,2.2,2.2,2.2,2.2,2.2,2.2,2.2,2.2,2.2,1.5,2.2,2.2,2.2,2.2,2.2,2.2,2.2,2.2,2.201
2234.894898414612,0.4992077350616455,0,25.268310546875,1277.8594336684425,27.9480357106079,2,1.5,1.5,2.2,2.2,2.2,2.2,2.2,2.2,2.2,2.2,2.2,1.5,2.2,2.2,2.2,2.2,2.2,2.2,2.2,2.2,2.201
2235.3953964710236,0.49921226501464844,800,24.83935546875,943.3972985148094,32.20695484657271,2,1.5,1.5,2.2,2.2,2.2,2.2,2.2,2.2,2.2,2.2,2.2,1.5,2.2,2.2,2.2,2.2,2.2,2.2,2.2,2.2,2.201
2235.8958938121796,0.49923229217529297,640,24.810348510742188,1537.173358877448,25.795687622964984,2,1.5,1.5,2.2,2.2,2.2,2.2,2.2,2.2,2.2,2.2,2.2,1.5,2.2,2.2,2.2,2.2,2.2,2.2,2.2,2.2,2.201
2236.396411895752,0.4992220401763916,480,25.448440551757812,1026.4065560053234,18.861666553742708,2,1.5,1.5,2.2,2.2,2.2,2.2,2.2,2.2,2.2,2.2,2.2,1.5,2.2,2.2,2.2,2.2,2.2,2.2,2.2,2.2,2.201
2236.8969089984894,0.49921393394470215,576,25.421737670898438,1150.9032084910998,22.657774517883436,2,1.5,1.5,2.2,2.2,2.2,2.2,2.2,2.2,2.2,2.2,2.2,1.5,2.2,2.2,2.2,2.2,2.2,2.2,2.2,2.2,2.201
2237.3974075317383,0.4992649555206299,1056,24.576126098632812,1216.8697305792684,42.968529529914235,2,1.5,1.5,2.2,2.2,2.2,2.2,2.2,2.2,2.2,2.2,2.2,1.5,2.2,2.2,2.2,2.2,2.2,2.2,2.2,2.2,2.201
2237.8979065418243,0.4992189407348633,640,25.034835815429688,1380.1288419129603,25.564377762188066,2,1.5,1.5,2.2,2.2,2.2,2.2,2.2,2.2,2.2,2.2,2.2,1.5,2.2,2.2,2.2,2.2,2.2,2.2,2.2,2.2,2.201
2238.3984043598175,0.4991798400878906,0,24.883895874023438,1380.1288419129603,25.564377762188066,2,1.5,1.5,2.2,2.2,2.2,2.2,2.2,2.2,2.2,2.2,2.2,1.5,2.2,2.2,2.2,2.2,2.2,2.2,2.2,2.2,2.201
2238.898903131485,0.49921226501464844,896,24.70660400390625,1148.7193487116704,36.265607359811064,2,1.5,1.5,2.2,2.2,2.2,2.2,2.2,2.2,2.2,2.2,2.2,1.5,2.2,2.2,2.2,2.2,2.2,2.2,2.2,2.2,2.201
2239.399427652359,0.4992952346801758,576,24.365249633789062,1088.8725684726403,23.640225676211376,2,1.5,1.5,2.2,2.2,2.2,2.2,2.2,2.2,2.2,2.2,2.2,1.5,2.2,2.2,2.2,2.2,2.2,2.2,2.2,2.2,2.201
2239.8999259471893,0.4992656707763672,672,21.602508544921875,1634.9880317108248,31.10749840013223,2,1.5,1.5,2.2,2.2,2.2,2.2,2.2,2.2,2.2,2.2,2.2,1.5,2.2,2.2,2.2,2.2,2.2,2.2,2.2,2.2,2.201
2240.400427341461,0.4992039203643799,736,24.604171752929688,901.9607898561869,29.913626330964075,2,1.5,1.5,2.2,2.2,2.2,2.2,2.2,2.2,2.2,2.2,2.2,1.5,2.2,2.2,2.2,2.2,2.2,2.2,2.2,2.2,2.201
2240.900925397873,0.4991929531097412,672,25.27618408203125,1420.8593094868913,26.58629157862964,2,1.5,1.5,2.2,2.2,2.2,2.2,2.2,2.2,2.2,2.2,2.2,1.5,2.2,2.2,2.2,2.2,2.2,2.2,2.2,2.2,2.201
2241.4014246463776,0.4992663860321045,608,24.88690185546875,1384.8115212749792,24.4305218677268,2,1.5,1.5,2.2,2.2,2.2,2.2,2.2,2.2,2.2,2.2,2.2,1.5,2.2,2.2,2.2,2.2,2.2,2.2,2.2,2.2,2.201
2241.9019634723663,0.49921512603759766,0,25.286834716796875,1384.8115212749792,24.4305218677268,2,1.5,1.5,2.2,2.2,2.2,2.2,2.2,2.2,2.2,2.2,2.2,1.5,2.2,2.2,2.2,2.2,2.2,2.2,2.2,2.2,2.201
2242.402477502823,0.4991002082824707,640,24.978790283203125,788.1775677888937,25.6217371915871,2,1.5,1.5,2.2,2.2,2.2,2.2,2.2,2.2,2.2,2.2,2.2,1.5,2.2,2.2,2.2,2.2,2.2,2.2,2.2,2.2,2.201
2242.902998447418,0.4787423610687256,864,26.103515625,1541.3566207355943,33.0989898989899,2,1.6,1.6,2.2,2.2,2.2,2.2,2.2,2.2,2.2,2.2,2.2,1.6,2.2,2.2,2.2,2.2,2.2,2.2,2.2,2.2,2.201
2243.403514146805,0.4992225170135498,672,23.8231201171875,1413.3906082421067,28.20789202650147,2,1.6,1.6,2.2,2.2,2.2,2.2,2.2,2.2,2.2,2.2,2.2,1.6,2.2,2.2,2.2,2.2,2.2,2.2,2.2,2.2,2.201
2243.90403175354,0.4992384910583496,416,25.67999267578125,644.4261350789415,16.199381567282487,2,1.6,1.6,2.2,2.2,2.2,2.2,2.2,2.2,2.2,2.2,2.2,1.6,2.2,2.2,2.2,2.2,2.2,2.2,2.2,2.2,2.201
2244.4045305252075,0.49924516677856445,608,25.40814208984375,2293.0997677265154,23.929337212067637,2,1.6,1.6,2.2,2.2,2.2,2.2,2.2,2.2,2.2,2.2,2.2,1.6,2.2,2.2,2.2,2.2,2.2,2.2,2.2,2.2,2.201
2244.905029773712,0.49922657012939453,480,25.273956298828125,875.1331326281544,18.991882170115808,2,1.6,1.6,2.2,2.2,2.2,2.2,2.2,2.2,2.2,2.2,2.2,1.6,2.2,2.2,2.2,2.2,2.2,2.2,2.2,2.2,2.201
2245.4055564403534,0.49921131134033203,928,24.73529052734375,1928.7726065779057,37.51724682490136,2,1.6,1.6,2.2,2.2,2.2,2.2,2.2,2.2,2.2,2.2,2.2,1.6,2.2,2.2,2.2,2.2,2.2,2.2,2.2,2.2,2.201
2245.9060826301575,0.49924206733703613,512,24.827529907226562,1280.9625443569512,20.62226898580724,2,1.6,1.6,2.2,2.2,2.2,2.2,2.2,2.2,2.2,2.2,2.2,1.6,2.2,2.2,2.2,2.2,2.2,2.2,2.2,2.2,2.201
2246.4065840244293,0.499234676361084,864,24.474395751953125,1096.4462188484954,35.302199439634805,2,1.6,1.6,2.2,2.2,2.2,2.2,2.2,2.2,2.2,2.2,2.2,1.6,2.2,2.2,2.2,2.2,2.2,2.2,2.2,2.2,2.201
2246.9070858955383,0.4992098808288574,352,25.401046752929688,1823.2328436913783,13.857696630529656,2,1.6,1.6,2.2,2.2,2.2,2.2,2.2,2.2,2.2,2.2,2.2,1.6,2.2,2.2,2.2,2.2,2.2,2.2,2.2,2.2,2.201
2247.4075894355774,0.4992194175720215,1024,25.71954345703125,1103.4233706570462,39.81408152562122,2,1.6,1.6,2.2,2.2,2.2,2.2,2.2,2.2,2.2,2.2,2.2,1.6,2.2,2.2,2.2,2.2,2.2,2.2,2.2,2.2,2.201
2247.9080929756165,0.4992392063140869,576,25.143829345703125,1136.2863862398124,22.90820511388945,2,1.6,1.6,2.2,2.2,2.2,2.2,2.2,2.2,2.2,2.2,2.2,1.6,2.2,2.2,2.2,2.2,2.2,2.2,2.2,2.2,2.201
2248.4085986614227,0.4992239475250244,544,25.285446166992188,1187.6691438116354,21.514352422625695,2,1.6,1.6,2.2,2.2,2.2,2.2,2.2,2.2,2.2,2.2,2.2,1.6,2.2,2.2,2.2,2.2,2.2,2.2,2.2,2.2,2.201
2248.909098148346,0.49921202659606934,512,25.81451416015625,1326.5693879544074,19.833803449621108,2,1.6,1.6,2.2,2.2,2.2,2.2,2.2,2.2,2.2,2.2,2.2,1.6,2.2,2.2,2.2,2.2,2.2,2.2,2.2,2.2,2.201
2249.4096081256866,0.49926328659057617,448,24.699722290039062,1377.7989572883366,18.137855751547054,2,1.6,1.6,2.2,2.2,2.2,2.2,2.2,2.2,2.2,2.2,2.2,1.6,2.2,2.2,2.2,2.2,2.2,2.2,2.2,2.2,2.201
2249.9101564884186,0.49915385246276855,768,25.037918090820312,1503.38961998333,30.673476812817473,2,1.6,1.6,2.2,2.2,2.2,2.2,2.2,2.2,2.2,2.2,2.2,1.6,2.2,2.2,2.2,2.2,2.2,2.2,2.2,2.2,2.201
2250.4106640815735,0.49902772903442383,640,25.43060302734375,816.326191224631,25.16652866280256,2,1.6,1.6,2.2,2.2,2.2,2.2,2.2,2.2,2.2,2.2,2.2,1.6,2.2,2.2,2.2,2.2,2.2,2.2,2.2,2.2,2.201
2250.9111738204956,0.49921703338623047,736,25.437301635742188,1715.1080796603235,28.933886563103044,2,1.6,1.6,2.2,2.2,2.2,2.2,2.2,2.2,2.2,2.2,2.2,1.6,2.2,2.2,2.2,2.2,2.2,2.2,2.2,2.2,2.201
2251.411710500717,0.4992403984069824,704,24.930007934570312,1696.8968050632525,28.239060406545914,2,1.6,1.6,2.2,2.2,2.2,2.2,2.2,2.2,2.2,2.2,2.2,1.6,2.2,2.2,2.2,2.2,2.2,2.2,2.2,2.2,2.201
2251.912221431732,0.49929213523864746,256,24.902542114257812,777.7052252597841,10.280074974892969,2,1.6,1.6,2.2,2.2,2.2,2.2,2.2,2.2,2.2,2.2,2.2,1.6,2.2,2.2,2.2,2.2,2.2,2.2,2.2,2.2,2.201
2252.4127230644226,0.4992341995239258,672,24.729110717773438,1285.3316011519194,27.174450697776876,2,1.6,1.6,2.2,2.2,2.2,2.2,2.2,2.2,2.2,2.2,2.2,1.6,2.2,2.2,2.2,2.2,2.2,2.2,2.2,2.2,2.201
2252.9132051467896,0.4793059825897217,608,25.742523193359375,1184.737084174583,23.618508389140413,2,1.7,1.7,2.2,2.2,2.2,2.2,2.2,2.2,2.2,2.2,2.2,1.7,2.2,2.2,2.2,2.2,2.2,2.2,2.2,2.2,2.201
2253.41375207901,0.4991910457611084,544,24.816619873046875,1350.5202991345243,21.920793515914465,2,1.7,1.7,2.2,2.2,2.2,2.2,2.2,2.2,2.2,2.2,2.2,1.7,2.2,2.2,2.2,2.2,2.2,2.2,2.2,2.2,2.201
2253.9142651557922,0.49919795989990234,1152,26.106475830078125,1242.9578000243912,44.12698241992292,2,1.7,1.7,2.2,2.2,2.2,2.2,2.2,2.2,2.2,2.2,2.2,1.7,2.2,2.2,2.2,2.2,2.2,2.2,2.2,2.2,2.201
2254.4147815704346,0.4992547035217285,0,25.410842895507812,1242.9578000243912,44.12698241992292,2,1.7,1.7,2.2,2.2,2.2,2.2,2.2,2.2,2.2,2.2,2.2,1.7,2.2,2.2,2.2,2.2,2.2,2.2,2.2,2.2,2.201
2254.9152975082397,0.4992353916168213,1120,25.808258056640625,1181.3308312007018,43.39696222588789,2,1.7,1.7,2.2,2.2,2.2,2.2,2.2,2.2,2.2,2.2,2.2,1.7,2.2,2.2,2.2,2.2,2.2,2.2,2.2,2.2,2.201
2255.415798187256,0.49921751022338867,480,25.910507202148438,1329.2908060649993,18.52530312336763,2,1.7,1.7,2.2,2.2,2.2,2.2,2.2,2.2,2.2,2.2,2.2,1.7,2.2,2.2,2.2,2.2,2.2,2.2,2.2,2.2,2.201
2255.9162991046906,0.49924349784851074,672,25.891036987304688,1336.720204305519,25.954927967138044,2,1.7,1.7,2.2,2.2,2.2,2.2,2.2,2.2,2.2,2.2,2.2,1.7,2.2,2.2,2.2,2.2,2.2,2.2,2.2,2.2,2.201
2256.4168000221252,0.4992103576660156,672,25.964248657226562,2355.5938057361705,25.881742578865804,2,1.7,1.7,2.2,2.2,2.2,2.2,2.2,2.2,2.2,2.2,2.2,1.7,2.2,2.2,2.2,2.2,2.2,2.2,2.2,2.2,2.201
2256.9173007011414,0.4992032051086426,672,26.176788330078125,903.227177980761,25.671598498882556,2,1.7,1.7,2.2,2.2,2.2,2.2,2.2,2.2,2.2,2.2,2.2,1.7,2.2,2.2,2.2,2.2,2.2,2.2,2.2,2.2,2.201
2257.417802095413,0.4992096424102783,800,25.667236328125,1328.264567872676,31.16813940437351,2,1.7,1.7,2.2,2.2,2.2,2.2,2.2,2.2,2.2,2.2,2.2,1.7,2.2,2.2,2.2,2.2,2.2,2.2,2.2,2.2,2.201
2257.9183146953583,0.49922704696655273,928,25.73870849609375,1598.5237767760086,36.054645093821954,2,1.7,1.7,2.2,2.2,2.2,2.2,2.2,2.2,2.2,2.2,2.2,1.7,2.2,2.2,2.2,2.2,2.2,2.2,2.2,2.2,2.201
2258.4188144207,0.4992213249206543,384,25.711685180664062,1051.5490188770452,14.934843721903503,2,1.7,1.7,2.2,2.2,2.2,2.2,2.2,2.2,2.2,2.2,2.2,1.7,2.2,2.2,2.2,2.2,2.2,2.2,2.2,2.2,2.201
2258.9193189144135,0.4992508888244629,672,26.123672485351562,1338.0684813776031,25.72379516612044,2,1.7,1.7,2.2,2.2,2.2,2.2,2.2,2.2,2.2,2.2,2.2,1.7,2.2,2.2,2.2,2.2,2.2,2.2,2.2,2.2,2.201
2259.419851541519,0.4992232322692871,896,25.802352905273438,1533.8051598852837,34.72551527720858,2,1.7,1.7,2.2,2.2,2.2,2.2,2.2,2.2,2.2,2.2,2.2,1.7,2.2,2.2,2.2,2.2,2.2,2.2,2.2,2.2,2.201
2259.920357465744,0.4992403984069824,672,25.886001586914062,1468.4800798323918,25.959976775235564,2,1.7,1.7,2.2,2.2,2.2,2.2,2.2,2.2,2.2,2.2,2.2,1.7,2.2,2.2,2.2,2.2,2.2,2.2,2.2,2.2,2.201
2260.4208579063416,0.49921274185180664,256,25.757369995117188,691.6289892791683,9.938902925590998,2,1.7,1.7,2.2,2.2,2.2,2.2,2.2,2.2,2.2,2.2,2.2,1.7,2.2,2.2,2.2,2.2,2.2,2.2,2.2,2.2,2.201
2260.9213659763336,0.499225378036499,736,25.9329833984375,1728.2835773400686,28.380845685666273,2,1.7,1.7,2.2,2.2,2.2,2.2,2.2,2.2,2.2,2.2,2.2,1.7,2.2,2.2,2.2,2.2,2.2,2.2,2.2,2.2,2.201
2261.4218690395355,0.4992356300354004,736,24.096893310546875,994.5924801079894,30.543356378552875,2,1.7,1.7,2.2,2.2,2.2,2.2,2.2,2.2,2.2,2.2,2.2,1.7,2.2,2.2,2.2,2.2,2.2,2.2,2.2,2.2,2.201
2261.9223775863647,0.49918556213378906,0,25.8272705078125,994.5924801079894,30.543356378552875,2,1.7,1.7,2.2,2.2,2.2,2.2,2.2,2.2,2.2,2.2,2.2,1.7,2.2,2.2,2.2,2.2,2.2,2.2,2.2,2.2,2.201
2262.4228875637054,0.4992406368255615,1376,25.671096801757812,1737.372780449774,53.601137911091485,2,1.7,1.7,2.2,2.2,2.2,2.2,2.2,2.2,2.2,2.2,2.2,1.7,2.2,2.2,2.2,2.2,2.2,2.2,2.2,2.2,2.201
2262.9233717918396,0.4787414073944092,800,27.100570678710938,1069.5200047439737,29.519673570137996,2,1.8,1.8,2.2,2.2,2.2,2.2,2.2,2.2,2.2,2.2,2.2,1.8,2.2,2.2,2.2,2.2,2.2,2.2,2.2,2.2,2.201
2263.423902273178,0.4992055892944336,0,25.266281127929688,1069.5200047439737,29.519673570137996,2,1.8,1.8,2.2,2.2,2.2,2.2,2.2,2.2,2.2,2.2,2.2,1.8,2.2,2.2,2.2,2.2,2.2,2.2,2.2,2.2,2.201
2263.924415588379,0.49924802780151367,832,25.940933227539062,1167.1090178018912,32.07286309641102,2,1.8,1.8,2.2,2.2,2.2,2.2,2.2,2.2,2.2,2.2,2.2,1.8,2.2,2.2,2.2,2.2,2.2,2.2,2.2,2.2,2.201
2264.4249546527863,0.49923276901245117,1376,25.782394409179688,1713.3021029816302,53.36975217127554,2,1.8,1.8,2.2,2.2,2.2,2.2,2.2,2.2,2.2,2.2,2.2,1.8,2.2,2.2,2.2,2.2,2.2,2.2,2.2,2.2,2.201
2264.9254574775696,0.499208927154541,576,26.058013916015625,1358.685927312579,22.10452423029762,2,1.8,1.8,2.2,2.2,2.2,2.2,2.2,2.2,2.2,2.2,2.2,1.8,2.2,2.2,2.2,2.2,2.2,2.2,2.2,2.2,2.201
2265.425961256027,0.49921226501464844,480,25.56781005859375,1578.6254626397154,18.773606300265218,2,1.8,1.8,2.2,2.2,2.2,2.2,2.2,2.2,2.2,2.2,2.2,1.8,2.2,2.2,2.2,2.2,2.2,2.2,2.2,2.2,2.201
2265.9264767169952,0.49921679496765137,960,26.127456665039062,1348.3171775918374,36.74295635841847,2,1.8,1.8,2.2,2.2,2.2,2.2,2.2,2.2,2.2,2.2,2.2,1.8,2.2,2.2,2.2,2.2,2.2,2.2,2.2,2.2,2.201
2266.4269795417786,0.4992375373840332,640,26.353836059570312,1291.3546337149642,24.284889628718247,2,1.8,1.8,2.2,2.2,2.2,2.2,2.2,2.2,2.2,2.2,2.2,1.8,2.2,2.2,2.2,2.2,2.2,2.2,2.2,2.2,2.201
2266.9274826049805,0.4992048740386963,576,25.770584106445312,1563.5324806412598,22.351064982494535,2,1.8,1.8,2.2,2.2,2.2,2.2,2.2,2.2,2.2,2.2,2.2,1.8,2.2,2.2,2.2,2.2,2.2,2.2,2.2,2.2,2.201
2267.4279861450195,0.49922895431518555,512,26.093460083007812,880.9688796447275,19.621774895749333,2,1.8,1.8,2.2,2.2,2.2,2.2,2.2,2.2,2.2,2.2,2.2,1.8,2.2,2.2,2.2,2.2,2.2,2.2,2.2,2.2,2.201
2267.9285147190094,0.49921226501464844,736,25.501144409179688,1877.976679362386,28.861449831053893,2,1.8,1.8,2.2,2.2,2.2,2.2,2.2,2.2,2.2,2.2,2.2,1.8,2.2,2.2,2.2,2.2,2.2,2.2,2.2,2.2,2.201
2268.429018974304,0.49919986724853516,704,25.9576416015625,1819.532329779507,27.1211079498695,2,1.8,1.8,2.2,2.2,2.2,2.2,2.2,2.2,2.2,2.2,2.2,1.8,2.2,2.2,2.2,2.2,2.2,2.2,2.2,2.2,2.201
2268.929522037506,0.49926090240478516,832,26.061965942382812,1168.5412100007786,31.92391555722873,2,1.8,1.8,2.2,2.2,2.2,2.2,2.2,2.2,2.2,2.2,2.2,1.8,2.2,2.2,2.2,2.2,2.2,2.2,2.2,2.2,2.201
2269.430051088333,0.4987373352050781,672,24.765289306640625,1632.2225205574434,27.134752664480615,2,1.8,1.8,2.2,2.2,2.2,2.2,2.2,2.2,2.2,2.2,2.2,1.8,2.2,2.2,2.2,2.2,2.2,2.2,2.2,2.2,2.201
2269.9305815696716,0.49913835525512695,576,25.724960327148438,1397.0699091308072,22.390705084669356,2,1.8,1.8,2.2,2.2,2.2,2.2,2.2,2.2,2.2,2.2,2.2,1.8,2.2,2.2,2.2,2.2,2.2,2.2,2.2,2.2,2.201
2270.431083917618,0.49922943115234375,640,26.184707641601562,946.7458556353013,24.44174702119588,2,1.8,1.8,2.2,2.2,2.2,2.2,2.2,2.2,2.2,2.2,2.2,1.8,2.2,2.2,2.2,2.2,2.2,2.2,2.2,2.2,2.201
2270.9315934181213,0.4992101192474365,0,26.529312133789062,946.7458556353013,24.44174702119588,2,1.8,1.8,2.2,2.2,2.2,2.2,2.2,2.2,2.2,2.2,2.2,1.8,2.2,2.2,2.2,2.2,2.2,2.2,2.2,2.2,2.201
2271.4320981502533,0.4992637634277344,1536,25.268630981445312,1518.2547326286551,60.786830957636,2,1.8,1.8,2.2,2.2,2.2,2.2,2.2,2.2,2.2,2.2,2.2,1.8,2.2,2.2,2.2,2.2,2.2,2.2,2.2,2.2,2.201
2271.9326355457306,0.49923253059387207,448,25.6329345703125,938.0522956124508,17.47751506059957,2,1.8,1.8,2.2,2.2,2.2,2.2,2.2,2.2,2.2,2.2,2.2,1.8,2.2,2.2,2.2,2.2,2.2,2.2,2.2,2.2,2.201
2272.4331851005554,0.49924635887145996,864,25.689529418945312,2182.149117339929,33.63237939901009,2,1.8,1.8,2.2,2.2,2.2,2.2,2.2,2.2,2.2,2.2,2.2,1.8,2.2,2.2,2.2,2.2,2.2,2.2,2.2,2.2,2.201
2272.9336743354797,0.47763633728027344,704,27.262649536132812,1367.55838910823,25.822875324973346,2,1.9,1.9,2.2,2.2,2.2,2.2,2.2,2.2,2.2,2.2,2.2,1.9,2.2,2.2,2.2,2.2,2.2,2.2,2.2,2.2,2.201
2273.4341859817505,0.49915599822998047,480,24.860580444335938,889.3149994571496,19.307674697086966,2,1.9,1.9,2.2,2.2,2.2,2.2,2.2,2.2,2.2,2.2,2.2,1.9,2.2,2.2,2.2,2.2,2.2,2.2,2.2,2.2,2.201
2273.9346902370453,0.4992210865020752,832,26.752029418945312,2202.2278887879465,31.100444268007283,2,1.9,1.9,2.2,2.2,2.2,2.2,2.2,2.2,2.2,2.2,2.2,1.9,2.2,2.2,2.2,2.2,2.2,2.2,2.2,2.2,2.201
2274.4352021217346,0.49924373626708984,416,25.957611083984375,1214.7427797088449,16.026128084516547,2,1.9,1.9,2.2,2.2,2.2,2.2,2.2,2.2,2.2,2.2,2.2,1.9,2.2,2.2,2.2,2.2,2.2,2.2,2.2,2.2,2.201
2274.9357163906097,0.49917101860046387,832,26.462448120117188,1202.307876946604,31.440779636994353,2,1.9,1.9,2.2,2.2,2.2,2.2,2.2,2.2,2.2,2.2,2.2,1.9,2.2,2.2,2.2,2.2,2.2,2.2,2.2,2.2,2.201
2275.4362211227417,0.499220609664917,928,26.688247680664062,1572.9937513924465,34.771859550462224,2,1.9,1.9,2.2,2.2,2.2,2.2,2.2,2.2,2.2,2.2,2.2,1.9,2.2,2.2,2.2,2.2,2.2,2.2,2.2,2.2,2.201
2275.9367520809174,0.4992353916168213,608,25.937042236328125,2155.709352691727,23.441377565727933,2,1.9,1.9,2.2,2.2,2.2,2.2,2.2,2.2,2.2,2.2,2.2,1.9,2.2,2.2,2.2,2.2,2.2,2.2,2.2,2.2,2.201
2276.437257051468,0.4992177486419678,768,25.831695556640625,1411.7660430630374,29.730917133024516,2,1.9,1.9,2.2,2.2,2.2,2.2,2.2,2.2,2.2,2.2,2.2,1.9,2.2,2.2,2.2,2.2,2.2,2.2,2.2,2.2,2.201
2276.9377720355988,0.49926280975341797,1088,25.672622680664062,1563.2222469704263,42.37977605690644,2,1.9,1.9,2.2,2.2,2.2,2.2,2.2,2.2,2.2,2.2,2.2,1.9,2.2,2.2,2.2,2.2,2.2,2.2,2.2,2.2,2.201
2277.438276052475,0.4992039203643799,416,25.535812377929688,1203.0355347859022,16.290846511683494,2,1.9,1.9,2.2,2.2,2.2,2.2,2.2,2.2,2.2,2.2,2.2,1.9,2.2,2.2,2.2,2.2,2.2,2.2,2.2,2.2,2.201
2277.9387798309326,0.499237060546875,1120,25.522323608398438,1503.3971901922625,43.883151753136225,2,1.9,1.9,2.2,2.2,2.2,2.2,2.2,2.2,2.2,2.2,2.2,1.9,2.2,2.2,2.2,2.2,2.2,2.2,2.2,2.2,2.201
2278.439284801483,0.49929189682006836,320,25.122222900390625,1106.3925788519775,12.737726325763328,2,1.9,1.9,2.2,2.2,2.2,2.2,2.2,2.2,2.2,2.2,2.2,1.9,2.2,2.2,2.2,2.2,2.2,2.2,2.2,2.2,2.201
2278.939789056778,0.4992339611053467,1056,26.030059814453125,1517.2402494954583,40.5684814989806,2,1.9,1.9,2.2,2.2,2.2,2.2,2.2,2.2,2.2,2.2,2.2,1.9,2.2,2.2,2.2,2.2,2.2,2.2,2.2,2.2,2.201
2279.440297603607,0.4992074966430664,0,26.297454833984375,1517.2402494954583,40.5684814989806,2,1.9,1.9,2.2,2.2,2.2,2.2,2.2,2.2,2.2,2.2,2.2,1.9,2.2,2.2,2.2,2.2,2.2,2.2,2.2,2.2,2.201
2279.9408032894135,0.4992077350616455,800,26.21112060546875,1198.6444035113643,30.521396320349847,2,1.9,1.9,2.2,2.2,2.2,2.2,2.2,2.2,2.2,2.2,2.2,1.9,2.2,2.2,2.2,2.2,2.2,2.2,2.2,2.2,2.201
2280.44131064415,0.49921226501464844,1184,26.18670654296875,1699.7318102426682,45.2137804369259,2,1.9,1.9,2.2,2.2,2.2,2.2,2.2,2.2,2.2,2.2,2.2,1.9,2.2,2.2,2.2,2.2,2.2,2.2,2.2,2.2,2.201
2280.9418177604675,0.49921202659606934,1312,26.961318969726562,1782.6111914892547,48.662307711027616,2,1.9,1.9,2.2,2.2,2.2,2.2,2.2,2.2,2.2,2.2,2.2,1.9,2.2,2.2,2.2,2.2,2.2,2.2,2.2,2.2,2.201
2281.442323207855,0.4991915225982666,0,26.5318603515625,1782.6111914892547,48.662307711027616,2,1.9,1.9,2.2,2.2,2.2,2.2,2.2,2.2,2.2,2.2,2.2,1.9,2.2,2.2,2.2,2.2,2.2,2.2,2.2,2.2,2.201
2281.942828655243,0.49922871589660645,672,25.854415893554688,1076.921712599689,25.99169142968434,2,1.9,1.9,2.2,2.2,2.2,2.2,2.2,2.2,2.2,2.2,2.2,1.9,2.2,2.2,2.2,2.2,2.2,2.2,2.2,2.2,2.201
2282.4433352947235,0.49921131134033203,1056,26.426254272460938,1508.5695174178181,39.96026031961965,2,1.9,1.9,2.2,2.2,2.2,2.2,2.2,2.2,2.2,2.2,2.2,1.9,2.2,2.2,2.2,2.2,2.2,2.2,2.2,2.2,2.201
2282.943822860718,0.4780406951904297,0,27.909774780273438,1508.5695174178181,39.96026031961965,2,2.0,2.0,2.2,2.2,2.2,2.2,2.2,2.2,2.2,2.2,2.2,2.0,2.2,2.2,2.2,2.2,2.2,2.2,2.2,2.2,2.201
2283.444353580475,0.4992058277130127,1312,25.34136962890625,1842.69092808184,51.77305012367742,2,2.0,2.0,2.2,2.2,2.2,2.2,2.2,2.2,2.2,2.2,2.2,2.0,2.2,2.2,2.2,2.2,2.2,2.2,2.2,2.2,2.201
2283.944861650467,0.499220609664917,928,26.63720703125,1414.6441511197697,34.83848734258427,2,2.0,2.0,2.2,2.2,2.2,2.2,2.2,2.2,2.2,2.2,2.2,2.0,2.2,2.2,2.2,2.2,2.2,2.2,2.2,2.2,2.201
2284.445369243622,0.49921655654907227,864,26.519302368164062,1341.6110161142344,32.58004256692726,2,2.0,2.0,2.2,2.2,2.2,2.2,2.2,2.2,2.2,2.2,2.2,2.0,2.2,2.2,2.2,2.2,2.2,2.2,2.2,2.2,2.201
2284.945875644684,0.499225378036499,1120,27.1854248046875,1686.7540597439934,41.19854694368733,2,2.0,2.0,2.2,2.2,2.2,2.2,2.2,2.2,2.2,2.2,2.2,2.0,2.2,2.2,2.2,2.2,2.2,2.2,2.2,2.2,2.201
2285.446424484253,0.4991953372955322,576,25.952346801757812,1658.3649487451983,22.19452461852067,2,2.0,2.0,2.2,2.2,2.2,2.2,2.2,2.2,2.2,2.2,2.2,2.0,2.2,2.2,2.2,2.2,2.2,2.2,2.2,2.2,2.201
2285.946935415268,0.4991908073425293,1056,26.558425903320312,1639.6221538759628,39.761392630878014,2,2.0,2.0,2.2,2.2,2.2,2.2,2.2,2.2,2.2,2.2,2.2,2.0,2.2,2.2,2.2,2.2,2.2,2.2,2.2,2.2,2.201
2286.4474420547485,0.4992053508758545,704,26.697784423828125,1569.2498575567738,26.369229327197306,2,2.0,2.0,2.2,2.2,2.2,2.2,2.2,2.2,2.2,2.2,2.2,2.0,2.2,2.2,2.2,2.2,2.2,2.2,2.2,2.2,2.201
2286.9479553699493,0.49924278259277344,640,26.477325439453125,1221.3746639903309,24.171625697750944,2,2.0,2.0,2.2,2.2,2.2,2.2,2.2,2.2,2.2,2.2,2.2,2.0,2.2,2.2,2.2,2.2,2.2,2.2,2.2,2.2,2.201
2287.448461532593,0.49921154975891113,480,27.38836669921875,1795.5288236879587,17.525689109956744,2,2.0,2.0,2.2,2.2,2.2,2.2,2.2,2.2,2.2,2.2,2.2,2.0,2.2,2.2,2.2,2.2,2.2,2.2,2.2,2.2,2.201
2287.9489674568176,0.4992365837097168,992,26.863250732421875,1484.4680279246622,36.927772066049044,2,2.0,2.0,2.2,2.2,2.2,2.2,2.2,2.2,2.2,2.2,2.2,2.0,2.2,2.2,2.2,2.2,2.2,2.2,2.2,2.2,2.201
2288.449476480484,0.4992189407348633,672,26.043853759765625,1766.4840990322675,25.802632981995654,2,2.0,2.0,2.2,2.2,2.2,2.2,2.2,2.2,2.2,2.2,2.2,2.0,2.2,2.2,2.2,2.2,2.2,2.2,2.2,2.2,2.201
2288.9499835968018,0.49919939041137695,928,26.639144897460938,1397.5931335144714,34.835953014709965,2,2.0,2.0,2.2,2.2,2.2,2.2,2.2,2.2,2.2,2.2,2.2,2.0,2.2,2.2,2.2,2.2,2.2,2.2,2.2,2.2,2.201
2289.4504911899567,0.49924635887145996,416,26.105636596679688,2480.9731344299935,15.935255915303365,2,2.0,2.0,2.2,2.2,2.2,2.2,2.2,2.2,2.2,2.2,2.2,2.0,2.2,2.2,2.2,2.2,2.2,2.2,2.2,2.2,2.201
2289.9509971141815,0.49921584129333496,1312,25.896438598632812,1540.000087965069,50.66333716132172,2,2.0,2.0,2.2,2.2,2.2,2.2,2.2,2.2,2.2,2.2,2.2,2.0,2.2,2.2,2.2,2.2,2.2,2.2,2.2,2.2,2.201
2290.4515051841736,0.4992377758026123,608,26.468826293945312,1745.2358506413518,22.970417851095977,2,2.0,2.0,2.2,2.2,2.2,2.2,2.2,2.2,2.2,2.2,2.2,2.0,2.2,2.2,2.2,2.2,2.2,2.2,2.2,2.2,2.201
2290.9520123004913,0.49920010566711426,736,26.359710693359375,1243.2510115343323,27.921399007820504,2,2.0,2.0,2.2,2.2,2.2,2.2,2.2,2.2,2.2,2.2,2.2,2.0,2.2,2.2,2.2,2.2,2.2,2.2,2.2,2.2,2.201
2291.452520608902,0.4992218017578125,384,27.074752807617188,3208.091220720605,14.182954973903428,2,2.0,2.0,2.2,2.2,2.2,2.2,2.2,2.2,2.2,2.2,2.2,2.0,2.2,2.2,2.2,2.2,2.2,2.2,2.2,2.2,2.201
2291.953028202057,0.49921512603759766,1344,26.964614868164062,1548.3272212620834,49.84310017299011,2,2.0,2.0,2.2,2.2,2.2,2.2,2.2,2.2,2.2,2.2,2.2,2.0,2.2,2.2,2.2,2.2,2.2,2.2,2.2,2.2,2.201
2292.4535369873047,0.4992239475250244,800,26.271804809570312,1481.739749312772,30.450896152691246,2,2.0,2.0,2.2,2.2,2.2,2.2,2.2,2.2,2.2,2.2,2.2,2.0,2.2,2.2,2.2,2.2,2.2,2.2,2.2,2.2,2.201
2292.954026222229,0.478712797164917,544,27.107147216796875,1258.200356676626,20.068507971318787,2,2.1,2.1,2.2,2.2,2.2,2.2,2.2,2.2,2.2,2.2,2.2,2.1,2.2,2.2,2.2,2.2,2.2,2.2,2.2,2.2,2.201
2293.454575777054,0.49915337562561035,960,25.791229248046875,1538.4563220073896,37.22195599004647,2,2.1,2.1,2.2,2.2,2.2,2.2,2.2,2.2,2.2,2.2,2.2,2.1,2.2,2.2,2.2,2.2,2.2,2.2,2.2,2.2,2.201
2293.95508146286,0.49898767471313477,672,27.202651977539062,1892.5669902250122,24.703473784646555,2,2.1,2.1,2.2,2.2,2.2,2.2,2.2,2.2,2.2,2.2,2.2,2.1,2.2,2.2,2.2,2.2,2.2,2.2,2.2,2.2,2.201
2294.4555904865265,0.4992697238922119,1024,26.422515869140625,1698.898716238714,38.754825811116255,2,2.1,2.1,2.2,2.2,2.2,2.2,2.2,2.2,2.2,2.2,2.2,2.1,2.2,2.2,2.2,2.2,2.2,2.2,2.2,2.2,2.201
2294.9560983181,0.49919795989990234,832,26.466293334960938,1848.1318018958668,31.43621169274054,2,2.1,2.1,2.2,2.2,2.2,2.2,2.2,2.2,2.2,2.2,2.2,2.1,2.2,2.2,2.2,2.2,2.2,2.2,2.2,2.2,2.201
2295.456609249115,0.49918246269226074,608,26.534271240234375,1321.7484297487224,22.913762902901176,2,2.1,2.1,2.2,2.2,2.2,2.2,2.2,2.2,2.2,2.2,2.2,2.1,2.2,2.2,2.2,2.2,2.2,2.2,2.2,2.2,2.201
2295.9571166038513,0.499208927154541,1120,26.42205810546875,1783.4348103455163,42.3888251070111,2,2.1,2.1,2.2,2.2,2.2,2.2,2.2,2.2,2.2,2.2,2.2,2.1,2.2,2.2,2.2,2.2,2.2,2.2,2.2,2.2,2.201
2296.457627773285,0.4992828369140625,704,26.094863891601562,2098.5188189714218,26.97848905916605,2,2.1,2.1,2.2,2.2,2.2,2.2,2.2,2.2,2.2,2.2,2.2,2.1,2.2,2.2,2.2,2.2,2.2,2.2,2.2,2.2,2.201
2296.958161830902,0.49921607971191406,576,26.369949340820312,1671.8669364143193,21.843045375455464,2,2.1,2.1,2.2,2.2,2.2,2.2,2.2,2.2,2.2,2.2,2.2,2.1,2.2,2.2,2.2,2.2,2.2,2.2,2.2,2.2,2.201
2297.458674430847,0.4992196559906006,736,26.360763549804688,1286.709734275044,27.920283819148068,2,2.1,2.1,2.2,2.2,2.2,2.2,2.2,2.2,2.2,2.2,2.2,2.1,2.2,2.2,2.2,2.2,2.2,2.2,2.2,2.2,2.201
2297.959186553955,0.4992046356201172,1344,27.467086791992188,1768.4277212400686,48.93129039049866,2,2.1,2.1,2.2,2.2,2.2,2.2,2.2,2.2,2.2,2.2,2.2,2.1,2.2,2.2,2.2,2.2,2.2,2.2,2.2,2.2,2.201
2298.45970082283,0.49925827980041504,736,27.435333251953125,1533.3259567714542,26.826719881290455,2,2.1,2.1,2.2,2.2,2.2,2.2,2.2,2.2,2.2,2.2,2.2,2.1,2.2,2.2,2.2,2.2,2.2,2.2,2.2,2.2,2.201
2298.960217475891,0.49921488761901855,576,26.341217041015625,1647.9733475212322,21.86687118909945,2,2.1,2.1,2.2,2.2,2.2,2.2,2.2,2.2,2.2,2.2,2.2,2.1,2.2,2.2,2.2,2.2,2.2,2.2,2.2,2.2,2.201
2299.4607334136963,0.4991915225982666,576,26.735092163085938,1808.589082747037,21.54471720113623,2,2.1,2.1,2.2,2.2,2.2,2.2,2.2,2.2,2.2,2.2,2.2,2.1,2.2,2.2,2.2,2.2,2.2,2.2,2.2,2.2,2.201
2299.96125125885,0.49924659729003906,640,27.85894775390625,1149.1711697186515,22.97287053529372,2,2.1,2.1,2.2,2.2,2.2,2.2,2.2,2.2,2.2,2.2,2.2,2.1,2.2,2.2,2.2,2.2,2.2,2.2,2.2,2.2,2.201
2300.461759328842,0.4992258548736572,1568,26.403640747070312,2110.146590419496,59.385749678251535,2,2.1,2.1,2.2,2.2,2.2,2.2,2.2,2.2,2.2,2.2,2.2,2.1,2.2,2.2,2.2,2.2,2.2,2.2,2.2,2.2,2.201
2300.9622704982758,0.4991762638092041,480,26.916519165039062,936.3821850642852,17.832915060705748,2,2.1,2.1,2.2,2.2,2.2,2.2,2.2,2.2,2.2,2.2,2.2,2.1,2.2,2.2,2.2,2.2,2.2,2.2,2.2,2.2,2.201
2301.462777853012,0.4992489814758301,576,26.915237426757812,2970.5230575039727,21.40051714451417,2,2.1,2.1,2.2,2.2,2.2,2.2,2.2,2.2,2.2,2.2,2.2,2.1,2.2,2.2,2.2,2.2,2.2,2.2,2.2,2.2,2.201
2301.963287830353,0.49921107292175293,864,26.27496337890625,1779.6762140113967,32.883014432424524,2,2.1,2.1,2.2,2.2,2.2,2.2,2.2,2.2,2.2,2.2,2.2,2.1,2.2,2.2,2.2,2.2,2.2,2.2,2.2,2.2,2.201
2302.463798046112,0.49921655654907227,608,26.716812133789062,1050.853070555481,22.757206097618784,2,2.1,2.1,2.2,2.2,2.2,2.2,2.2,2.2,2.2,2.2,2.2,2.1,2.2,2.2,2.2,2.2,2.2,2.2,2.2,2.2,2.201
2302.964288711548,0.477741003036499,1024,27.977218627929688,1567.687071126452,36.60120806211021,2,2.2,2.2,2.2,2.2,2.2,2.2,2.2,2.2,2.2,2.2,2.2,2.2,2.2,2.2,2.2,2.2,2.2,2.2,2.2,2.2,2.201
2303.4648008346558,0.4991791248321533,1024,25.31109619140625,1611.8823144842434,40.45656467251994,2,2.2,2.2,2.2,2.2,2.2,2.2,2.2,2.2,2.2,2.2,2.2,2.2,2.2,2.2,2.2,2.2,2.2,2.2,2.2,2.2,2.201
2303.965309858322,0.4992380142211914,800,26.698959350585938,2409.087380129637,29.96371467124029,2,2.2,2.2,2.2,2.2,2.2,2.2,2.2,2.2,2.2,2.2,2.2,2.2,2.2,2.2,2.2,2.2,2.2,2.2,2.2,2.2,2.201
2304.4658200740814,0.499220609664917,1120,28.715133666992188,1645.1286611968371,39.003823314513454,2,2.2,2.2,2.2,2.2,2.2,2.2,2.2,2.2,2.2,2.2,2.2,2.2,2.2,2.2,2.2,2.2,2.2,2.2,2.2,2.2,2.201
2304.966328859329,0.49918580055236816,608,30.215133666992188,2532.538096164304,20.1223667153323,2,2.2,2.2,2.2,2.2,2.2,2.2,2.2,2.2,2.2,2.2,2.2,2.2,2.2,2.2,2.2,2.2,2.2,2.2,2.2,2.2,2.201
2305.4668397903442,0.4992687702178955,672,29.289337158203125,1244.4453543725604,22.943503172170338,2,2.2,2.2,2.2,2.2,2.2,2.2,2.2,2.2,2.2,2.2,2.2,2.2,2.2,2.2,2.2,2.2,2.2,2.2,2.2,2.2,2.201
2305.9673507213593,0.499194860458374,1440,29.637969970703125,2011.1732183235956,48.586323605274835,2,2.2,2.2,2.2,2.2,2.2,2.2,2.2,2.2,2.2,2.2,2.2,2.2,2.2,2.2,2.2,2.2,2.2,2.2,2.2,2.2,2.201
2306.4678871631622,0.49921250343322754,736,29.403305053710938,1586.2071491395138,25.031199678252182,2,2.2,2.2,2.2,2.2,2.2,2.2,2.2,2.2,2.2,2.2,2.2,2.2,2.2,2.2,2.2,2.2,2.2,2.2,2.2,2.2,2.201
2306.9683961868286,0.49924683570861816,576,29.872268676757812,2058.858167979778,19.282097594688484,2,2.2,2.2,2.2,2.2,2.2,2.2,2.2,2.2,2.2,2.2,2.2,2.2,2.2,2.2,2.2,2.2,2.2,2.2,2.2,2.2,2.201
2307.4689059257507,0.4992408752441406,512,29.224777221679688,1559.842253077639,17.519380767774862,2,2.2,2.2,2.2,2.2,2.2,2.2,2.2,2.2,2.2,2.2,2.2,2.2,2.2,2.2,2.2,2.2,2.2,2.2,2.2,2.2,2.201
2307.9694154262543,0.49920034408569336,1536,29.151535034179688,1620.6679184533652,52.690192753111134,2,2.2,2.2,2.2,2.2,2.2,2.2,2.2,2.2,2.2,2.2,2.2,2.2,2.2,2.2,2.2,2.2,2.2,2.2,2.2,2.2,2.201
2308.469927072525,0.49921178817749023,736,29.253082275390625,2163.1843574904574,25.159741905869712,2,2.2,2.2,2.2,2.2,2.2,2.2,2.2,2.2,2.2,2.2,2.2,2.2,2.2,2.2,2.2,2.2,2.2,2.2,2.2,2.2,2.201
2308.9704389572144,0.4991939067840576,576,29.03778076171875,1220.3378078229518,19.83622662925245,2,2.2,2.2,2.2,2.2,2.2,2.2,2.2,2.2,2.2,2.2,2.2,2.2,2.2,2.2,2.2,2.2,2.2,2.2,2.2,2.2,2.201
2309.470952272415,0.4992835521697998,1056,29.431198120117188,1771.8126400968013,35.88029259597792,2,2.2,2.2,2.2,2.2,2.2,2.2,2.2,2.2,2.2,2.2,2.2,2.2,2.2,2.2,2.2,2.2,2.2,2.2,2.2,2.2,2.201
2309.971466779709,0.4992563724517822,448,29.07781982421875,1698.8569758277695,15.406932249675176,2,2.2,2.2,2.2,2.2,2.2,2.2,2.2,2.2,2.2,2.2,2.2,2.2,2.2,2.2,2.2,2.2,2.2,2.2,2.2,2.2,2.201
2310.471978187561,0.4992060661315918,864,28.893218994140625,2095.593862522385,29.90321016759033,2,2.2,2.2,2.2,2.2,2.2,2.2,2.2,2.2,2.2,2.2,2.2,2.2,2.2,2.2,2.2,2.2,2.2,2.2,2.2,2.2,2.201
2310.9724950790405,0.49924516677856445,1472,28.85504150390625,1614.1602138435014,51.01361575933717,2,2.2,2.2,2.2,2.2,2.2,2.2,2.2,2.2,2.2,2.2,2.2,2.2,2.2,2.2,2.2,2.2,2.2,2.2,2.2,2.2,2.201
2311.473014831543,0.49921202659606934,672,28.992538452148438,2269.7539917796694,23.178377468020663,2,2.2,2.2,2.2,2.2,2.2,2.2,2.2,2.2,2.2,2.2,2.2,2.2,2.2,2.2,2.2,2.2,2.2,2.2,2.2,2.2,2.201
2311.9735243320465,0.49920058250427246,704,29.677597045898438,1419.3460005871314,23.72159709936137,2,2.2,2.2,2.2,2.2,2.2,2.2,2.2,2.2,2.2,2.2,2.2,2.2,2.2,2.2,2.2,2.2,2.2,2.2,2.2,2.2,2.201
2312.4740352630615,0.49919891357421875,864,29.551406860351562,1499.847803924108,29.23718671273173,2,2.2,2.2,2.2,2.2,2.2,2.2,2.2,2.2,2.2,2.2,2.2,2.2,2.2,2.2,2.2,2.2,2.2,2.2,2.2,2.2,2.201
2312.974527359009,0.4788227081298828,768,30.66510009765625,2259.5823523038603,25.044757641560697,3,1.2,1.2,1.2,2.2,2.2,2.2,2.2,2.2,2.2,2.2,2.2,1.2,2.2,2.2,2.2,2.2,2.2,2.2,2.2,2.2,2.201
2313.4750638008118,0.4991569519042969,736,24.352401733398438,2139.1607605871773,30.222891690826643,3,1.2,1.2,1.2,2.2,2.2,2.2,2.2,2.2,2.2,2.2,2.2,1.2,2.2,2.2,2.2,2.2,2.2,2.2,2.2,2.2,2.201
2313.975573539734,0.49925780296325684,704,24.32232666015625,1073.172379528076,28.944599331989952,3,1.2,1.2,1.2,2.2,2.2,2.2,2.2,2.2,2.2,2.2,2.2,1.2,2.2,2.2,2.2,2.2,2.2,2.2,2.2,2.2,2.201
2314.476085424423,0.4992032051086426,800,24.274383544921875,1095.1109735649188,32.9565526770033,3,1.2,1.2,1.2,2.2,2.2,2.2,2.2,2.2,2.2,2.2,2.2,1.2,2.2,2.2,2.2,2.2,2.2,2.2,2.2,2.2,2.201
2314.9765951633453,0.49924612045288086,704,24.970550537109375,1832.07502703926,28.19321099684076,3,1.2,1.2,1.2,2.2,2.2,2.2,2.2,2.2,2.2,2.2,2.2,1.2,2.2,2.2,2.2,2.2,2.2,2.2,2.2,2.2,2.201
2315.4771349430084,0.49925971031188965,704,24.413223266601562,1866.3037530898268,28.83683126607477,3,1.2,1.2,1.2,2.2,2.2,2.2,2.2,2.2,2.2,2.2,2.2,1.2,2.2,2.2,2.2,2.2,2.2,2.2,2.2,2.2,2.201
2315.9776561260223,0.49918246269226074,640,24.22479248046875,916.7073131052169,26.419214964008475,3,1.2,1.2,1.2,2.2,2.2,2.2,2.2,2.2,2.2,2.2,2.2,1.2,2.2,2.2,2.2,2.2,2.2,2.2,2.2,2.2,2.201
2316.4781663417816,0.49915337562561035,896,24.6995849609375,1853.7693102485143,36.27591319518234,3,1.2,1.2,1.2,2.2,2.2,2.2,2.2,2.2,2.2,2.2,2.2,1.2,2.2,2.2,2.2,2.2,2.2,2.2,2.2,2.2,2.201
2316.9786763191223,0.49921560287475586,704,24.761367797851562,1650.563792065468,28.43138576783642,3,1.2,1.2,1.2,2.2,2.2,2.2,2.2,2.2,2.2,2.2,2.2,1.2,2.2,2.2,2.2,2.2,2.2,2.2,2.2,2.2,2.201
2317.4792127609253,0.4992058277130127,608,24.463623046875,987.0301386392993,24.853227947267047,3,1.2,1.2,1.2,2.2,2.2,2.2,2.2,2.2,2.2,2.2,2.2,1.2,2.2,2.2,2.2,2.2,2.2,2.2,2.2,2.2,2.201
2317.979725599289,0.4991881847381592,640,24.855300903320312,1723.1393808510456,25.749034481192105,3,1.2,1.2,1.2,2.2,2.2,2.2,2.2,2.2,2.2,2.2,2.2,1.2,2.2,2.2,2.2,2.2,2.2,2.2,2.2,2.2,2.201
2318.4802384376526,0.4992203712463379,832,24.908523559570312,1278.3421672249103,33.402220649899995,3,1.2,1.2,1.2,2.2,2.2,2.2,2.2,2.2,2.2,2.2,2.2,1.2,2.2,2.2,2.2,2.2,2.2,2.2,2.2,2.2,2.201
2318.9807493686676,0.4992661476135254,928,24.770523071289062,1792.3962653591393,37.463883880418464,3,1.2,1.2,1.2,2.2,2.2,2.2,2.2,2.2,2.2,2.2,2.2,1.2,2.2,2.2,2.2,2.2,2.2,2.2,2.2,2.2,2.201
2319.48126077652,0.4992196559906006,0,24.05096435546875,1792.3962653591393,37.463883880418464,3,1.2,1.2,1.2,2.2,2.2,2.2,2.2,2.2,2.2,2.2,2.2,1.2,2.2,2.2,2.2,2.2,2.2,2.2,2.2,2.2,2.201
2319.981772661209,0.4992201328277588,512,25.275924682617188,736.9314302549063,20.25643003882322,3,1.2,1.2,1.2,2.2,2.2,2.2,2.2,2.2,2.2,2.2,2.2,1.2,2.2,2.2,2.2,2.2,2.2,2.2,2.2,2.2,2.201
2320.482321023941,0.49921250343322754,1408,24.770416259765625,1879.2737912775228,56.841999958111415,3,1.2,1.2,1.2,2.2,2.2,2.2,2.2,2.2,2.2,2.2,2.2,1.2,2.2,2.2,2.2,2.2,2.2,2.2,2.2,2.2,2.201
2320.9828321933746,0.4992339611053467,0,24.243392944335938,1879.2737912775228,56.841999958111415,3,1.2,1.2,1.2,2.2,2.2,2.2,2.2,2.2,2.2,2.2,2.2,1.2,2.2,2.2,2.2,2.2,2.2,2.2,2.2,2.2,2.201
2321.4833443164825,0.4992399215698242,736,24.476318359375,1033.7050699046872,30.069881801406414,3,1.2,1.2,1.2,2.2,2.2,2.2,2.2,2.2,2.2,2.2,2.2,1.2,2.2,2.2,2.2,2.2,2.2,2.2,2.2,2.2,2.201
2321.983856678009,0.4992358684539795,1216,24.08343505859375,1617.0168661389466,50.49113621215308,3,1.2,1.2,1.2,2.2,2.2,2.2,2.2,2.2,2.2,2.2,2.2,1.2,2.2,2.2,2.2,2.2,2.2,2.2,2.2,2.2,2.201
2322.484375,0.4992542266845703,0,23.559432983398438,1617.0168661389466,50.49113621215308,3,1.2,1.2,1.2,2.2,2.2,2.2,2.2,2.2,2.2,2.2,2.2,1.2,2.2,2.2,2.2,2.2,2.2,2.2,2.2,2.2,2.201
2322.984866142273,0.477630615234375,1056,26.006011962890625,1450.5532488831095,40.60599531780817,3,1.3,1.3,1.3,2.2,2.2,2.2,2.2,2.2,2.2,2.2,2.2,1.3,2.2,2.2,2.2,2.2,2.2,2.2,2.2,2.2,2.201
2323.485383272171,0.49919748306274414,960,23.924041748046875,1355.9343087760672,40.12699902926616,3,1.3,1.3,1.3,2.2,2.2,2.2,2.2,2.2,2.2,2.2,2.2,1.3,2.2,2.2,2.2,2.2,2.2,2.2,2.2,2.2,2.201
2323.985895395279,0.49921226501464844,832,24.544052124023438,1184.7291142231518,33.89823309516394,3,1.3,1.3,1.3,2.2,2.2,2.2,2.2,2.2,2.2,2.2,2.2,1.3,2.2,2.2,2.2,2.2,2.2,2.2,2.2,2.2,2.201
2324.486438035965,0.4992654323577881,864,24.9388427734375,1752.1922650721956,34.644751075629344,3,1.3,1.3,1.3,2.2,2.2,2.2,2.2,2.2,2.2,2.2,2.2,1.3,2.2,2.2,2.2,2.2,2.2,2.2,2.2,2.2,2.201
2324.98695063591,0.49925899505615234,608,24.7054443359375,2332.7764413999107,24.609960125897416,3,1.3,1.3,1.3,2.2,2.2,2.2,2.2,2.2,2.2,2.2,2.2,1.3,2.2,2.2,2.2,2.2,2.2,2.2,2.2,2.2,2.201
2325.487467288971,0.4991886615753174,1024,20.772872924804688,1505.8772078198206,49.29505917196708,3,1.3,1.3,1.3,2.2,2.2,2.2,2.2,2.2,2.2,2.2,2.2,1.3,2.2,2.2,2.2,2.2,2.2,2.2,2.2,2.2,2.201
2325.987980365753,0.49930787086486816,320,24.639694213867188,938.4906257237782,12.98717415981179,3,1.3,1.3,1.3,2.2,2.2,2.2,2.2,2.2,2.2,2.2,2.2,1.3,2.2,2.2,2.2,2.2,2.2,2.2,2.2,2.2,2.201
2326.488496541977,0.4992349147796631,736,24.1795654296875,1901.698368479908,30.438925883107245,3,1.3,1.3,1.3,2.2,2.2,2.2,2.2,2.2,2.2,2.2,2.2,1.3,2.2,2.2,2.2,2.2,2.2,2.2,2.2,2.2,2.201
2326.9890117645264,0.49924206733703613,704,24.879989624023438,1157.8891286033847,28.29583173620928,3,1.3,1.3,1.3,2.2,2.2,2.2,2.2,2.2,2.2,2.2,2.2,1.3,2.2,2.2,2.2,2.2,2.2,2.2,2.2,2.2,2.201
2327.4895255565643,0.4992392063140869,992,24.586761474609375,1458.8213882056978,40.34691600292432,3,1.3,1.3,1.3,2.2,2.2,2.2,2.2,2.2,2.2,2.2,2.2,1.3,2.2,2.2,2.2,2.2,2.2,2.2,2.2,2.2,2.201
2327.990038871765,0.49927186965942383,800,25.222869873046875,1659.4765050126289,31.717247245321552,3,1.3,1.3,1.3,2.2,2.2,2.2,2.2,2.2,2.2,2.2,2.2,1.3,2.2,2.2,2.2,2.2,2.2,2.2,2.2,2.2,2.201
2328.490552663803,0.49921298027038574,608,24.300094604492188,2252.5401729214186,25.020478722235236,3,1.3,1.3,1.3,2.2,2.2,2.2,2.2,2.2,2.2,2.2,2.2,1.3,2.2,2.2,2.2,2.2,2.2,2.2,2.2,2.2,2.201
2328.9910655021667,0.4992220401763916,768,24.710372924804688,1230.7646443000185,31.080065134471067,3,1.3,1.3,1.3,2.2,2.2,2.2,2.2,2.2,2.2,2.2,2.2,1.3,2.2,2.2,2.2,2.2,2.2,2.2,2.2,2.2,2.201
2329.4915795326233,0.499267578125,832,24.343582153320312,1195.4077654341825,34.17738584074901,3,1.3,1.3,1.3,2.2,2.2,2.2,2.2,2.2,2.2,2.2,2.2,1.3,2.2,2.2,2.2,2.2,2.2,2.2,2.2,2.2,2.201
2329.9920926094055,0.49924325942993164,0,24.764572143554688,1195.4077654341825,34.17738584074901,3,1.3,1.3,1.3,2.2,2.2,2.2,2.2,2.2,2.2,2.2,2.2,1.3,2.2,2.2,2.2,2.2,2.2,2.2,2.2,2.2,2.201
2330.4926149845123,0.4992527961730957,1344,24.891372680664062,1953.4790822262523,53.99461159665318,3,1.3,1.3,1.3,2.2,2.2,2.2,2.2,2.2,2.2,2.2,2.2,1.3,2.2,2.2,2.2,2.2,2.2,2.2,2.2,2.2,2.201
2330.9931309223175,0.4990968704223633,800,25.609405517578125,1183.4343983213134,31.238522872031737,3,1.3,1.3,1.3,2.2,2.2,2.2,2.2,2.2,2.2,2.2,2.2,1.3,2.2,2.2,2.2,2.2,2.2,2.2,2.2,2.2,2.201
2331.4936442375183,0.4992063045501709,0,25.037673950195312,1183.4343983213134,31.238522872031737,3,1.3,1.3,1.3,2.2,2.2,2.2,2.2,2.2,2.2,2.2,2.2,1.3,2.2,2.2,2.2,2.2,2.2,2.2,2.2,2.2,2.201
2331.9941577911377,0.49921488761901855,896,24.605255126953125,1287.3596267022594,36.414985147563144,3,1.3,1.3,1.3,2.2,2.2,2.2,2.2,2.2,2.2,2.2,2.2,1.3,2.2,2.2,2.2,2.2,2.2,2.2,2.2,2.2,2.201
2332.4946734905243,0.4992408752441406,1632,24.392074584960938,1771.7479344798103,66.90697809714874,3,1.3,1.3,1.3,2.2,2.2,2.2,2.2,2.2,2.2,2.2,2.2,1.3,2.2,2.2,2.2,2.2,2.2,2.2,2.2,2.2,2.201
2332.9951672554016,0.47864842414855957,896,25.014480590820312,1687.7727867073618,35.819252642359864,3,1.4,1.4,1.4,2.2,2.2,2.2,2.2,2.2,2.2,2.2,2.2,1.4,2.2,2.2,2.2,2.2,2.2,2.2,2.2,2.2,2.201
2333.495683193207,0.4992187023162842,0,23.906707763671875,1687.7727867073618,35.819252642359864,3,1.4,1.4,1.4,2.2,2.2,2.2,2.2,2.2,2.2,2.2,2.2,1.4,2.2,2.2,2.2,2.2,2.2,2.2,2.2,2.2,2.201
2333.9961998462677,0.4992191791534424,1344,24.728424072265625,1423.924441852806,54.35041052645869,3,1.4,1.4,1.4,2.2,2.2,2.2,2.2,2.2,2.2,2.2,2.2,1.4,2.2,2.2,2.2,2.2,2.2,2.2,2.2,2.2,2.201
2334.4967126846313,0.4992365837097168,832,24.826858520507812,1650.7500102156364,33.51209333684889,3,1.4,1.4,1.4,2.2,2.2,2.2,2.2,2.2,2.2,2.2,2.2,1.4,2.2,2.2,2.2,2.2,2.2,2.2,2.2,2.2,2.201
2334.9972269535065,0.4992523193359375,896,25.361160278320312,1947.3448467047322,35.32961387282959,3,1.4,1.4,1.4,2.2,2.2,2.2,2.2,2.2,2.2,2.2,2.2,1.4,2.2,2.2,2.2,2.2,2.2,2.2,2.2,2.2,2.201
2335.4977424144745,0.49921369552612305,576,25.919052124023438,1090.897478502367,22.223034902812913,3,1.4,1.4,1.4,2.2,2.2,2.2,2.2,2.2,2.2,2.2,2.2,1.4,2.2,2.2,2.2,2.2,2.2,2.2,2.2,2.2,2.201
2335.998284816742,0.4991950988769531,0,25.714584350585938,1090.897478502367,22.223034902812913,3,1.4,1.4,1.4,2.2,2.2,2.2,2.2,2.2,2.2,2.2,2.2,1.4,2.2,2.2,2.2,2.2,2.2,2.2,2.2,2.2,2.201
2336.498827457428,0.4992654323577881,1344,24.682586669921875,2048.7993347149563,54.45134328801099,3,1.4,1.4,1.4,2.2,2.2,2.2,2.2,2.2,2.2,2.2,2.2,1.4,2.2,2.2,2.2,2.2,2.2,2.2,2.2,2.2,2.201
2336.9993669986725,0.4992382526397705,896,25.006729125976562,1435.8875845903558,35.83035572090276,3,1.4,1.4,1.4,2.2,2.2,2.2,2.2,2.2,2.2,2.2,2.2,1.4,2.2,2.2,2.2,2.2,2.2,2.2,2.2,2.2,2.201
2337.499922990799,0.4992349147796631,832,24.683197021484375,1359.479692176916,33.707140905443616,3,1.4,1.4,1.4,2.2,2.2,2.2,2.2,2.2,2.2,2.2,2.2,1.4,2.2,2.2,2.2,2.2,2.2,2.2,2.2,2.2,2.201
2338.000438928604,0.49915337562561035,0,25.1119384765625,1359.479692176916,33.707140905443616,3,1.4,1.4,1.4,2.2,2.2,2.2,2.2,2.2,2.2,2.2,2.2,1.4,2.2,2.2,2.2,2.2,2.2,2.2,2.2,2.2,2.201
2338.500980615616,0.49927592277526855,1312,25.346267700195312,1918.1308921895088,51.763045175676496,3,1.4,1.4,1.4,2.2,2.2,2.2,2.2,2.2,2.2,2.2,2.2,1.4,2.2,2.2,2.2,2.2,2.2,2.2,2.2,2.2,2.201
2339.0015230178833,0.49927735328674316,1056,24.5523681640625,1703.2235035229053,43.010107739654856,3,1.4,1.4,1.4,2.2,2.2,2.2,2.2,2.2,2.2,2.2,2.2,1.4,2.2,2.2,2.2,2.2,2.2,2.2,2.2,2.2,2.201
2339.5020649433136,0.4992485046386719,800,24.403121948242188,1249.99843814489,32.782690743289336,3,1.4,1.4,1.4,2.2,2.2,2.2,2.2,2.2,2.2,2.2,2.2,1.4,2.2,2.2,2.2,2.2,2.2,2.2,2.2,2.2,2.201
2340.0026202201843,0.49924778938293457,1152,25.060745239257812,1811.3306695975646,45.96830577070728,3,1.4,1.4,1.4,2.2,2.2,2.2,2.2,2.2,2.2,2.2,2.2,1.4,2.2,2.2,2.2,2.2,2.2,2.2,2.2,2.2,2.201
2340.5031354427338,0.4990520477294922,0,24.809494018554688,1811.3306695975646,45.96830577070728,3,1.4,1.4,1.4,2.2,2.2,2.2,2.2,2.2,2.2,2.2,2.2,1.4,2.2,2.2,2.2,2.2,2.2,2.2,2.2,2.2,2.201
2341.0036504268646,0.4992802143096924,1024,24.366043090820312,1599.997130041502,42.02569929730539,3,1.4,1.4,1.4,2.2,2.2,2.2,2.2,2.2,2.2,2.2,2.2,1.4,2.2,2.2,2.2,2.2,2.2,2.2,2.2,2.2,2.201
2341.504166841507,0.49927520751953125,992,24.393630981445312,1559.7430923953063,40.66635265387721,3,1.4,1.4,1.4,2.2,2.2,2.2,2.2,2.2,2.2,2.2,2.2,1.4,2.2,2.2,2.2,2.2,2.2,2.2,2.2,2.2,2.201
2342.0046832561493,0.4992241859436035,1056,24.563507080078125,1681.5401446853016,42.99060376669313,3,1.4,1.4,1.4,2.2,2.2,2.2,2.2,2.2,2.2,2.2,2.2,1.4,2.2,2.2,2.2,2.2,2.2,2.2,2.2,2.2,2.201
2342.5051996707916,0.49921107292175293,1056,24.65924072265625,1660.3766024926008,42.82370296299413,3,1.4,1.4,1.4,2.2,2.2,2.2,2.2,2.2,2.2,2.2,2.2,1.4,2.2,2.2,2.2,2.2,2.2,2.2,2.2,2.2,2.201
2343.005698442459,0.4796476364135742,0,26.419158935546875,1660.3766024926008,42.82370296299413,3,1.5,1.5,1.5,2.2,2.2,2.2,2.2,2.2,2.2,2.2,2.2,1.5,2.2,2.2,2.2,2.2,2.2,2.2,2.2,2.2,2.201
2343.50621342659,0.4991729259490967,1536,24.001708984375,1534.5424272684058,63.995443032824404,3,1.5,1.5,1.5,2.2,2.2,2.2,2.2,2.2,2.2,2.2,2.2,1.5,2.2,2.2,2.2,2.2,2.2,2.2,2.2,2.2,2.201
2344.006755590439,0.4992046356201172,640,25.065841674804688,2031.4093074118841,25.53275522534341,3,1.5,1.5,1.5,2.2,2.2,2.2,2.2,2.2,2.2,2.2,2.2,1.5,2.2,2.2,2.2,2.2,2.2,2.2,2.2,2.2,2.201
2344.5072736740112,0.4992492198944092,896,25.89276123046875,1709.9274927210224,34.604266112246506,3,1.5,1.5,1.5,2.2,2.2,2.2,2.2,2.2,2.2,2.2,2.2,1.5,2.2,2.2,2.2,2.2,2.2,2.2,2.2,2.2,2.201
2345.007789373398,0.4992072582244873,896,24.9820556640625,1454.542528821813,35.86574347798469,3,1.5,1.5,1.5,2.2,2.2,2.2,2.2,2.2,2.2,2.2,2.2,1.5,2.2,2.2,2.2,2.2,2.2,2.2,2.2,2.2,2.201
2345.5083105564117,0.4992177486419678,896,25.056365966796875,1577.4629782714692,35.759375529050104,3,1.5,1.5,1.5,2.2,2.2,2.2,2.2,2.2,2.2,2.2,2.2,1.5,2.2,2.2,2.2,2.2,2.2,2.2,2.2,2.2,2.201
2346.008828639984,0.4992046356201172,0,25.35772705078125,1577.4629782714692,35.759375529050104,3,1.5,1.5,1.5,2.2,2.2,2.2,2.2,2.2,2.2,2.2,2.2,1.5,2.2,2.2,2.2,2.2,2.2,2.2,2.2,2.2,2.201
2346.509348154068,0.49924802780151367,960,25.607620239257812,1632.656987999186,37.4888408618412,3,1.5,1.5,1.5,2.2,2.2,2.2,2.2,2.2,2.2,2.2,2.2,1.5,2.2,2.2,2.2,2.2,2.2,2.2,2.2,2.2,2.201
2347.0099053382874,0.4992046356201172,1216,25.184799194335938,2054.0477489978084,48.2830929330371,3,1.5,1.5,1.5,2.2,2.2,2.2,2.2,2.2,2.2,2.2,2.2,1.5,2.2,2.2,2.2,2.2,2.2,2.2,2.2,2.2,2.201
2347.510422229767,0.499051570892334,1056,25.358596801757812,1808.2275095278567,41.64268268687485,3,1.5,1.5,1.5,2.2,2.2,2.2,2.2,2.2,2.2,2.2,2.2,1.5,2.2,2.2,2.2,2.2,2.2,2.2,2.2,2.2,2.201
2348.010938644409,0.4992353916168213,1248,25.017440795898438,1824.561111892773,49.88519849738616,3,1.5,1.5,1.5,2.2,2.2,2.2,2.2,2.2,2.2,2.2,2.2,1.5,2.2,2.2,2.2,2.2,2.2,2.2,2.2,2.2,2.201
2348.511484861374,0.49921607971191406,768,25.107162475585938,1500.0027909388425,30.58888079235552,3,1.5,1.5,1.5,2.2,2.2,2.2,2.2,2.2,2.2,2.2,2.2,1.5,2.2,2.2,2.2,2.2,2.2,2.2,2.2,2.2,2.201
2349.012028694153,0.49922609329223633,928,25.623565673828125,1622.3487782159734,36.21666132703217,3,1.5,1.5,1.5,2.2,2.2,2.2,2.2,2.2,2.2,2.2,2.2,1.5,2.2,2.2,2.2,2.2,2.2,2.2,2.2,2.2,2.201
2349.5125732421875,0.49922943115234375,0,25.370132446289062,1622.3487782159734,36.21666132703217,3,1.5,1.5,1.5,2.2,2.2,2.2,2.2,2.2,2.2,2.2,2.2,1.5,2.2,2.2,2.2,2.2,2.2,2.2,2.2,2.2,2.201
2350.0131120681763,0.4992330074310303,1824,24.857421875,1813.3699200984438,73.37848668185747,3,1.5,1.5,1.5,2.2,2.2,2.2,2.2,2.2,2.2,2.2,2.2,1.5,2.2,2.2,2.2,2.2,2.2,2.2,2.2,2.2,2.201
2350.5136275291443,0.49922609329223633,800,25.688201904296875,1857.4488153647242,31.142701345172146,3,1.5,1.5,1.5,2.2,2.2,2.2,2.2,2.2,2.2,2.2,2.2,1.5,2.2,2.2,2.2,2.2,2.2,2.2,2.2,2.2,2.201
2351.014139890671,0.4991774559020996,512,25.44830322265625,1544.8085763650502,20.11921956133303,3,1.5,1.5,1.5,2.2,2.2,2.2,2.2,2.2,2.2,2.2,2.2,1.5,2.2,2.2,2.2,2.2,2.2,2.2,2.2,2.2,2.201
2351.5146791934967,0.499190092086792,1376,25.457778930664062,1997.3271018509947,54.05027688187672,3,1.5,1.5,1.5,2.2,2.2,2.2,2.2,2.2,2.2,2.2,2.2,1.5,2.2,2.2,2.2,2.2,2.2,2.2,2.2,2.2,2.201
2352.015204668045,0.4992380142211914,800,25.949874877929688,1629.0655669064085,30.828665022982374,3,1.5,1.5,1.5,2.2,2.2,2.2,2.2,2.2,2.2,2.2,2.2,1.5,2.2,2.2,2.2,2.2,2.2,2.2,2.2,2.2,2.201
2352.51576256752,0.49915599822998047,352,25.504608154296875,1252.6769173048795,13.801427485985391,3,1.5,1.5,1.5,2.2,2.2,2.2,2.2,2.2,2.2,2.2,2.2,1.5,2.2,2.2,2.2,2.2,2.2,2.2,2.2,2.2,2.201
2353.016282081604,0.4777376651763916,1152,26.835723876953125,1715.1709982986322,42.92785263710933,3,1.6,1.6,1.6,2.2,2.2,2.2,2.2,2.2,2.2,2.2,2.2,1.6,2.2,2.2,2.2,2.2,2.2,2.2,2.2,2.2,2.201
2353.516822576523,0.49927330017089844,800,24.567398071289062,2357.4602127532103,32.563480987224615,3,1.6,1.6,1.6,2.2,2.2,2.2,2.2,2.2,2.2,2.2,2.2,1.6,2.2,2.2,2.2,2.2,2.2,2.2,2.2,2.2,2.201
2354.0173864364624,0.49924802780151367,896,26.32342529296875,1982.3005518625164,34.03812345953817,3,1.6,1.6,1.6,2.2,2.2,2.2,2.2,2.2,2.2,2.2,2.2,1.6,2.2,2.2,2.2,2.2,2.2,2.2,2.2,2.2,2.201
2354.51792883873,0.4992852210998535,1056,25.774063110351562,1795.9201267200551,40.971421365686105,3,1.6,1.6,1.6,2.2,2.2,2.2,2.2,2.2,2.2,2.2,2.2,1.6,2.2,2.2,2.2,2.2,2.2,2.2,2.2,2.2,2.201
2355.01846909523,0.49927783012390137,640,25.595916748046875,1344.5313443008483,25.00398818685937,3,1.6,1.6,1.6,2.2,2.2,2.2,2.2,2.2,2.2,2.2,2.2,1.6,2.2,2.2,2.2,2.2,2.2,2.2,2.2,2.2,2.201
2355.519006252289,0.4992859363555908,1152,25.56317138671875,2086.9641302603386,45.064831063899895,3,1.6,1.6,1.6,2.2,2.2,2.2,2.2,2.2,2.2,2.2,2.2,1.6,2.2,2.2,2.2,2.2,2.2,2.2,2.2,2.2,2.201
2356.0195450782776,0.4992661476135254,1024,25.8822021484375,1855.0688984131586,39.56386686601235,3,1.6,1.6,1.6,2.2,2.2,2.2,2.2,2.2,2.2,2.2,2.2,1.6,2.2,2.2,2.2,2.2,2.2,2.2,2.2,2.2,2.201
2356.5200850963593,0.4992637634277344,960,25.405105590820312,1739.137212419565,37.78767998299047,3,1.6,1.6,1.6,2.2,2.2,2.2,2.2,2.2,2.2,2.2,2.2,1.6,2.2,2.2,2.2,2.2,2.2,2.2,2.2,2.2,2.201
2357.0206387043,0.49930787086486816,1056,26.595428466796875,1913.0441555761618,39.706072091238,3,1.6,1.6,1.6,2.2,2.2,2.2,2.2,2.2,2.2,2.2,2.2,1.6,2.2,2.2,2.2,2.2,2.2,2.2,2.2,2.2,2.201
2357.521176338196,0.49909186363220215,704,25.254135131835938,1861.3353002689341,27.876622831265426,3,1.6,1.6,1.6,2.2,2.2,2.2,2.2,2.2,2.2,2.2,2.2,1.6,2.2,2.2,2.2,2.2,2.2,2.2,2.2,2.2,2.201
2358.0217130184174,0.4993112087249756,960,25.4874267578125,2089.8926631024374,37.66563055274842,3,1.6,1.6,1.6,2.2,2.2,2.2,2.2,2.2,2.2,2.2,2.2,1.6,2.2,2.2,2.2,2.2,2.2,2.2,2.2,2.2,2.201
2358.5222516059875,0.4993321895599365,1024,25.141006469726562,1765.040476077318,40.73027073252001,3,1.6,1.6,1.6,2.2,2.2,2.2,2.2,2.2,2.2,2.2,2.2,1.6,2.2,2.2,2.2,2.2,2.2,2.2,2.2,2.2,2.201
2359.022807121277,0.4992842674255371,864,25.011520385742188,1772.269928286614,34.54408155421543,3,1.6,1.6,1.6,2.2,2.2,2.2,2.2,2.2,2.2,2.2,2.2,1.6,2.2,2.2,2.2,2.2,2.2,2.2,2.2,2.2,2.201
2359.523345708847,0.4992845058441162,832,24.900588989257812,2151.222721307639,33.41286426433235,3,1.6,1.6,1.6,2.2,2.2,2.2,2.2,2.2,2.2,2.2,2.2,1.6,2.2,2.2,2.2,2.2,2.2,2.2,2.2,2.2,2.201
2360.023882627487,0.4992661476135254,896,25.704742431640625,1671.629794371637,34.857380982627184,3,1.6,1.6,1.6,2.2,2.2,2.2,2.2,2.2,2.2,2.2,2.2,1.6,2.2,2.2,2.2,2.2,2.2,2.2,2.2,2.2,2.201
2360.524395465851,0.49931812286376953,864,25.540634155273438,1600.0063467056752,33.82844743585225,3,1.6,1.6,1.6,2.2,2.2,2.2,2.2,2.2,2.2,2.2,2.2,1.6,2.2,2.2,2.2,2.2,2.2,2.2,2.2,2.2,2.201
2361.0249330997467,0.4993011951446533,800,26.05279541015625,1426.4130412567158,30.706877607772302,3,1.6,1.6,1.6,2.2,2.2,2.2,2.2,2.2,2.2,2.2,2.2,1.6,2.2,2.2,2.2,2.2,2.2,2.2,2.2,2.2,2.201
2361.525470018387,0.49928903579711914,1280,25.623565673828125,2289.175739339314,49.954015623492644,3,1.6,1.6,1.6,2.2,2.2,2.2,2.2,2.2,2.2,2.2,2.2,1.6,2.2,2.2,2.2,2.2,2.2,2.2,2.2,2.2,2.201
2362.0260224342346,0.49932336807250977,768,25.489593505859375,1425.8647271397372,30.12994302256948,3,1.6,1.6,1.6,2.2,2.2,2.2,2.2,2.2,2.2,2.2,2.2,1.6,2.2,2.2,2.2,2.2,2.2,2.2,2.2,2.2,2.201
2362.5265612602234,0.49913454055786133,800,25.1875,2786.317579221329,31.76178660049628,3,1.6,1.6,1.6,2.2,2.2,2.2,2.2,2.2,2.2,2.2,2.2,1.6,2.2,2.2,2.2,2.2,2.2,2.2,2.2,2.2,2.201
2363.0270788669586,0.4794199466705322,992,26.771499633789062,1707.6828810859256,37.054330671411805,3,1.7,1.7,1.7,2.2,2.2,2.2,2.2,2.2,2.2,2.2,2.2,1.7,2.2,2.2,2.2,2.2,2.2,2.2,2.2,2.2,2.201
2363.5276308059692,0.4992988109588623,800,25.029769897460938,2458.846360672004,31.961939853116803,3,1.7,1.7,1.7,2.2,2.2,2.2,2.2,2.2,2.2,2.2,2.2,1.7,2.2,2.2,2.2,2.2,2.2,2.2,2.2,2.2,2.201
2364.028169155121,0.4991326332092285,1184,26.552978515625,1781.0287511996805,44.59010123113984,3,1.7,1.7,1.7,2.2,2.2,2.2,2.2,2.2,2.2,2.2,2.2,1.7,2.2,2.2,2.2,2.2,2.2,2.2,2.2,2.2,2.201
2364.528722047806,0.4992794990539551,1248,26.549423217773438,2016.6217136597274,47.00667090818492,3,1.7,1.7,1.7,2.2,2.2,2.2,2.2,2.2,2.2,2.2,2.2,1.7,2.2,2.2,2.2,2.2,2.2,2.2,2.2,2.2,2.201
2365.0292580127716,0.49911975860595703,544,26.975799560546875,2950.7982732717646,20.166223387707127,3,1.7,1.7,1.7,2.2,2.2,2.2,2.2,2.2,2.2,2.2,2.2,1.7,2.2,2.2,2.2,2.2,2.2,2.2,2.2,2.2,2.201
2365.5298161506653,0.49933576583862305,960,25.470855712890625,1889.7603828837687,37.69013537751504,3,1.7,1.7,1.7,2.2,2.2,2.2,2.2,2.2,2.2,2.2,2.2,1.7,2.2,2.2,2.2,2.2,2.2,2.2,2.2,2.2,2.201
2366.0303831100464,0.49918437004089355,1440,26.449783325195312,1767.6080744663582,54.44279003330424,3,1.7,1.7,1.7,2.2,2.2,2.2,2.2,2.2,2.2,2.2,2.2,1.7,2.2,2.2,2.2,2.2,2.2,2.2,2.2,2.2,2.201
2366.5309386253357,0.4992794990539551,1120,26.603668212890625,2215.3781645886897,42.09945752733872,3,1.7,1.7,1.7,2.2,2.2,2.2,2.2,2.2,2.2,2.2,2.2,1.7,2.2,2.2,2.2,2.2,2.2,2.2,2.2,2.2,2.201
2367.03147315979,0.49907565116882324,704,25.669830322265625,1923.2335897207195,27.425191018475918,3,1.7,1.7,1.7,2.2,2.2,2.2,2.2,2.2,2.2,2.2,2.2,1.7,2.2,2.2,2.2,2.2,2.2,2.2,2.2,2.2,2.201
2367.532011985779,0.4992976188659668,960,26.324508666992188,2134.6017135552547,36.46791710888516,3,1.7,1.7,1.7,2.2,2.2,2.2,2.2,2.2,2.2,2.2,2.2,1.7,2.2,2.2,2.2,2.2,2.2,2.2,2.2,2.2,2.201
2368.032566547394,0.49930715560913086,1120,26.18951416015625,1742.2742109447167,42.76520721808296,3,1.7,1.7,1.7,2.2,2.2,2.2,2.2,2.2,2.2,2.2,2.2,1.7,2.2,2.2,2.2,2.2,2.2,2.2,2.2,2.2,2.201
2368.533122062683,0.49903368949890137,832,27.38995361328125,2253.7533406516795,30.37610109703024,3,1.7,1.7,1.7,2.2,2.2,2.2,2.2,2.2,2.2,2.2,2.2,1.7,2.2,2.2,2.2,2.2,2.2,2.2,2.2,2.2,2.201
2369.033678293228,0.4991438388824463,1216,26.42913818359375,1781.3337481697322,46.00982414004134,3,1.7,1.7,1.7,2.2,2.2,2.2,2.2,2.2,2.2,2.2,2.2,1.7,2.2,2.2,2.2,2.2,2.2,2.2,2.2,2.2,2.201
2369.5342135429382,0.4992659091949463,1152,25.901260375976562,2267.434083869824,44.47660010662959,3,1.7,1.7,1.7,2.2,2.2,2.2,2.2,2.2,2.2,2.2,2.2,1.7,2.2,2.2,2.2,2.2,2.2,2.2,2.2,2.2,2.201
2370.034749507904,0.49927759170532227,480,26.0274658203125,1313.9733786507522,18.442056684035514,3,1.7,1.7,1.7,2.2,2.2,2.2,2.2,2.2,2.2,2.2,2.2,1.7,2.2,2.2,2.2,2.2,2.2,2.2,2.2,2.2,2.201
2370.5353031158447,0.49925947189331055,1088,26.297866821289062,2076.339416078626,41.372176967571576,3,1.7,1.7,1.7,2.2,2.2,2.2,2.2,2.2,2.2,2.2,2.2,1.7,2.2,2.2,2.2,2.2,2.2,2.2,2.2,2.2,2.201
2371.035840034485,0.49915504455566406,864,26.458648681640625,1714.2921806538004,32.65472890909657,3,1.7,1.7,1.7,2.2,2.2,2.2,2.2,2.2,2.2,2.2,2.2,1.7,2.2,2.2,2.2,2.2,2.2,2.2,2.2,2.2,2.201
2371.5363936424255,0.4992690086364746,1024,26.734207153320312,1984.4895055556176,38.30298740962745,3,1.7,1.7,1.7,2.2,2.2,2.2,2.2,2.2,2.2,2.2,2.2,1.7,2.2,2.2,2.2,2.2,2.2,2.2,2.2,2.2,2.201
2372.0369448661804,0.4990572929382324,1088,27.204376220703125,2092.31277175555,39.993565416582065,3,1.7,1.7,1.7,2.2,2.2,2.2,2.2,2.2,2.2,2.2,2.2,1.7,2.2,2.2,2.2,2.2,2.2,2.2,2.2,2.2,2.201
2372.537484407425,0.4990196228027344,1216,27.353408813476562,2285.716455940029,44.45515395510403,3,1.7,1.7,1.7,2.2,2.2,2.2,2.2,2.2,2.2,2.2,2.2,1.7,2.2,2.2,2.2,2.2,2.2,2.2,2.2,2.2,2.201
2373.03800201416,0.4782719612121582,1056,27.683395385742188,2015.262822891172,38.14560986055464,3,1.8,1.8,1.8,2.2,2.2,2.2,2.2,2.2,2.2,2.2,2.2,1.8,2.2,2.2,2.2,2.2,2.2,2.2,2.2,2.2,2.201
2373.538554906845,0.4992642402648926,736,24.729660034179688,1559.3184554104216,29.76183251135478,3,1.8,1.8,1.8,2.2,2.2,2.2,2.2,2.2,2.2,2.2,2.2,1.8,2.2,2.2,2.2,2.2,2.2,2.2,2.2,2.2,2.201
2374.0391058921814,0.49903249740600586,1024,27.011550903320312,2142.873890989223,37.90970772707938,3,1.8,1.8,1.8,2.2,2.2,2.2,2.2,2.2,2.2,2.2,2.2,1.8,2.2,2.2,2.2,2.2,2.2,2.2,2.2,2.2,2.201
2374.539643764496,0.49901747703552246,1056,27.288894653320312,2154.4979097403293,38.69706022964597,3,1.8,1.8,1.8,2.2,2.2,2.2,2.2,2.2,2.2,2.2,2.2,1.8,2.2,2.2,2.2,2.2,2.2,2.2,2.2,2.2,2.201
2375.0401797294617,0.4992563724517822,1248,27.002685546875,2437.5018749966202,46.217625200039784,3,1.8,1.8,1.8,2.2,2.2,2.2,2.2,2.2,2.2,2.2,2.2,1.8,2.2,2.2,2.2,2.2,2.2,2.2,2.2,2.2,2.201
2375.5407178401947,0.4992814064025879,1152,26.608810424804688,1999.9993002924205,43.29393090516018,3,1.8,1.8,1.8,2.2,2.2,2.2,2.2,2.2,2.2,2.2,2.2,1.8,2.2,2.2,2.2,2.2,2.2,2.2,2.2,2.2,2.201
2376.041255712509,0.49926137924194336,768,26.69659423828125,1613.4444791701046,28.767714456203404,3,1.8,1.8,1.8,2.2,2.2,2.2,2.2,2.2,2.2,2.2,2.2,1.8,2.2,2.2,2.2,2.2,2.2,2.2,2.2,2.2,2.201
2376.541792154312,0.4992680549621582,768,27.019271850585938,1564.8875411678964,28.424156070784164,3,1.8,1.8,1.8,2.2,2.2,2.2,2.2,2.2,2.2,2.2,2.2,1.8,2.2,2.2,2.2,2.2,2.2,2.2,2.2,2.2,2.201
2377.0423316955566,0.49925804138183594,1024,27.351974487304688,2097.311696159787,37.43788224412412,3,1.8,1.8,1.8,2.2,2.2,2.2,2.2,2.2,2.2,2.2,2.2,1.8,2.2,2.2,2.2,2.2,2.2,2.2,2.2,2.2,2.201
2377.542869567871,0.49930477142333984,1088,26.640304565429688,2219.667749156239,40.84037392770143,3,1.8,1.8,1.8,2.2,2.2,2.2,2.2,2.2,2.2,2.2,2.2,1.8,2.2,2.2,2.2,2.2,2.2,2.2,2.2,2.2,2.201
2378.0434210300446,0.49930262565612793,1408,26.828857421875,2713.842492131432,52.48080370548998,3,1.8,1.8,1.8,2.2,2.2,2.2,2.2,2.2,2.2,2.2,2.2,1.8,2.2,2.2,2.2,2.2,2.2,2.2,2.2,2.2,2.201
2378.5439796447754,0.49922919273376465,608,27.44708251953125,1327.6813849537932,22.151716837931655,3,1.8,1.8,1.8,2.2,2.2,2.2,2.2,2.2,2.2,2.2,2.2,1.8,2.2,2.2,2.2,2.2,2.2,2.2,2.2,2.2,2.201
2379.0445215702057,0.4992351531982422,1440,26.523468017578125,2637.0798717864586,54.291542834657086,3,1.8,1.8,1.8,2.2,2.2,2.2,2.2,2.2,2.2,2.2,2.2,1.8,2.2,2.2,2.2,2.2,2.2,2.2,2.2,2.2,2.201
2379.5450596809387,0.4992811679840088,960,27.025360107421875,1935.4889904837657,35.52219086754588,3,1.8,1.8,1.8,2.2,2.2,2.2,2.2,2.2,2.2,2.2,2.2,1.8,2.2,2.2,2.2,2.2,2.2,2.2,2.2,2.2,2.201
2380.0455968379974,0.49922990798950195,1152,27.6668701171875,2215.384041963393,41.63824802446094,3,1.8,1.8,1.8,2.2,2.2,2.2,2.2,2.2,2.2,2.2,2.2,1.8,2.2,2.2,2.2,2.2,2.2,2.2,2.2,2.2,2.201
2380.5461382865906,0.4992070198059082,704,27.346832275390625,1543.8579077848888,25.743383837312983,3,1.8,1.8,1.8,2.2,2.2,2.2,2.2,2.2,2.2,2.2,2.2,1.8,2.2,2.2,2.2,2.2,2.2,2.2,2.2,2.2,2.201
2381.046688556671,0.4992547035217285,832,27.197174072265625,1736.4561734803058,30.591413570736886,3,1.8,1.8,1.8,2.2,2.2,2.2,2.2,2.2,2.2,2.2,2.2,1.8,2.2,2.2,2.2,2.2,2.2,2.2,2.2,2.2,2.201
2381.547241449356,0.49922728538513184,1472,26.992340087890625,2870.161128603541,54.5339898358932,3,1.8,1.8,1.8,2.2,2.2,2.2,2.2,2.2,2.2,2.2,2.2,1.8,2.2,2.2,2.2,2.2,2.2,2.2,2.2,2.2,2.201
2382.0477924346924,0.499021053314209,896,27.215713500976562,1882.3521685850944,32.92215726653095,3,1.8,1.8,1.8,2.2,2.2,2.2,2.2,2.2,2.2,2.2,2.2,1.8,2.2,2.2,2.2,2.2,2.2,2.2,2.2,2.2,2.201
2382.5483281612396,0.49904584884643555,1088,27.699462890625,2229.516290047484,39.27873996315785,3,1.8,1.8,1.8,2.2,2.2,2.2,2.2,2.2,2.2,2.2,2.2,1.8,2.2,2.2,2.2,2.2,2.2,2.2,2.2,2.2,2.201
2383.048862695694,0.4798271656036377,640,28.47998046875,1366.0810136022988,22.471925523342534,3,1.9,1.9,1.9,2.2,2.2,2.2,2.2,2.2,2.2,2.2,2.2,1.9,2.2,2.2,2.2,2.2,2.2,2.2,2.2,2.2,2.201
2383.5493993759155,0.49904394149780273,1024,26.049301147460938,2129.2193788309155,39.31007569851104,3,1.9,1.9,1.9,2.2,2.2,2.2,2.2,2.2,2.2,2.2,2.2,1.9,2.2,2.2,2.2,2.2,2.2,2.2,2.2,2.2,2.201
2384.0499353408813,0.4992635250091553,1440,27.401351928710938,2888.189825534354,52.55215157800949,3,1.9,1.9,1.9,2.2,2.2,2.2,2.2,2.2,2.2,2.2,2.2,1.9,2.2,2.2,2.2,2.2,2.2,2.2,2.2,2.2,2.201
2384.550469636917,0.49925780296325684,1376,27.273452758789062,2157.4736604481095,50.45199125206376,3,1.9,1.9,1.9,2.2,2.2,2.2,2.2,2.2,2.2,2.2,2.2,1.9,2.2,2.2,2.2,2.2,2.2,2.2,2.2,2.2,2.201
2385.0510041713715,0.4992854595184326,256,27.825454711914062,936.9242569945407,9.200209040623086,3,1.9,1.9,1.9,2.2,2.2,2.2,2.2,2.2,2.2,2.2,2.2,1.9,2.2,2.2,2.2,2.2,2.2,2.2,2.2,2.2,2.201
2385.5515565872192,0.49926185607910156,1664,26.582199096679688,2768.805219939272,62.59828217928914,3,1.9,1.9,1.9,2.2,2.2,2.2,2.2,2.2,2.2,2.2,2.2,1.9,2.2,2.2,2.2,2.2,2.2,2.2,2.2,2.2,2.201
2386.0520973205566,0.49910664558410645,800,27.837509155273438,2298.8543998720897,28.738203390889623,3,1.9,1.9,1.9,2.2,2.2,2.2,2.2,2.2,2.2,2.2,2.2,1.9,2.2,2.2,2.2,2.2,2.2,2.2,2.2,2.2,2.201
2386.552635192871,0.4992530345916748,1376,27.782745361328125,2004.2953382517508,49.527142912064676,3,1.9,1.9,1.9,2.2,2.2,2.2,2.2,2.2,2.2,2.2,2.2,1.9,2.2,2.2,2.2,2.2,2.2,2.2,2.2,2.2,2.201
2387.053186893463,0.4992489814758301,1056,28.084686279296875,2394.970096449586,37.600562438130176,3,1.9,1.9,1.9,2.2,2.2,2.2,2.2,2.2,2.2,2.2,2.2,1.9,2.2,2.2,2.2,2.2,2.2,2.2,2.2,2.2,2.201
2387.553730249405,0.49910783767700195,896,28.307693481445312,2108.932609394528,31.652172600614605,3,1.9,1.9,1.9,2.2,2.2,2.2,2.2,2.2,2.2,2.2,2.2,1.9,2.2,2.2,2.2,2.2,2.2,2.2,2.2,2.2,2.201
2388.0542645454407,0.49923062324523926,1824,28.250885009765625,2388.4012965752454,64.56434902373815,3,1.9,1.9,1.9,2.2,2.2,2.2,2.2,2.2,2.2,2.2,2.2,1.9,2.2,2.2,2.2,2.2,2.2,2.2,2.2,2.2,2.201
2388.554365873337,0.49924373626708984,864,27.939422607421875,1945.9421085072142,30.92404636058891,3,1.9,1.9,1.9,2.2,2.2,2.2,2.2,2.2,2.2,2.2,2.2,1.9,2.2,2.2,2.2,2.2,2.2,2.2,2.2,2.2,2.201
2389.0549046993256,0.4991326332092285,800,28.313491821289062,1794.7893766974353,28.255080830350845,3,1.9,1.9,1.9,2.2,2.2,2.2,2.2,2.2,2.2,2.2,2.2,1.9,2.2,2.2,2.2,2.2,2.2,2.2,2.2,2.2,2.201
2389.5554621219635,0.4993245601654053,1344,26.464447021484375,2633.92356146031,50.78511555177834,3,1.9,1.9,1.9,2.2,2.2,2.2,2.2,2.2,2.2,2.2,2.2,1.9,2.2,2.2,2.2,2.2,2.2,2.2,2.2,2.2,2.201
2390.056006669998,0.49921679496765137,800,27.621688842773438,1801.804204966467,28.96274751894112,3,1.9,1.9,1.9,2.2,2.2,2.2,2.2,2.2,2.2,2.2,2.2,1.9,2.2,2.2,2.2,2.2,2.2,2.2,2.2,2.2,2.201
2390.5565214157104,0.4993255138397217,1632,27.900634765625,2591.582232272351,58.49329284832999,3,1.9,1.9,1.9,2.2,2.2,2.2,2.2,2.2,2.2,2.2,2.2,1.9,2.2,2.2,2.2,2.2,2.2,2.2,2.2,2.2,2.201
2391.0570862293243,0.4992859363555908,512,27.453140258789062,1608.6994299613737,18.64996117652094,3,1.9,1.9,1.9,2.2,2.2,2.2,2.2,2.2,2.2,2.2,2.2,1.9,2.2,2.2,2.2,2.2,2.2,2.2,2.2,2.2,2.201
2391.557628393173,0.4992563724517822,1760,27.5445556640625,2425.529027612602,63.89647455073234,3,1.9,1.9,1.9,2.2,2.2,2.2,2.2,2.2,2.2,2.2,2.2,1.9,2.2,2.2,2.2,2.2,2.2,2.2,2.2,2.2,2.201
2392.058162689209,0.49919676780700684,416,27.474044799804688,1635.3156311301577,15.14156372064143,3,1.9,1.9,1.9,2.2,2.2,2.2,2.2,2.2,2.2,2.2,2.2,1.9,2.2,2.2,2.2,2.2,2.2,2.2,2.2,2.2,2.201
2392.5587224960327,0.49921107292175293,1312,27.327041625976562,2172.1872179979136,48.01105139580268,3,1.9,1.9,1.9,2.2,2.2,2.2,2.2,2.2,2.2,2.2,2.2,1.9,2.2,2.2,2.2,2.2,2.2,2.2,2.2,2.2,2.201
2393.059252023697,0.4782872200012207,1280,29.041946411132812,2141.4946837379207,44.07418090646054,3,2.0,2.0,2.0,2.2,2.2,2.2,2.2,2.2,2.2,2.2,2.2,2.0,2.2,2.2,2.2,2.2,2.2,2.2,2.2,2.2,2.201
2393.559808254242,0.49904584884643555,1088,26.713150024414062,2356.7877927081704,40.729004217235314,3,2.0,2.0,2.0,2.2,2.2,2.2,2.2,2.2,2.2,2.2,2.2,2.0,2.2,2.2,2.2,2.2,2.2,2.2,2.2,2.2,2.201
2394.060343980789,0.4990732669830322,480,28.278778076171875,1760.5540520136392,16.973859291482444,3,2.0,2.0,2.0,2.2,2.2,2.2,2.2,2.2,2.2,2.2,2.2,2.0,2.2,2.2,2.2,2.2,2.2,2.2,2.2,2.2,2.201
2394.5608863830566,0.4992244243621826,1440,28.372970581054688,2405.3565744258135,50.75252856891631,3,2.0,2.0,2.0,2.2,2.2,2.2,2.2,2.2,2.2,2.2,2.2,2.0,2.2,2.2,2.2,2.2,2.2,2.2,2.2,2.2,2.201
2395.061419725418,0.4992644786834717,224,27.406753540039062,948.3364831340077,8.173167962880171,3,2.0,2.0,2.0,2.2,2.2,2.2,2.2,2.2,2.2,2.2,2.2,2.0,2.2,2.2,2.2,2.2,2.2,2.2,2.2,2.2,2.201
2395.561961889267,0.4992811679840088,2496,27.865814208984375,2652.1206762689662,89.57211805407252,3,2.0,2.0,2.0,2.2,2.2,2.2,2.2,2.2,2.2,2.2,2.2,2.0,2.2,2.2,2.2,2.2,2.2,2.2,2.2,2.2,2.201
2396.0624990463257,0.4992852210998535,832,27.610321044921875,1890.9075202171707,30.13365902722897,3,2.0,2.0,2.0,2.2,2.2,2.2,2.2,2.2,2.2,2.2,2.2,2.0,2.2,2.2,2.2,2.2,2.2,2.2,2.2,2.2,2.201
2396.563012599945,0.49925947189331055,1216,27.295196533203125,2576.2820492317974,44.54996316003081,3,2.0,2.0,2.0,2.2,2.2,2.2,2.2,2.2,2.2,2.2,2.2,2.0,2.2,2.2,2.2,2.2,2.2,2.2,2.2,2.2,2.201
2397.063549518585,0.4993104934692383,1216,28.27227783203125,2177.8547640035003,43.01033002096228,3,2.0,2.0,2.0,2.2,2.2,2.2,2.2,2.2,2.2,2.2,2.2,2.0,2.2,2.2,2.2,2.2,2.2,2.2,2.2,2.2,2.201
2397.56409239769,0.4993312358856201,512,26.88873291015625,1591.7747917315369,19.041432770772566,3,2.0,2.0,2.0,2.2,2.2,2.2,2.2,2.2,2.2,2.2,2.2,2.0,2.2,2.2,2.2,2.2,2.2,2.2,2.2,2.2,2.201
2398.064603328705,0.49932003021240234,960,27.267379760742188,2201.840164206407,35.20690320901849,3,2.0,2.0,2.0,2.2,2.2,2.2,2.2,2.2,2.2,2.2,2.2,2.0,2.2,2.2,2.2,2.2,2.2,2.2,2.2,2.2,2.201
2398.5651483535767,0.49924802780151367,1408,28.492340087890625,3008.540624188577,49.41679046567349,3,2.0,2.0,2.0,2.2,2.2,2.2,2.2,2.2,2.2,2.2,2.2,2.0,2.2,2.2,2.2,2.2,2.2,2.2,2.2,2.2,2.201
2399.065701007843,0.49925661087036133,672,27.672225952148438,1615.3863649682723,24.284276991740406,3,2.0,2.0,2.0,2.2,2.2,2.2,2.2,2.2,2.2,2.2,2.2,2.0,2.2,2.2,2.2,2.2,2.2,2.2,2.2,2.2,2.201
2399.566242456436,0.4990530014038086,1984,27.60028076171875,2204.8155717748905,71.88332673600131,3,2.0,2.0,2.0,2.2,2.2,2.2,2.2,2.2,2.2,2.2,2.2,2.0,2.2,2.2,2.2,2.2,2.2,2.2,2.2,2.2,2.201
2400.0667753219604,0.4992353916168213,1056,28.16705322265625,2377.5714798756444,37.49060974367753,3,2.0,2.0,2.0,2.2,2.2,2.2,2.2,2.2,2.2,2.2,2.2,2.0,2.2,2.2,2.2,2.2,2.2,2.2,2.2,2.2,2.201
2400.5673310756683,0.4992828369140625,1024,27.472564697265625,2348.625750888778,37.27354949506843,3,2.0,2.0,2.0,2.2,2.2,2.2,2.2,2.2,2.2,2.2,2.2,2.0,2.2,2.2,2.2,2.2,2.2,2.2,2.2,2.2,2.201
2401.067865371704,0.4992830753326416,1376,27.306137084960938,2687.492168043805,50.391602287745144,3,2.0,2.0,2.0,2.2,2.2,2.2,2.2,2.2,2.2,2.2,2.2,2.0,2.2,2.2,2.2,2.2,2.2,2.2,2.2,2.2,2.201
2401.56840801239,0.49930500984191895,768,27.408828735351562,1959.1903669498795,28.020168516338067,3,2.0,2.0,2.0,2.2,2.2,2.2,2.2,2.2,2.2,2.2,2.2,2.0,2.2,2.2,2.2,2.2,2.2,2.2,2.2,2.2,2.201
2402.0689418315887,0.4993016719818115,1376,27.26446533203125,2492.7463088226295,50.468622187996,3,2.0,2.0,2.0,2.2,2.2,2.2,2.2,2.2,2.2,2.2,2.2,2.0,2.2,2.2,2.2,2.2,2.2,2.2,2.2,2.2,2.201
2402.5694835186005,0.4992492198944092,1440,27.504379272460938,2119.9066102595743,52.355298977491046,3,2.0,2.0,2.0,2.2,2.2,2.2,2.2,2.2,2.2,2.2,2.2,2.0,2.2,2.2,2.2,2.2,2.2,2.2,2.2,2.2,2.201
2403.070017337799,0.4787871837615967,1056,29.475799560546875,2467.735741010472,35.82600016772565,3,2.1,2.1,2.1,2.2,2.2,2.2,2.2,2.2,2.2,2.2,2.2,2.1,2.2,2.2,2.2,2.2,2.2,2.2,2.2,2.2,2.201
2403.570575237274,0.4990963935852051,1152,26.980010986328125,2025.291888309227,42.69827764650524,3,2.1,2.1,2.1,2.2,2.2,2.2,2.2,2.2,2.2,2.2,2.2,2.1,2.2,2.2,2.2,2.2,2.2,2.2,2.2,2.2,2.201
2404.071108818054,0.49913668632507324,1408,28.238052368164062,3060.918516985186,49.86179576561013,3,2.1,2.1,2.1,2.2,2.2,2.2,2.2,2.2,2.2,2.2,2.2,2.1,2.2,2.2,2.2,2.2,2.2,2.2,2.2,2.2,2.201
2404.5716660022736,0.4992330074310303,704,28.093109130859375,1852.586302533014,25.059526046786992,3,2.1,2.1,2.1,2.2,2.2,2.2,2.2,2.2,2.2,2.2,2.2,2.1,2.2,2.2,2.2,2.2,2.2,2.2,2.2,2.2,2.201
2405.0722024440765,0.4991731643676758,1408,27.862075805664062,2885.2968368139077,50.53464105907603,3,2.1,2.1,2.1,2.2,2.2,2.2,2.2,2.2,2.2,2.2,2.2,2.1,2.2,2.2,2.2,2.2,2.2,2.2,2.2,2.2,2.201
2405.5727577209473,0.49928998947143555,1184,27.606887817382812,2201.7436757677724,42.88784769337486,3,2.1,2.1,2.1,2.2,2.2,2.2,2.2,2.2,2.2,2.2,2.2,2.1,2.2,2.2,2.2,2.2,2.2,2.2,2.2,2.2,2.201
2406.073264360428,0.4991295337677002,864,27.991928100585938,2616.2350514398445,30.866040984933598,3,2.1,2.1,2.1,2.2,2.2,2.2,2.2,2.2,2.2,2.2,2.2,2.1,2.2,2.2,2.2,2.2,2.2,2.2,2.2,2.2,2.201
2406.5737783908844,0.49927544593811035,1376,28.001129150390625,2398.150873474122,49.14087544861756,3,2.1,2.1,2.1,2.2,2.2,2.2,2.2,2.2,2.2,2.2,2.2,2.1,2.2,2.2,2.2,2.2,2.2,2.2,2.2,2.2,2.201
2407.0743296146393,0.4992356300354004,1600,28.17376708984375,2538.7736881672618,56.790417656884,3,2.1,2.1,2.1,2.2,2.2,2.2,2.2,2.2,2.2,2.2,2.2,2.1,2.2,2.2,2.2,2.2,2.2,2.2,2.2,2.2,2.201
2407.5748434066772,0.49918508529663086,896,28.073348999023438,2196.079570260697,31.91639159372002,3,2.1,2.1,2.1,2.2,2.2,2.2,2.2,2.2,2.2,2.2,2.2,2.1,2.2,2.2,2.2,2.2,2.2,2.2,2.2,2.2,2.201
2408.0753486156464,0.4992077350616455,1632,28.1904296875,2366.013084669382,57.89198739044584,3,2.1,2.1,2.1,2.2,2.2,2.2,2.2,2.2,2.2,2.2,2.2,2.1,2.2,2.2,2.2,2.2,2.2,2.2,2.2,2.2,2.201
2408.575863599777,0.4993104934692383,960,27.761962890625,2381.9854454173733,34.5796874587778,3,2.1,2.1,2.1,2.2,2.2,2.2,2.2,2.2,2.2,2.2,2.2,2.1,2.2,2.2,2.2,2.2,2.2,2.2,2.2,2.2,2.201
2409.076414346695,0.49925875663757324,1184,28.614776611328125,1913.7827496365155,41.377223246652,3,2.1,2.1,2.1,2.2,2.2,2.2,2.2,2.2,2.2,2.2,2.2,2.1,2.2,2.2,2.2,2.2,2.2,2.2,2.2,2.2,2.201
2409.576952457428,0.49915003776550293,1536,28.523330688476562,3335.232452675251,53.85065358515598,3,2.1,2.1,2.1,2.2,2.2,2.2,2.2,2.2,2.2,2.2,2.2,2.1,2.2,2.2,2.2,2.2,2.2,2.2,2.2,2.2,2.201
2410.077486038208,0.49931907653808594,992,27.712890625,2317.77123523812,35.79561632250335,3,2.1,2.1,2.1,2.2,2.2,2.2,2.2,2.2,2.2,2.2,2.2,2.1,2.2,2.2,2.2,2.2,2.2,2.2,2.2,2.2,2.201
2410.5780425071716,0.49927330017089844,896,28.249404907226562,2196.0652886270314,31.71748229538073,3,2.1,2.1,2.1,2.2,2.2,2.2,2.2,2.2,2.2,2.2,2.2,2.1,2.2,2.2,2.2,2.2,2.2,2.2,2.2,2.2,2.201
2411.078596353531,0.49918508529663086,768,28.887603759765625,1811.322813148434,26.585798060192968,3,2.1,2.1,2.1,2.2,2.2,2.2,2.2,2.2,2.2,2.2,2.2,2.1,2.2,2.2,2.2,2.2,2.2,2.2,2.2,2.2,2.201
2411.579138278961,0.4991769790649414,1248,28.607742309570312,2862.3972638551377,43.62455402789683,3,2.1,2.1,2.1,2.2,2.2,2.2,2.2,2.2,2.2,2.2,2.2,2.1,2.2,2.2,2.2,2.2,2.2,2.2,2.2,2.2,2.201
2412.0796930789948,0.4992823600769043,1824,28.0750732421875,2161.134413236907,64.96866399119966,3,2.1,2.1,2.1,2.2,2.2,2.2,2.2,2.2,2.2,2.2,2.2,2.1,2.2,2.2,2.2,2.2,2.2,2.2,2.2,2.2,2.201
2412.5802524089813,0.49899744987487793,1376,29.219711303710938,3099.108595550787,47.0914988070141,3,2.1,2.1,2.1,2.2,2.2,2.2,2.2,2.2,2.2,2.2,2.2,2.1,2.2,2.2,2.2,2.2,2.2,2.2,2.2,2.2,2.201
2413.0807688236237,0.47928524017333984,832,30.057296752929688,2079.989319573051,27.68046663806867,3,2.2,2.2,2.2,2.2,2.2,2.2,2.2,2.2,2.2,2.2,2.2,2.2,2.2,2.2,2.2,2.2,2.2,2.2,2.2,2.2,2.201
2413.581310033798,0.499253511428833,992,27.460113525390625,2339.624914889609,36.125123775717846,3,2.2,2.2,2.2,2.2,2.2,2.2,2.2,2.2,2.2,2.2,2.2,2.2,2.2,2.2,2.2,2.2,2.2,2.2,2.2,2.2,2.201
2414.0818405151367,0.4992954730987549,1600,28.576873779296875,2666.5873302778355,55.98932942620036,3,2.2,2.2,2.2,2.2,2.2,2.2,2.2,2.2,2.2,2.2,2.2,2.2,2.2,2.2,2.2,2.2,2.2,2.2,2.2,2.2,2.201
2414.5823817253113,0.4992861747741699,1536,30.05859375,2430.4504169536726,51.10019493177388,3,2.2,2.2,2.2,2.2,2.2,2.2,2.2,2.2,2.2,2.2,2.2,2.2,2.2,2.2,2.2,2.2,2.2,2.2,2.2,2.2,2.201
2415.082913160324,0.4992389678955078,1024,31.163970947265625,2534.655796105896,32.85845702182081,3,2.2,2.2,2.2,2.2,2.2,2.2,2.2,2.2,2.2,2.2,2.2,2.2,2.2,2.2,2.2,2.2,2.2,2.2,2.2,2.2,2.201
2415.583454847336,0.4992659091949463,1056,31.330963134765625,2613.853395572017,33.7046772375866,3,2.2,2.2,2.2,2.2,2.2,2.2,2.2,2.2,2.2,2.2,2.2,2.2,2.2,2.2,2.2,2.2,2.2,2.2,2.2,2.2,2.201
2416.084002971649,0.49929332733154297,1696,31.082611083984375,2466.8003468176366,54.56427053111638,3,2.2,2.2,2.2,2.2,2.2,2.2,2.2,2.2,2.2,2.2,2.2,2.2,2.2,2.2,2.2,2.2,2.2,2.2,2.2,2.2,2.201
2416.5845563411713,0.4991264343261719,1088,30.99127197265625,2204.130095328164,35.10665844757671,3,2.2,2.2,2.2,2.2,2.2,2.2,2.2,2.2,2.2,2.2,2.2,2.2,2.2,2.2,2.2,2.2,2.2,2.2,2.2,2.2,2.201
2417.0850942134857,0.49915170669555664,1376,30.781875610351562,3193.6736494263982,44.70162953739142,3,2.2,2.2,2.2,2.2,2.2,2.2,2.2,2.2,2.2,2.2,2.2,2.2,2.2,2.2,2.2,2.2,2.2,2.2,2.2,2.2,2.201
2417.5856323242188,0.49923086166381836,1472,31.261077880859375,2538.855477703039,47.08730791721294,3,2.2,2.2,2.2,2.2,2.2,2.2,2.2,2.2,2.2,2.2,2.2,2.2,2.2,2.2,2.2,2.2,2.2,2.2,2.2,2.2,2.201
2418.0861644744873,0.49926161766052246,672,30.970260620117188,2944.654995768526,21.698235227749183,3,2.2,2.2,2.2,2.2,2.2,2.2,2.2,2.2,2.2,2.2,2.2,2.2,2.2,2.2,2.2,2.2,2.2,2.2,2.2,2.2,2.201
2418.586718559265,0.49924778938293457,2016,31.318572998046875,2571.4268181213447,64.37074895225028,3,2.2,2.2,2.2,2.2,2.2,2.2,2.2,2.2,2.2,2.2,2.2,2.2,2.2,2.2,2.2,2.2,2.2,2.2,2.2,2.2,2.201
2419.087249279022,0.49925684928894043,1088,30.811294555664062,2542.0646191201217,35.31172629031882,3,2.2,2.2,2.2,2.2,2.2,2.2,2.2,2.2,2.2,2.2,2.2,2.2,2.2,2.2,2.2,2.2,2.2,2.2,2.2,2.2,2.201
2419.5878036022186,0.4993135929107666,512,30.365921020507812,1455.9580869018464,16.861006773159215,3,2.2,2.2,2.2,2.2,2.2,2.2,2.2,2.2,2.2,2.2,2.2,2.2,2.2,2.2,2.2,2.2,2.2,2.2,2.2,2.2,2.201
2420.0883536338806,0.4992101192474365,1216,31.333251953125,2977.903028559655,38.80861143360267,3,2.2,2.2,2.2,2.2,2.2,2.2,2.2,2.2,2.2,2.2,2.2,2.2,2.2,2.2,2.2,2.2,2.2,2.2,2.2,2.2,2.201
2420.5889072418213,0.4991626739501953,1728,31.27935791015625,2735.2116013598575,55.24410075690611,3,2.2,2.2,2.2,2.2,2.2,2.2,2.2,2.2,2.2,2.2,2.2,2.2,2.2,2.2,2.2,2.2,2.2,2.2,2.2,2.2,2.201
2421.0894424915314,0.49893951416015625,1536,31.17926025390625,2647.191366827644,49.26351643662118,3,2.2,2.2,2.2,2.2,2.2,2.2,2.2,2.2,2.2,2.2,2.2,2.2,2.2,2.2,2.2,2.2,2.2,2.2,2.2,2.2,2.201
2421.589996099472,0.49929165840148926,1280,30.6148681640625,2245.2203710539166,41.809750515357045,3,2.2,2.2,2.2,2.2,2.2,2.2,2.2,2.2,2.2,2.2,2.2,2.2,2.2,2.2,2.2,2.2,2.2,2.2,2.2,2.2,2.201
2422.090549468994,0.4990730285644531,1024,30.150054931640625,2427.449651635737,33.963453875016825,3,2.2,2.2,2.2,2.2,2.2,2.2,2.2,2.2,2.2,2.2,2.2,2.2,2.2,2.2,2.2,2.2,2.2,2.2,2.2,2.2,2.201
2422.591089487076,0.49901556968688965,1216,31.2197265625,2577.642538355937,38.94973255341112,3,2.2,2.2,2.2,2.2,2.2,2.2,2.2,2.2,2.2,2.2,2.2,2.2,2.2,2.2,2.2,2.2,2.2,2.2,2.2,2.2,2.201
2423.091616868973,0.4791114330291748,1568,32.63883972167969,2611.98199849703,48.04092343265768,4,1.2,1.2,1.2,2.2,2.2,2.2,2.2,2.2,2.2,2.2,2.2,1.2,1.2,2.2,2.2,2.2,2.2,2.2,2.2,2.2,2.201
2423.5921726226807,0.49916625022888184,704,25.143753051757812,1387.5067663698237,27.999002318819823,4,1.2,1.2,1.2,2.2,2.2,2.2,2.2,2.2,2.2,2.2,2.2,1.2,1.2,2.2,2.2,2.2,2.2,2.2,2.2,2.2,2.201
2424.0927305221558,0.4991588592529297,768,25.523590087890625,2419.9627364806815,30.08981093002151,4,1.2,1.2,1.2,2.2,2.2,2.2,2.2,2.2,2.2,2.2,2.2,1.2,1.2,2.2,2.2,2.2,2.2,2.2,2.2,2.2,2.201
2424.593274831772,0.49902892112731934,320,26.218551635742188,1370.8973601370917,12.205098300081652,4,1.2,1.2,1.2,2.2,2.2,2.2,2.2,2.2,2.2,2.2,2.2,1.2,1.2,2.2,2.2,2.2,2.2,2.2,2.2,2.2,2.201
2425.093808412552,0.4991579055786133,1760,24.87799072265625,1922.6123238186772,70.7452631372347,4,1.2,1.2,1.2,2.2,2.2,2.2,2.2,2.2,2.2,2.2,2.2,1.2,1.2,2.2,2.2,2.2,2.2,2.2,2.2,2.2,2.201
2425.594350337982,0.49922823905944824,1088,24.623550415039062,2229.7958400301777,44.1853421485268,4,1.2,1.2,1.2,2.2,2.2,2.2,2.2,2.2,2.2,2.2,2.2,1.2,1.2,2.2,2.2,2.2,2.2,2.2,2.2,2.2,2.201
2426.0948843955994,0.4992513656616211,672,25.379928588867188,2110.0432663578113,26.477615870628192,4,1.2,1.2,1.2,2.2,2.2,2.2,2.2,2.2,2.2,2.2,2.2,1.2,1.2,2.2,2.2,2.2,2.2,2.2,2.2,2.2,2.201
2426.595438480377,0.49919795989990234,1024,25.521163940429688,1802.8090711113427,40.12356185596288,4,1.2,1.2,1.2,2.2,2.2,2.2,2.2,2.2,2.2,2.2,2.2,1.2,1.2,2.2,2.2,2.2,2.2,2.2,2.2,2.2,2.201
2427.0959734916687,0.4991261959075928,1024,25.3363037109375,1882.3554459412535,40.41631374816314,4,1.2,1.2,1.2,2.2,2.2,2.2,2.2,2.2,2.2,2.2,2.2,1.2,1.2,2.2,2.2,2.2,2.2,2.2,2.2,2.2,2.201
2427.5965139865875,0.49921154975891113,544,25.89215087890625,1155.8482868274364,21.010228255821904,4,1.2,1.2,1.2,2.2,2.2,2.2,2.2,2.2,2.2,2.2,2.2,1.2,1.2,2.2,2.2,2.2,2.2,2.2,2.2,2.2,2.201
2428.0970475673676,0.49924659729003906,1088,24.947341918945312,1977.282048015095,43.611860675776434,4,1.2,1.2,1.2,2.2,2.2,2.2,2.2,2.2,2.2,2.2,2.2,1.2,1.2,2.2,2.2,2.2,2.2,2.2,2.2,2.2,2.201
2428.5975880622864,0.4992227554321289,1408,25.068389892578125,2334.606371205422,56.16635156998494,4,1.2,1.2,1.2,2.2,2.2,2.2,2.2,2.2,2.2,2.2,2.2,1.2,1.2,2.2,2.2,2.2,2.2,2.2,2.2,2.2,2.201
2429.0981361865997,0.4991908073425293,544,25.638595581054688,1048.23978971775,21.218010880517255,4,1.2,1.2,1.2,2.2,2.2,2.2,2.2,2.2,2.2,2.2,2.2,1.2,1.2,2.2,2.2,2.2,2.2,2.2,2.2,2.2,2.201
2429.5986750125885,0.49910807609558105,576,24.74591064453125,3105.060734899189,23.27657317906358,4,1.2,1.2,1.2,2.2,2.2,2.2,2.2,2.2,2.2,2.2,2.2,1.2,1.2,2.2,2.2,2.2,2.2,2.2,2.2,2.2,2.201
2430.099208831787,0.49919867515563965,480,25.459854125976562,1303.0600913416683,18.85321092669806,4,1.2,1.2,1.2,2.2,2.2,2.2,2.2,2.2,2.2,2.2,2.2,1.2,1.2,2.2,2.2,2.2,2.2,2.2,2.2,2.2,2.201
2430.599764585495,0.49911928176879883,1888,25.7608642578125,2137.620422810882,73.28946657631745,4,1.2,1.2,1.2,2.2,2.2,2.2,2.2,2.2,2.2,2.2,2.2,1.2,1.2,2.2,2.2,2.2,2.2,2.2,2.2,2.2,2.201
2431.100313425064,0.4990568161010742,1024,25.118515014648438,1994.2016588665883,40.76674116295613,4,1.2,1.2,1.2,2.2,2.2,2.2,2.2,2.2,2.2,2.2,2.2,1.2,1.2,2.2,2.2,2.2,2.2,2.2,2.2,2.2,2.201
2431.6008520126343,0.4990241527557373,736,25.107833862304688,1628.4088888295446,29.313560223328697,4,1.2,1.2,1.2,2.2,2.2,2.2,2.2,2.2,2.2,2.2,2.2,1.2,1.2,2.2,2.2,2.2,2.2,2.2,2.2,2.2,2.201
2432.101403951645,0.4992058277130127,512,25.288238525390625,1460.871265643972,20.246566382467762,4,1.2,1.2,1.2,2.2,2.2,2.2,2.2,2.2,2.2,2.2,2.2,1.2,1.2,2.2,2.2,2.2,2.2,2.2,2.2,2.2,2.201
2432.601942062378,0.49902868270874023,1024,26.0240478515625,1855.061148995144,39.34822153112965,4,1.2,1.2,1.2,2.2,2.2,2.2,2.2,2.2,2.2,2.2,2.2,1.2,1.2,2.2,2.2,2.2,2.2,2.2,2.2,2.2,2.201
2433.102464199066,0.47806453704833984,992,26.43841552734375,1767.5492766532936,37.52115927575277,4,1.3,1.3,1.3,2.2,2.2,2.2,2.2,2.2,2.2,2.2,2.2,1.3,1.3,2.2,2.2,2.2,2.2,2.2,2.2,2.2,2.201
2433.6030066013336,0.4992101192474365,1024,24.037521362304688,1977.858725036676,42.60006614516515,4,1.3,1.3,1.3,2.2,2.2,2.2,2.2,2.2,2.2,2.2,2.2,1.3,1.3,2.2,2.2,2.2,2.2,2.2,2.2,2.2,2.201
2434.1035463809967,0.4992668628692627,1312,25.404159545898438,2407.1653303123026,51.64508582264142,4,1.3,1.3,1.3,2.2,2.2,2.2,2.2,2.2,2.2,2.2,2.2,1.3,1.3,2.2,2.2,2.2,2.2,2.2,2.2,2.2,2.201
2434.60408949852,0.4992659091949463,1024,25.474029541015625,2098.3748726550884,40.197802171472794,4,1.3,1.3,1.3,2.2,2.2,2.2,2.2,2.2,2.2,2.2,2.2,1.3,1.3,2.2,2.2,2.2,2.2,2.2,2.2,2.2,2.201
2435.1046328544617,0.4992341995239258,864,25.962020874023438,1714.2781633075922,33.27938160871305,4,1.3,1.3,1.3,2.2,2.2,2.2,2.2,2.2,2.2,2.2,2.2,1.3,1.3,2.2,2.2,2.2,2.2,2.2,2.2,2.2,2.201
2435.6051771640778,0.4991934299468994,864,25.678298950195312,1690.1953677472231,33.64708860488706,4,1.3,1.3,1.3,2.2,2.2,2.2,2.2,2.2,2.2,2.2,2.2,1.3,1.3,2.2,2.2,2.2,2.2,2.2,2.2,2.2,2.201
2436.1057238578796,0.499237060546875,1344,25.526870727539062,2560.8898448301566,52.65040178035051,4,1.3,1.3,1.3,2.2,2.2,2.2,2.2,2.2,2.2,2.2,2.2,1.3,1.3,2.2,2.2,2.2,2.2,2.2,2.2,2.2,2.201
2436.60626745224,0.4991748332977295,1120,25.365203857421875,2187.4998921202914,44.15497727893432,4,1.3,1.3,1.3,2.2,2.2,2.2,2.2,2.2,2.2,2.2,2.2,1.3,1.3,2.2,2.2,2.2,2.2,2.2,2.2,2.2,2.201
2437.1067979335785,0.4992561340332031,704,25.531890869140625,1454.547897444356,27.5733592787245,4,1.3,1.3,1.3,2.2,2.2,2.2,2.2,2.2,2.2,2.2,2.2,1.3,1.3,2.2,2.2,2.2,2.2,2.2,2.2,2.2,2.201
2437.6073355674744,0.4992706775665283,1408,24.924697875976562,2496.4594524350723,56.49015314071621,4,1.3,1.3,1.3,2.2,2.2,2.2,2.2,2.2,2.2,2.2,2.2,1.3,1.3,2.2,2.2,2.2,2.2,2.2,2.2,2.2,2.201
2438.107867002487,0.49927496910095215,512,24.6280517578125,1120.8152958658497,20.78930176998607,4,1.3,1.3,1.3,2.2,2.2,2.2,2.2,2.2,2.2,2.2,2.2,1.3,1.3,2.2,2.2,2.2,2.2,2.2,2.2,2.2,2.201
2438.608418703079,0.49922680854797363,1216,25.486221313476562,2324.196021580462,47.71205527266631,4,1.3,1.3,1.3,2.2,2.2,2.2,2.2,2.2,2.2,2.2,2.2,1.3,1.3,2.2,2.2,2.2,2.2,2.2,2.2,2.2,2.201
2439.1089651584625,0.4992101192474365,1248,25.040130615234375,2381.6786899137533,49.83999561251166,4,1.3,1.3,1.3,2.2,2.2,2.2,2.2,2.2,2.2,2.2,2.2,1.3,1.3,2.2,2.2,2.2,2.2,2.2,2.2,2.2,2.201
2439.60950422287,0.4990513324737549,0,25.238998413085938,2381.6786899137533,49.83999561251166,4,1.3,1.3,1.3,2.2,2.2,2.2,2.2,2.2,2.2,2.2,2.2,1.3,1.3,2.2,2.2,2.2,2.2,2.2,2.2,2.2,2.201
2440.1100511550903,0.4992082118988037,1728,25.836944580078125,1738.6085593519415,66.8809732762439,4,1.3,1.3,1.3,2.2,2.2,2.2,2.2,2.2,2.2,2.2,2.2,1.3,1.3,2.2,2.2,2.2,2.2,2.2,2.2,2.2,2.201
2440.610594511032,0.4992241859436035,736,24.966094970703125,2065.3495672418367,29.479980784486774,4,1.3,1.3,1.3,2.2,2.2,2.2,2.2,2.2,2.2,2.2,2.2,1.3,1.3,2.2,2.2,2.2,2.2,2.2,2.2,2.2,2.201
2441.111141681671,0.4992966651916504,1216,25.26031494140625,1855.0084950582439,48.13875055875708,4,1.3,1.3,1.3,2.2,2.2,2.2,2.2,2.2,2.2,2.2,2.2,1.3,1.3,2.2,2.2,2.2,2.2,2.2,2.2,2.2,2.201
2441.611680984497,0.49898719787597656,864,25.70843505859375,2498.7157217580047,33.60764659656653,4,1.3,1.3,1.3,2.2,2.2,2.2,2.2,2.2,2.2,2.2,2.2,1.3,1.3,2.2,2.2,2.2,2.2,2.2,2.2,2.2,2.201
2442.1122143268585,0.49914979934692383,384,25.144287109375,2226.790080857852,15.271858706100533,4,1.3,1.3,1.3,2.2,2.2,2.2,2.2,2.2,2.2,2.2,2.2,1.3,1.3,2.2,2.2,2.2,2.2,2.2,2.2,2.2,2.201
2442.612769842148,0.49923014640808105,1472,24.812347412109375,2042.4325136332723,59.325301856833086,4,1.3,1.3,1.3,2.2,2.2,2.2,2.2,2.2,2.2,2.2,2.2,1.3,1.3,2.2,2.2,2.2,2.2,2.2,2.2,2.2,2.201
2443.1132974624634,0.4771895408630371,1568,27.439071655273438,1981.5670211029762,57.144790454259066,4,1.4,1.4,1.4,2.2,2.2,2.2,2.2,2.2,2.2,2.2,2.2,1.4,1.4,2.2,2.2,2.2,2.2,2.2,2.2,2.2,2.201
2443.6138350963593,0.49896979331970215,0,25.627105712890625,1981.5670211029762,57.144790454259066,4,1.4,1.4,1.4,2.2,2.2,2.2,2.2,2.2,2.2,2.2,2.2,1.4,1.4,2.2,2.2,2.2,2.2,2.2,2.2,2.2,2.201
2444.1143786907196,0.499190092086792,2144,26.100631713867188,2261.611489969025,82.143605699049,4,1.4,1.4,1.4,2.2,2.2,2.2,2.2,2.2,2.2,2.2,2.2,1.4,1.4,2.2,2.2,2.2,2.2,2.2,2.2,2.2,2.201
2444.6149213314056,0.49919915199279785,1056,26.08935546875,2030.7695234845091,40.476277816248995,4,1.4,1.4,1.4,2.2,2.2,2.2,2.2,2.2,2.2,2.2,2.2,1.4,1.4,2.2,2.2,2.2,2.2,2.2,2.2,2.2,2.201
2445.115461587906,0.49924564361572266,960,26.514602661132812,2105.264971283685,36.20646374638091,4,1.4,1.4,1.4,2.2,2.2,2.2,2.2,2.2,2.2,2.2,2.2,1.4,1.4,2.2,2.2,2.2,2.2,2.2,2.2,2.2,2.201
2445.6160032749176,0.49919652938842773,992,26.439239501953125,2119.6343238942163,37.519989934911656,4,1.4,1.4,1.4,2.2,2.2,2.2,2.2,2.2,2.2,2.2,2.2,1.4,1.4,2.2,2.2,2.2,2.2,2.2,2.2,2.2,2.201
2446.116559743881,0.4992537498474121,640,26.239303588867188,2407.6729567333005,24.39089123811728,4,1.4,1.4,1.4,2.2,2.2,2.2,2.2,2.2,2.2,2.2,2.2,1.4,1.4,2.2,2.2,2.2,2.2,2.2,2.2,2.2,2.201
2446.617118835449,0.4991464614868164,1344,26.494476318359375,1993.5415396647777,50.72755482502871,4,1.4,1.4,1.4,2.2,2.2,2.2,2.2,2.2,2.2,2.2,2.2,1.4,1.4,2.2,2.2,2.2,2.2,2.2,2.2,2.2,2.201
2447.117678165436,0.49918460845947266,1408,25.779464721679688,2427.590833572401,54.61711541341345,4,1.4,1.4,1.4,2.2,2.2,2.2,2.2,2.2,2.2,2.2,2.2,1.4,1.4,2.2,2.2,2.2,2.2,2.2,2.2,2.2,2.201
2447.6182146072388,0.4990217685699463,1088,26.603790283203125,2285.7046269404796,40.89642823139123,4,1.4,1.4,1.4,2.2,2.2,2.2,2.2,2.2,2.2,2.2,2.2,1.4,1.4,2.2,2.2,2.2,2.2,2.2,2.2,2.2,2.201
2448.1187205314636,0.4992542266845703,992,25.916610717773438,2296.301246594338,38.276609962725296,4,1.4,1.4,1.4,2.2,2.2,2.2,2.2,2.2,2.2,2.2,2.2,1.4,1.4,2.2,2.2,2.2,2.2,2.2,2.2,2.2,2.201
2448.61923456192,0.49922657012939453,1152,26.140701293945312,2071.9035419850693,44.0692079009688,4,1.4,1.4,1.4,2.2,2.2,2.2,2.2,2.2,2.2,2.2,2.2,1.4,1.4,2.2,2.2,2.2,2.2,2.2,2.2,2.2,2.201
2449.1197793483734,0.49925971031188965,992,26.206741333007812,1835.9949836738078,37.852855774577364,4,1.4,1.4,1.4,2.2,2.2,2.2,2.2,2.2,2.2,2.2,2.2,1.4,1.4,2.2,2.2,2.2,2.2,2.2,2.2,2.2,2.201
2449.6203167438507,0.49913573265075684,1024,26.362869262695312,2169.334395811246,38.84250950821228,4,1.4,1.4,1.4,2.2,2.2,2.2,2.2,2.2,2.2,2.2,2.2,1.4,1.4,2.2,2.2,2.2,2.2,2.2,2.2,2.2,2.201
2450.120832681656,0.49922752380371094,576,26.029830932617188,2152.05674616835,22.12845721092379,4,1.4,1.4,1.4,2.2,2.2,2.2,2.2,2.2,2.2,2.2,2.2,1.4,1.4,2.2,2.2,2.2,2.2,2.2,2.2,2.2,2.201
2450.621348142624,0.4990990161895752,1568,26.324462890625,2083.431009124418,59.564368189195456,4,1.4,1.4,1.4,2.2,2.2,2.2,2.2,2.2,2.2,2.2,2.2,1.4,1.4,2.2,2.2,2.2,2.2,2.2,2.2,2.2,2.201
2451.121852874756,0.49913501739501953,1056,26.913558959960938,2336.0088341642445,39.23672828149565,4,1.4,1.4,1.4,2.2,2.2,2.2,2.2,2.2,2.2,2.2,2.2,1.4,1.4,2.2,2.2,2.2,2.2,2.2,2.2,2.2,2.201
2451.622389316559,0.49918031692504883,672,26.776535034179688,2904.8044958129854,25.09660040562403,4,1.4,1.4,1.4,2.2,2.2,2.2,2.2,2.2,2.2,2.2,2.2,1.4,1.4,2.2,2.2,2.2,2.2,2.2,2.2,2.2,2.201
2452.1229209899902,0.4992189407348633,800,26.262771606445312,1754.3944595956316,30.461369880841783,4,1.4,1.4,1.4,2.2,2.2,2.2,2.2,2.2,2.2,2.2,2.2,1.4,1.4,2.2,2.2,2.2,2.2,2.2,2.2,2.2,2.201
2452.623462677002,0.4992489814758301,1824,26.152923583984375,1947.2740437250845,69.74363665854122,4,1.4,1.4,1.4,2.2,2.2,2.2,2.2,2.2,2.2,2.2,2.2,1.4,1.4,2.2,2.2,2.2,2.2,2.2,2.2,2.2,2.201
2453.1239202022552,0.478071928024292,1408,26.867828369140625,2842.6715012707123,52.40468193615438,4,1.5,1.5,1.5,2.2,2.2,2.2,2.2,2.2,2.2,2.2,2.2,1.5,1.5,2.2,2.2,2.2,2.2,2.2,2.2,2.2,2.201
2453.624457359314,0.4992105960845947,608,25.293121337890625,1431.1649322549224,24.0381561404673,4,1.5,1.5,1.5,2.2,2.2,2.2,2.2,2.2,2.2,2.2,2.2,1.5,1.5,2.2,2.2,2.2,2.2,2.2,2.2,2.2,2.201
2454.124945640564,0.4992194175720215,1472,26.845352172851562,3150.8842731276004,54.8325829559658,4,1.5,1.5,1.5,2.2,2.2,2.2,2.2,2.2,2.2,2.2,2.2,1.5,1.5,2.2,2.2,2.2,2.2,2.2,2.2,2.2,2.201
2454.625499486923,0.4992210865020752,736,26.459625244140625,1688.0612438955957,27.81596463324756,4,1.5,1.5,1.5,2.2,2.2,2.2,2.2,2.2,2.2,2.2,2.2,1.5,1.5,2.2,2.2,2.2,2.2,2.2,2.2,2.2,2.201
2455.126011610031,0.49896979331970215,1664,26.584686279296875,2580.288765550587,62.59242567386845,4,1.5,1.5,1.5,2.2,2.2,2.2,2.2,2.2,2.2,2.2,2.2,1.5,1.5,2.2,2.2,2.2,2.2,2.2,2.2,2.2,2.201
2455.6265630722046,0.49918222427368164,896,26.8302001953125,2133.378099631578,33.39520366890665,4,1.5,1.5,1.5,2.2,2.2,2.2,2.2,2.2,2.2,2.2,2.2,1.5,1.5,2.2,2.2,2.2,2.2,2.2,2.2,2.2,2.201
2456.1270809173584,0.49921607971191406,800,26.1824951171875,2748.0243520319577,30.5547655568869,4,1.5,1.5,1.5,2.2,2.2,2.2,2.2,2.2,2.2,2.2,2.2,1.5,1.5,2.2,2.2,2.2,2.2,2.2,2.2,2.2,2.201
2456.627623319626,0.49907708168029785,1504,26.404220581054688,2264.799833651253,56.96059065190268,4,1.5,1.5,1.5,2.2,2.2,2.2,2.2,2.2,2.2,2.2,2.2,1.5,1.5,2.2,2.2,2.2,2.2,2.2,2.2,2.2,2.201
2457.128139257431,0.499225378036499,1504,26.714080810546875,2348.3446551042107,56.29989707174248,4,1.5,1.5,1.5,2.2,2.2,2.2,2.2,2.2,2.2,2.2,2.2,1.5,1.5,2.2,2.2,2.2,2.2,2.2,2.2,2.2,2.201
2457.6286907196045,0.49922919273376465,736,25.922439575195312,1661.560203842367,28.392389453354706,4,1.5,1.5,1.5,2.2,2.2,2.2,2.2,2.2,2.2,2.2,2.2,1.5,1.5,2.2,2.2,2.2,2.2,2.2,2.2,2.2,2.201
2458.129235267639,0.4991426467895508,1216,25.877334594726562,2711.1821927330534,46.99092928403081,4,1.5,1.5,1.5,2.2,2.2,2.2,2.2,2.2,2.2,2.2,2.2,1.5,1.5,2.2,2.2,2.2,2.2,2.2,2.2,2.2,2.201
2458.6297714710236,0.49922895431518555,1344,27.030548095703125,2488.894567728245,49.72152230289578,4,1.5,1.5,1.5,2.2,2.2,2.2,2.2,2.2,2.2,2.2,2.2,1.5,1.5,2.2,2.2,2.2,2.2,2.2,2.2,2.2,2.201
2459.1302711963654,0.49916529655456543,992,26.189193725585938,1922.2634665641374,37.87821841307204,4,1.5,1.5,1.5,2.2,2.2,2.2,2.2,2.2,2.2,2.2,2.2,1.5,1.5,2.2,2.2,2.2,2.2,2.2,2.2,2.2,2.201
2459.6308221817017,0.49918222427368164,1088,26.55181884765625,2156.1176745801467,40.976477213953224,4,1.5,1.5,1.5,2.2,2.2,2.2,2.2,2.2,2.2,2.2,2.2,1.5,1.5,2.2,2.2,2.2,2.2,2.2,2.2,2.2,2.201
2460.1313004493713,0.4989950656890869,1120,26.598129272460938,2313.2139703014686,42.10822454944683,4,1.5,1.5,1.5,2.2,2.2,2.2,2.2,2.2,2.2,2.2,2.2,1.5,1.5,2.2,2.2,2.2,2.2,2.2,2.2,2.2,2.201
2460.631843805313,0.49921607971191406,640,26.561126708984375,2920.2643015700014,24.09536338620448,4,1.5,1.5,1.5,2.2,2.2,2.2,2.2,2.2,2.2,2.2,2.2,1.5,1.5,2.2,2.2,2.2,2.2,2.2,2.2,2.2,2.201
2461.1323471069336,0.49926042556762695,1664,26.909820556640625,1931.1871498067235,61.83616113297973,4,1.5,1.5,1.5,2.2,2.2,2.2,2.2,2.2,2.2,2.2,2.2,1.5,1.5,2.2,2.2,2.2,2.2,2.2,2.2,2.2,2.201
2461.632882833481,0.49918437004089355,1376,27.13714599609375,2925.4603852783125,50.70540580052405,4,1.5,1.5,1.5,2.2,2.2,2.2,2.2,2.2,2.2,2.2,2.2,1.5,1.5,2.2,2.2,2.2,2.2,2.2,2.2,2.2,2.201
2462.1333870887756,0.4992344379425049,1024,26.417984008789062,2348.638920093617,38.76147398905696,4,1.5,1.5,1.5,2.2,2.2,2.2,2.2,2.2,2.2,2.2,2.2,1.5,1.5,2.2,2.2,2.2,2.2,2.2,2.2,2.2,2.201
2462.633922100067,0.49919700622558594,1248,26.868179321289062,2345.849953109953,46.44899771869337,4,1.5,1.5,1.5,2.2,2.2,2.2,2.2,2.2,2.2,2.2,2.2,1.5,1.5,2.2,2.2,2.2,2.2,2.2,2.2,2.2,2.201
2463.1344106197357,0.4780285358428955,960,27.9075927734375,2352.9589071384116,34.399240658038046,4,1.6,1.6,1.6,2.2,2.2,2.2,2.2,2.2,2.2,2.2,2.2,1.6,1.6,2.2,2.2,2.2,2.2,2.2,2.2,2.2,2.201
2463.634947538376,0.4992043972015381,1152,25.627044677734375,2262.86886764037,44.95251069667412,4,1.6,1.6,1.6,2.2,2.2,2.2,2.2,2.2,2.2,2.2,2.2,1.6,1.6,2.2,2.2,2.2,2.2,2.2,2.2,2.2,2.201
2464.1354773044586,0.49918699264526367,1056,26.713287353515625,2105.918676396966,39.53088910493168,4,1.6,1.6,1.6,2.2,2.2,2.2,2.2,2.2,2.2,2.2,2.2,1.6,1.6,2.2,2.2,2.2,2.2,2.2,2.2,2.2,2.201
2464.636018037796,0.4990382194519043,1312,26.890060424804688,2208.8550664178483,48.79126261798014,4,1.6,1.6,1.6,2.2,2.2,2.2,2.2,2.2,2.2,2.2,2.2,1.6,1.6,2.2,2.2,2.2,2.2,2.2,2.2,2.2,2.201
2465.136541366577,0.4992549419403076,1440,26.376724243164062,3306.567503958079,54.593587388820595,4,1.6,1.6,1.6,2.2,2.2,2.2,2.2,2.2,2.2,2.2,2.2,1.6,1.6,2.2,2.2,2.2,2.2,2.2,2.2,2.2,2.201
2465.6370933055878,0.4991638660430908,1088,26.49609375,2495.410462777975,41.06265664160401,4,1.6,1.6,1.6,2.2,2.2,2.2,2.2,2.2,2.2,2.2,2.2,1.6,1.6,2.2,2.2,2.2,2.2,2.2,2.2,2.2,2.201
2466.1375715732574,0.499004602432251,1344,27.012649536132812,2238.723986762542,49.754467743056125,4,1.6,1.6,1.6,2.2,2.2,2.2,2.2,2.2,2.2,2.2,2.2,1.6,1.6,2.2,2.2,2.2,2.2,2.2,2.2,2.2,2.201
2466.638108253479,0.4990999698638916,1408,26.995941162109375,2379.760795372535,52.15598861862327,4,1.6,1.6,1.6,2.2,2.2,2.2,2.2,2.2,2.2,2.2,2.2,1.6,1.6,2.2,2.2,2.2,2.2,2.2,2.2,2.2,2.201
2467.1386132240295,0.4991424083709717,1376,26.47381591796875,2965.5061067244255,51.97588455943211,4,1.6,1.6,1.6,2.2,2.2,2.2,2.2,2.2,2.2,2.2,2.2,1.6,1.6,2.2,2.2,2.2,2.2,2.2,2.2,2.2,2.201
2467.6391475200653,0.4991912841796875,1056,26.581588745117188,2315.7918184111286,39.726745083812126,4,1.6,1.6,1.6,2.2,2.2,2.2,2.2,2.2,2.2,2.2,2.2,1.6,1.6,2.2,2.2,2.2,2.2,2.2,2.2,2.2,2.201
2468.1396536827087,0.49913930892944336,1120,26.692001342773438,2385.4895553581428,41.9601357581689,4,1.6,1.6,1.6,2.2,2.2,2.2,2.2,2.2,2.2,2.2,2.2,1.6,1.6,2.2,2.2,2.2,2.2,2.2,2.2,2.2,2.201
2468.6401691436768,0.4991321563720703,928,26.839080810546875,2807.91976998283,34.576444944244386,4,1.6,1.6,1.6,2.2,2.2,2.2,2.2,2.2,2.2,2.2,2.2,1.6,1.6,2.2,2.2,2.2,2.2,2.2,2.2,2.2,2.201
2469.1406428813934,0.49906110763549805,1664,27.436813354492188,2177.9972826000335,60.648442605218065,4,1.6,1.6,1.6,2.2,2.2,2.2,2.2,2.2,2.2,2.2,2.2,1.6,1.6,2.2,2.2,2.2,2.2,2.2,2.2,2.2,2.201
2469.641173362732,0.4991180896759033,1408,27.281982421875,2933.363176689181,51.60915281842018,4,1.6,1.6,1.6,2.2,2.2,2.2,2.2,2.2,2.2,2.2,2.2,1.6,1.6,2.2,2.2,2.2,2.2,2.2,2.2,2.2,2.201
2470.1414473056793,0.49903178215026855,896,26.875701904296875,2516.829112366856,33.33866416552075,4,1.6,1.6,1.6,2.2,2.2,2.2,2.2,2.2,2.2,2.2,2.2,1.6,1.6,2.2,2.2,2.2,2.2,2.2,2.2,2.2,2.201
2470.641955137253,0.4991741180419922,1312,26.9737548828125,2441.6780871334045,48.6398725613095,4,1.6,1.6,1.6,2.2,2.2,2.2,2.2,2.2,2.2,2.2,2.2,1.6,1.6,2.2,2.2,2.2,2.2,2.2,2.2,2.2,2.201
2471.1424729824066,0.49918460845947266,800,27.33624267578125,2608.737974552639,29.265177716203333,4,1.6,1.6,1.6,2.2,2.2,2.2,2.2,2.2,2.2,2.2,2.2,1.6,1.6,2.2,2.2,2.2,2.2,2.2,2.2,2.2,2.201
2471.6430110931396,0.49918270111083984,1376,26.384658813476562,2022.7409379912208,52.15151765757065,4,1.6,1.6,1.6,2.2,2.2,2.2,2.2,2.2,2.2,2.2,2.2,1.6,1.6,2.2,2.2,2.2,2.2,2.2,2.2,2.2,2.201
2472.143530845642,0.499234676361084,1760,27.0032958984375,2895.999919135735,65.17722898047566,4,1.6,1.6,1.6,2.2,2.2,2.2,2.2,2.2,2.2,2.2,2.2,1.6,1.6,2.2,2.2,2.2,2.2,2.2,2.2,2.2,2.201
2472.6440720558167,0.4991729259490967,1248,27.149749755859375,2256.970456745217,45.967274513484625,4,1.6,1.6,1.6,2.2,2.2,2.2,2.2,2.2,2.2,2.2,2.2,1.6,1.6,2.2,2.2,2.2,2.2,2.2,2.2,2.2,2.201
2473.1445598602295,0.47887372970581055,416,27.5379638671875,1740.2200297383224,15.106418252501207,4,1.7,1.7,1.7,2.2,2.2,2.2,2.2,2.2,2.2,2.2,2.2,1.7,1.7,2.2,2.2,2.2,2.2,2.2,2.2,2.2,2.201
2473.6450905799866,0.4991588592529297,1312,26.066757202148438,3037.0568361846636,50.3323060028297,4,1.7,1.7,1.7,2.2,2.2,2.2,2.2,2.2,2.2,2.2,2.2,1.7,1.7,2.2,2.2,2.2,2.2,2.2,2.2,2.2,2.201
2474.1456229686737,0.4992539882659912,1888,28.031326293945312,2484.2091632400407,67.35321690461014,4,1.7,1.7,1.7,2.2,2.2,2.2,2.2,2.2,2.2,2.2,2.2,1.7,1.7,2.2,2.2,2.2,2.2,2.2,2.2,2.2,2.201
2474.646154642105,0.499176025390625,1184,27.52685546875,2666.6681257730597,43.012541019955655,4,1.7,1.7,1.7,2.2,2.2,2.2,2.2,2.2,2.2,2.2,2.2,1.7,1.7,2.2,2.2,2.2,2.2,2.2,2.2,2.2,2.201
2475.146698951721,0.4992086887359619,1056,27.766616821289062,2808.5139274834687,38.03128075691057,4,1.7,1.7,1.7,2.2,2.2,2.2,2.2,2.2,2.2,2.2,2.2,1.7,1.7,2.2,2.2,2.2,2.2,2.2,2.2,2.2,2.201
2475.647261619568,0.49919748306274414,1664,27.892959594726562,2257.886615274443,59.65663107025027,4,1.7,1.7,1.7,2.2,2.2,2.2,2.2,2.2,2.2,2.2,2.2,1.7,1.7,2.2,2.2,2.2,2.2,2.2,2.2,2.2,2.201
2476.14777803421,0.4990980625152588,1408,27.41473388671875,3360.1572643808686,51.35924374892856,4,1.7,1.7,1.7,2.2,2.2,2.2,2.2,2.2,2.2,2.2,2.2,1.7,1.7,2.2,2.2,2.2,2.2,2.2,2.2,2.2,2.201
2476.648321390152,0.499204158782959,576,27.896575927734375,1607.5962741681606,20.64769531185901,4,1.7,1.7,1.7,2.2,2.2,2.2,2.2,2.2,2.2,2.2,2.2,1.7,1.7,2.2,2.2,2.2,2.2,2.2,2.2,2.2,2.201
2477.1488626003265,0.49926137924194336,1728,28.077072143554688,3085.5527532062843,61.544878723997435,4,1.7,1.7,1.7,2.2,2.2,2.2,2.2,2.2,2.2,2.2,2.2,1.7,1.7,2.2,2.2,2.2,2.2,2.2,2.2,2.2,2.201
2477.6494088172913,0.4991919994354248,1472,27.304183959960938,2367.8104926053793,53.91115157144238,4,1.7,1.7,1.7,2.2,2.2,2.2,2.2,2.2,2.2,2.2,2.2,1.7,1.7,2.2,2.2,2.2,2.2,2.2,2.2,2.2,2.201
2478.1499140262604,0.4992406368255615,1120,27.719131469726562,2857.1449750751403,40.405306393643954,4,1.7,1.7,1.7,2.2,2.2,2.2,2.2,2.2,2.2,2.2,2.2,1.7,1.7,2.2,2.2,2.2,2.2,2.2,2.2,2.2,2.201
2478.6504559516907,0.49921727180480957,1472,27.634231567382812,2815.4491601672944,53.2672673170123,4,1.7,1.7,1.7,2.2,2.2,2.2,2.2,2.2,2.2,2.2,2.2,1.7,1.7,2.2,2.2,2.2,2.2,2.2,2.2,2.2,2.201
2479.150999546051,0.4992859363555908,1152,27.388107299804688,2441.3363237536296,42.06205224003249,4,1.7,1.7,1.7,2.2,2.2,2.2,2.2,2.2,2.2,2.2,2.2,1.7,1.7,2.2,2.2,2.2,2.2,2.2,2.2,2.2,2.201
2479.651542663574,0.49921631813049316,1312,27.740646362304688,2314.278618846613,47.295220986011635,4,1.7,1.7,1.7,2.2,2.2,2.2,2.2,2.2,2.2,2.2,2.2,1.7,1.7,2.2,2.2,2.2,2.2,2.2,2.2,2.2,2.201
2480.152062177658,0.4992496967315674,1632,28.091903686523438,2872.7970700394408,58.09503044761332,4,1.7,1.7,1.7,2.2,2.2,2.2,2.2,2.2,2.2,2.2,2.2,1.7,1.7,2.2,2.2,2.2,2.2,2.2,2.2,2.2,2.201
2480.6526215076447,0.4992499351501465,1088,27.921798706054688,2813.2877712743216,38.96597104842222,4,1.7,1.7,1.7,2.2,2.2,2.2,2.2,2.2,2.2,2.2,2.2,1.7,1.7,2.2,2.2,2.2,2.2,2.2,2.2,2.2,2.201
2481.1531665325165,0.4991464614868164,1600,27.529647827148438,2650.9414846394816,58.1191597526415,4,1.7,1.7,1.7,2.2,2.2,2.2,2.2,2.2,2.2,2.2,2.2,1.7,1.7,2.2,2.2,2.2,2.2,2.2,2.2,2.2,2.201
2481.653710126877,0.49918103218078613,1024,27.936691284179688,2666.647137596179,36.654304891856775,4,1.7,1.7,1.7,2.2,2.2,2.2,2.2,2.2,2.2,2.2,2.2,1.7,1.7,2.2,2.2,2.2,2.2,2.2,2.2,2.2,2.201
2482.154224872589,0.4992187023162842,1248,27.808746337890625,2836.377934290759,44.877966983342425,4,1.7,1.7,1.7,2.2,2.2,2.2,2.2,2.2,2.2,2.2,2.2,1.7,1.7,2.2,2.2,2.2,2.2,2.2,2.2,2.2,2.201
2482.654769420624,0.49913930892944336,1472,27.2474365234375,2390.1882251991715,54.023430744900566,4,1.7,1.7,1.7,2.2,2.2,2.2,2.2,2.2,2.2,2.2,2.2,1.7,1.7,2.2,2.2,2.2,2.2,2.2,2.2,2.2,2.201
2483.1552686691284,0.4783334732055664,1088,28.691558837890625,2086.6548923044406,37.92056075263385,4,1.8,1.8,1.8,2.2,2.2,2.2,2.2,2.2,2.2,2.2,2.2,1.8,1.8,2.2,2.2,2.2,2.2,2.2,2.2,2.2,2.201
2483.6558125019073,0.49916625022888184,1568,26.801986694335938,3478.7443597500815,58.50312582728673,4,1.8,1.8,1.8,2.2,2.2,2.2,2.2,2.2,2.2,2.2,2.2,1.8,1.8,2.2,2.2,2.2,2.2,2.2,2.2,2.2,2.201
2484.1563572883606,0.49921703338623047,1312,27.57891845703125,2431.527117805074,47.57256895494774,4,1.8,1.8,1.8,2.2,2.2,2.2,2.2,2.2,2.2,2.2,2.2,1.8,1.8,2.2,2.2,2.2,2.2,2.2,2.2,2.2,2.201
2484.656899690628,0.49922895431518555,1728,28.69390869140625,2956.755456688695,60.22184076014473,4,1.8,1.8,1.8,2.2,2.2,2.2,2.2,2.2,2.2,2.2,2.2,1.8,1.8,2.2,2.2,2.2,2.2,2.2,2.2,2.2,2.201
2485.1574172973633,0.49924373626708984,1344,28.066696166992188,2626.07131058574,47.88593541624646,4,1.8,1.8,1.8,2.2,2.2,2.2,2.2,2.2,2.2,2.2,2.2,1.8,1.8,2.2,2.2,2.2,2.2,2.2,2.2,2.2,2.201
2485.6579751968384,0.49924659729003906,960,27.419998168945312,2554.2980639202497,35.01094325700043,4,1.8,1.8,1.8,2.2,2.2,2.2,2.2,2.2,2.2,2.2,2.2,1.8,1.8,2.2,2.2,2.2,2.2,2.2,2.2,2.2,2.201
2486.158496618271,0.49899721145629883,1408,27.816421508789062,2625.025802775992,50.61758211979635,4,1.8,1.8,1.8,2.2,2.2,2.2,2.2,2.2,2.2,2.2,2.2,1.8,1.8,2.2,2.2,2.2,2.2,2.2,2.2,2.2,2.201
2486.65904211998,0.4992225170135498,1120,28.4356689453125,3010.776759856041,39.387151473523794,4,1.8,1.8,1.8,2.2,2.2,2.2,2.2,2.2,2.2,2.2,2.2,1.8,1.8,2.2,2.2,2.2,2.2,2.2,2.2,2.2,2.201
2487.159586429596,0.4992053508758545,1760,28.030166625976562,2999.926192237061,62.789494742744225,4,1.8,1.8,1.8,2.2,2.2,2.2,2.2,2.2,2.2,2.2,2.2,1.8,1.8,2.2,2.2,2.2,2.2,2.2,2.2,2.2,2.201
2487.6601338386536,0.49918055534362793,1216,28.76898193359375,2425.612143853308,42.267745268388104,4,1.8,1.8,1.8,2.2,2.2,2.2,2.2,2.2,2.2,2.2,2.2,1.8,1.8,2.2,2.2,2.2,2.2,2.2,2.2,2.2,2.201
2488.1606516838074,0.4991915225982666,1824,28.41998291015625,3190.001646688092,64.18019341412658,4,1.8,1.8,1.8,2.2,2.2,2.2,2.2,2.2,2.2,2.2,2.2,1.8,1.8,2.2,2.2,2.2,2.2,2.2,2.2,2.2,2.201
2488.6611959934235,0.4992201328277588,1408,28.411270141601562,2665.583691919991,49.557798471611385,4,1.8,1.8,1.8,2.2,2.2,2.2,2.2,2.2,2.2,2.2,2.2,1.8,1.8,2.2,2.2,2.2,2.2,2.2,2.2,2.2,2.201
2489.161711215973,0.4992537498474121,1024,27.695816040039062,2752.690539470693,36.97309364416748,4,1.8,1.8,1.8,2.2,2.2,2.2,2.2,2.2,2.2,2.2,2.2,1.8,1.8,2.2,2.2,2.2,2.2,2.2,2.2,2.2,2.201
2489.662256002426,0.4992105960845947,1568,27.174484252929688,2506.0790526421524,57.70118709174595,4,1.8,1.8,1.8,2.2,2.2,2.2,2.2,2.2,2.2,2.2,2.2,1.8,1.8,2.2,2.2,2.2,2.2,2.2,2.2,2.2,2.201
2490.1627695560455,0.49918651580810547,1600,27.67431640625,3210.7832843398273,57.81533955572807,4,1.8,1.8,1.8,2.2,2.2,2.2,2.2,2.2,2.2,2.2,2.2,1.8,1.8,2.2,2.2,2.2,2.2,2.2,2.2,2.2,2.201
2490.6633162498474,0.49918556213378906,960,28.304718017578125,2637.351071082019,33.91660709722703,4,1.8,1.8,1.8,2.2,2.2,2.2,2.2,2.2,2.2,2.2,2.2,1.8,1.8,2.2,2.2,2.2,2.2,2.2,2.2,2.2,2.201
2491.1638605594635,0.49921154975891113,1536,28.803863525390625,2725.2633938826616,53.3261796163565,4,1.8,1.8,1.8,2.2,2.2,2.2,2.2,2.2,2.2,2.2,2.2,1.8,1.8,2.2,2.2,2.2,2.2,2.2,2.2,2.2,2.201
2491.6644020080566,0.49921154975891113,1312,28.65789794921875,2515.91353518211,45.78144574053683,4,1.8,1.8,1.8,2.2,2.2,2.2,2.2,2.2,2.2,2.2,2.2,1.8,1.8,2.2,2.2,2.2,2.2,2.2,2.2,2.2,2.201
2492.16494679451,0.4992659091949463,1088,28.074478149414062,2871.4499517682007,38.754059619900985,4,1.8,1.8,1.8,2.2,2.2,2.2,2.2,2.2,2.2,2.2,2.2,1.8,1.8,2.2,2.2,2.2,2.2,2.2,2.2,2.2,2.201
2492.6654896736145,0.4992246627807617,1600,28.550567626953125,2992.041888905405,56.04091732626437,4,1.8,1.8,1.8,2.2,2.2,2.2,2.2,2.2,2.2,2.2,2.2,1.8,1.8,2.2,2.2,2.2,2.2,2.2,2.2,2.2,2.201
2493.1659882068634,0.4792656898498535,1856,28.848190307617188,2841.1812838954143,64.33679132759792,4,1.9,1.9,1.9,2.2,2.2,2.2,2.2,2.2,2.2,2.2,2.2,1.9,1.9,2.2,2.2,2.2,2.2,2.2,2.2,2.2,2.201
2493.6665484905243,0.4991438388824463,704,27.39776611328125,2514.2989588420673,25.695525580048344,4,1.9,1.9,1.9,2.2,2.2,2.2,2.2,2.2,2.2,2.2,2.2,1.9,1.9,2.2,2.2,2.2,2.2,2.2,2.2,2.2,2.201
2494.167091369629,0.4991631507873535,1984,28.330902099609375,2786.510415973286,70.02953852384938,4,1.9,1.9,1.9,2.2,2.2,2.2,2.2,2.2,2.2,2.2,2.2,1.9,1.9,2.2,2.2,2.2,2.2,2.2,2.2,2.2,2.201
2494.667635679245,0.4992105960845947,1248,28.99566650390625,3428.5827179575704,43.04091440118721,4,1.9,1.9,1.9,2.2,2.2,2.2,2.2,2.2,2.2,2.2,2.2,1.9,1.9,2.2,2.2,2.2,2.2,2.2,2.2,2.2,2.201
2495.16815328598,0.49921655654907227,832,28.5748291015625,2447.058254851734,29.116534592135334,4,1.9,1.9,1.9,2.2,2.2,2.2,2.2,2.2,2.2,2.2,2.2,1.9,1.9,2.2,2.2,2.2,2.2,2.2,2.2,2.2,2.201
2495.6686964035034,0.4992363452911377,2016,29.04583740234375,2947.3724606946307,69.40753582257973,4,1.9,1.9,1.9,2.2,2.2,2.2,2.2,2.2,2.2,2.2,2.2,1.9,1.9,2.2,2.2,2.2,2.2,2.2,2.2,2.2,2.201
2496.169214963913,0.4992647171020508,1216,28.776123046875,3415.7368543672414,42.25725605979621,4,1.9,1.9,1.9,2.2,2.2,2.2,2.2,2.2,2.2,2.2,2.2,1.9,1.9,2.2,2.2,2.2,2.2,2.2,2.2,2.2,2.201
2496.6697628498077,0.4992513656616211,1824,28.23095703125,2651.152336276817,64.60992441669406,4,1.9,1.9,1.9,2.2,2.2,2.2,2.2,2.2,2.2,2.2,2.2,1.9,1.9,2.2,2.2,2.2,2.2,2.2,2.2,2.2,2.201
2497.170315504074,0.49921298027038574,1792,28.201751708984375,3035.9320616040395,63.542152221314446,4,1.9,1.9,1.9,2.2,2.2,2.2,2.2,2.2,2.2,2.2,2.2,1.9,1.9,2.2,2.2,2.2,2.2,2.2,2.2,2.2,2.201
2497.6708586215973,0.4992249011993408,1312,28.462783813476562,2891.54760469194,46.09528037024945,4,1.9,1.9,1.9,2.2,2.2,2.2,2.2,2.2,2.2,2.2,2.2,1.9,1.9,2.2,2.2,2.2,2.2,2.2,2.2,2.2,2.201
2498.171402454376,0.4992198944091797,1472,28.325942993164062,3294.166335241142,51.96649588524695,4,1.9,1.9,1.9,2.2,2.2,2.2,2.2,2.2,2.2,2.2,2.2,1.9,1.9,2.2,2.2,2.2,2.2,2.2,2.2,2.2,2.201
2498.671947002411,0.49921441078186035,1472,28.649261474609375,2474.350530371625,51.38003300031211,4,1.9,1.9,1.9,2.2,2.2,2.2,2.2,2.2,2.2,2.2,2.2,1.9,1.9,2.2,2.2,2.2,2.2,2.2,2.2,2.2,2.201
2499.1724922657013,0.49924325942993164,1760,28.369613647460938,3349.5229301156332,62.038208269978284,4,1.9,1.9,1.9,2.2,2.2,2.2,2.2,2.2,2.2,2.2,2.2,1.9,1.9,2.2,2.2,2.2,2.2,2.2,2.2,2.2,2.201
2499.673009157181,0.49922752380371094,576,28.28399658203125,2926.8589917351146,20.364873059203074,4,1.9,1.9,1.9,2.2,2.2,2.2,2.2,2.2,2.2,2.2,2.2,1.9,1.9,2.2,2.2,2.2,2.2,2.2,2.2,2.2,2.201
2500.173523902893,0.49926304817199707,2336,28.696578979492188,2979.5929906659203,81.40343145673937,4,1.9,1.9,1.9,2.2,2.2,2.2,2.2,2.2,2.2,2.2,2.2,1.9,1.9,2.2,2.2,2.2,2.2,2.2,2.2,2.2,2.201
2500.6740703582764,0.49927258491516113,1312,28.327621459960938,2892.5404758002087,46.31521929415846,4,1.9,1.9,1.9,2.2,2.2,2.2,2.2,2.2,2.2,2.2,2.2,1.9,1.9,2.2,2.2,2.2,2.2,2.2,2.2,2.2,2.201
2501.1745870113373,0.49924254417419434,1568,28.162979125976562,2912.2408821745803,55.6759280680548,4,1.9,1.9,1.9,2.2,2.2,2.2,2.2,2.2,2.2,2.2,2.2,1.9,1.9,2.2,2.2,2.2,2.2,2.2,2.2,2.2,2.201
2501.67511844635,0.49920654296875,1184,28.94384765625,2661.6034591243438,40.90679352868735,4,1.9,1.9,1.9,2.2,2.2,2.2,2.2,2.2,2.2,2.2,2.2,1.9,1.9,2.2,2.2,2.2,2.2,2.2,2.2,2.2,2.201
2502.175637245178,0.49922657012939453,1536,28.8748779296875,2765.5964865200845,53.19503007909767,4,1.9,1.9,1.9,2.2,2.2,2.2,2.2,2.2,2.2,2.2,2.2,1.9,1.9,2.2,2.2,2.2,2.2,2.2,2.2,2.2,2.201
2502.676168680191,0.49923086166381836,1216,28.46710205078125,3418.026150271954,42.71597431416902,4,1.9,1.9,1.9,2.2,2.2,2.2,2.2,2.2,2.2,2.2,2.2,1.9,1.9,2.2,2.2,2.2,2.2,2.2,2.2,2.2,2.201
