1.3013520240783691,0,21.566452026367188,0.03673596342935004,30868.684342982313,16,1.5
1.810737133026123,0,76.79386901855469,26536.591272224134,510.35324174812126,2,2.2
2.3113620281219482,0,19.168563842773438,3777.5242982438886,97.8164047854256,2,1.4
2.8103647232055664,0,25.137054443359375,5675.806216704465,114.21385932345989,17,2.1
3.312164068222046,0,23.831390380859375,4621.07070386904,96.6792102004464,9,1.4
3.8126637935638428,0,19.460968017578125,5346.525153325356,138.27678035179716,3,1.6
4.312813758850098,0,23.427505493164062,4859.387348621789,103.8949708371734,18,1.4
4.812863111495972,0,27.329544067382812,5739.136514303332,105.16092009855566,17,1.9
5.31421160697937,0,23.44158935546875,4692.780004203169,99.4813092507297,8,2.0
5.814782619476318,0,19.548004150390625,3599.9020492825503,92.43910458060195,7,1.2
6.314600467681885,0,21.072296142578125,4315.3029061042935,102.4567985089001,18,1.4
6.815174341201782,0,23.54779052734375,4864.613217100402,103.78893073479745,15,1.5
7.316205978393555,0,22.112686157226562,4521.027142568218,102.11332915164952,16,1.3
7.816662788391113,0,21.031845092773438,3612.358165366449,85.82223728056078,6,1.7
8.316964149475098,0,22.458694458007812,5147.174681913217,115.23376858966215,14,1.8
8.817841053009033,0,20.654373168945312,4415.954975614828,107.09596374126869,10,1.5
9.317469835281372,0,24.589309692382812,5712.009083175045,115.90402641042269,17,2.0
9.818369150161743,0,21.765823364257812,4470.617612510111,102.08665037908928,11,1.4
10.319146156311035,0,21.463714599609375,4318.356084627272,101.2872208075095,8,1.8
10.81881046295166,0,24.02105712890625,5094.355564757409,105.90707920754343,11,1.9
11.320165395736694,0,21.519683837890625,3686.845982866355,86.29308934038802,6,1.7
11.81911325454712,0,19.337966918945312,17075.683233424872,397.81844866345307,1,2.0
12.319735288619995,0,21.665695190429688,6879.4101832474735,173.9616461356323,18,1.4
12.821682214736938,0,20.200103759765625,3579.0761316969083,88.66291090876953,7,1.3
13.321311235427856,0,20.948272705078125,5930.753529894046,142.39837536948252,3,2.2
13.821126222610474,0,25.207504272460938,5948.751916499076,117.74271534062672,13,1.9
14.322590112686157,0,23.432830810546875,4808.973212540161,102.84715574847593,11,1.5
14.82241678237915,0,25.993453979492188,5073.012160524584,97.37066886135484,9,2.0
15.324286222457886,0,19.459823608398438,4790.389372914166,123.5879650503129,3,1.4
15.824204206466675,0,22.974761962890625,4905.998320919021,106.94343662705207,15,1.5
16.3250253200531,0,24.67974853515625,4870.888081848831,98.94752357469835,10,2.1
16.82364296913147,0,18.804031372070312,14561.08347506113,341.8947710089983,1,1.3
17.32466173171997,0,21.114822387695312,6884.6197155416385,181.19972452288332,14,1.6
17.824997186660767,0,23.995956420898438,5335.132015927658,111.72715739994747,12,1.6
18.327226161956787,0,19.773239135742188,3712.7574741392086,93.56079635207226,4,1.2
18.82600712776184,0,23.802474975585938,4468.504184636905,94.06584829084075,14,1.2
19.327988862991333,0,24.623336791992188,8120.306707207216,166.14320124681248,10,2.0
19.826347827911377,0,24.3668212890625,75029.77524395694,1523.0956701216855,14,1.5
20.326950788497925,0,20.12506103515625,25123.734448470554,589.2156043296161,3,2.1
20.826690196990967,0,18.422592163085938,26933.174952014153,760.1536133476568,6,1.4
21.32708477973938,0,30.2718505859375,91403.09105068429,1555.867880171138,15,2.2
21.82835102081299,0,22.3702392578125,44466.10061680886,987.4279727377399,8,1.3
22.329176664352417,0,21.969253540039062,46303.09107766906,1045.4155831076619,7,2.2
22.82877540588379,0,20.349349975585938,37859.83723540669,944.9933301590039,6,2.0
23.329575777053833,0,18.716278076171875,30821.945275936538,777.3981526019289,6,1.4
23.8302104473114,0,21.16937255859375,50345.37798915224,1259.791707391614,15,1.3
24.3300564289093,0,17.655136108398438,20032.93850472772,542.618303318707,3,1.6
24.831008911132812,0,26.629104614257812,79912.71154279058,1568.7722364360964,17,1.8
25.331459760665894,0,32.79139709472656,132267.41011081575,2018.7002038606488,19,1.9
25.83173394203186,0,29.43670654296875,96744.9640879314,1606.327797947712,13,2.1
26.332175493240356,0,29.538742065429688,102204.1828723236,1772.3165016315822,15,1.9
26.83355212211609,0,26.19775390625,88122.06127701624,1683.0068775278176,19,1.2
27.33338761329651,0,25.755783081054688,73695.85036271845,1432.4161639308716,12,1.8
27.83341884613037,0,30.433868408203125,91262.93131910628,1500.663648387527,15,1.7
28.334914922714233,0,22.701507568359375,49339.43635056145,1039.798785561708,8,1.8
28.83531880378723,0,20.452743530273438,44131.54076760645,1127.5259950268244,9,1.5
29.33576512336731,0,21.640228271484375,47101.126440715874,1089.267622516771,7,2.2
29.835329294204712,0,32.17533874511719,102752.99721889333,1598.3670104422608,17,1.9
30.33770775794983,0,30.835830688476562,38149.57559916685,618.1769575976924,18,1.9
30.83929204940796,0,20.868255615234375,3507.238705918553,83.28439290973675,5,1.2
31.339707136154175,0,18.918319702148438,3541.5146294466085,93.2958120905188,2,1.4
31.840266942977905,0,19.745376586914062,4594.424553064294,118.0023075145688,10,1.6
32.339179039001465,0,27.18304443359375,5789.36816958437,106.5369998226182,13,2.2
32.840927600860596,0,26.094009399414062,4357.97929463221,83.54407966331735,6,2.2
33.34144973754883,0,23.441162109375,4466.940828606074,94.83318231526324,11,1.3
33.84057688713074,0,18.731857299804688,15552.218514121594,379.9943532601125,1,1.6
34.34244894981384,0,17.732772827148438,7418.540683047792,227.43200058512994,7,1.2
34.84206223487854,0,23.466796875,4229.872075495053,90.1699542238868,9,1.3
35.34355711936951,0,22.842025756835938,4559.547183418694,100.56025785333756,10,2.0
35.84288144111633,0,24.742218017578125,5376.745261659686,109.04438713146914,13,1.9
36.34507369995117,0,21.234451293945312,3974.13465094505,93.2446980894942,7,1.5
36.844130516052246,0,26.665481567382812,5073.820883151171,95.44174154773343,15,1.6
37.34548020362854,0,22.492568969726562,4073.367789890112,90.78553911509131,5,1.8
37.84466338157654,0,25.441207885742188,4608.717553952707,90.05075585597203,13,1.3
38.3456916809082,0,27.510330200195312,5503.8177613441985,100.5803994304785,16,1.8
38.84719443321228,0,22.551895141601562,4216.139682293415,93.1185599620017,10,1.2
39.346004009246826,0,19.226669311523438,15770.490291541904,412.96804305263566,1,1.6
39.84604358673096,0,20.763214111328125,19849.280367395815,428.305557719414,1,2.1
40.34807205200195,0,20.915176391601562,7422.8623251141635,196.31677606356473,11,1.5
40.84787130355835,0,29.8123779296875,5734.265444077569,96.2351948833648,17,1.8
41.348196268081665,0,31.54437255859375,6438.055332184994,101.91992229447993,18,2.2
41.850157499313354,0,23.629425048828125,4030.1948426493477,85.19039273449577,6,1.6
42.35047006607056,0,19.73248291015625,4061.654996588341,103.02808872337201,2,1.8
42.850956201553345,0,22.661087036132812,4273.284756623873,94.74391041244562,8,1.8
43.351715326309204,0,23.163299560546875,4570.81601025515,98.77694643715868,15,1.3
43.85047650337219,0,27.227737426757812,5250.712390501124,96.1152209962245,12,1.9
44.35209846496582,0,23.68328857421875,4678.490675200557,99.39498024621997,12,1.4
44.85271644592285,0,22.077117919921875,4076.239914012518,92.22218259579803,5,1.9
45.35366630554199,0,20.676712036132812,4289.330864219943,104.12680682681103,9,1.2
45.8538658618927,0,20.865036010742188,3848.840842731755,91.6365540426397,7,1.5
46.35327196121216,0,23.986282348632812,4970.497669338217,104.01778665555531,12,1.8
46.85331654548645,0,23.012161254882812,5794.034092216816,125.80304682967261,3,1.5
47.35539221763611,0,22.397552490234375,32161.26531915152,722.8914858915717,8,1.8
47.85398244857788,0,23.065155029296875,51324.660404452625,1057.5693061250413,8,2.2
48.35433483123779,0,21.782501220703125,40622.29702723888,969.7692558797033,6,2.2
48.85458207130432,0,21.740692138671875,52894.94973685074,1225.9959264400989,13,1.4
49.35436725616455,0,35.973297119140625,130146.85906162168,1819.1827060850562,17,2.2
49.855141162872314,0,36.05296325683594,142891.94968882093,1983.6094883668175,19,2.0
50.356460094451904,0,26.642745971679688,94325.26918393272,1771.664228986535,16,1.5
50.85642600059509,0,19.609146118164062,35255.14883639502,870.6141459258193,6,1.5
51.35660195350647,0,30.37103271484375,112349.33861984969,1911.5912371206534,19,1.9
51.8570921421051,0,18.416229248046875,23535.379882160527,592.0864609760665,3,1.4
52.35803961753845,0,24.353103637695312,75186.76717113759,1660.1580070237876,18,1.5
52.85783934593201,0,17.604232788085938,20308.299218487253,565.6026093189715,3,1.3
53.35853576660156,0,19.3399658203125,28270.891738693153,736.8161935960311,6,1.9
53.85873627662659,0,30.963333129882812,92911.12211173921,1521.60621088077,15,2.2
54.35961937904358,0,31.383697509765625,109599.56745683827,1707.25581277756,17,1.7
54.86017417907715,0,28.989395141601562,114532.88435048901,2022.8431712204497,19,1.6
55.36036467552185,0,25.123687744140625,72209.56596611181,1437.2889986431874,11,1.9
55.86121129989624,0,23.600250244140625,70377.72947776383,1493.8824646045107,14,1.4
56.361424922943115,0,17.29345703125,14489.4385955564,401.3656718525002,2,1.5
56.862318992614746,0,27.387374877929688,76924.07328740536,1464.4338925787486,16,2.0
57.364388942718506,0,28.052352905273438,5925.796374986628,105.69523383696712,13,2.2
57.86487865447998,0,24.430267333984375,5109.500896051366,104.46058428717939,13,1.6
58.364742279052734,0,27.7801513671875,5842.844435497234,105.61497528287377,14,2.2
58.86553406715393,0,25.116958618164062,5157.901592826904,101.44540343182074,11,1.8
59.36671590805054,0,20.717681884765625,3765.3442687838897,91.56429809818273,5,1.7
59.86689758300781,0,20.382583618164062,4249.934343100075,104.15755135713393,15,1.3
60.367737770080566,0,24.415695190429688,5706.668629199976,117.38350997777023,16,2.2
60.867817878723145,0,19.203338623046875,3778.6751211832216,97.74342039395793,5,1.2
61.36682152748108,0,24.428665161132812,5475.172164641905,112.85921608138132,19,2.0
61.86849761009216,0,23.980117797851562,5414.922635785699,113.3438969279589,18,1.8
62.36828327178955,0,21.1959228515625,18255.123573106386,432.5831936741593,1,2.1
62.8700213432312,0,19.798171997070312,5399.821018693833,136.22469793671334,2,2.0
63.37086081504822,0,19.310302734375,5073.065484287044,130.81099943106392,8,1.5
63.871551275253296,0,19.9425048828125,3959.2213944577898,99.48599795554848,10,1.2
64.3721992969513,0,18.666427612304688,3568.65001320073,95.94765732353598,4,1.3
64.8718683719635,0,18.868316650390625,3418.917796516853,90.3101231325118,5,1.4
65.3708267211914,0,17.491012573242188,13957.132369140834,330.2267364918681,1,1.3
65.8758008480072,0,20.648681640625,7242.463728956261,206.3085708880665,9,2.2
66.3731951713562,0,24.261184692382812,5249.309399842008,108.23873744403235,19,1.6
66.87395071983337,0,23.055770874023438,4781.192630843052,104.3122788277565,14,1.5
67.37495851516724,0,23.353668212890625,4875.392827396848,104.18063568519169,10,2.2
67.87537860870361,0,21.541229248046875,4485.011290458438,104.26517327016715,9,1.6
68.37583446502686,0,21.515365600585938,3744.904239721756,86.77519288583017,6,2.1
68.87577319145203,0,20.602371215820312,3860.1323762180436,94.26099450672754,7,1.6
69.37628436088562,0,19.001235961914062,4278.6358310050055,112.62425266911059,2,2.1
69.8770534992218,0,19.612091064453125,3736.6825063667056,94.73747566712156,7,1.4
70.37772369384766,0,23.217666625976562,4861.886164140985,105.00624542831099,9,2.2
70.87724900245667,0,26.108642578125,5488.320612660367,105.67382014381762,13,1.9
71.37862205505371,0,28.8526611328125,5588.193937177653,96.83682164147216,18,1.6
71.87921476364136,0,21.906906127929688,4506.346738370179,102.88992826450817,2,2.0
72.37927842140198,0,24.164260864257812,4259.25562498519,88.47777351892394,9,1.2
72.87993001937866,0,19.1099853515625,3575.658003731956,92.77872103941897,4,1.2
73.38078284263611,0,19.81439208984375,4110.937881680837,104.87326538093082,15,1.3
73.88092303276062,0,20.118606567382812,5823.456859936486,144.09546656675462,3,2.1
74.38208889961243,0,19.38067626953125,3933.329483621267,101.75083534624747,8,1.2
74.8803117275238,0,25.019515991210938,4585.126921028722,91.44861158799985,8,1.9
75.38214612007141,0,25.869110107421875,5287.694782254604,102.59340151165712,19,1.6
75.88184595108032,0,27.666580200195312,52558.50386160854,938.4246195999574,13,2.0
76.3819100856781,0,22.260696411132812,39750.986809507944,892.8741326376384,5,2.2
76.88231801986694,0,21.902511596679688,56417.221218847386,1312.6805057534366,15,1.2
77.38232517242432,0,27.164566040039062,90981.51880783576,1676.0805209584908,15,1.7
77.88291645050049,0,19.676544189453125,34444.71750420032,876.1192938158481,6,1.4
78.3837730884552,0,26.254531860351562,77071.14211470359,1469.5367719835385,18,1.3
78.88392877578735,0,22.139739990234375,49650.424562998036,1122.3257369309763,7,2.2
79.3841769695282,0,29.62518310546875,94648.04958599534,1598.9099487204844,17,1.6
79.88348579406738,0,21.83349609375,24655.595396065073,565.1408252264341,4,1.3
80.38486194610596,0,32.67950439453125,102328.94232021963,1567.0372286481106,15,2.2
80.88578796386719,0,33.023223876953125,128932.11477969847,1953.8068191164443,19,1.8
81.3865373134613,0,24.835205078125,66011.0749908955,1314.4244187761121,10,2.0
81.88651394844055,0,24.069137573242188,64105.69809451666,1321.318634837818,11,1.7
82.38686299324036,0,27.364944458007812,83234.611365619,1484.1981522134909,13,2.0
82.88774824142456,0,19.694183349609375,36500.12711577881,941.3947088274534,6,1.4
83.38782906532288,0,26.82861328125,80813.97514813131,1554.0124852124852,14,1.9
83.88879346847534,0,21.289962768554688,49178.98494825357,1156.2256011249524,9,1.4
84.38875341415405,0,26.445556640625,65644.94769995079,1242.3637152537365,11,1.9
84.8895537853241,0,23.650238037109375,60994.9207974447,1286.921508030623,9,2.2
85.39019775390625,0,29.574661254882812,107597.81148879985,1826.1916690958903,17,1.8
85.8903911113739,0,17.95501708984375,13374.02617075296,368.0865335259624,1,1.7
86.39072608947754,0,18.294281005859375,19939.428575410624,552.3584117224134,4,1.8
86.89279174804688,0,23.846328735351562,6391.142053693071,133.68934209457043,11,1.9
87.39423727989197,0,19.532516479492188,5528.492104620692,142.07078759736675,3,1.5
87.8936095237732,0,23.7677001953125,5481.599249274231,115.40872602141701,17,1.9
88.3954689502716,0,19.788543701171875,4065.776502705835,102.73621094611454,2,1.3
88.89572787284851,0,20.632720947265625,4030.2344175612725,97.51501050890927,10,1.5
89.3954529762268,0,22.019134521484375,4677.522965779883,106.4528670603709,11,1.6
89.89673328399658,0,21.931137084960938,4571.6011774521385,104.18976413069419,10,1.7
90.3971700668335,0,22.0489501953125,4595.885475597116,104.54012456747405,9,1.8
90.89735794067383,0,19.1265869140625,3786.14014183131,98.86761336439353,4,1.4
91.39702820777893,0,22.7042236328125,5262.811063300558,116.14579043297329,13,2.0
91.89903545379639,0,22.547897338867188,4415.690766222971,97.70312357252729,15,1.2
92.40000295639038,0,20.920883178710938,4217.142780454066,101.47755149076889,9,1.5
92.8994619846344,0,20.533843994140625,3662.109765693884,88.34195879337686,6,1.8
93.39936995506287,0,23.14764404296875,5075.4505023269485,110.55120751164796,17,1.7
93.90041041374207,0,21.42022705078125,4998.776359072553,117.13227847920923,7,2.0
94.40074110031128,0,18.00189208984375,3660.192284341734,100.98938438952611,2,1.4
94.90061354637146,0,23.260345458984375,4978.820212478253,107.73700693392111,12,1.9
95.4009530544281,0,30.279434204101562,6226.685377958751,102.84208017262709,19,2.1
95.90263366699219,0,21.971389770507812,4481.897423916098,100.81292185591253,2,2.0
96.40292143821716,0,20.98443603515625,4354.150690839792,105.45911247233202,18,1.3
96.90380382537842,0,19.577987670898438,3856.849860419496,98.47794535420319,6,1.2
97.40425491333008,0,19.7281494140625,3735.4910241491784,94.88979228156151,8,1.3
97.90291285514832,0,18.688247680664062,15128.14818201584,345.1902024326538,1,1.5
98.40510869026184,0,19.85772705078125,6743.48346840874,194.48348696323026,8,1.4
98.90572118759155,0,18.438949584960938,3409.2410891443456,92.79270449307565,4,1.2
99.406485080719,0,17.4664306640625,3559.3147565302265,100.99373099905651,2,1.3
99.90625834465027,0,19.530593872070312,3664.1731486142066,94.36477006649442,7,1.5
100.40672063827515,0,20.475997924804688,4233.229808573949,103.53585733820697,4,2.2
100.90717935562134,0,22.355926513671875,4810.707536099901,108.20396991914645,9,2.1
101.40728044509888,0,23.524337768554688,4932.044263397641,104.7000780312008,12,1.7
101.90775156021118,0,23.443069458007812,5015.046334848094,107.1105472983308,11,1.8
102.40919876098633,0,21.8134765625,4359.5338628835025,99.80068943904732,12,1.4
102.90859889984131,0,23.858917236328125,5050.123052046391,106.4172349000843,11,1.9
103.40956044197083,0,23.55072021484375,4933.507461626148,104.71017351077478,17,1.5
103.91017603874207,0,22.868804931640625,4669.014642234923,101.66687795666998,15,1.4
104.41111302375793,0,19.3438720703125,3819.304133877536,99.15284763196921,2,1.6
104.91150999069214,0,21.6728515625,4898.153442847779,113.18307574460415,10,2.1
105.41109299659729,0,25.759246826171875,5390.416474991648,104.73908721813953,17,1.9
105.9121720790863,0,24.699081420898438,5141.938447646324,104.21440199075913,18,1.5
106.41357183456421,0,21.137115478515625,3471.647727898814,81.8465509997531,6,1.4
106.91344094276428,0,20.333541870117188,3646.8340744087936,89.6056383899191,5,1.7
107.4125623703003,0,29.798507690429688,43257.06890474454,732.486345516226,19,2.2
107.91250133514404,0,21.809814453125,16734.365148795296,377.949111750417,1,2.0
108.41305637359619,0,20.162200927734375,33567.43281601001,846.484967646725,19,1.2
108.91317534446716,0,22.125198364257812,49527.03301965211,1118.2272625391638,7,2.2
109.41320013999939,0,16.906723022460938,9806.266012040744,266.75778588247823,1,1.8
109.91401171684265,0,17.271514892578125,16516.20971505502,518.1942670151055,4,1.4
110.4146556854248,0,19.14776611328125,31028.368932204077,800.8767137260652,6,1.8
110.91540050506592,0,20.6494140625,44407.06969518954,1089.8614329628754,9,1.5
111.41577625274658,0,20.343521118164062,39009.06521438464,938.038203374804,7,1.6
111.9163568019867,0,21.592987060546875,46295.460496318476,1080.3507608552784,9,1.8
112.41628217697144,0,17.699295043945312,11473.583255548036,308.599861544682,1,2.0
112.91670060157776,0,24.314407348632812,64817.49253095068,1420.2690406904685,14,1.7
113.41760230064392,0,23.913070678710938,76084.4934936812,1592.3927341502215,13,1.6
113.9178352355957,0,25.863616943359375,86405.49602873091,1672.0399198111147,15,1.6
114.41805720329285,0,17.679168701171875,21482.345591883382,595.7293681632145,3,1.6
114.91863417625427,0,17.8853759765625,25398.608982075035,693.0802022973444,6,1.4
115.41926145553589,0,16.917343139648438,13396.726788372796,402.190813524008,2,1.8
115.919429063797,0,16.212051391601562,10239.77300182703,300.7022296095995,2,1.4
116.41991138458252,0,16.7576904296875,10975.446164248755,337.8747222809024,3,1.7
116.92074942588806,0,19.316146850585938,33720.539997924825,887.1334501932613,8,1.7
117.42114162445068,0,27.969955444335938,95052.97182162637,1757.278451795079,16,1.9
117.92142128944397,0,28.771011352539062,99772.6640008433,1701.8866455550858,15,1.8
118.4220974445343,0,18.5587158203125,26574.63580434999,715.9978162635744,4,1.4
118.922611951828,0,23.523941040039062,68232.78213085861,1481.0018415155043,14,1.6
119.42282247543335,0,18.177947998046875,17297.331175280793,427.71604368300444,2,2.1
119.92347550392151,0,24.6390380859375,65647.72350947306,1427.8154803485877,15,1.7
120.42372465133667,0,16.969207763671875,14515.976794831711,431.19278766003595,1,1.9
120.92413830757141,0,16.77337646484375,9151.168485083645,261.90314211378563,2,1.6
121.42524218559265,0,24.660736083984375,79981.65783779493,1712.357646429884,18,1.4
121.92563486099243,0,27.258407592773438,104750.42227428933,1942.813417099239,19,1.5
122.42674922943115,0,23.762161254882812,85469.41123651832,1799.5837811770161,18,1.2
122.92672753334045,0,18.806991577148438,28398.266405110488,739.937588790582,4,2.0
123.42845273017883,0,22.09259033203125,12727.218062886604,294.21629163040626,11,1.7
123.92880940437317,0,29.866775512695312,6152.866853252408,103.05766013112634,19,2.1
124.43046450614929,0,24.352584838867188,4811.162871770234,98.59323007748888,18,1.3
124.92860722541809,0,19.883026123046875,16709.89262134485,290.85109903350127,1,2.0
125.43025207519531,0,29.373550415039062,9879.919665385158,220.027879118453,19,2.1
125.93185949325562,0,23.189407348632812,4567.25304781382,98.96760040033138,12,1.3
126.43233370780945,0,20.630477905273438,3801.9996676474802,92.29063954516106,7,1.5
126.9329776763916,0,19.145645141601562,3605.945411533983,93.96392687185839,4,1.3
127.43382740020752,0,21.19097900390625,3967.1960676878916,93.53036495551466,5,2.1
127.93392562866211,0,21.686599731445312,4032.422816036143,93.51396830824632,7,1.8
128.43450546264648,0,19.956649780273438,3672.9537666329256,92.09962695325791,7,1.4
128.9344928264618,0,19.607040405273438,3927.226430044959,99.60707784713537,4,1.7
129.43498182296753,0,19.807525634765625,5726.76107707178,145.19733827591892,3,1.9
129.93579292297363,0,19.558059692382812,4056.400838938328,103.48674826819749,9,1.2
130.4342565536499,0,20.982696533203125,4527.115650525508,108.27969591061739,19,1.4
130.93421149253845,0,22.446624755859375,5102.9801595996905,113.78102622459149,15,1.7
131.43622756004333,0,21.5234375,5142.887435102722,119.35825771324863,12,1.7
131.93790459632874,0,21.9173583984375,4282.861278064438,97.41137418057667,16,1.2
132.4383988380432,0,21.475250244140625,4065.7723099139903,95.36559419412507,16,1.2
132.93881678581238,0,19.664154052734375,3488.4241696182503,88.68929704898697,7,1.2
133.4395728111267,0,20.844253540039062,4043.6909994135367,96.86122825755152,9,1.4
133.9376184940338,0,18.77728271484375,16507.40870592817,414.01091510724956,1,1.8
134.43943071365356,0,22.242996215820312,6949.187908490125,166.0747483908056,15,1.8
134.94086742401123,0,20.846054077148438,3568.598782156983,85.004096863707,6,1.4
135.4412031173706,0,19.3992919921875,3187.722095689173,82.7349781964397,6,1.3
135.9409499168396,0,24.686431884765625,5075.900304085837,103.05255987885157,19,1.7
136.44215941429138,0,21.870819091796875,4152.227918166907,95.28678332772866,4,1.7
136.94180035591125,0,25.899917602539062,5282.197355639114,102.08526685586054,19,1.8
137.44328927993774,0,23.880340576171875,4611.02953713759,96.73228874737863,8,1.9
137.94389510154724,0,21.22711181640625,4213.755523735735,99.16563394050922,17,1.2
138.44407439231873,0,21.667266845703125,4135.70698587234,95.07428946482571,4,2.0
138.94378066062927,0,24.230941772460938,5472.664146618135,113.49125534713812,18,2.0
139.44506430625916,0,22.904739379882812,4557.750139002507,99.41174017460703,7,1.8
139.94520616531372,0,21.326263427734375,4534.491581775936,106.58219653443882,17,1.4
140.4461817741394,0,25.852371215820312,5935.878904779585,114.65099178934061,19,2.1
140.94633889198303,0,20.201797485351562,5376.242534883434,133.15646798016533,3,1.4
141.4474823474884,0,19.513763427734375,3562.68961405381,91.78137301052348,6,1.5
141.9464762210846,0,23.792144775390625,5241.236443884243,110.03631764665138,15,1.9
142.44761443138123,0,23.755081176757812,44385.7987937654,938.493951425123,10,1.9
142.9465892314911,0,23.375595092773438,59508.883419314836,1274.406058188849,10,1.9
143.44702529907227,0,19.0467529296875,11123.504735655399,281.46529856246514,1,2.0
143.9474003314972,0,18.198837280273438,16654.88004803086,474.9204505151847,5,1.6
144.44781231880188,0,22.508102416992188,64235.88300680501,1428.063521504775,15,1.4
144.9483244419098,0,22.287078857421875,65054.013035764896,1461.2502700933721,13,1.3
145.44872117042542,0,22.013870239257812,61558.180087081055,1399.345034071509,12,1.4
145.94892048835754,0,16.804519653320312,13116.474955849586,390.60920129919066,2,1.3
146.44978761672974,0,17.451583862304688,20045.37347041562,545.6811298698005,5,1.2
146.9499156475067,0,25.5484619140625,83686.31310125145,1722.921722178955,18,1.6
147.4510109424591,0,24.559341430664062,62951.58881484621,1276.785050956154,9,2.2
147.95065879821777,0,17.368194580078125,10096.55277408467,269.74594154845806,1,1.5
148.45192885398865,0,18.505599975585938,14176.037725853572,398.31186288066374,4,2.1
148.95204663276672,0,19.044189453125,29499.461674594073,805.0749567335428,6,1.5
149.4521405696869,0,16.3084716796875,6760.242468056066,199.09897529173122,1,1.3
149.95301818847656,0,17.762557983398438,17653.58037854563,517.5493309348872,7,1.9
150.45333194732666,0,22.601837158203125,60397.48001563963,1337.369161118365,14,1.5
150.95410251617432,0,24.150527954101562,82921.09611163607,1717.9748649326575,17,1.3
151.4543707370758,0,19.471633911132812,24904.553748383987,586.2887548164593,3,2.1
151.9551773071289,0,22.648330688476562,46780.10444628991,1074.1188979714757,10,2.0
152.45580744743347,0,23.137054443359375,67070.1667811424,1484.3289617558414,16,1.3
152.9557864665985,0,32.09996032714844,127747.38938298308,2035.952672026422,19,1.9
153.45615673065186,0,26.73785400390625,78217.3856499401,1440.205335640407,12,1.8
153.956360578537,0,28.174606323242188,88419.0127383802,1595.7986949017331,13,2.0
154.45684671401978,0,31.707168579101562,111361.75342810247,1758.1197722190166,15,2.1
154.95794010162354,0,25.577987670898438,87490.56694909844,1711.8625813483316,17,1.3
155.46007132530212,0,23.447967529296875,37478.38807841407,796.5295916016674,11,1.7
155.96018838882446,0,25.12506103515625,5117.435916696045,102.12910513568599,14,1.7
156.4612681865692,0,22.171676635742188,4469.470102510821,100.5336689967193,11,1.4
156.96231389045715,0,20.870208740234375,4095.402942620535,98.36988338512155,12,1.2
157.46267008781433,0,22.037857055664062,4336.220161628031,98.33079480125987,15,1.3
157.96327137947083,0,21.635818481445312,4221.688214503677,97.70834423541443,16,1.2
158.46275186538696,0,22.769638061523438,4631.227207744455,102.24141436547022,11,1.6
158.9639277458191,0,21.252456665039062,4324.535263882674,101.35298868969795,9,1.5
159.4638991355896,0,23.33746337890625,4878.639636282982,104.81001985035084,17,1.5
159.96481943130493,0,21.968246459960938,3786.532746170746,86.3974283727776,6,1.8
160.46395206451416,0,21.910049438476562,4860.816828249652,111.09057543821041,15,1.6
160.96525645256042,0,19.909912109375,4662.038069439859,117.07736263197263,4,2.2
161.46623516082764,0,20.876296997070312,4645.378585550814,110.84341252305121,16,1.5
161.96491503715515,0,19.272994995117188,15728.0085138686,375.3957286780278,1,1.6
162.46587777137756,0,23.279525756835938,7850.926978859129,183.46593674683592,13,2.1
162.9667568206787,0,28.455902099609375,6137.188584533074,107.78080375958638,19,2.0
163.46842217445374,0,21.402999877929688,5544.694987490105,129.93505657436867,3,1.4
163.96903276443481,0,21.423171997070312,4212.344685594583,98.4448054792452,14,1.2
164.4693558216095,0,19.435775756835938,5235.747356044682,134.18553664279216,3,1.5
164.96941304206848,0,21.476470947265625,4195.254005015256,98.10736620432802,5,2.2
165.46976852416992,0,19.35357666015625,5540.582386078707,143.12599932511063,3,1.7
165.97040724754333,0,22.215301513671875,4896.281497461748,110.50941615575773,19,1.5
166.46968626976013,0,30.32562255859375,5672.265036786966,93.25447464552032,17,1.7
166.97013425827026,0,27.613311767578125,5042.739729456672,91.65869060920635,12,1.5
167.47221779823303,0,21.905288696289062,4378.674951121686,99.93020545631224,9,1.5
167.97256326675415,0,21.958770751953125,4063.0002767433266,92.53705605625777,7,1.9
168.47310757637024,0,21.635238647460938,4410.371392590363,102.3330519286798,10,1.6
168.97333216667175,0,18.533523559570312,3651.9350794771117,98.47021232277277,2,1.5
169.4744086265564,0,19.664657592773438,4688.960781948791,119.14776491511496,9,1.4
169.97452878952026,0,19.957870483398438,4126.389575924173,103.16731946490677,9,1.4
170.47450280189514,0,21.914352416992188,4579.079101887459,104.95404820708282,12,1.5
170.97274684906006,0,23.51043701171875,19946.987271369402,426.02355689975207,1,2.1
171.47585320472717,0,20.008255004882812,5920.138554207881,147.0393094891101,4,1.9
171.97616720199585,0,20.617416381835938,4531.839183786696,110.58611601833357,13,1.4
172.47696447372437,0,21.6170654296875,4160.7559408412935,96.45157464974842,5,2.2
172.97708415985107,0,21.604537963867188,3864.3539508303784,89.47194349783703,6,2.2
173.47804427146912,0,20.609512329101562,4461.516436772257,107.62020782355359,10,1.3
173.97765970230103,0,19.7816162109375,27702.494624184506,706.3629104417745,9,1.2
174.47692227363586,0,21.498794555664062,48033.238362242315,1118.1557150917886,8,2.0
174.97710919380188,0,21.4010009765625,51840.36967951407,1190.6919694039939,9,1.9
175.47695064544678,0,30.405487060546875,89818.08101424434,1504.6297370240895,18,1.9
175.9776964187622,0,17.894027709960938,12781.013538750976,350.5080075688388,1,1.5
176.4773359298706,0,20.517501831054688,7450.931530486336,165.5659654850573,1,2.0
176.97889471054077,0,19.398147583007812,19539.76759316857,556.0840257473391,6,1.8
177.48024916648865,0,20.147109985351562,39958.245153901706,983.5653855271399,10,1.5
177.98036408424377,0,21.2039794921875,44986.961904228534,1026.977035514643,8,1.7
178.48069262504578,0,20.723068237304688,38535.390296910715,967.0865226377598,6,2.1
178.9811327457428,0,22.254226684570312,48708.30640104434,1104.4194142697777,10,2.0
179.4816997051239,0,24.088912963867188,63076.3213270554,1310.4783950754138,10,2.1
179.98144245147705,0,17.622528076171875,19467.865421131697,542.1469586374695,3,1.5
180.48186707496643,0,19.158111572265625,20870.663491036717,523.068255563715,3,2.2
180.9832365512848,0,21.938186645507812,43421.18018273772,1049.813294605913,9,2.1
181.48296999931335,0,30.3399658203125,104125.15089034342,1718.063899897403,15,2.1
181.98304772377014,0,26.017684936523438,49769.8261285872,942.9739832677944,8,1.7
182.48323702812195,0,22.061447143554688,22654.983301092314,505.2252432704232,4,1.5
182.98461413383484,0,24.013275146484375,64430.17515973914,1385.7751513279882,16,1.6
183.4851713180542,0,17.75469970703125,16067.149967605623,452.04932397823256,2,1.7
183.98535799980164,0,17.145538330078125,17640.55750494826,489.748402082499,5,1.5
184.48566794395447,0,16.3516845703125,10550.747739145234,330.36351556142824,2,1.2
184.98694968223572,0,22.1783447265625,41799.154763007704,934.9209896249002,12,1.3
185.48667120933533,0,30.396514892578125,92200.42531970568,1540.7358430895363,13,2.2
185.98762202262878,0,22.534866333007812,54176.41506450266,1192.5520037647823,9,1.6
186.48743391036987,0,23.236602783203125,42371.36231990758,918.9811522464038,8,1.5
186.9875192642212,0,24.8104248046875,39053.68851431048,787.007886955281,6,2.2
187.4888346195221,0,18.631240844726562,23194.87753398997,612.4659165269608,4,1.6
187.98926997184753,0,23.550033569335938,65283.55927902565,1445.008555924516,16,1.6
188.48929142951965,0,31.6988525390625,112803.62330700913,1780.3799027253087,19,1.6
188.9909119606018,0,24.10467529296875,60969.33570212988,1264.5679574406668,10,1.9
189.4931538105011,0,22.810531616210938,4405.041614191932,96.35899929828598,18,1.3
189.99361109733582,0,20.66314697265625,3748.4419034410903,90.59607437711382,7,1.4
190.49455904960632,0,21.025802612304688,4050.9350564061233,96.92852337571765,8,1.6
190.9930808544159,0,29.307846069335938,5647.84606064058,96.21996762670646,15,1.9
191.49364471435547,0,27.483169555664062,4865.163063243276,88.52690717030409,18,1.2
191.99458527565002,0,29.05596923828125,5749.4662137628175,99.22229667705066,19,1.9
192.49496412277222,0,27.446609497070312,5570.169570387946,101.28755612953726,12,2.1
192.99612379074097,0,25.599197387695312,4924.997812981456,96.3311451782205,13,1.4
193.49554896354675,0,27.547866821289062,5251.219707758252,95.76059072426423,17,1.5
193.9964509010315,0,25.712326049804688,5303.7894961486245,103.10230178572806,13,1.8
194.4978153705597,0,20.56573486328125,4252.679008657749,103.18133604788855,2,1.8
194.99690651893616,0,27.149154663085938,5231.64515117556,96.83542757132652,12,1.9
195.49758887290955,0,26.401290893554688,5513.0715089158875,104.35095810684676,12,2.1
195.99924659729004,0,21.917129516601562,4151.573626704942,94.94856515875884,5,1.9
196.49970889091492,0,20.940322875976562,4154.591873893058,99.37764629156662,11,1.3
196.99995231628418,0,21.522369384765625,4265.682257149791,98.73448234301554,7,2.1
197.50097393989563,0,19.804229736328125,5623.06911151038,141.8888811840757,3,1.8
198.00114154815674,0,18.535079956054688,3944.8943024813548,106.93236849796043,6,1.2
198.5014364719391,0,22.811965942382812,4736.408536969124,103.8490065250618,17,1.5
199.0014307498932,0,24.555007934570312,5201.666264091074,106.33268810001262,13,1.8
199.50287508964539,0,19.583099365234375,3956.423468604631,99.62672218594699,2,1.6
200.00323271751404,0,19.092971801757812,3677.2186516543325,97.73229748488944,4,1.4
200.5038685798645,0,20.756301879882812,4179.935315729902,100.45142010681585,9,1.5
201.00222086906433,0,18.87200927734375,16652.619495046678,428.0413326045686,1,1.8
201.50237679481506,0,19.005508422851562,8856.08291282892,240.82491760634903,5,1.7
202.0050709247589,0,20.64410400390625,4563.508382858373,110.83067589501911,15,1.3
202.5056426525116,0,21.660781860351562,3945.125718110649,91.2247772374699,5,2.0
203.00609302520752,0,20.434890747070312,3847.359184166802,94.25056506730405,5,1.8
203.5060887336731,0,25.448867797851562,5654.236114863531,111.00690303552489,18,2.1
204.00565791130066,0,24.959091186523438,4901.16827395997,98.16062538859059,8,1.6
204.50759363174438,0,23.291778564453125,4604.706388452503,98.5326214419077,13,1.5
205.00786685943604,0,22.387954711914062,4756.030266890383,106.307165197786,10,2.0
205.50855588912964,0,19.616378784179688,4213.511107065817,107.35926458039529,2,1.9
206.00887966156006,0,18.18780517578125,3683.4126708113686,100.72683219850397,2,1.3
206.50918531417847,0,18.427841186523438,3705.650492428234,101.74821787433333,4,1.5
207.0100462436676,0,22.15887451171875,4705.9163025599355,106.50360417682364,9,2.1
207.51030611991882,0,21.576461791992188,4129.350364411309,95.28902467053503,5,2.1
208.01123237609863,0,21.076766967773438,4138.814226862695,98.63941671788702,17,1.2
208.5116777420044,0,21.447555541992188,4041.65212409763,94.32310344361466,12,1.2
209.011794090271,0,21.35028076171875,3946.3869805565287,92.27044936721526,5,2.1
209.5103838443756,0,30.082550048828125,66598.9721394688,1114.1675139107983,13,2.0
210.0108528137207,0,28.29180908203125,103876.43384518535,1837.6696891051986,19,1.5
210.5114459991455,0,24.566619873046875,67724.28809261385,1327.614469086297,10,2.2
211.01201510429382,0,20.778411865234375,48208.85734588942,1141.2806788991095,9,1.4
211.5126564502716,0,18.393112182617188,20197.675336676195,566.6251527487306,3,1.6
212.01291227340698,0,18.208358764648438,25140.103914356714,707.4772727463184,6,1.3
212.5127203464508,0,25.934280395507812,58885.445047418245,1107.1060990369074,16,1.6
213.0140643119812,0,21.844345092773438,54240.70670682262,1241.8774691933659,11,1.2
213.51402926445007,0,24.680343627929688,81203.36387576378,1689.9278482006564,17,1.5
214.01451206207275,0,21.714065551757812,48988.88911554149,1129.2680286679413,7,2.1
214.51451969146729,0,31.654632568359375,114157.69077545685,1805.2018097697876,17,2.2
215.01557850837708,0,26.126968383789062,89859.83793321476,1721.0952047502215,17,1.3
215.51568937301636,0,28.495040893554688,106005.29742284272,1862.1134883860407,17,1.7
216.01598644256592,0,32.71162414550781,124807.91930498523,1909.2601370750574,17,2.0
216.5166847705841,0,27.848114013671875,97847.80969201119,1741.9132935244656,16,1.6
217.0167155265808,0,19.005767822265625,32167.436684729146,855.1088360113748,5,1.5
217.51778650283813,0,20.155288696289062,35210.522460476896,815.6668082371298,6,2.0
218.01802778244019,0,17.877655029296875,23554.73965350304,695.5610218242961,4,1.6
218.51858830451965,0,24.145050048828125,53453.82204456033,1121.5963497791288,14,1.3
219.0192289352417,0,19.903488159179688,36097.39323257971,907.5293664879121,7,1.3
219.5192141532898,0,23.596832275390625,46849.07488184668,993.6079439125425,11,1.2
220.0209925174713,0,24.876617431640625,68385.70744154345,1369.7601811675543,14,1.6
220.52131295204163,0,26.683242797851562,5079.851592209891,95.15335220816681,9,2.0
221.02321767807007,0,18.871261596679688,3837.0298616926966,102.27191171678605,2,1.3
221.52284336090088,0,27.740341186523438,5627.053099529542,101.22442190307873,19,1.9
222.0240159034729,0,23.863204956054688,4915.9906564800895,102.91995582834953,13,1.5
222.52493405342102,0,20.405670166015625,3732.360372021102,92.03324295262266,5,1.7
223.0237329006195,0,27.030364990234375,5580.774547960983,103.10626589788548,18,1.8
223.52571296691895,0,22.59130859375,4233.427757299408,93.66433959409514,5,2.0
224.0260944366455,0,20.121444702148438,5621.837474868335,139.90049132503057,3,1.8
224.52498579025269,0,25.512008666992188,5999.107167037614,117.31730100391458,19,2.1
225.02611660957336,0,26.680892944335938,5843.201826487444,110.0412945745611,17,2.0
225.52659368515015,0,26.172119140625,4859.622903968805,92.8468950849339,12,1.3
226.02821731567383,0,22.770401000976562,4552.248203876133,100.21782224661442,8,2.1
226.52875518798828,0,21.06817626953125,4371.840460457556,103.90078248802801,4,2.2
227.02907586097717,0,21.632598876953125,4279.931144955414,99.06345567582743,12,1.3
227.52984738349915,0,19.22821044921875,4156.572894663279,108.01837256177885,2,1.8
228.03026962280273,0,20.316055297851562,4618.659347111061,113.30939821981279,8,1.6
228.5291244983673,0,25.088302612304688,4577.539132179001,91.87548618253277,16,1.2
229.03104972839355,0,24.47314453125,4604.402300251834,94.06228925999082,10,1.5
229.53001880645752,0,19.552093505859375,16981.983780028215,378.7318221335668,1,1.9
230.03204202651978,0,18.306121826171875,6962.816753838892,214.08138966917005,4,1.4
230.5313937664032,0,28.439956665039062,5786.562153636823,101.72308045589726,19,2.0
231.03321194648743,0,24.70819091796875,4535.97181854095,92.27709173729494,9,1.3
231.53355312347412,0,21.886550903320312,4590.921163412853,104.40201428235788,10,1.9
232.0324330329895,0,28.111419677734375,5523.16088325673,98.78547692842139,11,2.2
232.5351014137268,0,24.989944458007812,4781.654487421386,95.39837129314098,9,1.5
233.03455662727356,0,20.9295654296875,3784.9248174492336,90.58955411040797,6,2.0
233.53374242782593,0,22.263870239257812,4235.158997677827,94.9520446032959,4,1.5
234.03449296951294,0,24.031982421875,5189.711853213786,108.89655102351806,11,2.0
234.535786151886,0,25.841964721679688,5104.881301891134,98.87019147025323,18,1.6
235.03700494766235,0,20.492538452148438,3599.5981231075366,87.78805047509343,5,1.4
235.53650164604187,0,26.78265380859375,5379.6936767975785,100.2141169124467,18,1.8
236.0375678539276,0,24.337570190429688,4788.325663208408,98.61296675145314,17,1.4
236.5383780002594,0,22.941085815429688,4527.669517296154,99.036288791174,10,1.7
237.03827142715454,0,26.89385986328125,5309.047200744535,98.94451795047534,17,1.6
237.53895020484924,0,23.235794067382812,4801.456142516426,102.98765745041473,13,1.5
238.0395908355713,0,21.029464721679688,4312.62760773839,102.85568504128975,4,2.1
238.54007291793823,0,21.946517944335938,4573.317568449205,104.1623097476373,18,1.4
239.0407087802887,0,21.27081298828125,4011.183919479531,93.88451683065472,8,1.4
239.54189658164978,0,22.365631103515625,4411.15633635741,99.39357354644777,17,1.3
240.0397174358368,0,28.464675903320312,73023.92597376936,1246.8085047074155,13,2.1
240.54000806808472,0,19.107208251953125,15755.37346243954,395.8715423131903,1,1.8
241.04046940803528,0,17.823776245117188,12802.499590863596,385.04747285974906,3,1.3
241.54110527038574,0,19.935623168945312,33718.10982613067,845.4212771364124,8,1.6
242.04111003875732,0,25.672607421875,84137.73118307702,1642.1393942275688,16,1.6
242.54217958450317,0,23.897781372070312,76167.12453342762,1595.5037585439593,15,1.3
243.04252099990845,0,20.240386962890625,41042.91555581464,962.036943053539,8,1.3
243.5430450439453,0,19.326263427734375,37303.90597606547,980.3757498622259,8,1.2
244.04347133636475,0,23.473602294921875,74614.20369832234,1649.597684816227,17,1.3
244.54296469688416,0,19.424636840820312,25386.26741592594,628.6861422467799,3,2.2
245.04374647140503,0,19.624252319335938,25704.543903489164,670.7007118447704,4,2.2
245.5447564125061,0,19.021514892578125,32385.033127965628,858.0284005859165,9,1.3
246.04469680786133,0,28.194091796875,85627.71253946921,1533.5127767723388,13,2.1
246.54504537582397,0,17.374435424804688,12419.626229640702,316.67216030197136,1,1.7
247.04568696022034,0,17.59857177734375,12161.515307787968,381.5082317443252,3,1.8
247.54610681533813,0,32.76666259765625,98378.30931567051,1501.1904203975419,17,2.2
248.04664206504822,0,18.9276123046875,14456.724436948787,375.69450840024507,1,1.3
248.54738235473633,0,19.19866943359375,22024.18812588694,559.8825500475281,12,1.5
249.04837107658386,0,23.018295288085938,73829.18345585294,1680.9237832667231,19,1.2
249.54847931861877,0,25.279052734375,73506.11696441832,1466.4710893058923,12,1.8
250.04869270324707,0,28.745086669921875,95058.98822648416,1654.856725472148,15,1.8
250.5491623878479,0,18.188888549804688,16849.28962244657,462.5351338518339,2,1.8
251.04949402809143,0,16.37811279296875,5553.258464317067,147.81922866225185,1,1.3
251.55013465881348,0,16.715240478515625,5632.740799222537,179.23762472043452,1,1.5
252.05114483833313,0,18.84344482421875,25560.170753907445,725.5042869034855,9,1.6
252.55157446861267,0,23.947586059570312,77318.62808309015,1592.6866242435942,16,1.3
253.0513961315155,0,16.851669311523438,15372.70673386288,430.4024643446026,2,1.3
253.55297327041626,0,21.2562255859375,46782.842981770795,1153.5444004800984,10,1.7
254.05334448814392,0,24.556350708007812,86207.839175385,1799.7381013779068,19,1.3
254.55270338058472,0,16.877548217773438,12634.834598389438,370.78845334951046,1,1.8
255.05416083335876,0,21.406005859375,56565.198019698604,1335.9802005041115,18,1.3
255.55401587486267,0,19.026840209960938,14489.052969407963,355.2350219697292,2,1.6
256.05622029304504,0,18.562103271484375,11663.416194759318,333.3135210762804,6,1.7
256.55603861808777,0,27.4923095703125,5267.627983402974,96.5360874179125,13,1.8
257.0569586753845,0,32.45237731933594,6352.772056252292,97.95892512644589,17,2.1
257.55881452560425,0,26.117202758789062,4852.567233440734,92.42950029124506,9,1.6
258.05900835990906,0,21.301956176757812,4075.2522262010243,96.18834922943029,2,1.6
258.55908370018005,0,22.83673095703125,6372.553172419021,139.81861090397882,3,2.2
259.05996012687683,0,23.374069213867188,4726.11378160773,101.00936975917244,4,2.0
259.56031370162964,0,25.4920654296875,4889.0864565413385,95.8337411591191,7,2.2
260.0609362125397,0,25.520614624023438,4688.9020152761,91.76894970998835,8,1.9
260.5614285469055,0,22.256118774414062,3751.143708601731,84.9204670031133,6,1.6
261.06040596961975,0,31.365463256835938,6092.347422741108,97.08130165545565,15,2.2
261.56231021881104,0,24.849014282226562,4177.358216602912,84.1079640529197,5,1.6
262.0613315105438,0,24.3211669921875,4826.314831403665,99.00840698859159,15,1.4
262.5627212524414,0,27.533554077148438,5543.233101658856,100.82243622533097,18,1.8
263.063688993454,0,24.330352783203125,4894.68865141825,100.6972657499401,18,1.4
263.56319093704224,0,28.366363525390625,5848.59345938776,103.57337476022288,16,2.1
264.0643012523651,0,24.89111328125,5132.355022078141,102.7676010749946,17,1.5
264.56527066230774,0,22.310165405273438,3678.1288502661,82.159857029421,6,1.8
265.0627658367157,0,23.747100830078125,4140.650086430355,87.63174986667009,18,1.2
265.56464982032776,0,27.251205444335938,5106.502240567399,94.23436351266983,12,1.7
266.0711238384247,0,24.04693603515625,4286.307070304487,88.86787060421082,7,1.7
266.56746101379395,0,19.18463134765625,3571.2410682981617,93.46022696542707,8,1.2
267.06752276420593,0,20.52294921875,4403.133104143463,107.29452071090385,16,1.4
267.56631565093994,0,21.60968017578125,5788.5658082971995,133.59753483235562,11,1.9
268.06714963912964,0,27.130584716796875,5412.672380157359,100.07156234709201,19,1.5
268.56748843193054,0,27.556243896484375,4982.3296560720055,89.99775184586744,10,1.7
269.0686786174774,0,26.827651977539062,5190.742316167248,97.02675441664861,12,1.8
269.57008719444275,0,23.542709350585938,4955.357259076853,105.93513103613661,9,2.1
270.07044410705566,0,23.205398559570312,4941.781209600807,106.31146858637194,9,2.1
270.5711224079132,0,21.925689697265625,4387.038656840567,100.29331028406553,8,1.8
271.07161927223206,0,21.004806518554688,4156.443932404293,98.64408882651168,8,1.6
271.5722141265869,0,20.9293212890625,4114.598859003156,98.13982840778523,8,1.6
272.0711326599121,0,23.039291381835938,4989.547429717494,108.9877270261732,18,1.6
272.5711531639099,0,21.186431884765625,18572.095365603494,388.73936134202006,1,2.2
273.07301664352417,0,21.789260864257812,7260.177609914944,184.815814776247,12,1.5
273.5741503238678,0,19.6417236328125,3389.4659884901826,86.3977129362046,6,1.3
274.07253789901733,0,25.076980590820312,4418.611242473158,88.44764990614227,8,1.8
274.5754334926605,0,19.899749755859375,3396.2357231069273,85.6292174979872,5,1.2
275.07553029060364,0,20.457168579101562,4180.558929080427,102.45797173227636,16,1.3
275.5755376815796,0,24.214553833007812,42870.86770821864,886.7807413708903,19,1.4
276.0746011734009,0,24.585845947265625,60985.23122181985,1241.5273432311894,10,1.8
276.57492685317993,0,18.2840576171875,9246.822492507554,233.7555530333883,1,1.4
277.07458233833313,0,29.591339111328125,74843.69425232834,1362.4932568382992,13,2.2
277.5755469799042,0,32.221649169921875,117493.82278575738,1813.066727029405,18,1.8
278.0758330821991,0,19.218170166015625,15901.358065014076,410.4449035397092,1,2.1
278.5764844417572,0,22.211196899414062,55184.77803653237,1242.3013548057786,14,1.5
279.07689571380615,0,20.854598999023438,38955.90065546104,950.1021813427261,6,1.9
279.5769557952881,0,19.76885986328125,26660.133228307237,646.5218575270228,4,2.2
280.07751846313477,0,26.39373779296875,68316.9497407064,1350.1687513730387,14,2.1
280.5781614780426,0,33.06304931640625,127365.20161302437,1927.8923546948986,19,1.9
281.0784375667572,0,17.277862548828125,13915.034768436819,400.9176471003831,1,1.5
281.5784637928009,0,20.702911376953125,18786.67190628262,435.6392120791341,5,1.2
282.07952976226807,0,20.410720825195312,24173.96490171132,619.8703175824234,5,1.3
282.5807807445526,0,22.013153076171875,40174.815997530146,913.6355855250115,9,1.5
283.08070635795593,0,26.649978637695312,67875.13228783106,1252.9465953405977,13,1.7
283.58081459999084,0,23.2691650390625,37908.15606785611,827.6188667565483,5,2.2
284.08157110214233,0,21.211746215820312,47094.26531845237,1083.597727699436,8,2.1
284.58203744888306,0,24.996002197265625,73079.8910791055,1502.4802647884367,13,1.7
285.0821921825409,0,25.448272705078125,72342.00624137872,1370.466294674711,11,2.0
285.58314538002014,0,22.886245727539062,56702.09385930372,1285.2260851418753,9,1.9
286.0834958553314,0,18.933837890625,26576.005497952683,664.1020205536859,4,2.0
286.5844750404358,0,22.526473999023438,62081.185657925314,1455.1766957146099,16,1.3
287.0846471786499,0,18.9940185546875,33225.13309051437,825.8389321268131,6,1.4
287.5849721431732,0,17.5269775390625,25023.062738884655,736.5787952444962,5,1.3
288.08542227745056,0,25.746261596679688,72878.93959037882,1453.0264853995154,15,1.8
288.58662366867065,0,22.780349731445312,52594.29595559422,1141.9930030349653,8,2.0
289.08799743652344,0,20.111312866210938,31559.310198495776,794.130154816144,9,1.4
289.58921217918396,0,20.225067138671875,4145.237789391206,102.54601311232996,9,1.4
290.08879137039185,0,18.802337646484375,5775.1649062595625,153.6511073419735,3,2.0
290.58985233306885,0,20.018386840820312,3935.333969526658,97.61026278179011,7,1.5
291.09068036079407,0,25.462738037109375,5865.454544649244,116.24829960101299,16,2.2
291.58933544158936,0,27.198974609375,7158.1917646922575,131.4755446246645,14,2.2
292.0892872810364,0,25.003814697265625,7832.079799771264,156.73608397156195,9,2.2
292.59109473228455,0,26.159500122070312,5160.158363903953,98.43460264852376,15,1.2
293.0910367965698,0,20.832992553710938,18095.372655912946,428.50300920449627,1,2.1
293.5913999080658,0,20.3851318359375,6001.276437039613,150.15845983412677,14,1.3
294.09324049949646,0,22.608200073242188,4713.390558785967,103.90035440194755,16,1.5
294.59307622909546,0,26.886154174804688,5560.289132337789,103.28736426730593,15,1.9
295.0929808616638,0,28.41455078125,5355.586695463569,94.45864622892788,12,1.8
295.5939140319824,0,24.917556762695312,3975.050214211945,79.50217667270668,6,1.4
296.0940001010895,0,23.497543334960938,4330.732301379064,92.86077139619529,4,1.6
296.59455847740173,0,19.364044189453125,16155.704382760405,341.04446030943024,1,1.6
297.09647154808044,0,19.271942138671875,7271.216037931557,222.18829680935798,5,1.9
297.5951302051544,0,21.375991821289062,5161.127044888336,121.86569033983227,14,1.7
298.09701895713806,0,20.322174072265625,7715.884508207914,189.79268587526673,3,2.2
298.59758734703064,0,18.131942749023438,3784.264124504475,103.90502695037848,2,1.2
299.0970582962036,0,25.048873901367188,4618.690251651223,92.53909014542494,18,1.3
299.59875655174255,0,23.418075561523438,3957.5930931613307,84.33656278934299,6,2.1
300.0961492061615,0,25.043960571289062,4815.778843661222,96.74987281276027,15,1.5
300.59970927238464,0,23.739028930664062,4646.311175373289,97.518731990325,19,1.3
301.09938621520996,0,25.387237548828125,5189.358886121987,103.04390128971534,14,1.8
301.60060930252075,0,21.872268676757812,4119.139514314365,94.1831883305742,5,1.8
302.0998640060425,0,28.306243896484375,6199.928933696879,109.55180105634372,18,2.2
302.60084342956543,0,27.0625,5018.957290132548,92.71131639722864,14,1.2
303.1023955345154,0,22.008285522460938,4181.72637062127,94.6916104788416,13,1.2
303.6011562347412,0,26.974380493164062,5009.0391268776275,93.27368984943372,12,1.7
304.1014723777771,0,25.537445068359375,4790.563308587147,93.47058774322996,4,1.9
304.6019675731659,0,30.163818359375,6395.232464635656,106.51834465119667,19,2.2
305.103271484375,0,24.344558715820312,5277.994572388047,107.95020072769667,12,1.6
305.60273122787476,0,18.820083618164062,10097.425391130944,270.82770211927584,1,1.7
306.10229325294495,0,35.179656982421875,111696.7389163712,1589.2991801465516,19,2.2
306.6026864051819,0,31.185073852539062,71590.44504435311,1148.7546949350335,10,2.2
307.1040802001953,0,25.765380859375,43219.82792976118,833.7156014592315,7,1.8
307.6040368080139,0,21.6231689453125,30828.825234246426,695.7814572901201,5,1.8
308.1046693325043,0,23.04388427734375,38148.33344414137,853.9792928637455,6,2.2
308.60499382019043,0,19.2177734375,12011.653644420989,312.6272676457137,2,1.4
309.104864358902,0,17.27471923828125,11743.11477249485,334.3614399937816,2,1.9
309.60589480400085,0,25.432174682617188,60166.80369347612,1206.0313513403246,18,1.2
310.10586500167847,0,24.562850952148438,43754.75469175279,891.5088905054259,7,1.9
310.6064124107361,0,27.379974365234375,63956.30715488652,1169.1391515927003,13,1.7
311.10693407058716,0,31.237548828125,98291.77025044203,1574.6754097335656,17,1.6
311.60740327835083,0,30.03741455078125,91742.41004344895,1528.3272773823337,17,1.4
312.10777974128723,0,29.544143676757812,79671.03491343306,1317.2492127641442,12,2.0
312.6085624694824,0,20.944290161132812,14563.96256625926,336.55950838005106,1,2.2
313.1093442440033,0,20.922103881835938,30924.39310819075,774.3485115789581,9,1.2
313.60873579978943,0,24.495559692382812,48353.81605223952,971.523014736433,9,1.6
314.10954308509827,0,30.96649169921875,85395.71112592412,1389.7279813936987,14,2.1
314.60981702804565,0,27.192001342773438,65256.79182388818,1224.8822578427714,11,1.6
315.1106984615326,0,18.579910278320312,8684.885540851492,213.8869316627972,1,1.3
315.61064529418945,0,24.267303466796875,42287.796945647286,946.6647182878075,9,2.2
316.11149883270264,0,33.212921142578125,108696.75563925081,1637.8565368122088,18,1.8
316.61237025260925,0,31.898117065429688,106529.12314429422,1671.6660701515207,14,2.2
317.11246943473816,0,20.38323974609375,29157.333470536953,715.8822729736285,4,1.9
317.61312985420227,0,24.9097900390625,65871.65528555517,1288.6499625112099,13,1.9
318.1158022880554,0,22.517303466796875,32488.44330743401,735.9229325320832,8,1.9
318.61580300331116,0,18.929977416992188,4401.270767295446,116.37626139070366,2,2.1
319.11655139923096,0,17.24884033203125,3610.2442797376807,105.10851541904779,2,1.2
319.61722016334534,0,18.005020141601562,3401.14224994169,94.47365160507366,5,1.4
320.1170313358307,0,22.63128662109375,5222.847629654363,115.90149706977785,11,2.0
320.6175220012665,0,28.156494140625,5820.375166826849,103.0668088685413,17,1.9
321.1189205646515,0,22.629379272460938,4294.827075699799,94.83247305027042,5,2.1
321.6193645000458,0,19.95574951171875,4291.977152288306,108.13926075453809,2,2.0
322.1201853752136,0,21.9212646484375,4752.5412803617,108.06858262937203,10,1.9
322.62057518959045,0,22.49365234375,4452.055282874459,99.18353702216336,15,1.3
323.1209955215454,0,21.11309814453125,4165.483815250386,98.70649895784248,9,1.4
323.62165117263794,0,20.6893310546875,4130.789229304779,100.34157191997026,17,1.2
324.1221253871918,0,20.699935913085938,4008.766752734527,96.66696594625793,8,1.5
324.6215524673462,0,23.883590698242188,5079.076755319071,106.47477726986682,11,1.9
325.1224205493927,0,25.418243408203125,5238.335558901505,103.39030741801285,17,1.6
325.62311339378357,0,24.317276000976562,5061.371602770532,103.7533973747174,18,1.5
326.12259578704834,0,19.3223876953125,13646.961224270144,187.45095363543896,1,1.2
326.6245560646057,0,20.822860717773438,8957.233344138811,316.33501704103696,10,2.0
327.12362575531006,0,22.013824462890625,4898.819042055015,111.15742310587524,17,1.5
327.6251699924469,0,19.94244384765625,6846.935545287352,172.94771023789775,2,2.1
328.12594628334045,0,21.537017822265625,4449.7421570340275,102.42829430727267,10,1.6
328.62497091293335,0,25.829757690429688,5483.920785933508,106.73735437407954,11,2.2
329.1269450187683,0,23.541839599609375,4532.3822810910815,96.42407044679999,13,1.2
329.6264135837555,0,27.012359619140625,5464.485679024094,101.43504820136,16,1.9
330.12779903411865,0,23.609176635742188,4120.536588735955,87.04242556637546,6,2.2
330.62874269485474,0,21.267440795898438,4153.837731290566,98.13122415756254,9,1.4
331.12883615493774,0,18.279281616210938,3536.2563574147857,95.84621741623823,2,1.2
331.629008769989,0,19.60748291015625,5624.9326808956075,144.94466286276378,3,1.9
332.12955236434937,0,19.937896728515625,5905.840392111729,148.3606841924004,3,1.8
332.62988090515137,0,23.138717651367188,4983.362595140033,107.6550583974482,16,1.5
333.13054728507996,0,21.258956909179688,6093.546959827229,143.46893937599543,3,2.1
333.6303901672363,0,22.535507202148438,5240.156988734392,116.26097324981532,12,1.7
334.13195157051086,0,22.100555419921875,4266.739995004223,96.87539336998113,14,1.2
334.63191652297974,0,23.404022216796875,4667.936641089301,99.76917550198657,18,1.4
335.13149976730347,0,28.98779296875,6055.509002941387,104.5267572894032,17,2.1
335.6332907676697,0,21.042327880859375,5462.201521795415,129.7384973495863,3,1.3
336.13307309150696,0,20.640213012695312,4936.137467827057,119.13636736634096,12,1.5
336.6335337162018,0,22.008285522460938,4606.514408743624,105.00590778147934,11,1.5
337.13469433784485,0,22.407867431640625,4841.921722457006,108.31017308559218,9,2.0
337.63545870780945,0,21.8487548828125,6900.51795724635,154.8371986479314,7,1.9
338.13327407836914,0,25.315155029296875,77260.4724141753,1565.9394522420607,15,1.6
338.63372707366943,0,19.278549194335938,36372.88594320515,943.9506996380513,7,1.2
339.1341254711151,0,20.207977294921875,35192.5862868424,833.334269641711,6,1.9
339.6346478462219,0,17.911468505859375,21249.121190357328,583.8158940780988,4,1.3
340.13509368896484,0,21.90240478515625,48105.33393653057,1166.0363439775504,12,1.6
340.635600566864,0,20.805191040039062,34372.079419142014,826.8128837122998,5,2.0
341.1360082626343,0,17.1822509765625,8527.940485166015,238.50192885611372,1,1.8
341.63658237457275,0,23.236740112304688,66104.38131019424,1480.8875872299377,18,1.5
342.13671469688416,0,26.1282958984375,77208.28524891552,1478.665128035021,12,1.9
342.6371443271637,0,26.000946044921875,72354.47772024493,1344.1818593683795,11,2.0
343.13781094551086,0,19.967758178710938,35282.56969535619,915.0251037935759,6,1.5
343.6383774280548,0,26.22674560546875,90336.64248104214,1724.0797116120818,18,1.6
344.1384377479553,0,30.362030029296875,105419.58394509625,1737.663784308621,14,2.2
344.63929867744446,0,38.61289978027344,149373.37249442845,1936.3218102100939,19,2.2
345.139853477478,0,20.554779052734375,34818.68553496478,780.4024533100533,5,1.4
345.64071321487427,0,21.110626220703125,50864.02661739053,1301.1456748290213,12,1.3
346.14052510261536,0,17.42791748046875,16813.55599062514,483.01812361884015,3,1.2
346.6416850090027,0,19.795211791992188,42007.952075522124,1061.9234702254453,16,1.2
347.14159893989563,0,29.41748046875,107657.86989628707,1832.0399687951267,17,1.8
347.64285922050476,0,22.999557495117188,58132.143062388735,1265.0678173341853,10,1.6
348.1424403190613,0,18.818206787109375,29399.064939664386,771.4337590308692,5,1.6
348.6429979801178,0,26.784881591796875,80925.2316610378,1532.0209596359523,14,1.9
349.1439919471741,0,30.978500366210938,112317.14628483189,1810.2231979300632,17,1.9
349.64565229415894,0,29.363677978515625,5995.72311135376,102.03081515170096,19,1.9
350.14678025245667,0,23.515090942382812,4619.5458932708725,98.66004795322776,11,1.4
350.6463072299957,0,28.359756469726562,5961.463317086843,105.11373760145487,15,2.2
351.14707684516907,0,27.9132080078125,5827.403876728086,104.50249928935342,15,1.9
351.64864134788513,0,24.4278564453125,5018.7696722981855,102.50592415285364,16,1.5
352.14914989471436,0,21.37908935546875,3601.871707744624,83.91377060880737,6,1.5
352.64981603622437,0,21.54754638671875,3664.028460215166,85.20691716118799,6,1.9
353.1500291824341,0,19.94158935546875,3514.1120460327384,88.60878481159881,6,1.6
353.64889883995056,0,26.5028076171875,5577.66903284665,105.68691590937355,18,1.8
354.1508741378784,0,22.203079223632812,4811.109410578138,107.91295999384235,5,1.8
354.651535987854,0,22.106674194335938,4334.252449824052,98.34134166400351,8,1.8
355.1509199142456,0,25.268783569335938,5149.250046543568,101.70651835883129,11,1.9
355.65093541145325,0,27.419845581054688,5317.992350437578,97.4476676792876,11,1.9
356.15297532081604,0,23.437484741210938,4186.101850448547,89.47205825003792,7,1.6
356.65183782577515,0,26.179733276367188,4913.333236727314,93.85122354237154,12,1.6
357.1529393196106,0,25.252182006835938,5293.85908404694,104.58502157496977,13,1.8
357.65303111076355,0,25.85650634765625,4593.079915530666,89.22319082791,13,1.2
358.1533131599426,0,30.770599365234375,5902.06471267339,95.93573283903159,16,2.0
358.6540369987488,0,29.534774780273438,5644.906352217868,95.61610071549207,12,2.0
359.15311765670776,0,24.487991333007812,19629.869971615437,359.3598135645498,1,1.8
359.65458130836487,0,22.665420532226562,7850.047133829805,190.73107396588532,13,1.7
360.1569447517395,0,19.899032592773438,4407.185414292042,110.96016802353802,11,1.2
360.6573340892792,0,20.76116943359375,4092.014704530191,98.74202927523365,8,1.6
361.1561198234558,0,18.449081420898438,16015.931257661863,423.0562932612344,1,1.5
361.66168236732483,0,18.20550537109375,12390.120459215246,348.63080538690286,2,2.0
362.1578736305237,0,20.362777709960938,4368.627020231766,107.25452249727425,17,1.3
362.6576659679413,0,25.281219482421875,5311.302586271411,105.92843441994653,9,1.8
363.1585624217987,0,30.1270751953125,5999.417217675775,99.24627533924092,14,2.2
363.6587791442871,0,28.051010131835938,5169.216179454251,92.51003752819783,15,1.4
364.1593322753906,0,30.727935791015625,5840.932736245837,95.19025358205887,16,1.9
364.6613233089447,0,23.493453979492188,4354.527419890925,92.49384964411135,7,1.8
365.16145277023315,0,21.522506713867188,4092.832978300702,94.87742423071552,5,2.1
365.6630074977875,0,20.16900634765625,3864.3280433892164,96.28634978468689,8,1.3
366.1614990234375,0,22.7828369140625,23795.81447617477,511.52541028842086,11,1.9
366.6610815525055,0,17.914321899414062,12263.878047446187,334.2018767785914,1,1.5
367.16143894195557,0,23.438812255859375,66015.26055307557,1475.672044403764,16,1.5
367.66229939460754,0,24.456863403320312,66383.70965984446,1361.9898615240156,10,2.2
368.1623787879944,0,22.531173706054688,51673.22168209459,1133.3630610258817,8,2.1
368.6629271507263,0,22.484085083007812,52032.57105947538,1172.9185289345153,8,2.2
369.1636207103729,0,22.235183715820312,50836.6880963911,1136.532098091895,8,2.1
369.6640167236328,0,23.223968505859375,64049.95415326606,1389.383558277694,13,1.4
370.16428995132446,0,22.299835205078125,59355.7410821472,1332.2968410651945,11,1.5
370.66505432128906,0,20.744155883789062,51757.12009470084,1196.9636238321898,11,1.2
371.1650960445404,0,16.86663818359375,14448.66723139174,411.1074136127928,2,1.4
371.6660180091858,0,19.97088623046875,34140.538387044086,926.2984019095179,8,1.7
372.16594552993774,0,17.209197998046875,13273.648750358701,375.0901117374905,2,1.7
372.6671187877655,0,26.47906494140625,80865.48741753696,1571.7700036650047,17,1.7
373.1677076816559,0,23.109664916992188,51453.482307334445,1053.8447912367985,7,2.2
373.6676425933838,0,30.332275390625,106550.50263281834,1853.6690464500446,17,1.9
374.16825914382935,0,21.520660400390625,42444.997301792595,939.329910137566,6,2.0
374.66902208328247,0,23.691665649414062,71325.05041812289,1577.558984373239,16,1.4
375.16907119750977,0,18.884796142578125,27656.664123717703,732.3351491636461,4,1.9
375.66955184936523,0,25.295944213867188,69683.8860933763,1382.1187975594087,15,1.8
376.1697039604187,0,25.753265380859375,73834.38283876042,1434.6918518325408,11,2.0
376.6707727909088,0,22.262924194335938,52728.47579131378,1160.090191861266,9,1.7
377.1716401576996,0,19.97259521484375,42523.36782435445,1088.2912193526897,8,1.5
377.671502828598,0,29.45501708984375,101579.48103530228,1725.885944826986,15,2.1
378.1727523803711,0,23.562026977539062,69252.93345929132,1447.3287901973952,14,1.2
378.67241621017456,0,19.849441528320312,36750.149028213375,940.5806190245938,6,1.8
379.17445945739746,0,23.891464233398438,11369.657254193555,238.4115073214068,11,2.0
379.67573046684265,0,28.072525024414062,5831.837062950153,103.76693929265812,17,1.9
380.176637172699,0,20.733123779296875,4156.843732596628,99.88846939060883,2,1.7
380.6758737564087,0,23.251205444335938,5257.176329236441,113.37046615972925,19,1.7
381.17748522758484,0,21.364791870117188,3774.846822557234,87.90162859609917,6,1.9
381.6772825717926,0,23.96539306640625,4959.29583081967,104.35881410623738,12,1.8
382.1786870956421,0,22.254776000976562,4438.568119900404,99.43932933330316,13,1.3
382.67951464653015,0,20.235580444335938,3517.440624994971,87.32143883199525,6,1.5
383.17857909202576,0,24.41156005859375,5061.64796147922,104.09002922799587,12,1.9
383.6793920993805,0,27.887405395507812,5650.601594552282,101.44364310262094,18,1.8
384.1806900501251,0,20.762863159179688,5584.234912998462,134.08555355089052,3,1.5
384.6805531978607,0,22.098434448242188,3958.934479220068,89.23709073684458,6,2.1
385.1816051006317,0,22.337234497070312,4555.997525417688,102.65371034631629,8,2.2
385.68238496780396,0,21.573257446289062,4378.960476825292,101.5145721712376,9,1.4
386.1822283267975,0,21.844558715820312,4544.6490812394595,104.41959618749586,12,1.5
386.6827983856201,0,26.25543212890625,5340.345661802592,101.65515413709495,17,1.7
387.18371200561523,0,23.58099365234375,4627.414023245256,97.70580637813802,7,2.2
387.6847643852234,0,20.576614379882812,3968.9498492356815,97.19771985207366,8,1.3
388.18474793434143,0,22.449554443359375,4776.617836523352,106.01546707774456,10,2.2
388.6851260662079,0,21.214324951171875,5766.532578442737,136.7000838666707,3,1.6
389.18551325798035,0,22.454193115234375,6413.7248619913735,142.86863854499788,3,2.2
389.685662984848,0,25.498504638671875,6148.893774354793,120.83061511486652,16,2.1
390.1867368221283,0,22.36700439453125,4711.779321841355,105.28902120553074,7,2.1
390.6864104270935,0,23.090911865234375,5152.361077398102,111.2991992260551,11,1.8
391.1868600845337,0,25.10516357421875,5161.605874619347,103.12619522856733,14,1.7
391.6880090236664,0,23.510589599609375,4725.957739190083,100.84817269063272,15,1.4
392.1886029243469,0,21.766708374023438,4274.1893633452755,97.8099197828536,12,1.3
392.68829369544983,0,26.2230224609375,5475.721789399799,104.98408427559946,14,2.0
393.18965888023376,0,20.585220336914062,4075.4805250781487,98.80875534533713,4,1.5
393.69029116630554,0,23.057647705078125,5820.832474298374,126.11867598963937,13,2.1
394.18965697288513,0,24.170486450195312,5300.526033392286,109.63784305543368,11,2.0
394.6904113292694,0,27.3004150390625,5660.612175903619,104.13761094591875,15,1.9
395.19167852401733,0,22.016036987304688,3940.956063812016,89.29854183719226,6,1.8
395.6923372745514,0,21.220016479492188,4336.996770787812,102.49756413252557,10,1.6
396.192494392395,0,23.491653442382812,4724.744301660112,100.84432778690383,18,1.4
396.6916751861572,0,19.936325073242188,15855.843613287905,352.42202232296273,1,1.5
397.1925439834595,0,21.205825805664062,7041.848821910789,185.6093715034053,16,1.5
397.694185256958,0,21.6124267578125,4050.7092628795262,93.5110167241837,5,2.1
398.19437193870544,0,21.26873779296875,4370.096692614934,100.71119503425001,5,2.0
398.692391872406,0,28.202301025390625,69401.9146336609,1261.3509787011176,12,2.2
399.19322180747986,0,27.42388916015625,85546.6695241529,1561.1206619884135,16,1.5
399.6935625076294,0,18.09466552734375,24613.919512753197,667.7106013229306,4,1.4
400.1939609050751,0,24.720672607421875,62440.111586225124,1273.104518626697,12,1.9
400.6950922012329,0,30.188262939453125,106347.61474740301,1784.633985335758,18,1.8
401.19585847854614,0,22.486038208007812,49762.49211878245,1107.6206386205633,8,1.7
401.6962330341339,0,23.717544555664062,58612.06768121398,1198.3112304605195,9,2.2
402.1963448524475,0,22.4752197265625,57406.297544087014,1266.9509062172424,11,1.4
402.6960446834564,0,26.926681518554688,52117.001512823364,1007.6993699094503,8,2.2
403.1969881057739,0,38.99089050292969,136504.51686643195,1751.9733229705864,19,2.2
403.6972806453705,0,28.057144165039062,66501.41187037298,1135.0050387409294,11,1.5
404.19802379608154,0,30.776321411132812,105290.75492094531,1786.4058301689129,16,2.0
404.6990125179291,0,21.119766235351562,44350.09440638927,1020.5131893895333,8,1.3
405.1990144252777,0,32.41554260253906,104628.58510948266,1662.3507019678636,19,1.8
405.69967818260193,0,30.11712646484375,110258.31470907784,1832.412533261457,17,1.7
406.1997401714325,0,18.046905517578125,20444.61512004864,526.1289804366537,3,1.2
406.700067281723,0,19.112030029296875,17114.02064680905,469.1809287791231,3,1.7
407.2009127140045,0,26.193389892578125,61094.20299301136,1194.2707732099896,16,1.6
407.7028465270996,0,21.98150634765625,59296.816991244435,1352.5915617320802,12,1.2
408.2019114494324,0,29.515335083007812,82217.6446276723,1394.495433788774,12,2.2
408.70403957366943,0,22.356796264648438,19809.025641122666,439.64259832443224,5,1.9
409.205139875412,0,21.01287841796875,4607.365785322237,110.36089172899571,12,1.5
409.7043023109436,0,18.802276611328125,16410.08648567422,375.69918505209273,1,1.6
410.20436334609985,0,20.70257568359375,20092.171870733906,508.58406030820396,1,2.0
410.7052843570709,0,22.415985107421875,8494.215640318553,207.70891743938617,12,2.0
411.2055103778839,0,21.474502563476562,5231.146898578074,121.3532184178383,14,1.6
411.7063059806824,0,26.274887084960938,5290.682242342682,100.62840580248799,10,2.1
412.20765805244446,0,29.373764038085938,5917.888360698125,100.8382853542188,19,1.9
412.70882296562195,0,24.301483154296875,4935.512271432675,101.59873717680655,13,1.5
413.2085919380188,0,28.052093505859375,5695.258836089446,102.09576691314616,18,1.9
413.70959973335266,0,24.42919921875,4955.540252629933,101.5997281685355,14,1.5
414.21059584617615,0,22.786483764648438,4671.015771665241,102.38525715931121,9,1.8
414.7100872993469,0,25.977798461914062,5423.193701390078,104.85877023003488,12,2.1
415.2103090286255,0,27.3006591796875,5815.826333456244,106.66409117940326,13,2.1
415.71223974227905,0,19.8995361328125,3910.2639879690305,97.2886999515388,2,1.3
416.21261382102966,0,21.205459594726562,3607.1033211838776,85.59116542097298,6,1.8
416.71271228790283,0,18.874008178710938,5017.548943819618,132.66922300184248,3,1.2
417.2135045528412,0,20.683639526367188,5369.154026814253,130.68299689492542,8,2.0
417.71417713165283,0,19.858367919921875,3825.0689736562417,96.13075997473564,8,1.2
418.2136688232422,0,27.343597412109375,5571.077042132834,102.47371469706862,18,1.9
418.71497535705566,0,21.28570556640625,5698.481510446011,133.28193379116547,3,1.6
419.21418499946594,0,25.417861938476562,5784.262675709693,114.48641931581807,11,2.0
419.7145416736603,0,27.277175903320312,4891.959591793858,89.2687721276747,7,2.2
420.21629333496094,0,20.936264038085938,5894.669035485514,141.2859521937148,3,1.8
420.7167389392853,0,19.971237182617188,3779.930968737723,94.88646009619242,5,1.5
421.21567726135254,0,21.405776977539062,4659.013566085071,108.80240425020797,16,1.5
421.71846556663513,0,22.694717407226562,5256.546493147732,116.23850399476643,14,1.9
422.2182674407959,0,21.817474365234375,4320.8209968274,98.45319233755062,7,2.0
422.717871427536,0,28.828567504882812,6061.820196087207,105.3468924352766,15,2.2
423.2184302806854,0,27.008514404296875,4914.477402123961,91.60074349022332,14,1.2
423.7183094024658,0,33.13923645019531,6374.800892429104,96.10963743195201,15,2.2
424.2192437648773,0,30.916961669921875,5790.592443328106,93.83198876305786,15,1.7
424.7196900844574,0,31.087905883789062,5993.749050104083,96.24321468240782,15,2.0
425.2204797267914,0,28.267562866210938,33668.27574469317,598.1414131817724,16,1.8
425.72003149986267,0,24.437103271484375,56346.42002875795,1153.9420072306762,8,2.2
426.2198443412781,0,26.520767211914062,77964.19575726862,1471.1112875525369,13,1.8
426.72007489204407,0,29.98162841796875,77387.66330807106,1280.650919447334,11,2.2
427.22129011154175,0,25.441375732421875,80009.88194573026,1587.414156559665,17,1.4
427.72218775749207,0,24.27001953125,84191.73368966824,1736.2573584146464,19,1.2
428.2222933769226,0,18.143463134765625,14922.6737212532,393.6955115428283,2,1.3
428.7222192287445,0,23.873062133789062,35701.656844936035,759.8941391906274,8,1.8
429.22300004959106,0,22.428543090820312,45899.49691857155,998.3261021160274,7,2.1
429.7236866950989,0,25.8958740234375,88199.83951188422,1796.3865578700756,19,1.5
430.2237584590912,0,27.008880615234375,76321.37340774844,1414.4236684304547,11,2.1
430.72417521476746,0,34.0855712890625,135055.72434989185,1982.774453942821,18,2.1
431.22475004196167,0,19.3106689453125,28139.115117321307,698.9400542375453,4,1.4
431.7252700328827,0,25.490386962890625,74362.19817761134,1520.769380882087,16,1.7
432.22587966918945,0,25.273727416992188,77190.8393141968,1462.1903366400236,13,1.6
432.72624373435974,0,19.503387451171875,34894.74211830493,934.299236254219,6,1.4
433.22659134864807,0,17.316131591796875,23692.16954329916,684.7372311271291,5,1.2
433.7275302410126,0,21.646224975585938,50900.7857446215,1176.9719675710046,12,1.4
434.22770261764526,0,16.799911499023438,13192.820559950933,358.75188987455937,2,1.3
434.72805190086365,0,27.579574584960938,86043.27046635194,1697.814440746796,17,1.9
435.22851753234863,0,30.721145629882812,103149.8016095066,1637.6667916661906,14,2.1
435.7293779850006,0,30.644790649414062,96171.89057240592,1600.0761943837115,13,2.2
436.2320683002472,0,25.242904663085938,5168.978783103046,102.72193452411535,19,1.5
436.73287987709045,0,22.3154296875,4320.647733063596,96.48032908844252,4,2.0
437.2333552837372,0,19.914810180664062,3519.1228454222733,88.82836361240237,7,1.2
437.73303031921387,0,23.815521240234375,4966.868048822861,104.63764260552777,11,1.9
438.2341830730438,0,20.188232421875,4238.878424331397,103.82285859404288,2,1.8
438.73469495773315,0,23.951080322265625,5656.17874872521,119.82758027544854,17,2.0
439.23272728919983,0,23.111740112304688,5497.064065083125,118.85734205437424,17,1.7
439.7356607913971,0,21.3232421875,5691.894657559377,132.85972063201282,7,2.1
440.23435258865356,0,21.11651611328125,4454.539784394602,105.46247250507987,19,1.3
440.7358121871948,0,21.63848876953125,6233.514803692361,145.1117974754954,10,2.0
441.23736548423767,0,21.748870849609375,4555.949241109111,104.41921402281851,10,1.7
441.73676013946533,0,23.987075805664062,5163.396103616735,107.97481197722416,12,1.9
442.23845767974854,0,20.907577514648438,4113.345916411148,97.81142739120376,9,1.2
442.7376160621643,0,19.586700439453125,17835.389770929767,427.63711151309485,1,2.0
443.23728942871094,0,25.318466186523438,7892.103472441483,166.71626033360434,19,2.0
443.7370705604553,0,24.325164794921875,5837.536451224259,119.9991870398087,19,1.9
444.2389328479767,0,23.5767822265625,6078.834186182243,129.40697210845963,13,2.2
444.7384521961212,0,19.44061279296875,15870.564951316079,342.2217226818203,1,1.4
445.24047112464905,0,18.22076416015625,6407.1008924480875,203.9431479018789,5,1.4
445.74121499061584,0,17.662826538085938,4003.155489806098,112.89246348541015,2,1.8
446.24181747436523,0,18.71484375,4015.227067089827,108.47004800667919,4,1.7
446.741224527359,0,28.395401000976562,5685.431457296559,99.73446051713104,18,1.9
447.24321722984314,0,22.09552001953125,3873.7803373095767,87.30276537030439,5,1.5
447.7440221309662,0,22.298553466796875,4604.514796545309,104.35654507656577,9,1.9
448.2443919181824,0,20.878204345703125,4060.804215012598,96.94320289649588,10,1.2
448.74360370635986,0,23.937530517578125,5148.166943620254,108.03119386525749,11,2.0
449.24515318870544,0,20.807052612304688,3759.8968403384456,89.63306984176572,5,1.5
449.74619579315186,0,22.423065185546875,4674.397376738313,105.11497783627013,9,2.0
450.24444603919983,0,18.960784912109375,15635.65439747544,403.99171424110784,1,1.4
450.7469971179962,0,17.433181762695312,5676.252733878136,153.55774043086177,5,1.9
451.24725222587585,0,17.934585571289062,4452.612873840837,133.37358649810568,5,2.1
451.7475588321686,0,21.124176025390625,3670.608500810896,87.0093109331592,6,1.9
452.2474412918091,0,21.775039672851562,5080.869951422334,116.87693975469658,12,1.7
452.7477123737335,0,27.97442626953125,21887.62918417002,394.03846548252034,17,1.5
453.2467098236084,0,32.209442138671875,114191.7393564326,1774.2623344409294,19,1.6
453.7469277381897,0,32.90736389160156,116172.23809728175,1767.2336256275453,19,1.6
454.24831557273865,0,24.743026733398438,81804.20956096945,1654.1630270622284,17,1.2
454.74821162223816,0,25.836959838867188,87277.22480443986,1691.1045367757054,15,1.6
455.2485885620117,0,32.039703369140625,125367.52080299363,1958.1017738268388,19,1.8
455.74950551986694,0,28.993453979492188,111235.71511860972,1920.6059422719152,19,1.5
456.24957966804504,0,28.5323486328125,85690.90701019535,1502.8906506030282,15,1.5
456.7505702972412,0,19.354080200195312,27186.537183955563,688.9503330602836,5,1.2
457.25051617622375,0,28.11212158203125,69207.58625667311,1256.9311034349496,12,2.2
457.75142669677734,0,18.747665405273438,12757.617507167259,316.6794303001594,1,2.0
458.2516133785248,0,23.474441528320312,45157.430375215714,1030.1416530325573,12,1.3
458.75163888931274,0,16.901092529296875,9955.870465737822,271.28423751613803,1,1.7
459.2526843547821,0,27.0096435546875,79182.3055455774,1559.5540872174743,18,1.7
459.7527103424072,0,32.696380615234375,108534.68362158588,1689.91181777029,15,2.0
460.2535629272461,0,27.098907470703125,73760.70379303888,1314.6655465175336,12,1.7
460.7535243034363,0,17.746505737304688,21587.86984419659,613.0220878993324,3,1.5
461.25499200820923,0,17.584335327148438,20800.48314478768,608.5529990706408,10,1.4
461.7548131942749,0,17.24395751953125,21015.68422256921,601.48605610123,4,1.3
462.25522232055664,0,21.600433349609375,26105.400381410665,599.3398276073992,7,1.3
462.7565631866455,0,20.94659423828125,37216.34411934318,909.8376463115077,6,2.1
463.2564187049866,0,20.035324096679688,34979.4957788472,873.7567665751484,6,1.8
463.7571496963501,0,18.385452270507812,18780.175794947092,502.0273564227672,3,1.7
464.25767183303833,0,21.847503662109375,34879.60507580574,804.8516787982662,6,2.2
464.7598316669464,0,23.630279541015625,13582.447560354818,290.77099947437546,7,2.2
465.26037788391113,0,26.536972045898438,5367.523696681456,100.95349218314706,19,1.6
465.760733127594,0,27.549453735351562,5548.31581272587,101.09093366255308,19,1.7
466.2612552642822,0,24.26214599609375,4889.036025491643,100.44453612604431,12,1.6
466.76085805892944,0,31.4888916015625,6033.162088115827,96.2244094946057,18,1.9
467.26299571990967,0,22.439697265625,4152.438318788638,91.9352866297477,8,1.3
467.76371145248413,0,19.356643676757812,3688.9304519455036,95.41943483816651,4,1.4
468.2625367641449,0,24.688262939453125,4763.927562376181,97.13117548533039,16,1.5
468.7639727592468,0,23.508621215820312,4880.685261788666,103.83424776767893,19,1.5
469.26413321495056,0,26.540023803710938,4691.307686601963,88.39479637813936,17,1.2
469.76387214660645,0,27.85308837890625,5083.128024002099,91.55178647733622,12,1.7
470.2659614086151,0,21.545211791992188,3511.178178543796,80.76040360144958,5,1.2
470.76690912246704,0,20.107986450195312,5489.02101728385,137.15943199142205,3,1.6
471.2659361362457,0,24.505828857421875,5052.035010429588,103.11832399966626,16,1.5
471.76575684547424,0,26.144119262695312,5215.407151665277,100.2519906547347,9,1.7
472.26792216300964,0,20.750457763671875,5488.61320806917,132.18985485718824,3,1.4
472.76770663261414,0,26.599624633789062,5349.98481458587,100.33976181038335,18,1.7
473.26778984069824,0,26.464309692382812,4869.70223674299,92.27522003730472,11,1.6
473.76937556266785,0,20.05133056640625,4268.777042724536,106.92557249003869,2,1.4
474.2687134742737,0,23.738174438476562,4360.596236332227,91.70882140251526,11,1.3
474.7701065540314,0,22.6103515625,4260.2340632793475,94.29309376754632,7,1.9
475.26963090896606,0,24.038650512695312,4650.360400770527,97.13523638803426,10,1.5
475.77125334739685,0,20.569931030273438,4168.691270258529,101.21570154687699,8,1.6
476.2718732357025,0,19.297027587890625,3936.3375270729057,101.67368995374214,2,1.6
476.77107310295105,0,23.329544067382812,5332.9721356736,115.218711185964,12,2.0
477.27283358573914,0,19.736434936523438,5550.232547819368,140.50156519749166,3,1.5
477.7743031978607,0,20.55596923828125,4186.679012104806,101.38174346549323,13,1.2
478.27369952201843,0,20.992889404296875,4241.950172616767,101.8440081698515,13,1.3
478.7741816043854,0,20.61285400390625,4015.740879293781,97.56048335756438,4,2.0
479.2749171257019,0,19.139663696289062,3772.951085832746,98.32983639962785,7,1.2
479.7746901512146,0,19.559844970703125,3536.5994572212194,90.03138842039077,7,1.4
480.2752013206482,0,17.791275024414062,5058.144345942155,142.99143802279477,3,1.3
480.77512884140015,0,22.36346435546875,5417.549235612049,121.22450962464826,14,2.0
481.2770118713379,0,19.684295654296875,5229.548681554249,132.33899986822013,3,1.2
481.77588963508606,0,25.519256591796875,5673.789244816939,111.8371136609604,15,2.2
482.27606892585754,0,35.95686340332031,7012.389888737292,97.75602394939207,17,2.2
482.7781620025635,0,27.707061767578125,4776.382148756134,86.40396517256761,5,2.2
483.27870869636536,0,23.873489379882812,4968.904472873826,104.17413057748024,9,1.9
483.7792499065399,0,22.252426147460938,4572.532562037273,102.9101269598549,9,1.7
484.2797124385834,0,23.479110717773438,4653.263267912658,99.02419337543307,10,2.2
484.77969002723694,0,24.58740234375,5068.8760487289865,103.38627743024526,11,1.8
485.27909564971924,0,32.88322448730469,53388.662797026846,812.8156656388411,16,2.2
485.77878046035767,0,27.642852783203125,69767.28272833144,1256.382627089173,11,1.7
486.27895975112915,0,35.04194641113281,140293.1113491672,2014.442895716934,19,2.1
486.78043508529663,0,24.146636962890625,64390.93816554485,1314.137453127192,10,1.8
487.28051471710205,0,18.266082763671875,23184.776475231374,644.8563795750681,4,1.4
487.7811505794525,0,19.818115234375,21133.63039871883,524.5705697566985,3,2.2
488.28137826919556,0,19.970138549804688,24520.64039950874,609.0593698018663,4,2.1
488.78151416778564,0,19.395339965820312,20507.800721124655,520.176496920367,3,2.0
489.2821943759918,0,22.704025268554688,60780.20133414368,1359.7588812922104,15,1.5
489.782586812973,0,26.172653198242188,85053.62532378272,1672.3180362524201,14,1.7
490.2832794189453,0,24.610122680664062,77973.13479633568,1563.6655086744017,14,1.5
490.7834360599518,0,20.355880737304688,36521.684098448946,910.4985551440246,5,2.1
491.28432273864746,0,22.814849853515625,53414.841315673715,1115.5015335802577,9,2.0
491.7847785949707,0,25.447280883789062,70481.3637005007,1452.84677639378,12,1.9
492.2846941947937,0,31.489456176757812,101376.67475384378,1582.1486316036348,14,2.2
492.7855176925659,0,27.059555053710938,75334.63968334274,1418.2051376612392,11,2.0
493.28593730926514,0,21.778671264648438,41184.69695932924,935.3646855888129,6,2.2
493.7861602306366,0,17.13201904296875,9382.838946801683,230.0371012964434,1,1.7
494.28652000427246,0,22.084762573242188,40124.897104290176,1066.436640280458,15,2.0
494.78743529319763,0,31.625900268554688,119844.78701378753,1896.4203229222705,19,1.8
495.28880763053894,0,24.42010498046875,83282.84487790074,1706.7084696537606,17,1.2
495.7888972759247,0,17.919097900390625,15306.27328490274,423.7378489814756,2,1.6
496.2893657684326,0,16.8690185546875,6876.7648485229,177.78153425331607,1,1.7
496.78911447525024,0,20.305755615234375,27516.17729829197,771.5546417906186,16,1.8
497.2895014286041,0,17.775009155273438,18732.69495582443,495.9772410235015,3,1.2
497.7912976741791,0,28.461639404296875,52081.43393625231,966.739814567605,19,1.6
498.29319024086,0,22.867080688476562,6317.397612859929,138.32111073076044,3,2.2
498.7935559749603,0,21.564163208007812,5656.82515713658,131.05076105854042,11,1.8
499.29364037513733,0,23.501739501953125,4946.165469494852,105.43900377221289,12,1.7
499.79421520233154,0,22.485198974609375,4774.6386717335845,106.33661737661086,11,1.6
500.2947647571564,0,24.500259399414062,4508.008010617561,92.28473719972422,9,1.4
500.79544734954834,0,23.756546020507812,4917.981638324644,103.59250026815954,18,1.5
501.29617500305176,0,23.971282958984375,4328.143124482065,90.06610133025076,5,2.2
501.7954716682434,0,25.788131713867188,5095.118209285037,98.92147396735365,16,1.6
502.2974750995636,0,21.703994750976562,4065.8084766496027,93.99191362724648,4,1.6
502.79641485214233,0,29.91375732421875,6094.633587522204,102.16035273929978,19,2.1
503.2971074581146,0,30.957305908203125,6330.8010569551225,101.91455320289943,17,2.1
503.7979247570038,0,27.459625244140625,5533.004783270197,101.27596335617923,16,1.8
504.2986731529236,0,24.245437622070312,5034.353604169163,103.93708042234206,13,1.6
504.7989995479584,0,20.247589111328125,4314.535122879045,106.23487014543169,2,2.0
505.2990896701813,0,25.676956176757812,5383.1664343823795,104.45163287803109,12,2.1
505.8031487464905,0,29.248580932617188,5802.1426808502865,99.90228266908733,17,2.0
506.30316948890686,0,22.847457885742188,4421.683620707877,96.59717991546292,13,1.2
506.8020007610321,0,21.571487426757812,4308.2997889420285,99.80767470533186,9,1.6
507.3023796081543,0,20.510055541992188,3880.5434968770173,94.734019419007,8,1.4
507.8019788265228,0,25.512954711914062,5276.197960524722,103.67282150839375,14,1.9
508.3034448623657,0,19.802947998046875,5327.902198100226,134.27293755769352,3,1.3
508.8028175830841,0,22.89874267578125,3910.3463342641826,85.41953712020855,7,1.3
509.30309772491455,0,28.355789184570312,5554.689213759574,98.6042032475482,18,2.0
509.8046622276306,0,24.256820678710938,4841.838264589054,99.88943036242802,9,1.8
510.304527759552,0,24.2078857421875,4959.302106515753,102.15679412639743,16,1.6
510.8043019771576,0,26.8330078125,5517.0060025162065,103.30560104814936,11,2.2
511.3049523830414,0,29.120697021484375,6019.087338189034,103.53460968930872,16,2.1
511.80508613586426,0,21.400772094726562,17509.933281808517,364.23919499244573,1,1.8
512.3051781654358,0,20.931594848632812,9167.006609191645,243.4597094417225,7,1.9
512.8069832324982,0,18.165573120117188,5233.895125224859,143.23798004030243,3,1.2
513.3082096576691,0,20.520782470703125,3829.8542450704886,93.32002825593932,6,2.1
513.8085107803345,0,21.664459228515625,4506.413970228866,104.82606447941333,14,1.4
514.3083267211914,0,27.26678466796875,5640.102320484754,103.38586064793985,17,1.9
514.8094205856323,0,24.126251220703125,4848.806012007173,100.72016484329642,16,1.4
515.3105108737946,0,21.670425415039062,4182.511825205334,96.02949458277854,14,1.2
515.8107285499573,0,21.497604370117188,4175.607191363427,97.35968547776334,8,1.7
516.3098084926605,0,28.634857177734375,52483.48295948302,923.3501615143018,14,2.2
516.8088691234589,0,39.903411865234375,149798.61509490677,1878.9370756870649,19,2.2
517.3092088699341,0,38.257781982421875,121040.83094952237,1583.3902767241716,15,2.2
517.8106088638306,0,23.6800537109375,34368.98289956708,682.8109512493105,6,1.2
518.3110244274139,0,24.778793334960938,74160.54686961182,1587.6882892635829,18,1.3
518.8108854293823,0,17.482437133789062,15541.940316983657,413.78670174186044,2,1.4
519.3113131523132,0,28.176437377929688,81116.31090374979,1541.9266608215985,15,2.2
519.8121919631958,0,23.917816162109375,69035.4792719747,1444.2790163562104,12,1.5
520.3123791217804,0,26.839950561523438,85056.135292591,1546.4633552456164,14,1.8
520.8132019042969,0,29.42059326171875,101606.39500550441,1754.451364757576,15,1.9
521.3135750293732,0,28.488998413085938,101743.72779562556,1804.9774602247926,17,1.6
521.8140344619751,0,27.042083740234375,87226.36239620147,1595.5501215982124,13,1.9
522.3142993450165,0,34.47685241699219,136206.0320051026,2000.9077152878433,19,2.1
522.8150897026062,0,29.934768676757812,102726.73337460322,1717.2005087151883,15,1.8
523.315484046936,0,24.6512451171875,66730.10089840298,1354.86056956666,11,1.7
523.8162565231323,0,18.909332275390625,31348.865665993908,823.0327635764443,6,1.3
524.3169076442719,0,23.271194458007812,57025.79290872767,1225.5064969467596,10,2.2
524.8179974555969,0,27.118240356445312,29360.668443088347,546.3481334060311,11,2.2
525.319226026535,0,28.518768310546875,5643.8893902036125,98.84718615135532,17,1.7
525.819721698761,0,24.860626220703125,5138.141625331188,103.014299690781,13,1.7
526.3209238052368,0,20.88092041015625,3741.9668038078216,89.22020501997878,7,1.3
526.8211591243744,0,21.389297485351562,3922.6635542476447,92.28914607185635,5,2.1
527.3219127655029,0,19.446929931640625,4252.000684673801,109.01463662656123,2,2.0
527.8214643001556,0,26.009078979492188,5661.149500142289,110.00005045376118,11,2.2
528.3213491439819,0,21.187393188476562,15417.996927668632,308.9101118659424,1,1.3
528.821943283081,0,25.381973266601562,8049.542941260392,182.05834319747174,12,2.2
529.3235082626343,0,24.11444091796875,4728.130076138777,97.53491727222337,11,1.4
529.8242077827454,0,21.840316772460938,3743.8345914483334,86.1251244474533,6,2.0
530.3244316577911,0,20.697280883789062,5965.75791673262,144.94657616352492,3,2.2
530.8232939243317,0,18.35888671875,15932.31868694774,245.7665363440517,1,1.6
531.3234515190125,0,20.742279052734375,9045.831790946957,312.5982435929691,16,1.5
531.8261864185333,0,19.5316162109375,3473.7804370371464,89.18872771135541,5,1.4
532.3263263702393,0,18.780303955078125,5345.137522421838,142.64944840126554,3,1.6
532.8271145820618,0,20.615158081054688,4551.843799056001,110.30718227136973,16,1.4
533.3277206420898,0,21.53021240234375,4216.674323190765,97.39801729832091,11,1.3
533.8283212184906,0,20.254470825195312,4021.2942384301055,99.87918309292547,4,1.8
534.3277823925018,0,23.3056640625,6324.8815752775945,135.803896920176,12,2.2
534.8293995857239,0,19.995681762695312,4281.439087526695,106.77305356915288,6,1.4
535.3284683227539,0,31.669692993164062,6251.088192665418,99.59048231635192,18,2.2
535.8296916484833,0,29.81048583984375,5714.732422456043,95.70457909769355,16,1.6
536.3307499885559,0,21.440032958984375,4246.94140641996,99.30022048346943,2,1.8
536.8308131694794,0,21.410400390625,4398.388052382423,102.42685610682236,15,1.4
537.3316652774811,0,23.475296020507812,4724.914790826683,101.17018323965844,10,2.0
537.8307886123657,0,19.223129272460938,15195.21607789379,347.13390860663577,1,1.4
538.3305509090424,0,22.027389526367188,6900.573787863662,175.73575821893658,18,1.6
538.8319418430328,0,23.016845703125,5738.104103870489,124.8650678320269,13,2.1
539.3331997394562,0,25.82867431640625,5310.41165632301,103.02503207877555,17,1.6
539.8325960636139,0,27.30206298828125,4882.753354082857,88.85775412067952,8,2.0
540.3347442150116,0,23.74468994140625,4700.4489870879015,99.72756038690805,10,1.7
540.834710597992,0,23.80303955078125,4925.405859535721,102.88601986209868,17,1.5
541.335734128952,0,23.772552490234375,4605.672403912795,97.71773565141036,18,1.3
541.8341772556305,0,23.892135620117188,59532.945466936675,1246.8537963143324,12,1.6
542.3346121311188,0,25.860580444335938,83288.47621670629,1611.874106604972,15,1.6
542.8348400592804,0,28.288116455078125,97135.12030560206,1718.8843264702869,16,1.7
543.3349461555481,0,30.414382934570312,107478.84535147394,1757.6881344265635,15,2.0
543.8360693454742,0,21.650192260742188,32033.848750462123,698.2386030544089,4,2.2
544.3364095687866,0,21.823562622070312,55638.25771104182,1356.5612779491955,13,1.3
544.8367776870728,0,-262121.8330078125,56536.32667769595,-0.10796124716233216,11,1.4
545.3374578952789,0,23.290878295898438,71361.89735109474,1493.2455340735107,15,1.3
545.8374500274658,0,17.579071044921875,16970.363612479232,494.33783945655705,2,1.8
546.3382501602173,0,20.693344116210938,43013.424070031244,1043.3789666255948,13,1.4
546.8386347293854,0,20.601318359375,37697.1840749643,867.3716743893913,6,1.9
547.3387672901154,0,28.403640747070312,83986.22442719292,1558.3917707650066,14,2.1
547.84010887146,0,22.689422607421875,54267.70488368629,1196.857252379665,10,1.4
548.3401367664337,0,20.449752807617188,43424.3085298409,1045.8806128958845,8,1.6
548.8403885364532,0,19.394775390625,36184.96424092225,932.776979141753,7,1.4
549.3409616947174,0,21.460922241210938,44756.90459949089,1017.803417509028,7,2.1
549.8417029380798,0,19.723785400390625,34924.22628059293,920.8678573252113,6,1.7
550.341863155365,0,23.102630615234375,54869.391271682216,1191.812329018648,11,1.7
550.8427791595459,0,21.769561767578125,47272.09603539155,1046.9664131661398,8,1.8
551.3431675434113,0,23.755661010742188,57247.17384177435,1195.209848598228,9,2.2
551.8433997631073,0,17.799026489257812,12946.955934922511,372.4360994687422,1,1.9
552.3438143730164,0,22.131622314453125,48127.89294238417,1113.2487103717688,11,1.7
552.8445460796356,0,19.856109619140625,38784.59545404851,977.3314295814154,7,1.5
553.344584941864,0,17.391555786132812,13188.134785297054,360.69228521819696,2,1.8
553.8449621200562,0,17.036544799804688,14198.038028823214,413.3467250989022,4,1.3
554.345520734787,0,17.945114135742188,17260.749042063784,492.4460180723455,3,1.7
554.8464162349701,0,25.598434448242188,82230.61762695582,1665.3752824687847,18,1.6
555.3487787246704,0,27.253326416015625,54103.068376005656,988.6499573925828,19,1.6
555.849650144577,0,22.457107543945312,4373.7807647917925,97.92000130457028,4,2.1
556.3493447303772,0,25.490859985351562,5588.123682971282,109.13715745952427,18,2.1
556.8510084152222,0,24.198455810546875,4941.112169298183,102.44455346276807,18,1.4
557.3515293598175,0,22.026336669921875,4196.010857725717,94.8410092565524,10,1.5
557.8514766693115,0,23.404388427734375,4851.287552621899,103.8694092565669,13,1.6
558.3524250984192,0,20.3359375,3832.5200916599447,94.1190933538225,4,1.4
558.8516149520874,0,23.155197143554688,5507.157471763042,119.88669251182372,13,2.1
559.3523654937744,0,25.01123046875,5324.261053522388,106.51215274388458,13,1.8
559.8538959026337,0,20.037551879882812,5348.765292895126,132.9503731778026,3,1.4
560.352432012558,0,18.5479736328125,14043.53817899459,272.9678238836421,1,1.3
560.8545200824738,0,21.384231567382812,7457.862624522922,224.32417011967001,15,1.4
561.3547623157501,0,20.326553344726562,5484.644428982427,134.45466890770433,3,1.8
561.8558342456818,0,19.499603271484375,4439.670315284384,113.74590390992905,11,1.2
562.3560206890106,0,19.66656494140625,4396.112045846882,111.30566047104901,2,2.2
562.856618642807,0,21.195602416992188,4184.953737966441,99.9263884239512,7,1.8
563.3571774959564,0,18.610641479492188,3669.446670832857,98.81443377577651,2,1.5
563.8576011657715,0,20.7396240234375,4502.649626255343,108.1986827468084,17,1.4
564.3564786911011,0,22.99652099609375,5239.8971174505,113.84330701346958,17,1.7
564.8581261634827,0,20.337142944335938,5816.907037246038,143.28462989987358,3,1.9
565.3584752082825,0,20.754348754882812,4413.759158317558,107.01371679886954,17,1.3
565.8573698997498,0,23.38299560546875,5206.812784472435,110.8925496010253,15,1.8
566.3575661182404,0,22.756271362304688,5981.2637862898455,132.18334199436083,13,2.0
566.8592994213104,0,24.84381103515625,5514.053734259126,110.93306079731526,12,2.1
567.3608169555664,0,22.551895141601562,4561.445945611855,101.27751950152947,11,1.4
567.8616590499878,0,21.482772827148438,4097.87423820463,95.23910234783133,11,1.3
568.3610272407532,0,26.315521240234375,5419.309002867822,103.32305315856186,15,1.9
568.8623125553131,0,22.694198608398438,4606.789828807677,101.43561531836156,12,1.4
569.3620803356171,0,27.325927734375,5650.395728812722,103.08890616205206,17,1.9
569.8638005256653,0,22.33123779296875,4218.264060831256,94.53125794328665,10,1.2
570.3642039299011,0,21.41888427734375,4067.5886066131934,95.28974402083624,10,1.3
570.8645062446594,0,22.805099487304688,4712.108939960902,103.31022678991405,9,2.0
571.3656184673309,0,18.843887329101562,3649.951938081491,97.11372011728382,2,1.2
571.8643879890442,0,24.017898559570312,5223.441443949927,109.0436781346309,11,2.1
572.3650288581848,0,24.92596435546875,5232.510194881778,105.11127925227787,11,1.9
572.8668265342712,0,23.0140380859375,4425.102174445272,96.02834547103659,10,1.7
573.3661422729492,0,24.148483276367188,5173.149114855692,107.3359337038219,13,1.8
573.8676240444183,0,21.719924926757812,4105.83646026704,94.75170871629724,8,1.4
574.3679456710815,0,22.088607788085938,4371.97840981285,98.51232005548498,16,1.3
574.8684451580048,0,20.067962646484375,3329.9979159248996,82.96806354140213,5,1.3
575.3684930801392,0,19.932022094726562,18134.38524567676,452.8893233761909,7,1.4
575.8674809932709,0,19.40380859375,32837.649478367726,839.2682251692293,7,1.2
576.367725610733,0,17.951004028320312,20439.09337278121,555.7349318323038,4,1.3
576.8682770729065,0,21.141860961914062,45487.846694509535,1126.9585039330866,10,1.5
577.3685684204102,0,20.493316650390625,36552.42094290414,877.7007795688917,6,1.9
577.8690061569214,0,20.413833618164062,43483.615542194835,1082.2073116312029,9,1.5
578.3692970275879,0,20.349227905273438,34002.579226614354,822.193356813514,5,2.1
578.8700380325317,0,16.673248291015625,7654.828686519036,207.4580753328001,1,1.3
579.3700361251831,0,17.6151123046875,14440.185890382178,436.2163503184272,12,1.8
579.8710813522339,0,22.814971923828125,36744.439668309155,848.3025999162655,7,2.2
580.3717713356018,0,22.109970092773438,49488.3778117139,1120.1281546778155,13,1.2
580.8715250492096,0,28.826080322265625,90196.48744571934,1541.798243227363,13,2.1
581.3721282482147,0,19.50164794921875,28009.130549462116,723.9388197737195,4,1.7
581.8726804256439,0,27.880447387695312,97985.4049599122,1773.8237594360248,19,1.7
582.3729991912842,0,28.719696044921875,95405.47572089527,1645.247217313596,14,1.9
582.8741769790649,0,26.345504760742188,85354.26208044849,1638.192184661113,15,1.5
583.3746671676636,0,24.042770385742188,82072.12004905334,1708.8712881592367,18,1.2
583.8749921321869,0,21.836532592773438,46439.702269935566,1049.8919598428877,7,2.0
584.3751308917999,0,25.810775756835938,76269.72166064689,1498.8700984608654,14,1.7
584.8761084079742,0,21.819351196289062,58235.574210179424,1272.31097525583,12,1.2
585.3759965896606,0,17.075027465820312,15359.53693666949,424.6552466468697,2,1.4
585.8772039413452,0,18.619522094726562,27140.37019110309,781.16935150121,7,1.5
586.3775727748871,0,22.417938232421875,46104.25624392935,1036.892856024645,7,2.2
586.8773276805878,0,26.468109130859375,70358.92236754275,1365.03895391136,11,2.1
587.3782062530518,0,23.227752685546875,60467.74750929756,1276.6624650025553,11,1.5
587.8787870407104,0,20.261932373046875,40120.88429374468,1011.0091980787507,7,1.6
588.3788204193115,0,30.227569580078125,102388.77541206701,1695.1412472728337,16,2.1
588.8822977542877,0,24.657958984375,38690.29971641885,785.0609213952613,19,1.2
589.3813083171844,0,28.560699462890625,5662.527731418625,98.80710392498159,14,2.2
589.882928609848,0,21.402435302734375,4783.433377320288,111.01540391977927,2,2.1
590.3836364746094,0,19.21063232421875,3442.3687160737836,90.67895166594121,5,1.3
590.8840544223785,0,18.606170654296875,5035.317233466624,135.60017517185048,3,1.3
591.3846170902252,0,20.171249389648438,5350.318705267215,131.5238312090612,10,1.9
591.8850648403168,0,20.421951293945312,3569.5669223004634,88.18941804713634,6,1.5
592.383889913559,0,22.3092041015625,4837.418010033755,107.9823372018582,18,1.6
592.8855028152466,0,24.37213134765625,5058.8054982961075,104.05327149379059,14,1.7
593.3860604763031,0,28.011184692382812,5754.574826651008,102.60187248636926,17,1.9
593.886937379837,0,22.91717529296875,4543.655506977869,99.09598242226514,13,1.3
594.3876352310181,0,18.749526977539062,3637.278371603359,97.44245826514178,2,1.4
594.8877265453339,0,27.957183837890625,6345.674983685373,113.67382417440872,19,2.2
595.3873569965363,0,31.301467895507812,6517.939364631188,104.24431246779596,19,2.1
595.8879489898682,0,26.077407836914062,5358.444126534382,102.65590877520248,11,1.9
596.3884959220886,0,28.645477294921875,5793.398106942413,101.41216954045949,18,1.9
596.8899836540222,0,21.518051147460938,4562.692442648638,105.53929742229332,2,2.1
597.3904275894165,0,22.407928466796875,4945.002720806133,111.25526412198354,9,2.1
597.8904016017914,0,21.755218505859375,4844.00762142086,110.77801858670875,16,1.6
598.3912794589996,0,21.2293701171875,5954.512291406409,141.2194513285531,3,2.0
598.891503572464,0,21.1434326171875,4651.884445106615,109.58485511555537,15,1.4
599.3924508094788,0,21.258224487304688,4318.2068643492585,101.46661125383027,9,1.5
599.8917701244354,0,25.186416625976562,5188.765286497535,103.54787815707702,11,2.1
600.3938806056976,0,22.309234619140625,4408.0901028263825,99.01729206365275,8,1.7
600.8932273387909,0,20.663742065429688,3758.37471586301,90.88382898187074,6,1.9
601.3934087753296,0,24.021652221679688,5108.220183792871,106.27911754112824,13,1.8
601.8948740959167,0,23.868072509765625,4665.989413048057,97.8294329818478,19,1.3
602.3955655097961,0,20.381271362304688,3759.61895416612,92.8303228178036,8,1.3
602.8950970172882,0,23.837631225585938,5025.301551810402,105.50544960610617,12,1.9
603.3963499069214,0,19.540023803710938,3937.257060799748,100.56282529332526,2,1.6
603.896684885025,0,21.093887329101562,3888.772931759412,91.87495741130158,5,1.9
604.3968961238861,0,20.27862548828125,4890.233710802346,121.35931014763202,11,1.5
604.897424697876,0,21.629852294921875,4436.099883395194,102.31230291478018,12,1.4
605.3973724842072,0,23.890396118164062,5030.0672116422,105.60729037396507,11,1.9
605.8987817764282,0,21.555389404296875,4262.270825843195,99.09354732298213,8,1.6
606.3991508483887,0,20.41217041015625,3773.611642290349,92.39585806424606,5,1.7
606.8984661102295,0,26.727493286132812,5552.67988822014,104.23723505134981,16,2.2
607.4001216888428,0,25.304489135742188,4115.538348613354,80.89473725468913,6,1.8
607.8999619483948,0,26.770645141601562,5318.828598957642,99.6240466336571,11,2.1
608.400995016098,0,24.992584228515625,4982.344721395732,99.70957693749489,18,1.5
608.9008882045746,0,25.875640869140625,5274.727138386989,102.10375129880775,14,1.8
609.4022238254547,0,23.5206298828125,4745.322832796287,101.27279804443614,8,2.2
609.900575876236,0,24.389923095703125,70336.56690434385,1446.3350237547374,14,1.5
610.4005098342896,0,30.555740356445312,110440.50300641569,1748.7385144876332,17,1.9
610.9012079238892,0,33.31495666503906,129669.51811908143,2012.8496841291442,19,1.9
611.4013056755066,0,33.348388671875,119038.56995931924,1786.443134814598,15,2.2
611.9026546478271,0,20.354263305664062,14443.13170094835,342.28701355461317,1,2.0
612.4030587673187,0,21.443313598632812,51039.87006908846,1234.277523306262,15,1.2
612.9029593467712,0,19.154754638671875,27205.78819216578,710.8417861177097,4,2.0
613.403822183609,0,19.07940673828125,30729.30702789175,806.2095541543905,6,1.5
613.9045150279999,0,20.937286376953125,44537.41344858492,1064.7034003670162,10,1.6
614.4044232368469,0,34.663421630859375,142010.24809851445,2050.057283921923,19,2.1
614.9047014713287,0,25.439483642578125,44686.10459837264,877.4549166807622,7,1.5
615.4056148529053,0,18.814712524414062,13679.147892124172,364.5551315811883,2,2.0
615.9060084819794,0,26.9251708984375,81521.19949245744,1515.3849962143709,16,1.8
616.4061539173126,0,17.669723510742188,16457.81015863282,433.96264776516125,2,1.4
616.9069354534149,0,27.451141357421875,83032.50411010854,1618.256939542133,16,1.8
617.4073555469513,0,18.061843872070312,20211.80284980563,516.0602685982356,3,1.2
617.9077475070953,0,25.273513793945312,68119.68809494171,1455.0410481034821,13,1.8
618.408111333847,0,19.368560791015625,30315.02427355923,763.8151414359296,5,1.5
618.9085650444031,0,31.567626953125,116325.85725453921,1890.1959304259055,18,2.1
619.4092102050781,0,27.841812133789062,87106.6252819616,1565.630850123394,13,1.8
619.9103212356567,0,22.278106689453125,47268.24797906107,1058.2586899613566,8,1.7
620.4120573997498,0,22.020751953125,38891.11549301329,885.5283435147511,7,2.2
620.913526058197,0,21.978561401367188,4273.761917638223,96.82162363309305,16,1.2
621.4138224124908,0,23.04290771484375,4461.270860278885,97.25335134490842,18,1.3
621.912829875946,0,20.348541259765625,17464.710501004014,427.6965060492126,1,2.0
622.4139113426208,0,25.259613037109375,6698.329413272891,133.65208703079713,12,2.1
622.9156174659729,0,21.292984008789062,4165.720715795567,97.68475846980594,8,1.4
623.4139091968536,0,21.648651123046875,4652.4820400630815,107.11983794367782,17,1.5
623.9151854515076,0,23.413558959960938,5457.582395909357,116.76994534130242,13,2.0
624.416871547699,0,22.277786254882812,4361.598118594157,98.34908975840361,9,1.4
624.9170732498169,0,23.236297607421875,4557.968777911265,98.38056125042192,15,1.4
625.417699098587,0,23.5010986328125,4802.020372883719,102.03778289121706,10,2.1
625.9182095527649,0,20.015243530273438,3400.269816031787,85.13511201713172,5,1.2
626.4184520244598,0,21.22027587890625,4086.7848886899983,96.22872066568299,12,1.3
626.9172973632812,0,18.987884521484375,15422.224558715823,403.8891215776404,1,1.5
627.4195535182953,0,19.028900146484375,6342.809461042246,167.74484996126947,3,1.5
627.9193165302277,0,24.82373046875,5521.497796008773,111.06308149255493,18,1.9
628.4195652008057,0,27.567214965820312,5697.521901923262,103.89152489836133,14,2.0
628.9202644824982,0,28.2720947265625,5673.18248028501,100.59389046005052,18,1.8
629.421532869339,0,25.692184448242188,5295.2163132398355,103.14420734984674,17,1.6
629.9220781326294,0,21.769241333007812,4639.338657904115,106.38864095315732,2,2.2
630.421788930893,0,27.37078857421875,5588.267237055834,102.44498408939374,19,1.8
630.9231657981873,0,21.616363525390625,3944.3529358756236,91.27344651113542,4,1.4
631.4214565753937,0,23.421066284179688,5380.053489984858,114.8111690293259,15,1.9
631.9240808486938,0,22.705230712890625,5312.140017232717,117.2417067089603,9,2.1
632.4233756065369,0,27.508041381835938,5815.503441482766,105.82360116421034,13,2.2
632.9250705242157,0,21.622406005859375,4304.114905576338,99.57263772665108,10,1.2
633.4252581596375,0,20.114105224609375,5703.35503427507,141.98991046868528,3,2.0
633.9262075424194,0,21.12408447265625,4357.668047756466,102.20561287731473,15,1.2
634.4265797138214,0,21.363494873046875,4047.0948013470943,95.48999412889853,4,2.1
634.9271409511566,0,20.416427612304688,3395.3846109059086,83.16832073876822,6,1.3
635.4273722171783,0,19.132705688476562,5266.62049485734,138.40175263840828,3,1.6
635.9267554283142,0,24.5736083984375,5389.7522182669745,109.54842106831853,11,2.1
636.4283094406128,0,19.73236083984375,5395.51866540191,136.22292952257226,3,1.4
636.9290592670441,0,21.596527099609375,4600.141556220565,106.82273077330696,16,1.5
637.4297795295715,0,22.674240112304688,4597.578032671098,101.30438720870214,10,1.7
637.9292454719543,0,25.414993286132812,5298.157831666585,104.78066903338562,13,1.9
638.430017709732,0,21.437774658203125,8728.538611462198,197.68842930617973,3,2.0
638.9290509223938,0,18.455612182617188,14862.72753100272,405.7844262166321,3,1.2
639.4294354915619,0,20.941390991210938,36545.880689092606,895.3559965462342,9,1.8
639.9293966293335,0,18.17913818359375,25474.1319260726,682.3205739859727,5,1.2
640.4294717311859,0,36.32167053222656,123168.37855548329,1743.0365694173654,18,2.2
640.930023431778,0,22.037063598632812,37530.39746684247,807.4124721908904,5,1.8
641.431120634079,0,20.273086547851562,30266.755395118955,758.4932843701383,6,1.4
641.9317836761475,0,22.204513549804688,40972.988393107575,915.084221702246,7,1.9
642.4316399097443,0,31.280593872070312,112143.44149778411,1877.8735544547453,18,2.0
642.932886838913,0,22.482772827148438,45422.49280393966,986.3552049603952,6,2.2
643.4326436519623,0,28.62078857421875,94760.03293154662,1697.6471446271562,16,1.9
643.933188199997,0,20.552230834960938,27163.562200157943,644.0663354891303,3,2.2
644.4343030452728,0,23.9385986328125,77790.63313029162,1669.5212870656026,19,1.2
644.934839963913,0,23.314285278320312,58165.9152120719,1202.6961009211839,9,2.0
645.4345624446869,0,18.995285034179688,27241.321067125,717.33590601466,4,1.9
645.9352481365204,0,22.76300048828125,51937.42467081799,1184.509924949524,14,1.7
646.4354405403137,0,18.255630493164062,16418.992930917633,446.82105080152894,2,1.9
646.9357941150665,0,17.431777954101562,11937.440060097877,328.65264891995776,3,1.9
647.4364175796509,0,30.162094116210938,99562.68989551027,1732.0415419008318,17,2.1
647.9373257160187,0,21.936492919921875,44205.65825434578,982.1989357484192,6,2.1
648.4372737407684,0,17.331588745117188,16201.347513847459,480.1060146516728,3,1.2
648.9385356903076,0,22.823837280273438,71191.26714379362,1560.605237524427,18,1.2
649.438333272934,0,18.28729248046875,12887.368461195825,342.5329368297738,1,2.1
649.9390985965729,0,26.8505859375,84875.88034721724,1628.0464084378978,19,1.7
650.440007686615,0,21.587051391601562,46450.57865303312,1076.7565971998877,7,1.8
650.9406077861786,0,24.683990478515625,83686.57965127686,1696.9298394624434,19,1.3
651.4421675205231,0,32.932769775390625,90869.59568686722,1374.588299397391,18,2.2
651.9434478282928,0,25.004180908203125,4707.1521138352555,94.34422221869633,7,2.2
652.4438252449036,0,21.231948852539062,4514.86643420627,106.63175649696684,16,1.4
652.9443044662476,0,19.773880004882812,4501.304852741927,112.92674980573362,6,1.5
653.4447405338287,0,18.695770263671875,3299.307694347729,88.84362487206651,5,1.3
653.9448516368866,0,19.357574462890625,3524.6392404909116,91.33375689135737,6,1.8
654.4456627368927,0,23.276535034179688,4737.852615016721,101.69039320174821,15,1.5
654.9464797973633,0,21.139556884765625,3572.3413874109438,84.24963728939326,6,1.5
655.4460043907166,0,24.371261596679688,5032.508840386888,103.93388909932726,12,1.9
655.9476776123047,0,21.793182373046875,4196.089923397548,96.58984006867203,11,1.2
656.4478175640106,0,22.049591064453125,4328.187828091639,98.23311433162496,16,1.3
656.9473695755005,0,29.80364990234375,6083.512515145251,102.00092975058519,19,2.1
657.4488985538483,0,22.865219116210938,3940.8560973342956,86.11332303411089,5,1.6
657.9497723579407,0,22.895309448242188,3850.9775317373715,83.90364866404926,5,1.5
658.4485104084015,0,25.974288940429688,5525.743878717151,106.95191719670014,14,1.9
658.9499025344849,0,18.9986572265625,5317.142765864971,139.22036533729127,3,1.2
659.4484877586365,0,22.440383911132812,4877.411897039512,109.2227303109571,2,2.0
659.9509871006012,0,21.566070556640625,3924.1131258079727,91.20808516479241,6,1.2
660.4498569965363,0,17.850189208984375,15017.743455538355,360.4443585820162,1,1.5
660.9521007537842,0,19.913955688476562,6489.361283710677,185.94999697336794,9,1.5
661.451269865036,0,31.66851806640625,6348.791843397221,100.5099131359893,17,2.2
661.9531338214874,0,28.686599731445312,5177.668356665505,90.25119826808971,8,2.2
662.4538173675537,0,24.473373413085938,4365.413141795199,89.64845029606201,7,1.9
662.9544689655304,0,21.021240234375,4103.5499050413055,97.6631243975239,12,1.2
663.454865694046,0,19.306167602539062,3227.926607211692,82.71967968360379,6,1.2
663.9553549289703,0,21.544906616210938,4085.4576088883737,96.07839276696977,4,1.6
664.4540379047394,0,20.382537841796875,4210.481496934318,103.12749159673302,16,1.3
664.955659866333,0,19.476577758789062,3920.1887015426255,100.89041433951444,6,1.5
665.4565050601959,0,20.449798583984375,3865.7542716512326,94.71975931914538,7,1.7
665.9574553966522,0,21.603744506835938,4650.742112554981,107.34250255858254,9,1.9
666.4573543071747,0,21.628082275390625,4375.832031080244,101.02606288335551,7,2.1
666.9565949440002,0,32.45550537109375,6479.374040630793,100.16790565509045,18,2.2
667.4576308727264,0,32.06317138671875,6180.986356897975,96.55938156143934,19,2.0
667.9591550827026,0,23.583145141601562,4044.575286267562,85.18795894005028,6,2.0
668.4590106010437,0,18.651107788085938,4823.754037103882,130.23355114335948,3,1.2
668.9597411155701,0,19.092620849609375,3619.892026277619,95.16765740609021,7,1.3
669.4600398540497,0,19.721145629882812,4182.708604350632,105.57196012209417,4,2.2
669.9603867530823,0,19.385787963867188,5813.572202637218,151.0384826996687,3,1.9
670.4610254764557,0,21.815505981445312,4669.470223038966,106.80476547194134,11,1.5
670.9611809253693,0,27.438644409179688,5305.150224437608,96.79778491941192,18,1.8
671.4620299339294,0,24.05340576171875,4934.353693602609,102.77130916463456,14,1.5
671.9629406929016,0,21.629302978515625,15786.982011652108,366.30861419204825,11,1.2
672.4618809223175,0,22.372833251953125,67149.29437869249,1501.7320167559435,16,1.2
672.9622304439545,0,18.467742919921875,31001.328332488505,840.3300862098881,6,1.2
673.4618985652924,0,29.021942138671875,96063.0021777696,1656.5052666113559,16,2.1
673.9622819423676,0,25.767181396484375,73329.84974317845,1424.4088026254858,11,1.9
674.4632549285889,0,25.689498901367188,81292.6079606749,1583.409631934673,15,1.5
674.9641711711884,0,22.282012939453125,55900.28199284714,1255.5418613219163,10,1.6
675.4640200138092,0,29.745941162109375,109255.84330894791,1838.5701666641019,17,1.9
675.9648385047913,0,24.373306274414062,61073.31184020711,1254.076884599228,9,2.0
676.4656839370728,0,24.544052124023438,85878.85521235723,1750.974117184814,19,1.2
676.9650104045868,0,25.9222412109375,74475.0609148,1376.578502978503,11,2.1
677.4660921096802,0,25.612747192382812,79703.57682199965,1624.113168632343,15,1.6
677.9666821956635,0,31.380050659179688,119314.01186463375,1902.6737926101482,19,1.8
678.4671778678894,0,20.113128662109375,43517.192121072556,1083.0736662585139,8,1.2
678.9673764705658,0,26.195465087890625,82906.63373511593,1583.8237596010126,16,1.8
679.4683287143707,0,22.712677001953125,62301.09376941882,1372.6695447357,12,1.3
679.9684371948242,0,21.5364990234375,46355.75923752954,1077.2410118632636,7,2.1
680.4691631793976,0,18.11065673828125,14158.647237392663,375.138245850535,2,1.9
680.9691681861877,0,17.158004760742188,10964.754889846246,314.37221723714435,2,1.6
681.4701473712921,0,18.12969970703125,26170.052572882953,733.1064614845961,8,1.2
681.9704203605652,0,27.413131713867188,92193.83272822744,1756.4574709150386,18,1.7
682.4726173877716,0,27.284347534179688,70536.16910644429,1293.9653387632843,19,1.5
682.9740257263184,0,21.90020751953125,4115.819510249033,93.33244893579663,11,1.2
683.4730381965637,0,28.151336669921875,5670.654312757189,101.13196518451147,19,1.9
683.9743919372559,0,21.924728393554688,6049.4104020310315,138.06328387127755,3,1.9
684.4740605354309,0,21.34759521484375,5718.68851802689,134.5819035392942,11,2.1
684.9744694232941,0,23.76605224609375,5560.04019780391,116.80526371207783,12,2.0
685.4761700630188,0,21.848342895507812,4314.357565176473,98.58871266813004,8,1.6
685.9764401912689,0,22.64892578125,4561.4986866267855,100.88778700010779,15,1.4
686.4761326313019,0,26.162063598632812,5381.770681439229,102.97352843912451,16,1.8
686.9776484966278,0,21.071945190429688,3912.1677275653337,92.58756049185682,4,1.4
687.4785106182098,0,20.109039306640625,4073.876074204829,101.74528821594912,4,1.9
687.9778804779053,0,23.240280151367188,5430.866202917982,116.95211857590729,15,1.9
688.478274345398,0,23.117752075195312,5198.335481915454,112.59745288093752,11,1.8
688.9798293113708,0,22.218963623046875,4322.588362971476,97.03422880460835,16,1.2
689.4788382053375,0,27.049880981445312,5607.919123628292,104.06700132732306,13,2.2
689.9804151058197,0,23.781768798828125,4713.007015501623,99.61412122199823,8,2.0
690.4809331893921,0,23.234176635742188,4871.641123198304,104.88858883215394,9,2.1
690.9803340435028,0,26.80712890625,5499.730161468601,102.1743137647766,13,2.1
691.4813392162323,0,24.30035400390625,5057.011289222054,104.40177124959499,13,1.6
691.9817953109741,0,22.990097045898438,4800.117119610615,104.69725269948012,12,1.6
692.4819939136505,0,25.010604858398438,5205.684765662827,103.9958855343955,13,1.8
692.9869787693024,0,20.692031860351562,4510.146488848143,109.12413122302414,2,2.1
693.4839632511139,0,22.938735961914062,5372.02556223952,117.31247983620177,11,2.0
693.9841558933258,0,21.471786499023438,6108.428766588241,141.76743049016648,3,2.1
694.4848866462708,0,22.002639770507812,4410.746269769727,100.62428977124965,7,2.0
694.9857172966003,0,21.693206787109375,4491.743915258595,103.62691058363099,10,1.7
695.4858212471008,0,23.481521606445312,4720.143929907476,100.8878402219789,17,1.4
695.9853005409241,0,28.824371337890625,5980.7102511363655,103.5581995877258,17,2.1
696.4854681491852,0,21.396133422851562,16587.478301874984,389.416154560956,1,1.6
696.9870278835297,0,23.128265380859375,5896.400272648282,126.94423691755941,19,1.6
697.4854388237,0,24.832473754882812,6110.5251528442095,122.98412273161033,18,2.2
697.9878380298615,0,19.500381469726562,7108.761147151623,181.27850501221852,2,2.1
698.4886734485626,0,24.099411010742188,5662.219459116966,118.96556304724832,16,2.1
698.9892814159393,0,22.130935668945312,4855.349487521127,109.34919500018272,10,1.8
699.490086555481,0,21.252944946289062,4155.43194723166,98.33931275321592,13,1.2
699.9903337955475,0,20.85260009765625,4246.3079461883,101.47415622466332,10,1.5
700.4908454418182,0,21.566497802734375,4210.228181608036,97.4659872560992,16,1.2
700.9900884628296,0,29.715103149414062,45293.16955578225,748.9793956996193,18,2.0
701.4899849891663,0,25.506988525390625,60087.52499383798,1196.7308476896148,9,2.0
701.9903631210327,0,25.782058715820312,85946.64525674061,1685.2804688299905,17,1.5
702.4904594421387,0,28.237380981445312,107074.62123059246,1897.7326557024476,18,1.6
702.9909853935242,0,19.279998779296875,17686.28784877877,459.12865977488536,2,1.8
703.4913921356201,0,19.076065063476562,17802.599908684093,449.358920273979,3,1.9
703.9922006130219,0,21.32843017578125,40147.03300441225,971.2857359527251,8,2.0
704.4926970005035,0,23.225799560546875,57408.132351869965,1235.651755505129,10,1.9
704.9923958778381,0,32.5186767578125,105052.75184933441,1629.9248703982462,15,2.2
705.4933938980103,0,24.251998901367188,55428.18729397908,1141.6790884993447,8,2.1
705.9941298961639,0,22.504196166992188,52899.78463924562,1175.291923503307,10,1.8
706.4942097663879,0,20.759979248046875,33977.84485108842,798.7002203559506,5,2.0
706.9948115348816,0,22.843307495117188,62839.49116324642,1415.2503969449433,17,1.5
707.4945266246796,0,17.2762451171875,12591.016973202512,359.626756731931,1,1.9
707.9954836368561,0,18.409820556640625,15601.4059616969,396.69044994388753,3,2.1
708.4959478378296,0,29.437545776367188,96059.14821424792,1761.7637147467447,18,1.9
708.9970099925995,0,25.41339111328125,88753.87746316493,1747.8580407471186,17,1.3
709.4970507621765,0,29.41650390625,99869.76245582142,1699.2162005145656,14,2.1
709.997946023941,0,26.54205322265625,92906.66341478209,1751.7107516125693,19,1.4
710.4982616901398,0,27.022933959960938,101942.70148060641,1887.9889236155225,18,1.5
710.9984698295593,0,19.344955444335938,28869.686739696324,737.6083155662093,4,1.9
711.4990434646606,0,29.461273193359375,102235.83130612974,1758.376145525059,19,1.8
712.0008146762848,0,26.1319580078125,16553.997808998378,317.00647909825153,12,2.0
712.5024931430817,0,21.985733032226562,4308.41276658088,97.29036538671083,8,1.6
713.0026404857635,0,21.486495971679688,4370.344282659842,102.0175650273162,12,1.4
713.5033111572266,0,20.76617431640625,4195.213329485979,101.02968259986538,4,2.0
714.0039985179901,0,18.890472412109375,3639.4227181743086,96.60954793433957,4,1.2
714.5041511058807,0,19.6962890625,5609.375903529171,142.41261341662948,3,1.9
715.0044367313385,0,20.601226806640625,5889.63005677042,143.43805967164448,3,2.2
715.5052711963654,0,21.674163818359375,4893.892663054746,112.9916715829906,10,2.0
716.0040826797485,0,33.126861572265625,6464.07737527199,97.74545025753085,19,2.2
716.5060374736786,0,28.244796752929688,5317.515791777321,93.68097151294049,12,1.7
717.0058124065399,0,29.001815795898438,5809.135747445952,100.85575401846619,19,1.9
717.5076389312744,0,23.179763793945312,4491.3903272798,96.50659169289366,16,1.2
718.0067546367645,0,26.303909301757812,5174.775092817631,98.46445143524419,13,2.0
718.508362531662,0,21.843460083007812,4254.447720094025,97.46624353053684,9,1.3
719.0086197853088,0,19.838104248046875,3533.4413756810322,89.77672350801086,5,1.5
719.5091104507446,0,18.694564819335938,5253.395001555064,140.62910933774742,3,1.5
720.0084567070007,0,22.834930419921875,5484.950516600084,119.50988900842627,11,2.1
720.5104231834412,0,23.218978881835938,4364.161302090915,94.53473432964508,17,1.2
721.0091972351074,0,20.199111938476562,17179.26868699943,378.5314930323946,1,2.0
721.5086035728455,0,22.3116455078125,7556.603932810358,188.42178173402561,17,1.7
722.0111255645752,0,22.288681030273438,4803.459792735946,107.4536441500064,16,1.5
722.5122201442719,0,21.701705932617188,3986.4477462378914,91.42138439071242,12,1.2
723.0128707885742,0,20.325958251953125,3668.5760388641975,90.4754391996889,7,1.4
723.5121192932129,0,23.96014404296875,5069.289021363084,106.51021109987441,13,1.8
724.0140955448151,0,21.898880004882812,4560.846720614826,104.06924918040782,10,1.6
724.51429438591,0,20.273513793945312,3691.1050581909553,91.40004139555712,7,1.4
725.0140817165375,0,20.495925903320312,4290.217609923466,104.36220398579236,9,1.6
725.51367354393,0,26.637619018554688,5514.754783284201,103.53778234003906,12,2.2
726.0154919624329,0,21.592010498046875,5942.94949438606,137.64350477084267,3,1.8
726.5158689022064,0,18.512832641601562,3823.619085834678,103.87389316525683,2,1.5
727.0164821147919,0,20.916336059570312,5105.18202714013,121.86646804394309,10,2.0
727.516708612442,0,23.6173095703125,4760.521558482655,101.0699374072868,17,1.4
728.017578125,0,20.842620849609375,3607.2361326270784,85.97767108705933,5,1.5
728.5178966522217,0,20.840682983398438,4199.189521313852,101.19629964526675,18,1.3
729.0183181762695,0,20.717239379882812,4274.288285283004,103.34388480730634,14,1.3
729.5182025432587,0,22.257003784179688,4681.415491344333,105.5847418991043,11,1.6
730.019024848938,0,24.064132690429688,4995.548055025851,103.55660983331717,18,1.5
730.5193376541138,0,24.358200073242188,4909.577159239527,100.99268388481394,18,1.5
731.0208671092987,0,21.559188842773438,3692.5466464521573,85.02175167014296,6,1.7
731.5203728675842,0,20.776290893554688,19578.796787458054,463.84602763670546,16,1.3
732.0191750526428,0,25.319915771484375,78311.31861678301,1592.5803373095507,13,1.7
732.5192835330963,0,18.16693115234375,24846.814440036484,658.0638138466036,4,1.5
733.0202090740204,0,25.130706787109375,67636.17217545,1388.7790859070558,12,1.9
733.5210199356079,0,21.67730712890625,57900.20359796498,1324.6571554872298,12,1.2
734.0209658145905,0,23.093338012695312,60489.14099856758,1309.8582796203364,11,1.6
734.5218889713287,0,21.563262939453125,51202.3732128838,1196.6649051423396,10,1.4
735.0216608047485,0,27.063461303710938,82316.37835176788,1538.0516014886975,13,2.0
735.5226192474365,0,23.55950927734375,64355.91508690969,1366.9639558651706,12,1.4
736.023060798645,0,22.128631591796875,47980.82209368225,1070.8298839763843,7,2.2
736.5232510566711,0,28.57989501953125,93624.87956525452,1661.482660014992,15,1.9
737.0242989063263,0,24.383071899414062,77272.99071956208,1561.657208619191,15,1.3
737.5245032310486,0,25.503204345703125,93213.21425173127,1827.574267460742,18,1.4
738.0250060558319,0,25.648056030273438,90975.92186415421,1773.7796559045876,17,1.4
738.526038646698,0,23.694183349609375,75751.03321680814,1627.4458347447421,15,1.3
739.0255374908447,0,20.580459594726562,39075.85175740762,947.3063470844723,6,2.0
739.5261964797974,0,23.42987060546875,61038.80981287329,1307.9457635949202,12,1.7
740.0264873504639,0,18.304443359375,24468.217334927154,601.4386662220741,4,1.5
740.5271916389465,0,20.454345703125,32684.503584606933,880.4974874971653,6,2.2
741.027405500412,0,30.897201538085938,108935.83463223926,1764.334544434507,17,2.0
741.5281236171722,0,23.57586669921875,56970.77459218195,1209.3722942938434,8,2.2
742.0285470485687,0,25.15234375,73416.51800924921,1459.5458922192888,14,1.7
742.5296959877014,0,35.10699462890625,20229.80777637467,287.8058947170776,19,2.2
743.0311934947968,0,28.224273681640625,5389.349406628604,95.30803273601319,12,1.8
743.5317671298981,0,26.355377197265625,5179.8878139579765,98.57570925866099,16,1.6
744.0321907997131,0,25.876663208007812,5148.473318821098,99.93560526767355,16,1.6
744.5334203243256,0,23.85845947265625,4625.373788339531,96.82100399849577,19,1.3
745.0338113307953,0,23.42132568359375,4801.522175608426,102.68419612492997,10,2.2
745.5350794792175,0,21.24267578125,4315.264658577099,100.92890472359498,10,1.4
746.0347201824188,0,18.559707641601562,3757.5820511494926,100.80977761773336,2,1.6
746.5351684093475,0,19.400711059570312,4740.033450966641,122.8305494928998,6,1.7
747.0353918075562,0,18.080322265625,3741.4461142534315,103.64859500114777,2,1.6
747.5343492031097,0,20.917205810546875,4665.202664752887,112.49112435531758,18,1.5
748.0364258289337,0,19.2142333984375,4938.058589400744,128.44644638285166,6,1.5
748.5365862846375,0,19.616500854492188,3516.788914760714,89.82233952272387,6,1.7
749.0367317199707,0,26.477203369140625,5465.219257008084,103.29640792757073,18,1.9
749.538323879242,0,21.288848876953125,3488.247648883545,81.49806549090945,5,1.2
750.038655757904,0,19.8221435546875,4100.331224340275,103.6214874709791,2,2.0
750.5381691455841,0,26.418975830078125,5479.050730071251,104.47036318711974,15,1.9
751.0397293567657,0,20.017959594726562,5214.433872792107,129.38381595506354,3,1.2
751.5401835441589,0,22.319229125976562,3879.5658377136015,87.14458680547722,6,2.2
752.0404250621796,0,20.979263305664062,4331.995664825178,103.10180908097115,14,1.3
752.5398364067078,0,26.287582397460938,5397.202514104662,102.78617330215123,12,2.2
753.0425662994385,0,20.926300048828125,4033.4614826518596,96.48146090273919,8,1.2
753.5420126914978,0,19.807022094726562,5463.769039377179,138.18331634661533,3,1.8
754.042590379715,0,22.009765625,4286.300904082189,97.27500221847546,7,1.9
754.5422365665436,0,22.990936279296875,5171.579067993125,113.08804341044936,17,1.7
755.0432200431824,0,20.055679321289062,5537.009323842885,138.2650747240691,3,1.7
755.5427417755127,0,23.169158935546875,5528.675797490747,119.16703613112102,17,1.9
756.0436296463013,0,22.853591918945312,5465.318862173034,120.02489629326455,11,1.9
756.5447251796722,0,20.3203125,4995.115472413638,120.42137639369473,2,2.1
757.0453143119812,0,22.077468872070312,5266.105967123682,122.16074295599671,9,2.2
757.5446074008942,0,26.962417602539062,5656.78619629844,104.5158502305308,11,2.2
758.04629945755,0,26.083343505859375,5241.66462801486,100.63893838649629,17,1.5
758.5459818840027,0,27.937759399414062,5731.796374984601,102.83573420924569,16,2.0
759.0466406345367,0,26.7457275390625,5579.325627143733,104.46528313426228,14,1.9
759.5477068424225,0,21.615447998046875,6092.014748234207,141.47289476842275,3,2.0
760.0489153862,0,20.950057983398438,4628.8259395087,110.07129440058617,11,1.3
760.5492684841156,0,21.756912231445312,4047.3173805125402,93.16579386069189,18,1.2
761.0496501922607,0,21.003265380859375,3523.4520862904897,83.55843570873321,6,1.6
761.5489573478699,0,25.257431030273438,5216.572174452713,103.92980968071089,13,1.9
762.0506081581116,0,21.6285400390625,3731.924481967931,85.90501238846151,6,1.6
762.5502276420593,0,22.134140014648438,4850.020884445233,109.87551350043397,14,1.7
763.0513184070587,0,19.55474853515625,10957.290966530272,281.82413034318085,4,1.2
763.5500810146332,0,21.815521240234375,56883.493916162,1307.096891520051,14,1.3
764.0504133701324,0,19.866485595703125,23635.87416499403,595.4752260036713,3,2.1
764.550238609314,0,27.328414916992188,83231.38061742834,1524.3474649566303,16,1.9
765.0510203838348,0,22.541229248046875,62884.41542676243,1365.808388762454,12,1.3
765.5510649681091,0,16.185379028320312,9202.494905786363,282.0446769897947,1,1.2
766.051698923111,0,26.874374389648438,83720.48761791871,1606.735076840792,18,1.9
766.5524890422821,0,24.859527587890625,74315.82466352564,1496.2070324344431,12,1.7
767.0531046390533,0,31.496475219726562,120876.67817974872,1920.8181098978612,19,1.9
767.5533192157745,0,20.410797119140625,37048.95168361613,908.4407576915198,5,1.8
768.0545799732208,0,21.766448974609375,65849.5397664838,1513.7517395894527,18,1.2
768.5546820163727,0,24.018402099609375,76974.0337431254,1604.3948236101317,14,1.5
769.0550575256348,0,19.676498413085938,39973.47039585091,1016.4918361032292,8,1.2
769.5548429489136,0,24.590606689453125,52560.06915538968,1069.9614016145747,12,1.3
770.0556421279907,0,18.993804931640625,9985.931572934212,256.9785262914351,1,1.8
770.5564064979553,0,19.837142944335938,34084.62664603885,880.0158394273437,7,1.8
771.0571000576019,0,22.229660034179688,63248.339728220344,1399.5265763023194,15,1.2
771.5573153495789,0,21.103469848632812,44803.03531166616,1019.1215072337183,7,1.9
772.0578401088715,0,18.493881225585938,30912.541999139532,855.7965635738832,6,1.3
772.5582702159882,0,19.337203979492188,34687.73805771395,910.990028273085,7,1.5
773.0584149360657,0,18.159698486328125,29740.659262725636,786.3016013591975,6,1.3
773.5591819286346,0,27.326034545898438,84651.65239527357,1644.841659132954,17,1.9
774.0599427223206,0,21.645553588867188,49659.60182613892,1112.745853374154,9,1.4
774.5605387687683,0,23.094100952148438,67164.38516708635,1442.3163763342463,13,1.5
775.0603852272034,0,27.205062866210938,88926.49972523245,1701.3744914917233,15,1.7
775.5608048439026,0,19.986953735351562,29689.590956765747,712.4147175472282,4,2.1
776.0627429485321,0,29.112045288085938,33014.234925426135,590.786385147548,18,2.1
776.5628151893616,0,20.776397705078125,16769.770410823352,393.13841195885436,1,1.6
777.0646607875824,0,22.881332397460938,5900.218664748113,131.76680219612405,18,1.4
777.564376115799,0,28.39263916015625,5861.541018143533,103.37186280727022,17,2.0
778.0660302639008,0,23.220748901367188,4528.909386087471,97.84352820189316,8,1.9
778.5655696392059,0,26.141067504882812,5343.748615611057,102.63544132231212,15,1.8
779.066810131073,0,20.6103515625,4081.900974034465,98.88235015399195,4,1.6
779.5673940181732,0,20.076568603515625,3730.558140754503,93.29283489570112,7,1.5
780.0679814815521,0,20.404251098632812,4149.70650402256,101.10638170583145,12,1.2
780.5686256885529,0,19.734512329101562,3946.9269780986187,99.67309894450024,10,1.2
781.068844795227,0,21.918777465820312,4666.708477787935,107.71586160230399,9,2.0
781.5678539276123,0,27.618392944335938,5915.576147367105,107.06633097587347,13,2.2
782.068564414978,0,21.828155517578125,16637.657167733345,254.48783318070926,1,1.5
782.5681638717651,0,20.392333984375,17741.614757064966,546.3817927137333,1,1.8
783.0704696178436,0,22.043319702148438,6110.416611827302,149.61448840568977,5,2.0
783.5710258483887,0,21.55804443359375,4286.233783068423,99.22050242492362,4,2.0
784.0715856552124,0,22.61822509765625,4967.991968272362,109.77872884717615,8,2.0
784.5709908008575,0,25.396759033203125,5375.737044079986,106.19465249380859,11,2.1
785.0711126327515,0,31.8114013671875,6363.836924032203,99.99559476436978,16,2.2
785.5729897022247,0,26.780792236328125,5220.909920907781,97.86865066839268,19,1.4
786.0737483501434,0,20.36328125,3622.3449561462153,88.8854786111644,4,1.2
786.5725636482239,0,24.04376220703125,5063.322855018005,105.51593291244959,19,1.7
787.0734462738037,0,26.86907958984375,5499.764120778067,102.38534560893002,13,2.0
787.5738968849182,0,28.5958251953125,5844.685778012924,102.25268828679613,16,2.0
788.0746309757233,0,26.3739013671875,5454.879386921942,103.24600680382311,12,2.0
788.5759828090668,0,21.73797607421875,4284.902344726824,99.13526414061293,4,1.8
789.0760085582733,0,21.25439453125,4483.122626853684,104.68423349950608,15,1.4
789.5749590396881,0,19.876510620117188,17320.58154662233,333.05644670346925,1,2.0
790.0773918628693,0,21.245101928710938,8336.888423697317,244.47988140648803,5,2.0
790.577309846878,0,20.93255615234375,4263.491990996483,101.32541790709676,15,1.3
791.0783514976501,0,22.467498779296875,20074.72805744971,449.8498074611357,10,1.8
791.577041387558,0,24.053741455078125,58334.05183650848,1213.4910510496795,9,2.1
792.0773341655731,0,24.057479858398438,59754.93016612778,1243.3139371228906,10,2.1
792.5778982639313,0,19.551666259765625,21518.365999005622,536.0156960926781,3,1.8
793.0782918930054,0,17.637359619140625,8341.791543945617,227.01810738466384,1,1.9
793.5790920257568,0,22.031585693359375,42302.967707355296,1025.9815300908258,9,2.0
794.0788795948029,0,29.783828735351562,109219.01693323097,1835.3248162187556,18,1.8
794.5792253017426,0,17.942703247070312,13635.517083035109,374.8041701073142,1,1.7
795.0800948143005,0,22.5076904296875,66446.68285152035,1499.2209043133043,15,1.4
795.5801374912262,0,18.845443725585938,27300.305719903106,701.3366303524945,4,1.9
796.0805728435516,0,16.855255126953125,8217.270347592716,233.9923050878759,1,1.7
796.5814549922943,0,17.117889404296875,7194.270251433883,221.93156587671302,3,1.9
797.0813992023468,0,17.558883666992188,11153.54980931122,302.3540733389587,2,1.9
797.5822145938873,0,24.23004150390625,56368.76184421682,1200.5344685567466,14,2.0
798.0830354690552,0,26.612091064453125,87348.20383210806,1702.1586124251025,15,1.6
798.5832045078278,0,32.688568115234375,128268.6760328919,1964.0811360617063,17,2.1
799.0840766429901,0,22.03363037109375,44498.83153656101,954.9946897359827,6,2.1
799.5840928554535,0,27.137771606445312,82110.64835063709,1585.4286278163465,14,1.9
800.0849912166595,0,24.881271362304688,85880.36914921289,1741.3901150422018,17,1.3
800.5848033428192,0,36.99653625488281,146542.3162878867,1983.158625838023,19,2.2
801.0855021476746,0,27.895004272460938,82469.47765360828,1450.9049579159434,12,1.9
801.5866401195526,0,24.396804809570312,56822.77091640502,1183.392670694097,9,1.9
802.0869853496552,0,21.056350708007812,49873.274802226966,1165.2541477982156,10,1.4
802.5874059200287,0,20.868606567382812,49160.80608838892,1168.5015921529343,9,1.6
803.0880420207977,0,21.648300170898438,46039.85478643503,1054.7710360509268,7,2.1
803.5887842178345,0,18.78143310546875,15280.592644629913,419.7762734998294,2,1.9
804.0905137062073,0,26.553268432617188,14700.732657954492,278.0072072382693,15,1.9
804.5920882225037,0,21.841049194335938,4179.391915720035,96.19501248799232,8,1.4
805.091609954834,0,24.27777099609375,5004.50244087866,103.22199679711993,15,1.7
805.5930678844452,0,24.042007446289062,4977.465246485537,103.06959622801735,9,2.1
806.0933744907379,0,21.319473266601562,3937.495684716248,92.16925650214394,5,1.8
806.5941307544708,0,19.428253173828125,3237.0933390282257,84.10431886903594,6,1.2
807.094019651413,0,22.087677001953125,4528.202082386818,102.5458675350837,11,1.6
807.5950028896332,0,22.161911010742188,4521.71903100453,101.57066323878428,9,1.7
808.0955865383148,0,20.411087036132812,3641.0939702360483,89.21621845893691,6,1.7
808.5946946144104,0,25.683578491210938,5345.262702538924,104.89192543484164,11,2.2
809.0961248874664,0,25.085617065429688,5002.767847390059,99.2202022979165,13,1.5
809.5972368717194,0,18.916366577148438,3726.6559087861215,98.75046523239841,2,1.3
810.0973465442657,0,21.1546630859375,4390.982740996493,104.32688013202615,14,1.4
810.597998380661,0,20.349884033203125,5608.141951388233,137.19979904772617,3,1.8
811.0989396572113,0,21.001876831054688,4594.636674963918,110.13301423517795,12,1.4
811.599198102951,0,22.3846435546875,4568.918257220113,101.94488888888888,8,2.2
812.09889960289,0,24.060546875,4999.942136201666,103.94609952106502,11,1.8
812.5990388393402,0,26.795120239257812,5673.5310695564485,106.02676810673987,13,2.1
813.1009714603424,0,22.49835205078125,4538.113755355039,100.3629063543608,13,1.3
813.6013219356537,0,21.607894897460938,4340.2218736499135,100.88905052274035,8,1.9
814.1020290851593,0,19.12286376953125,3779.0991332624853,99.09603618153325,8,1.2
814.6013734340668,0,23.232452392578125,4865.394590015284,104.50898419900142,12,1.8
815.1030158996582,0,20.540557861328125,3945.907405477038,96.49202389636785,7,1.5
815.6015393733978,0,21.3656005859375,4627.8048568854165,108.67936946871055,15,1.5
816.1034388542175,0,20.6492919921875,4919.524229540842,118.64813577758204,6,2.1
816.6037302017212,0,20.02386474609375,4249.955820273982,106.32313127341338,4,2.1
817.1036837100983,0,24.925399780273438,5612.239263151473,113.01724445075668,13,2.1
817.6054074764252,0,20.77740478515625,4585.732589373518,110.50465752297917,2,2.1
818.1047852039337,0,18.754165649414062,15549.042248213716,313.1037717043658,1,1.5
818.6067354679108,0,21.345916748046875,7345.999308139249,214.4672470166399,18,1.2
819.1071953773499,0,21.890151977539062,4222.5816206575855,96.57310749459951,17,1.2
819.6074016094208,0,20.45672607421875,3425.1124495919294,82.95560070771535,5,1.4
820.1079013347626,0,21.007537841796875,5851.312278999792,140.56859124750318,3,2.2
820.608479976654,0,18.837188720703125,3893.0843684300617,103.46554514570106,2,1.5
821.1090426445007,0,22.143341064453125,4615.7907489275285,104.04933895448275,9,1.9
821.6089103221893,0,22.397750854492188,4730.0796721478155,105.63560668974335,11,1.6
822.1094830036163,0,24.415542602539062,5088.859920846041,104.27783815606179,16,1.6
822.6103796958923,0,21.327346801757812,5955.998637232438,140.57069676162922,3,2.0
823.1110320091248,0,23.714706420898438,5301.69759179142,111.23899040450608,17,1.7
823.6115298271179,0,21.71588134765625,5025.9611421450545,116.27435053528316,6,2.1
824.1106629371643,0,25.960586547851562,29347.218240382645,565.6651852966434,17,2.0
824.6099753379822,0,33.7696533203125,131137.64051047928,1949.8275382174008,18,2.1
825.1109056472778,0,27.8583984375,105691.86742676607,1898.7451887685352,19,1.4
825.6110994815826,0,18.085098266601562,13164.108577949208,359.1907494357611,1,1.9
826.1120781898499,0,20.92852783203125,36289.976198411576,853.1417089296078,7,1.9
826.6125943660736,0,18.917343139648438,30556.25322465319,826.9660218412008,6,1.3
827.1127104759216,0,20.298004150390625,35981.39629399367,864.8140905844766,6,2.0
827.6135809421539,0,20.775787353515625,36910.831355167415,874.0944297799145,6,2.0
828.114057302475,0,20.250396728515625,37588.43235343899,942.9444892361713,7,1.8
828.6144151687622,0,27.808700561523438,96932.64824641861,1806.233264617105,19,1.7
829.1141650676727,0,18.834320068359375,24465.55898691861,636.444530861377,3,1.8
829.6151270866394,0,29.159454345703125,102718.02809413499,1800.2737423560723,18,1.8
830.116188287735,0,22.720260620117188,65134.38377534143,1390.1689125886924,13,1.2
830.616049528122,0,31.962387084960938,122452.18022231015,1977.449301017288,18,2.1
831.116780757904,0,21.68511962890625,49671.58681987132,1146.546591647926,8,1.6
831.617645740509,0,23.073501586914062,59756.2017476642,1296.162174923701,10,2.1
832.1180288791656,0,23.799514770507812,68136.42963316508,1432.8443385853275,13,1.6
832.6186490058899,0,22.34857177734375,49117.78231536724,1068.79313085299,7,2.2
833.1186308860779,0,17.33843994140625,13716.390771037812,407.1877299144938,2,1.5
833.61963057518,0,19.073089599609375,26079.61222680689,663.5526946960497,7,1.7
834.1196055412292,0,18.52642822265625,20976.625267357085,584.0305465231586,3,1.9
834.6200246810913,0,20.700729370117188,39904.05000213895,964.2172332736026,7,2.1
835.1209390163422,0,19.139480590820312,25307.635058172727,624.1548689534212,4,1.9
835.6217918395996,0,19.276229858398438,39005.16859464681,1070.9044326427802,10,1.3
836.1215832233429,0,30.606689453125,108278.97910697901,1764.2875124636062,16,2.1
836.624614238739,0,22.281112670898438,30556.423981952103,684.5259581636951,11,1.3
837.1253681182861,0,19.652359008789062,3691.4775000092386,93.72920569872595,7,1.4
837.6238584518433,0,24.67742919921875,5742.565789162827,117.27315583146805,17,2.1
838.1241834163666,0,18.84942626953125,15548.706549002603,414.0179063494685,1,1.4
838.6261200904846,0,18.790206909179688,6886.521663011402,183.18052678379289,2,1.9
839.1250822544098,0,17.908462524414062,14972.58139943173,348.04774510948334,1,1.4
839.6255278587341,0,18.788955688476562,7327.311576020364,226.78216238560347,10,1.4
840.1285810470581,0,17.717315673828125,3645.4297988713915,103.34522642754163,5,1.3
840.6266098022461,0,18.782470703125,17851.887018354202,418.36881442293947,1,2.2
841.1288549900055,0,17.867828369140625,7959.281889301661,250.45013347725762,3,1.6
841.6292760372162,0,17.487808227539062,4188.475032671099,119.912110924097,2,1.8
842.1303534507751,0,21.8255615234375,4487.539446630111,102.44868145082357,14,1.4
842.6313374042511,0,22.74847412109375,4674.851282624141,102.68820614363408,9,1.9
843.1316137313843,0,21.2095947265625,3991.0222157378353,94.86272726749506,5,1.9
843.6322245597839,0,21.162155151367188,4021.034371790898,94.17755354993896,7,1.8
844.132842540741,0,19.183456420898438,3246.9244471421844,84.65627696950462,6,1.3
844.6315546035767,0,22.51678466796875,4902.609844287527,109.96241410623043,15,1.7
845.1338789463043,0,21.894943237304688,4308.519399409627,98.28753501097981,17,1.2
845.6341817378998,0,22.614364624023438,3779.68716096378,83.57519795149302,6,2.1
846.1334533691406,0,25.464065551757812,5689.778751927534,111.64752911200955,18,2.0
846.6330370903015,0,22.11065673828125,4725.323411867673,107.09767819334678,15,1.4
847.1353869438171,0,24.44158935546875,5138.53151125439,105.10773103326,15,1.7
847.6346573829651,0,19.452621459960938,14516.767853175857,350.64682742321236,1,1.3
848.1350381374359,0,18.548904418945312,15702.702396750574,409.78161449991404,1,1.4
848.6362044811249,0,22.7279052734375,7299.458964920423,176.47908822850144,14,2.0
849.1368682384491,0,27.143508911132812,5355.721245337915,98.40290025673501,17,1.8
849.6385416984558,0,21.876296997070312,4258.986136917127,97.63992508814698,8,1.5
850.1389541625977,0,21.260711669921875,4037.1653403668465,95.15203589642744,12,1.2
850.6388883590698,0,23.324905395507812,4783.53567192527,102.85143537868444,19,1.5
851.1387455463409,0,28.191513061523438,5640.205053738559,99.95916125006022,18,1.9
851.6400520801544,0,23.645309448242188,31897.891472425945,676.8361410127263,10,1.7
852.1388740539551,0,20.9287109375,47495.54574260465,1112.3475339461527,10,1.2
852.6388483047485,0,31.471115112304688,121809.50850699411,1977.1145629241535,19,1.9
853.1400809288025,0,25.328826904296875,84273.54628453156,1641.2524810988282,16,1.3
853.6398630142212,0,26.49713134765625,84890.54907611548,1626.8930939881925,13,1.9
854.1402318477631,0,30.580123901367188,110309.58784393265,1805.4537704973657,16,2.0
854.6415493488312,0,21.807373046875,50569.4670696723,1160.479070340226,9,1.4
855.1415982246399,0,22.809295654296875,62576.47907274706,1373.0366984874534,13,1.4
855.6423659324646,0,21.450897216796875,51251.795308767345,1195.7541794529259,10,1.4
856.1421241760254,0,27.595077514648438,85780.01368209008,1556.1833438302301,14,2.0
856.6430983543396,0,24.321853637695312,61364.603069639285,1262.732703579833,9,2.1
857.1438949108124,0,18.795440673828125,20333.24280455995,541.5143053374877,3,1.7
857.6436541080475,0,23.675979614257812,55560.02723148592,1174.354787130171,15,1.8
858.1449584960938,0,21.199234008789062,38426.71075617823,870.5031508378602,6,1.9
858.64519572258,0,19.205581665039062,34029.05953293523,878.5466795163417,7,1.3
859.1452949047089,0,28.218399047851562,89626.67937651699,1668.9111214332179,17,1.9
859.6460208892822,0,29.069732666015625,114237.34182058525,1967.0631531761353,19,1.6
860.1468522548676,0,22.589950561523438,60483.97302590605,1311.9550624639046,11,1.4
860.6473090648651,0,22.603073120117188,52991.50693216656,1144.2249406777087,9,1.8
861.147702217102,0,18.817642211914062,35099.591348886446,932.5291554799458,7,1.2
861.6488754749298,0,20.9793701171875,50018.1925372226,1230.3038583057435,13,1.3
862.1505815982819,0,24.145309448242188,55715.69995406525,1166.0235732472524,18,1.4
862.6514327526093,0,22.61279296875,3843.9181485319996,84.99613482757876,6,2.1
863.1516571044922,0,21.631607055664062,4856.810499112762,113.16773616036127,15,1.6
863.6522090435028,0,21.213043212890625,4676.241440636413,109.6966605237452,5,1.9
864.1525542736053,0,19.913970947265625,4161.045867384789,104.09777163427279,6,1.8
864.6535840034485,0,20.862945556640625,4226.992097193626,102.2866111693779,13,1.3
865.1530029773712,0,24.501785278320312,5212.1384442014,106.19634326410915,12,2.0
865.6548900604248,0,22.980758666992188,4423.497980163981,96.82012818818818,17,1.2
866.1550183296204,0,22.46673583984375,4175.574395367513,92.67033782039962,8,1.7
866.655558347702,0,21.764816284179688,3725.526679444299,85.41308025426622,6,1.9
867.156304359436,0,20.891845703125,4081.2506329670637,97.69361831418789,9,1.4
867.655523777008,0,28.227951049804688,5901.8902284308715,104.89602999437281,17,2.1
868.1573767662048,0,23.2637939453125,4680.217532935507,100.6284703820503,10,1.6
868.6562442779541,0,19.902267456054688,17878.480167144025,420.6555870322737,1,2.1
869.1574966907501,0,24.31634521484375,8370.963429781315,184.27933805054732,13,2.0
869.6589748859406,0,21.822479248046875,4489.6690299634265,102.4631516238066,9,1.5
870.1590914726257,0,21.222686767578125,3758.1557536995324,88.9142840708919,6,2.0
870.65842461586,0,27.373672485351562,5721.459346615575,104.51648391464474,14,2.2
871.1605546474457,0,24.584259033203125,4696.67584003281,95.34556224917047,18,1.2
871.6601886749268,0,23.768966674804688,4874.400768905619,102.73900558700103,14,1.6
872.1612319946289,0,21.660598754882812,3848.532177104433,89.1942102738264,5,1.7
872.6620621681213,0,19.961593627929688,4097.329197068286,102.59701896418217,10,1.2
873.1613299846649,0,28.092453002929688,5859.500525116789,104.61884548471077,17,2.1
873.6614363193512,0,27.626861572265625,5678.911387788188,102.94328918110148,11,2.2
874.1625425815582,0,28.845718383789062,5881.235793737015,102.09487456048429,18,1.9
874.6638329029083,0,21.66351318359375,4541.405233838124,104.1382337611112,2,2.1
875.1643826961517,0,20.789657592773438,4060.827774435492,98.36621843694287,4,1.7
875.6648552417755,0,21.525527954101562,3667.1611454679964,84.96887992247804,6,1.8
876.1662299633026,0,19.7354736328125,3230.5575225047305,81.8323405887192,6,1.2
876.6655287742615,0,23.267105102539062,4805.957757015073,103.70864743876871,15,1.6
877.1666808128357,0,19.915374755859375,3378.9024913305743,84.10587400607122,5,1.2
877.6657798290253,0,24.616104125976562,5128.8425423490835,105.41879359624508,19,1.8
878.1672422885895,0,24.409896850585938,5448.942110978918,111.96278364996027,17,1.8
878.6678168773651,0,21.1634521484375,4560.2741706773795,107.1658812604184,11,1.4
879.1677935123444,0,23.859420776367188,4997.669891605068,105.28336054528792,13,1.7
879.668731212616,0,24.112213134765625,5010.533066240387,103.76484257235394,17,1.5
880.1695184707642,0,19.186431884765625,3650.349597784554,95.64050319627295,2,1.2
880.6699025630951,0,21.264923095703125,4666.011728963689,109.28795695807602,17,1.5
881.1707229614258,0,20.509628295898438,4089.8930517025615,99.95305475184861,8,1.5
881.6711461544037,0,19.876251220703125,3539.7342320507832,89.20193150674415,6,1.6
882.171715259552,0,22.379165649414062,4466.800714589788,99.95904382872155,8,2.2
882.6694996356964,0,33.382568359375,98922.91058896774,1486.9137528796577,17,2.2
883.1703910827637,0,20.522079467773438,24628.948906850117,573.9184481034399,3,1.6
883.6715083122253,0,17.909515380859375,21111.28236576452,616.0970727210454,4,1.6
884.171347618103,0,24.597686767578125,62087.51707730684,1263.4521405876055,13,1.6
884.6719555854797,0,31.985214233398438,123768.01703427317,1937.1138035181089,19,1.8
885.1725866794586,0,25.2186279296875,79154.85045600872,1570.9815819663006,13,1.6
885.6726820468903,0,20.732009887695312,38255.21653641612,923.6441668574137,6,1.9
886.1733074188232,0,23.68310546875,65767.99020028218,1389.7248417623653,13,1.6
886.6735365390778,0,29.122543334960938,92069.25784411845,1582.4510747547254,13,2.1
887.1747071743011,0,21.038497924804688,45814.0685784842,1090.0017711322844,9,1.2
887.674957036972,0,16.461990356445312,7348.132346466016,218.5640935326685,1,1.3
888.1754193305969,0,27.806869506835938,88656.59552928082,1630.4604151450517,17,1.9
888.6762204170227,0,20.205718994140625,37371.023744595055,888.9067498765294,6,1.5
889.1763942241669,0,28.005874633789062,93212.5319564477,1731.779515340856,18,1.7
889.6774172782898,0,22.484207153320312,64268.57367956071,1430.5596715359427,13,1.2
890.1770925521851,0,18.2982177734375,15968.306810818496,435.67084503565735,2,2.2
890.6787984371185,0,21.665451049804688,56297.47227257752,1303.7808414450085,18,1.3
891.178998708725,0,24.13568115234375,86326.51315182589,1790.4197410978684,18,1.3
891.6792340278625,0,20.768661499023438,46117.29876881178,1051.8251260933293,8,1.6
892.1796531677246,0,19.366500854492188,34530.0400176288,927.0647359011915,6,1.7
892.6799285411835,0,28.359725952148438,95320.92716193838,1707.0686818936792,17,1.9
893.1808722019196,0,31.354705810546875,118809.43341868228,1874.710620956541,18,1.8
893.6830866336823,0,22.981887817382812,4616.184380916957,101.16662384199088,12,1.5
894.1836185455322,0,24.837356567382812,5125.57684312235,103.31212152301872,17,1.6
894.6844973564148,0,22.261215209960938,4361.612350147638,98.33245756595159,12,1.3
895.1850728988647,0,22.7314453125,4637.0781337338785,101.97327834342913,10,1.9
895.6849679946899,0,25.33154296875,5155.118944455186,101.77035023805394,18,1.6
896.1848232746124,0,27.35150146484375,5498.702028573872,100.72573176800327,11,2.2
896.6866157054901,0,24.896224975585938,4977.863819125044,99.93482957515909,19,1.4
897.1873762607574,0,21.810211181640625,4271.983569039868,98.07332823079517,10,1.4
897.6877567768097,0,22.34649658203125,4422.012245379917,99.38918129054285,8,2.0
898.1887345314026,0,23.82879638671875,5131.202500592196,107.76876676118245,18,1.7
898.6887295246124,0,21.820037841796875,4353.538969527079,99.31238505228679,13,1.3
899.1893546581268,0,22.393722534179688,4403.097320126323,98.95630333981786,8,2.0
899.6891829967499,0,24.767807006835938,5117.738502393834,103.35997851135701,17,1.6
900.1904509067535,0,23.798980712890625,4628.459606467741,96.51673858266707,19,1.3
900.6907403469086,0,22.292648315429688,3745.61900111935,84.24301919750631,6,1.9
901.1913075447083,0,22.783096313476562,4317.342875266501,95.46551399659637,7,2.2
901.6902482509613,0,18.570144653320312,14077.98982174168,379.2646816426776,1,1.2
902.1923391819,0,20.010589599609375,5009.392474146085,125.2336912675936,12,1.3
902.6914646625519,0,25.241180419921875,5377.550420841037,106.53226019008515,11,2.2
903.1935443878174,0,19.55712890625,3911.1642092120587,99.45222580081392,2,1.3
903.6938495635986,0,18.624725341796875,3819.515391573891,102.87400027855381,4,1.6
904.1934432983398,0,23.61187744140625,5052.299440425447,107.70003386264175,16,1.8
904.6946465969086,0,22.583663940429688,4582.308644664318,101.62212854626522,12,1.4
905.195835351944,0,20.931243896484375,3911.491675538008,93.01883870967742,7,1.6
905.6947832107544,0,28.393142700195312,5900.309943567796,104.49706224241216,17,2.1
906.1964490413666,0,24.064010620117188,4198.005938817754,87.14258122238927,6,2.2
906.6964871883392,0,22.9310302734375,4697.5875121114195,102.69926697222799,12,1.6
907.1973083019257,0,21.850860595703125,4051.8865653373523,92.39910671513906,5,2.0
907.6980490684509,0,20.402847290039062,4233.71213635919,103.95607876923629,16,1.3
908.1973142623901,0,25.4923095703125,5324.621413580194,105.16897233674754,11,2.2
908.6988317966461,0,22.555679321289062,3997.5176282803423,88.3147863394148,6,2.0
909.1994335651398,0,19.08038330078125,3378.05031731504,88.62505398048066,5,1.3
909.6983840465546,0,19.468887329101562,18002.59420363761,460.01601676603343,1,2.2
910.2000207901001,0,26.340774536132812,7441.37035659297,142.36483421761034,16,2.2
910.6999027729034,0,29.905441284179688,6129.505269415936,102.72378096039407,18,2.1
911.2005605697632,0,27.847396850585938,5670.03820580426,101.91257786956433,14,2.0
911.7013409137726,0,25.048019409179688,5154.869989220772,102.60292273081429,12,1.8
912.2015836238861,0,19.17449951171875,7116.601869231948,175.07627763365218,2,1.3
912.7012641429901,0,20.845672607421875,37759.10115476374,963.6052709015607,10,1.7
913.2013788223267,0,18.05908203125,25729.791962256015,655.2935514397728,5,1.2
913.7016096115112,0,28.722885131835938,87699.99507816973,1624.8367733877749,16,2.1
914.2022047042847,0,28.85791015625,96522.56411721415,1706.014043755605,14,1.9
914.7032482624054,0,22.037429809570312,53570.20636793081,1210.3952334957019,10,1.4
915.2030856609344,0,18.083831787109375,11287.4706183827,304.5814661871742,1,2.2
915.7041201591492,0,21.207183837890625,52363.82615785425,1234.7702646503108,15,1.3
916.204042673111,0,29.444580078125,107023.65720668748,1876.1007918411342,17,1.8
916.7043323516846,0,32.09495544433594,95060.15761158252,1482.0397580079634,13,2.1
917.2054102420807,0,23.8958740234375,41129.068094731534,861.3620903680621,7,1.5
917.7055442333221,0,28.805953979492188,96639.01064798248,1679.6180412717902,15,2.0
918.2070097923279,0,22.017684936523438,60169.90392469381,1328.7500518035608,12,1.2
918.7063791751862,0,27.306854248046875,67296.19796758046,1251.8102484267276,11,1.9
919.2065000534058,0,23.341232299804688,26065.58399030964,540.5027394421488,4,1.7
919.7076027393341,0,27.574951171875,59450.66714061632,1112.7490238784562,11,1.9
920.2080707550049,0,33.44532775878906,129387.2958574389,1965.267031438409,18,2.1
920.7084584236145,0,19.619491577148438,32233.26771143169,801.5498229483513,5,1.3
921.208911895752,0,21.081771850585938,23059.100737228222,529.4621381499187,4,1.8
921.7096836566925,0,16.45330810546875,11289.318776221395,345.88788853400405,2,1.3
922.2098548412323,0,30.01080322265625,95640.44162714625,1676.3296745760092,19,1.5
922.7103238105774,0,34.24717712402344,121870.11279640684,1781.256299726032,19,1.7
923.2101485729218,0,25.0830078125,37924.35321982089,721.7236519369281,5,2.0
923.7113320827484,0,23.21234130859375,12873.234828578396,288.5964802490593,3,2.1
924.2144567966461,0,20.226486206054688,4800.0844607949375,118.40909862450899,9,1.4
924.7141160964966,0,20.710708618164062,3985.1766943781777,97.09952648536024,5,2.1
925.2154831886292,0,19.430709838867188,3577.753860141079,92.27660825923445,7,1.3
925.7156734466553,0,18.539352416992188,3324.7837120069325,89.53926559368557,6,1.4
926.2161378860474,0,21.424224853515625,3706.2516020881653,86.77093396426643,7,1.3
926.7152695655823,0,17.212478637695312,13600.818775072388,390.4144278955389,1,1.2
927.2183048725128,0,19.362899780273438,4793.33776270794,125.03292520609283,11,1.2
927.7165801525116,0,25.235519409179688,4308.292893968922,85.27662795865368,6,2.2
928.2187263965607,0,19.449005126953125,4389.921670912583,112.49932763747343,2,1.8
928.7171587944031,0,26.36688232421875,6638.696731027298,126.74991145730853,11,2.2
929.2174496650696,0,26.888946533203125,5228.124472489096,97.10309761581301,18,1.5
929.719419002533,0,27.80340576171875,6205.4924910358095,111.7129328190617,14,2.1
930.2192537784576,0,31.311172485351562,6282.740759467075,100.79469242093967,18,2.0
930.7198159694672,0,22.501663208007812,16274.588418449812,277.26839311058956,1,1.4
931.2201011180878,0,24.018539428710938,7670.5278715276345,197.43082272236654,9,1.5
931.7205646038055,0,26.230987548828125,4384.818091946567,83.1078126945088,6,2.1
932.2211141586304,0,26.09228515625,4898.489968257427,94.58734584651084,19,1.4
932.7216131687164,0,26.641738891601562,4860.086804894888,91.39793802151556,11,1.5
933.2222237586975,0,29.414077758789062,5655.818643629453,95.90645755184597,13,2.0
933.7225406169891,0,27.187103271484375,4972.425122525606,91.62432551660349,9,1.7
934.2235016822815,0,26.910430908203125,4883.661180611389,91.04276361673439,16,1.3
934.7235295772552,0,28.7142333984375,5520.373116807541,96.18922997785118,13,1.9
935.2239892482758,0,27.891845703125,5215.36043359776,93.00209199527332,13,1.6
935.7243843078613,0,33.66705322265625,6462.4235563570655,96.29592404654814,19,2.1
936.2263216972351,0,25.45428466796875,4872.602029133612,95.85812494155279,4,2.1
936.7267262935638,0,20.717910766601562,3399.052638794505,81.71673384795204,6,1.3
937.2272682189941,0,21.805740356445312,4742.676112125219,109.23729078044954,9,2.2
937.7275755405426,0,25.627593994140625,5142.209435118951,100.59469494441898,19,1.5
938.2273638248444,0,28.654525756835938,5819.668956471312,101.69423234320409,14,2.2
938.7280471324921,0,27.404830932617188,5583.052715470652,102.2447468072158,12,2.1
939.2295637130737,0,19.881362915039062,3984.2655346389215,98.83628242174458,2,1.6
939.7289662361145,0,26.737503051757812,6181.4805004420905,116.95183330869861,15,2.2
940.229425907135,0,27.475082397460938,5664.176262504178,103.47557684714099,13,2.0
940.7312703132629,0,20.883026123046875,4040.0119000417767,97.01659079782843,4,1.5
941.2314224243164,0,23.033798217773438,4680.986330020422,101.58984540354267,10,2.1
941.7318089008331,0,24.873214721679688,51681.08395849663,1041.0395395103708,17,1.4
942.2303755283356,0,18.045913696289062,17539.58405304424,486.59215309257036,2,1.7
942.7303919792175,0,26.002212524414062,72694.28951576656,1398.9194175628975,13,2.0
943.2313578128815,0,28.650833129882812,99289.68399200376,1734.7488561566759,16,1.7
943.7320582866669,0,20.599288940429688,35523.95725432973,857.0684187719214,5,1.9
944.232718706131,0,20.280303955078125,40072.695459595525,979.6697349314193,9,1.2
944.7327122688293,0,20.986923217773438,50551.997555227186,1225.1438542561104,11,1.3
945.2330434322357,0,24.795806884765625,68923.43496474768,1355.0678207872159,12,1.7
945.7341961860657,0,24.444961547851562,83287.89610441914,1749.7675304692498,19,1.2
946.2342042922974,0,27.9451904296875,100505.20116072934,1800.023518414167,17,1.6
946.7344722747803,0,34.093994140625,136798.93867745754,2008.4182486090126,18,2.1
947.235059261322,0,34.2198486328125,137706.61321790845,2014.0942392688592,19,1.9
947.7356905937195,0,29.526870727539062,93352.6141594462,1582.55849159179,13,2.0
948.2364945411682,0,17.682891845703125,14832.777419366692,389.47249466288594,2,1.2
948.7370383739471,0,19.087692260742188,23222.180670531972,652.986219064041,6,2.1
949.2376806735992,0,22.00189208984375,51707.75556232364,1176.1715717143024,12,1.4
949.7374935150146,0,19.068695068359375,27038.222062515262,673.2500548137692,4,2.0
950.2383289337158,0,16.49981689453125,7060.441208804714,205.396218737631,1,1.2
950.7389781475067,0,21.455337524414062,48200.76529862715,1228.2258421716283,14,1.4
951.238954782486,0,26.570526123046875,73868.77123722393,1371.5573350423758,11,2.1
951.7402379512787,0,23.254684448242188,65791.4834194714,1414.209686362178,14,1.2
952.2406044006348,0,20.592849731445312,44598.11272802732,1074.4991727012914,8,1.6
952.7405216693878,0,18.613006591796875,20540.861806435867,556.2239474283953,3,1.8
953.2424099445343,0,31.268081665039062,36210.43326778601,589.0351764237978,16,2.2
953.7433187961578,0,27.863449096679688,5342.030813808699,95.7167933785272,11,1.8
954.2438037395477,0,29.273635864257812,5934.764915242141,101.25151565538705,17,2.0
954.7453427314758,0,23.087539672851562,4552.402674828827,98.97113474966376,13,1.3
955.2458128929138,0,21.600723266601562,4244.308579259776,97.7745038410596,9,1.5
955.7454686164856,0,23.970062255859375,5042.751792834652,105.38145345794963,11,1.9
956.2456119060516,0,32.359771728515625,6449.527298632812,100.37153621630287,18,2.2
956.7473165988922,0,28.2838134765625,4514.9452470329525,79.33866491728564,6,2.2
957.2459542751312,0,25.374176025390625,5881.75997100444,116.89049516453568,14,2.0
957.7482345104218,0,23.2054443359375,4765.709522025981,102.90688535973361,15,1.4
958.2494373321533,0,22.609527587890625,4232.601177733471,92.70428105373554,15,1.2
958.748409986496,0,27.466476440429688,5405.410251215019,99.35748423787653,15,1.9
959.2501237392426,0,20.796417236328125,3780.46106069386,91.07337953825406,2,1.2
959.7506327629089,0,20.124908447265625,3951.3213296998915,97.78926473910954,6,1.6
960.2491676807404,0,21.044830322265625,18801.206922631398,445.90523450653063,1,2.2
960.7515246868134,0,19.121566772460938,6124.051009130568,160.3948063720972,6,1.4
961.2514514923096,0,17.688568115234375,3697.8420199311304,103.90891947986522,2,1.6
961.7517595291138,0,24.433425903320312,6137.515093058857,127.57114013947688,14,2.2
962.2530827522278,0,20.830490112304688,4019.5371384253717,95.5330378340208,4,1.3
962.7516403198242,0,25.554855346679688,4627.100481360437,91.37206876435651,19,1.4
963.2531292438507,0,21.7025146484375,18509.074310672666,425.2041825330311,1,2.1
963.7533731460571,0,23.829925537109375,6936.465093996638,145.8670105614458,13,2.0
964.2549922466278,0,22.802932739257812,5440.261442268249,119.06363234259874,2,1.9
964.7551193237305,0,21.60211181640625,4362.576350912373,101.28639359871613,8,1.9
965.2558467388153,0,20.371170043945312,4153.387144726345,102.39961649232798,8,1.6
965.7542369365692,0,18.690567016601562,18142.961167986825,481.5263224494961,1,2.1
966.2559015750885,0,21.601272583007812,6017.649742848115,141.05650434673274,16,1.6
966.7554082870483,0,23.1158447265625,5541.157039354756,119.31210096902807,17,1.9
967.2570009231567,0,28.26806640625,5533.909445563419,98.41493790268254,19,1.9
967.7584774494171,0,25.196563720703125,5040.487949035546,99.73582222782056,10,2.1
968.2592658996582,0,22.347366333007812,3859.503870400804,86.90062046065808,6,2.0
968.758264541626,0,23.487503051757812,3737.353119287213,79.31877628263139,7,1.2
969.258992433548,0,23.367279052734375,45813.851374687474,985.0954382858016,12,1.6
969.7585752010345,0,24.650772094726562,79130.87096144079,1606.9679216447037,19,1.4
970.2584848403931,0,34.14422607421875,134117.99567333536,1965.896074319964,17,2.2
970.7592117786407,0,31.4976806640625,104796.10238732424,1665.392463637808,14,2.1
971.2593529224396,0,33.62199401855469,105723.97786883016,1573.4938258214047,14,2.2
971.7599906921387,0,34.670166015625,134943.48973338705,1948.418705856671,18,2.1
972.2611572742462,0,21.311752319335938,40173.98514577065,912.2196855845297,7,1.2
972.7608950138092,0,27.486968994140625,72510.80203839873,1350.4944836920015,12,2.2
973.2625057697296,0,20.373199462890625,33778.497613767955,822.207627747012,6,1.3
973.7629556655884,0,19.263641357421875,32018.742607630153,818.017720929422,7,1.2
974.2629935741425,0,22.781753540039062,62390.77136478554,1390.8938108872926,17,1.4
974.7636404037476,0,21.821975708007812,57072.06020366553,1308.0392161524342,11,1.3
975.2638535499573,0,25.76629638671875,89629.64579841893,1779.3399296466937,17,1.5
975.7647602558136,0,21.069564819335938,43832.11206810675,1041.3124422895173,8,1.4
976.2651109695435,0,22.25531005859375,61736.57513025864,1353.2950078298334,15,1.2
976.7649123668671,0,28.081756591796875,87087.61172700099,1575.4356339988894,13,2.0
977.2655537128448,0,21.37774658203125,29598.518110760095,664.4292440036203,5,1.3
977.7653059959412,0,22.25274658203125,25299.933085477245,573.1427333243735,5,1.4
978.2662873268127,0,25.303268432617188,42714.953862230104,871.1918011186323,9,1.7
978.7673447132111,0,20.205169677734375,30413.556634321347,763.3194992168656,5,1.7
979.2680938243866,0,24.017929077148438,76993.39025231765,1604.3431503285497,16,1.4
979.7705502510071,0,20.336898803710938,10906.176513548593,266.36312902395633,9,1.3
980.2711579799652,0,21.585342407226562,4437.020235942147,103.54248535115865,10,1.7
980.7713277339935,0,22.317520141601562,4487.491637029258,100.19034309425469,13,1.4
981.2711379528046,0,27.456756591796875,5666.337227827227,103.32611539585841,16,2.0
981.771196603775,0,26.03515625,4617.21818432169,88.95663915978994,11,1.2
982.2721128463745,0,31.231460571289062,6053.659981831225,96.98553780685319,19,2.0
982.7738327980042,0,24.88836669921875,4948.22165902671,99.28333304722504,10,1.9
983.2738234996796,0,25.622802734375,5205.220339762453,101.70628197920935,19,1.6
983.7742240428925,0,23.627655029296875,4696.425588678967,99.67133839900495,12,1.5
984.273585319519,0,28.144790649414062,5274.438469417239,93.72960107823434,15,1.6
984.7754912376404,0,22.445770263671875,4440.131603487559,99.26146324352177,9,1.5
985.2747609615326,0,22.051925659179688,4119.511925307642,92.3275378063168,2,1.5
985.7749445438385,0,26.922409057617188,4918.018033548793,92.41372102605608,9,1.9
986.2770686149597,0,21.305068969726562,4011.9493083089583,93.73356185035763,5,1.8
986.775857925415,0,26.58673095703125,5012.256701313008,94.8593493527274,18,1.6
987.2767341136932,0,26.719802856445312,4942.221786231012,92.74020520710019,16,1.3
987.7771763801575,0,25.424468994140625,4421.633345354699,87.12079691853047,10,1.2
988.2778849601746,0,25.32952880859375,4278.783374032751,83.8546984450565,8,1.4
988.779402256012,0,23.108856201171875,4735.749757789147,102.90427095562649,9,1.9
989.2800624370575,0,21.007293701171875,3735.7711442398454,89.11190687525695,6,1.8
989.7807121276855,0,20.3021240234375,3863.510793085928,95.60576015392478,9,1.2
990.2794377803802,0,19.633377075195312,18024.659232857473,417.0449112569976,1,2.2
990.7815761566162,0,18.683059692382812,8258.355288175087,240.43171054211282,3,1.6
991.2815051078796,0,21.751556396484375,4990.905691314171,115.11819910067274,14,1.6
991.7809729576111,0,28.00439453125,5265.978255584298,94.3423360591425,10,2.2
992.2820873260498,0,28.060348510742188,5043.434719100103,89.80643982505357,18,1.3
992.7836036682129,0,21.041717529296875,3878.7996382879023,92.19779693833893,4,1.4
993.282680273056,0,18.6513671875,14875.597628994328,389.8373736844861,1,1.4
993.7846775054932,0,21.25128173828125,6212.768428632379,149.92036900347807,9,1.7
994.2838137149811,0,28.459747314453125,5843.0293798094835,102.98756231442393,14,2.2
994.783979177475,0,31.46649169921875,6048.683969830052,96.10222928268422,13,2.1
995.2844700813293,0,32.490081787109375,6271.562262091763,96.39864930234306,17,2.0
995.7840707302094,0,25.166091918945312,17963.708667161965,344.23302703898963,1,1.6
996.2841255664825,0,24.966445922851562,25729.397361927542,536.3198286763056,7,1.7
996.7844235897064,0,25.042037963867188,42527.49172148565,849.8908926944744,9,1.3
997.2858226299286,0,21.804779052734375,24850.925498605786,536.900647866547,4,1.9
997.785591840744,0,25.317001342773438,49189.64028428778,994.9045567827384,12,1.5
998.2863202095032,0,26.96136474609375,61726.62615239129,1186.586817888553,11,1.6
998.7865598201752,0,36.57713317871094,130811.36999164843,1789.724735401121,18,2.1
999.2868294715881,0,27.650863647460938,67279.7332828269,1217.7558151277476,11,1.6
999.7877376079559,0,26.2467041015625,46989.9738993809,895.9982140614753,8,1.8
1000.2887501716614,0,25.504226684570312,58363.20426488572,1145.4964058045584,11,1.6
1000.7888450622559,0,19.925445556640625,35341.92736169386,850.9220008056154,6,1.7
1001.289201259613,0,17.641815185546875,14043.592492069753,410.7287103844231,2,1.9
1001.7898941040039,0,17.402816772460938,14819.492073987016,429.18339586378386,3,1.5
1002.2902703285217,0,16.64093017578125,10104.04880343604,301.1850868345284,2,1.3
1002.7909779548645,0,18.147415161132812,24732.257093191463,690.566666862859,7,1.5
1003.2913167476654,0,23.40460205078125,56576.24365058248,1209.9329840583528,11,1.9
1003.7918016910553,0,29.264556884765625,103651.86192242008,1772.9296296643902,17,1.7
1004.2924721240997,0,30.135772705078125,114559.58836560007,1901.195650786996,18,1.7
1004.7924883365631,0,19.4625244140625,24934.242574330296,604.7005902017725,3,1.8
1005.292715549469,0,24.878280639648438,46499.91860001317,989.2564665733985,11,1.6
1005.7934725284576,0,27.5145263671875,73898.44772132751,1344.235387024787,18,1.2
1006.2941253185272,0,20.623245239257812,28039.545004609296,633.9448446800561,5,1.3
1006.7938477993011,0,21.403533935546875,13721.640848832927,323.1242102741709,2,2.0
1007.2949438095093,0,29.196212768554688,66014.01732408167,1200.9091822266403,14,2.0
1007.7963259220123,0,22.285186767578125,54898.10835371099,1233.2407301151263,11,1.2
1008.2967414855957,0,24.288711547851562,75653.99007077304,1558.9134864318987,15,1.5
1008.7966396808624,0,26.832229614257812,82404.32441044513,1536.8085542204988,13,1.8
1009.2987246513367,0,30.4798583984375,51325.772977834815,837.2414223980841,18,2.0
1009.7991054058075,0,30.0986328125,6231.757819293667,104.19077901430843,17,2.1
1010.3008990287781,0,21.68450927734375,3649.8096380042452,83.56195553353842,5,1.3
1010.8010356426239,0,21.410797119140625,3789.2182746840112,89.25403334430843,5,1.9
1011.2998154163361,0,29.90191650390625,6181.819905844858,103.53851398105378,18,2.2
1011.8004937171936,0,29.145309448242188,5003.492418960939,85.91433913051218,7,2.0
1012.3009173870087,0,29.47613525390625,5264.628218991898,89.42827739435992,9,2.1
1012.8015375137329,0,31.076644897460938,5820.746918235696,93.15677447009509,15,1.9
1013.302223443985,0,27.98193359375,5291.470572808646,95.20428568935732,15,1.5
1013.8041219711304,0,21.85723876953125,4011.7944807839117,91.22835784635404,7,1.6
1014.3041212558746,0,26.341873168945312,5425.999405532857,103.63727676050097,15,1.9
1014.8052253723145,0,22.303680419921875,6229.582439122196,139.6182128407177,3,2.2
1015.3038244247437,0,27.821456909179688,5628.0970488593985,101.1090112635996,17,1.8
1015.8062303066254,0,20.599838256835938,5313.983747814137,129.27285966025966,3,1.3
1016.3064892292023,0,21.315155029296875,4103.439005517172,95.94112720218196,5,2.1
1016.8068082332611,0,20.50726318359375,4087.5623125901666,100.06210880648588,10,1.3
1017.307822227478,0,21.6414794921875,4314.661443602121,100.03937118908888,8,1.9
1017.8085012435913,0,21.630050659179688,4274.187496005727,97.91932683713485,16,1.2
1018.3070821762085,0,28.916244506835938,5371.589491793616,94.13393912050046,16,1.7
1018.8091459274292,0,24.497024536132812,4957.206148579192,100.62446548821286,10,2.0
1019.3123600482941,0,19.138702392578125,3715.692585093084,97.3420225564749,2,1.4
1019.8085532188416,0,24.749649047851562,4611.746665909997,93.13263374132934,9,1.6
1020.3090183734894,0,31.685806274414062,5999.501790929105,95.184574881258,18,1.9
1020.8095028400421,0,30.601486206054688,5632.913997453341,91.98899625479743,15,1.7
1021.3108763694763,0,30.763809204101562,6023.177947440069,97.8097341599306,19,1.9
1021.8129088878632,0,22.20025634765625,4009.0358231839455,89.90887171493063,8,1.2
1022.3127045631409,0,23.394088745117188,4673.3751578998235,100.40998072601923,10,2.2
1022.8133709430695,0,22.57098388671875,4403.288595941152,97.42597004350965,18,1.2
1023.3133692741394,0,23.119888305664062,4684.695251306377,101.6440896656184,12,1.5
1023.8124732971191,0,18.8114013671875,14879.320968278244,218.27188309117926,1,1.5
1024.3146378993988,0,20.697723388671875,8611.825319841286,301.82063421617966,11,1.3
1024.8141536712646,0,24.822311401367188,5333.877343899305,107.64509222347557,19,1.8
1025.3155508041382,0,22.60797119140625,4426.7311490259235,97.97429328121078,12,1.3
1025.8165559768677,0,22.414505004882812,4272.797757290098,95.65234652886367,19,1.2
1026.3199994564056,0,25.952484130859375,5105.267251280482,98.37208596784379,16,1.7
1026.828628063202,0,26.837249755859375,5304.573558019275,101.01631220271025,16,1.7
1027.3291096687317,0,25.961700439453125,5319.600688697339,102.72824795201201,16,1.7
1027.829583644867,0,25.979354858398438,5299.848897523647,101.96558053263776,16,1.7
1028.3296656608582,0,27.80084228515625,69022.00225962733,1249.8542182138317,16,1.7
1028.8293871879578,0,28.563735961914062,100255.05030404954,1757.1230901630543,16,1.7
1029.3293225765228,0,28.50982666015625,100271.66234253546,1759.849352929213,16,1.7
1029.829841852188,0,28.4644775390625,100241.0085715257,1762.4071944112084,16,1.7
1030.3303055763245,0,28.512863159179688,100249.15857197862,1759.6970083253996,16,1.7
1030.830866098404,0,28.629898071289062,100276.42013418765,1753.3069756311527,16,1.7
1031.3313450813293,0,28.507369995117188,100258.96471209776,1760.2465611031446,16,1.7
1031.8317639827728,0,28.462265014648438,100236.5444118196,1762.5793300069747,16,1.7
1032.3321788311005,0,28.436981201171875,100224.21443382268,1764.040973446674,16,1.7
1032.8327040672302,0,28.506973266601562,100250.65878700618,1759.8150294957857,16,1.7
1033.3332455158234,0,28.42938232421875,100265.99997542008,1746.819520510448,16,1.7
1033.8338525295258,0,28.5379638671875,100273.84163020377,1728.8549466813242,16,1.7
1034.3342599868774,0,28.420303344726562,100274.47514732281,1764.0557664667797,16,1.7
1034.8348443508148,0,28.385833740234375,100534.36188544467,1822.9515635700593,16,1.7
1035.3369703292847,0,26.674270629882812,31298.800082889567,584.383363889882,16,1.7
1035.8381824493408,0,26.096817016601562,5316.160024313398,102.19637123957993,16,1.7
1036.3380107879639,0,26.064956665039062,5308.883541324456,101.86090213459487,16,1.7
1036.838581085205,0,26.173858642578125,5304.682560176244,101.47529396675858,16,1.7
1037.339040517807,0,26.050827026367188,5312.218979389506,102.37678816494433,16,1.7
1037.839596748352,0,26.093795776367188,5307.806531885912,101.21179849165216,16,1.7
1038.3401086330414,0,26.042282104492188,5313.925825923864,101.9879897369613,16,1.7
1038.8406360149384,0,26.11279296875,5308.764569448248,101.90407449653135,16,1.7
1039.34113073349,0,26.224563598632812,5203.07246979131,99.14368985478744,16,1.7
1039.8415303230286,0,26.133712768554688,5324.786950237512,102.39647246830879,16,1.7
1040.3421046733856,0,26.21630859375,5311.0733993536705,101.53984839172301,16,1.7
1040.8424665927887,0,26.078216552734375,5301.115754517149,101.15722425517623,16,1.7
1041.3432421684265,0,26.05462646484375,5121.851584113047,98.60053082957934,16,1.7
1041.8436017036438,0,26.046524047851562,5323.270809488199,102.08655846419272,16,1.7
1042.3444821834564,0,26.08306884765625,5336.962267558254,102.90200189542408,16,1.7
1042.8446576595306,0,26.111907958984375,5316.445130360532,101.98412173415066,16,1.7
1043.3447954654694,0,28.826156616210938,5799.738636293003,100.32554941346669,15,2.1
1043.8452072143555,0,29.281646728515625,6039.28090367429,103.7851466543547,15,2.1
1044.3456590175629,0,29.340133666992188,6025.762717414789,101.97635886594533,15,2.1
1044.8461456298828,0,29.268218994140625,6045.567425006467,103.7644279143871,15,2.1
1045.3466186523438,0,29.289382934570312,6036.708301934426,102.69932988071429,15,2.1
1045.8471686840057,0,29.264389038085938,6032.954531816034,103.8121792341612,15,2.1
1046.3476049900055,0,29.3829345703125,6044.377472737846,103.15511518248478,15,2.1
1046.8481681346893,0,29.246109008789062,6019.49808513511,102.68032575196708,15,2.1
1047.348618030548,0,29.198135375976562,5784.006656149269,98.73918189899395,15,2.1
1047.849285364151,0,29.3092041015625,6026.056872577932,103.65344584154168,15,2.1
1048.3497822284698,0,29.274551391601562,6019.847807429436,102.85383914931012,15,2.1
1048.8506622314453,0,29.23004150390625,5946.90413789488,101.40252450903624,15,2.1
1049.3506751060486,0,29.301712036132812,6039.5848511927825,103.50931018160023,15,2.1
1049.8516027927399,0,29.094970703125,5808.29578487601,100.0860261972091,19,1.8
1050.3519539833069,0,29.053909301757812,5756.285825724018,98.71304994493396,19,1.8
1050.8524289131165,0,27.429000854492188,5507.452315172658,100.47759357405232,19,1.8
1051.3531177043915,0,29.10894775390625,5773.041491456372,99.7287852705165,19,1.8
1051.8535249233246,0,29.05499267578125,5771.471799866688,99.26004911382938,19,1.8
1052.354120016098,0,29.076095581054688,5751.829788531722,98.98165288310712,19,1.8
1052.8543491363525,0,29.606292724609375,29975.376394260107,507.89878151481383,19,1.8
1053.3534202575684,0,32.44770812988281,125585.59850932294,1936.8394140023033,19,1.8
1053.8540909290314,0,33.03746032714844,130526.94499515218,1977.8760035711266,19,1.8
1054.3542890548706,0,33.02764892578125,130517.3031086272,1977.7974553014553,19,1.8
1054.8547279834747,0,33.01762390136719,130454.2562043874,1977.0653453138698,19,1.8
1055.3557543754578,0,33.33549499511719,130520.61558043503,1959.6529167954043,19,1.8
1055.856011390686,0,33.2239990234375,130505.10994577347,1966.1690922251084,19,1.8
1056.3564896583557,0,33.137725830078125,130494.52790279008,1970.8654822872625,19,1.8
1056.8567342758179,0,33.27198791503906,130559.4395186677,1964.1146831043886,19,1.8
1057.3576114177704,0,25.446243286132812,88713.61670086393,1744.304630781731,17,1.3
1057.8582780361176,0,24.403610229492188,84488.14808006807,1732.981292615901,17,1.3
1058.3588509559631,0,24.4727783203125,84466.83067715372,1727.143499882782,17,1.3
1058.8600509166718,0,24.169342041015625,76670.80732314292,1581.838675422769,17,1.3
1059.3616647720337,0,22.995635986328125,4444.405046529373,96.97492173409898,17,1.3
1059.86230134964,0,22.945526123046875,4457.529403880759,96.70730529779392,17,1.3
1060.3626909255981,0,23.087326049804688,4467.880029973699,97.28281201360694,17,1.3
1060.8631045818329,0,23.007034301757812,4468.076654572935,96.49222802394765,17,1.3
1061.3636827468872,0,22.944976806640625,4502.6762014228125,98.93232924702838,17,1.3
1061.8646564483643,0,23.11767578125,4489.947427237891,96.59275530679058,17,1.3
1062.3648917675018,0,22.93792724609375,4485.101374930555,97.91643228716256,17,1.3
1062.8652737140656,0,22.968780517578125,4480.110221556027,97.82844144818047,17,1.3
1063.3659284114838,0,23.121139526367188,4299.901143703397,93.03174688025278,17,1.3
1063.866376876831,0,23.090530395507812,4464.083656276416,97.35592736481017,17,1.3
1064.366786956787,0,23.100479125976562,4475.00112032647,96.40492683529371,17,1.3
1064.867424249649,0,23.104095458984375,4464.47951210866,96.73609615956147,17,1.3
1065.3677434921265,0,23.187713623046875,4489.68070424636,97.29290419378401,17,1.3
1065.868332862854,0,22.951522827148438,4459.144078760803,96.72560800079248,17,1.3
1066.368638753891,0,23.182998657226562,4471.848467732749,97.05388130618876,17,1.3
1066.8693103790283,0,23.115188598632812,4458.503046381383,96.55988704033396,17,1.3
1067.3695776462555,0,23.067520141601562,4363.21135252354,93.94161083192823,17,1.3
1067.8704290390015,0,23.102066040039062,4482.878007267024,97.4371727662239,17,1.3
1068.3714008331299,0,23.049911499023438,4479.459327274947,97.22380062478527,17,1.3
1068.8714497089386,0,23.106491088867188,4461.5863029506045,96.6827888928731,17,1.3
1069.3717358112335,0,23.07806396484375,4281.68489721164,93.33538564072455,17,1.3
1069.8724637031555,0,23.12109375,4490.682909339964,97.01098158472715,17,1.3
1070.372759103775,0,23.093948364257812,4385.89998987147,94.61353102277195,17,1.3
1070.8732817173004,0,23.012603759765625,4491.3564854202605,97.77250864301656,17,1.3
1071.3738195896149,0,23.083908081054688,4482.245790799602,97.29721640346186,17,1.3
1071.8742461204529,0,22.758148193359375,4499.133940816374,98.90962924025698,17,1.3
1072.3747808933258,0,22.763275146484375,4278.6917498879975,94.40645013386387,17,1.3
1072.8753032684326,0,22.877578735351562,4458.587755482961,97.69390484257706,17,1.3
1073.375841140747,0,23.050155639648438,4431.445085990725,96.13817948319063,17,1.3
1073.8762784004211,0,23.247573852539062,4418.067084584109,94.71956144617221,17,1.3
1074.3766112327576,0,23.081878662109375,4490.254230518018,97.43574311790752,17,1.3
1074.8779020309448,0,23.158737182617188,4459.369707599529,96.16241086200387,17,1.3
1075.3777890205383,0,23.076919555664062,4487.457278092645,97.58668155721256,17,1.3
1075.8782687187195,0,23.10125732421875,4298.225743682326,92.89537664039568,17,1.3
1076.378779888153,0,22.874099731445312,4466.844461555537,97.62132832402872,17,1.3
1076.8793025016785,0,23.023086547851562,4464.648989906087,97.42394858040045,17,1.3
1077.3798804283142,0,23.141769409179688,4454.1639393706655,96.23291808951359,17,1.3
1077.880301475525,0,23.110992431640625,4382.830786110065,95.32260488233872,17,1.3
1078.380976676941,0,23.06475830078125,4483.913005069866,96.94443665270327,17,1.3
1078.881493806839,0,23.300445556640625,4498.728626454397,96.8221828426384,17,1.3
1079.3819115161896,0,23.115371704101562,4475.957138848218,96.86195094162015,17,1.3
1079.88223695755,0,23.091415405273438,4458.4838506585975,96.57268560032617,17,1.3
1080.3827891349792,0,22.894393920898438,4465.007745244546,97.79686711672232,17,1.3
1080.8831310272217,0,23.041885375976562,4462.5359307779345,97.17086789843934,17,1.3
1081.3842191696167,0,23.135238647460938,12001.08490285522,252.7313458528642,17,1.3
1081.8824615478516,0,24.309707641601562,84483.91401459111,1785.3361562327975,17,1.3
1082.3826801776886,0,24.22235107421875,84467.19212167012,1745.536586041894,17,1.3
1082.8830864429474,0,24.29888916015625,84483.40131640722,1739.9560828207068,17,1.3
1083.3838889598846,0,24.35064697265625,84477.029012419,1735.9703028616832,17,1.3
1083.8844559192657,0,24.399765014648438,84504.98890728889,1733.3773491100726,17,1.3
1084.3846983909607,0,24.349288940429688,84458.40860886498,1736.559950618986,17,1.3
1084.8850400447845,0,24.316268920898438,84483.84508885846,1722.2625780391581,17,1.3
1085.3857007026672,0,24.237823486328125,84475.50219423065,1760.5128622241807,17,1.3
1085.8862669467926,0,24.208023071289062,84471.5726249347,1698.816953325471,17,1.3
1086.3868436813354,0,24.270965576171875,84462.81539286024,1789.5044127391675,17,1.3
1086.887223482132,0,24.236862182617188,84461.53188646947,1743.9138648200974,17,1.3
1087.387488603592,0,24.306503295898438,84477.15849098991,1739.4521739840084,17,1.3
1087.8885214328766,0,24.295883178710938,84472.21372790793,1740.500630866287,17,1.3
1088.3887791633606,0,24.316070556640625,84458.1080677636,1723.9216304441954,17,1.3
1088.889345407486,0,24.3795166015625,84483.55792527282,1718.9840424200243,17,1.3
1089.38956284523,0,24.460098266601562,84483.01073584071,1758.3739660901913,17,1.3
1089.8923523426056,0,23.90350341796875,39498.78507665125,822.055229997319,17,1.3
1090.3928101062775,0,23.068389892578125,4478.447225369439,97.189271138569,17,1.3
1090.8933470249176,0,22.985275268554688,4475.376028479125,97.27967030523187,17,1.3
1091.3938057422638,0,23.202957153320312,4469.467364070287,96.58251684007078,17,1.3
1091.8931515216827,0,27.410049438476562,5598.016645351314,102.40769562639693,15,2.0
1092.3934881687164,0,28.177459716796875,5867.5609813131105,103.94833421601851,15,2.0
1092.8942971229553,0,28.095413208007812,5835.207981940137,104.18070659184113,15,2.0
1093.3948538303375,0,28.086593627929688,5842.54125529523,104.03539990318811,15,2.0
1093.8951699733734,0,28.066299438476562,5661.532315174217,101.0464527472432,15,2.0
1094.3961050510406,0,28.048507690429688,5860.876416714753,104.67580066663511,15,2.0
1094.8962547779083,0,28.155670166015625,5762.197043441935,102.71465686832393,15,2.0
1095.3966445922852,0,28.153717041015625,5897.090162473067,104.4977469836029,15,2.0
1095.897227048874,0,28.177703857421875,5853.135823117863,103.94743357445412,15,2.0
1096.397555589676,0,28.2303466796875,5859.248443451156,103.64732793399722,15,2.0
1096.8981602191925,0,28.18634033203125,5855.429180072,104.44775608752612,15,2.0
1097.398565530777,0,28.286178588867188,5872.435280706542,104.00839373749503,15,2.0
1097.899082183838,0,28.307662963867188,5854.93112517049,103.3995637059872,15,2.0
1098.3997576236725,0,28.290374755859375,5841.644943873002,103.49809874447018,15,2.0
1098.9001107215881,0,28.038009643554688,5831.004086199751,103.64501749388707,15,2.0
1099.40057015419,0,28.18499755859375,5851.705892836082,104.09793344492977,15,2.0
1099.9012422561646,0,28.248092651367188,5863.47606255652,103.90082035708518,15,2.0
1100.4016268253326,0,27.9678955078125,5866.366369052991,104.79873250317529,15,2.0
1100.9025421142578,0,28.131942749023438,5844.973258327606,103.90324003135076,15,2.0
1101.4028148651123,0,28.261795043945312,5866.1525394912705,103.85044528970151,15,2.0
1101.9032533168793,0,28.181427001953125,5856.180285164085,103.96918508764425,15,2.0
1102.4036402702332,0,28.47943115234375,5875.496925132074,103.40796430400744,15,2.0
1102.9043037891388,0,28.322708129882812,5848.474461810901,103.09748582689934,15,2.0
1103.4048805236816,0,28.310699462890625,5707.560537060316,101.55171205743329,15,2.0
1103.9050924777985,0,28.077484130859375,5847.420378961581,103.96230610960575,15,2.0
1104.4055306911469,0,27.967819213867188,5740.998073365937,102.8324724930288,15,2.0
1104.907473564148,0,23.929275512695312,4543.127041611484,95.07182943307387,19,1.2
1105.4078452587128,0,22.78790283203125,4270.12460142681,93.8655924490501,19,1.2
1105.9085938930511,0,22.70001220703125,4287.22285663178,93.83254866005049,19,1.2
1106.4089426994324,0,22.6358642578125,4069.3686812884466,90.47589156191185,19,1.2
1106.9096744060516,0,22.71441650390625,4273.709272729439,93.8610947647876,19,1.2
1107.4104235172272,0,22.7972412109375,4275.621042166578,94.44125190757944,19,1.2
1107.9105052947998,0,22.690643310546875,4274.654459261217,93.82722080032063,19,1.2
1108.4108896255493,0,23.50946044921875,37954.765949658635,811.9284592358358,19,1.2
1108.9095356464386,0,24.132675170898438,85096.4004953832,1764.0812590614703,19,1.2
1109.4097867012024,0,24.080795288085938,86828.82209550543,1805.2559925837638,19,1.2
1109.910165309906,0,24.236373901367188,85077.39521023053,1756.6571704688183,19,1.2
1110.410712480545,0,24.213668823242188,85661.16744492497,1771.0657692169539,19,1.2
1110.911140203476,0,24.140380859375,85087.02310427793,1763.6010072917404,19,1.2
1111.4116666316986,0,24.159622192382812,86227.76685610559,1786.28621161164,19,1.2
1111.9126107692719,0,24.28131103515625,87596.564166774,1805.5450109972978,19,1.2
1112.4129838943481,0,24.293777465820312,86451.28274394914,1781.361505467249,19,1.2
1112.9131042957306,0,24.210769653320312,85145.06744590923,1760.001875618037,19,1.2
1113.4141998291016,0,24.4036865234375,86862.81663620885,1781.2472700897881,19,1.2
1113.914823770523,0,24.2645263671875,87590.03738766465,1806.7939730851465,19,1.2
1114.4149680137634,0,24.03814697265625,85523.2423638212,1773.264804832407,19,1.2
1114.9153702259064,0,23.975326538085938,82917.98669570457,1701.791211693642,19,1.2
1115.4156663417816,0,24.178359985351562,86877.904950093,1836.10468315039,19,1.2
1115.9164364337921,0,24.355575561523438,87602.78945349684,1800.244871620576,19,1.2
1116.4180235862732,0,24.083724975585938,72814.46175597256,1513.3041104291758,19,1.2
1116.919277191162,0,22.722518920898438,4268.725934382388,93.47555204570682,19,1.2
1117.41987657547,0,22.708892822265625,4292.417232470816,94.5884952124979,19,1.2
1117.920303106308,0,22.855392456054688,4285.473799879171,94.4197306674696,19,1.2
1118.4210975170135,0,22.862335205078125,4299.723217029545,93.34129610373314,19,1.2
1118.9214386940002,0,22.632614135742188,4061.092413620598,90.091227985014,19,1.2
1119.421952009201,0,22.590576171875,4282.1711610012435,94.81829873231673,19,1.2
1119.9223852157593,0,22.740509033203125,4160.953076341524,91.6426275663917,19,1.2
1120.4234087467194,0,22.708999633789062,4274.417745600268,94.41190869587712,19,1.2
1120.9235754013062,0,22.653472900390625,4260.557818316229,94.29017834890861,19,1.2
1121.42400598526,0,22.648468017578125,4280.5585024033135,94.13440230682683,19,1.2
1121.924542427063,0,22.546768188476562,4273.966348116976,94.86947229506809,19,1.2
1122.425138950348,0,22.786514282226562,4265.10797956623,93.78354115648376,19,1.2
1122.9253525733948,0,22.733963012695312,4265.564864921346,94.22026413977379,19,1.2
1123.4260370731354,0,22.658981323242188,4282.330361535804,94.31138891526412,19,1.2
1123.9265358448029,0,22.59295654296875,4278.344925159998,94.98535510032067,19,1.2
1124.4270684719086,0,22.77734375,4251.420628121729,93.38226719259133,19,1.2
1124.9274139404297,0,22.621719360351562,4256.558967004379,93.71524622994232,19,1.2
1125.4279057979584,0,22.650421142578125,4285.57366771526,95.36246528942657,19,1.2
1125.9284167289734,0,22.553909301757812,4273.553557332135,94.1743611531886,19,1.2
1126.429042339325,0,22.535934448242188,4266.702360573328,94.87070549083732,19,1.2
1126.930144071579,0,22.466659545898438,4268.798551058697,95.20774530944902,19,1.2
1127.4300546646118,0,22.614669799804688,4257.827642306408,94.628841320446,19,1.2
1127.9305460453033,0,22.5941162109375,4048.0957834532487,89.31528815555592,19,1.2
1128.431391954422,0,22.616607666015625,4275.821211498133,94.26701083927831,19,1.2
1128.9314370155334,0,22.866195678710938,4139.117484876945,91.09517076071079,19,1.2
1129.4320974349976,0,22.826141357421875,4288.2582103194045,94.19025170896577,19,1.2
1129.9326841831207,0,22.756088256835938,4266.739188145142,93.95287871401817,19,1.2
1130.432942390442,0,22.675949096679688,4265.4191889410295,94.15261918684656,19,1.2
1130.9335582256317,0,22.806106567382812,4278.100090164603,93.1767986666854,19,1.2
1131.4341311454773,0,22.721954345703125,4266.221938304385,94.3580806201842,19,1.2
1131.9346053600311,0,22.63311767578125,4270.988894602688,94.55171093330745,19,1.2
1132.435008764267,0,22.420883178710938,4258.254536602008,95.00071799234368,19,1.2
1132.9356145858765,0,22.332901000976562,4262.020165742133,95.73319650261784,19,1.2
1133.4366641044617,0,22.525741577148438,4264.7337941099295,94.42530416657917,19,1.2
1133.936676979065,0,22.696502685546875,4271.142665789774,93.89111747851003,19,1.2
1134.4371674060822,0,22.614105224609375,4284.754993394812,94.98496529778589,19,1.2
1134.9374976158142,0,22.560989379882812,4253.481298397139,94.76534756522744,19,1.2
1135.4381141662598,0,22.35546875,4262.638551606427,95.59182247073214,19,1.2
1135.938723564148,0,22.378021240234375,4248.105931930116,95.00393163348939,19,1.2
1136.4390985965729,0,22.293045043945312,4263.318370277881,95.72492209087356,19,1.2
1136.9394500255585,0,22.332656860351562,4281.408825549583,95.68946558230327,19,1.2
1137.4400022029877,0,22.2694091796875,4275.665537812437,96.27556720074988,19,1.2
1137.9405913352966,0,22.308639526367188,4266.196961836106,95.38905308344145,19,1.2
1138.4412398338318,0,22.299240112304688,4250.993845188984,95.11534874363882,19,1.2
1138.9413528442383,0,22.360580444335938,4267.587696557711,95.79357769053713,19,1.2
1139.442039489746,0,22.4306640625,4275.030683399718,95.18220209848056,19,1.2
1139.9427993297577,0,22.608322143554688,17779.983981169902,396.3584711461949,19,1.2
1140.4410429000854,0,24.100494384765625,86898.03469607484,1804.568790401722,19,1.2
1140.9414775371552,0,24.241897583007812,87579.18070492335,1808.0267788410397,19,1.2
1141.441159248352,0,30.052291870117188,119330.09542560995,1987.5688768813718,19,1.7
1141.9416344165802,0,31.247406005859375,123321.71924007252,1974.9159334515073,19,1.7
1142.4421560764313,0,31.277557373046875,123344.57769673497,1973.7155067357594,19,1.7
1142.9428086280823,0,31.111129760742188,123341.48357081492,1984.338096197997,19,1.7
1143.4435470104218,0,31.1044921875,123381.42084590571,1985.3080907977771,19,1.7
1143.943903207779,0,31.18902587890625,123363.68378800967,1979.7348028673134,19,1.7
1144.4442076683044,0,31.374908447265625,123334.8901255679,1967.2726728029468,19,1.7
1144.944828748703,0,31.377639770507812,123331.82421421558,1967.0695581766856,19,1.7
1145.4454083442688,0,31.298446655273438,123344.85881616814,1972.52600680098,19,1.7
1145.9465143680573,0,30.739013671875,104937.70737025228,1701.0305066437927,19,1.7
1146.448367357254,0,27.850143432617188,5506.782513556575,98.77866541894063,19,1.7
1146.9484643936157,0,27.949172973632812,5538.042398112313,99.18003665493426,19,1.7
1147.4489872455597,0,27.947189331054688,5548.520495182302,99.79536643067308,19,1.7
1147.9495329856873,0,27.533966064453125,5478.391186772675,99.58608918095436,19,1.7
1148.4501461982727,0,27.998977661132812,5530.720728014971,98.89646806082594,19,1.7
1148.9504535198212,0,27.990859985351562,5521.702682008722,98.63934160811466,19,1.7
1149.4508922100067,0,28.065811157226562,5565.103186675075,99.44483643692428,19,1.7
1149.9514834880829,0,27.91461181640625,5500.861840939369,98.08483162896056,19,1.7
1150.451956987381,0,27.935150146484375,5526.221429928477,99.44460600472591,19,1.7
1150.952487707138,0,27.926986694335938,5522.37020175889,98.79332955601585,19,1.7
1151.4528577327728,0,27.905181884765625,5532.5790138066295,99.58723836583016,19,1.7
1151.9534928798676,0,27.937240600585938,5517.959906447415,98.86445263109026,19,1.7
1152.4539859294891,0,27.854598999023438,5515.243638233749,98.90646783666095,19,1.7
1152.9548497200012,0,27.80694580078125,5533.061683763198,99.72328568073416,19,1.7
1153.455325603485,0,27.865341186523438,5535.840600469528,99.04777341591725,19,1.7
1153.955533027649,0,27.790115356445312,5509.856113467529,99.38785660202069,19,1.7
1154.4559679031372,0,27.740737915039062,5495.508662879055,98.84380179063233,19,1.7
1154.9565598964691,0,27.859146118164062,5545.432427149027,99.89538043255008,19,1.7
1155.4570677280426,0,27.851165771484375,5532.587682720132,99.45723718452336,19,1.7
1155.957489490509,0,27.795074462890625,5506.866164456064,98.79448258597765,19,1.7
1156.4580969810486,0,27.868637084960938,5507.029379416309,99.53841630443293,19,1.7
1156.9584805965424,0,27.895660400390625,5516.645035143768,98.76088109967891,19,1.7
1157.4589536190033,0,27.93817138671875,5522.346003140063,98.50322563731734,19,1.7
1157.9596288204193,0,27.983932495117188,5528.15554192437,99.48566022612333,19,1.7
1158.460064649582,0,27.953292846679688,5515.194577996285,98.1279742263286,19,1.7
1158.9604699611664,0,27.90478515625,5518.686296130432,99.66032651489965,19,1.7
1159.4614708423615,0,27.928359985351562,5535.342129703663,99.03911298231505,19,1.7
1159.9615762233734,0,27.850967407226562,5529.298341502604,99.27841857595791,19,1.7
1160.4621045589447,0,27.923690795898438,5529.686544684812,98.66174282393456,19,1.7
1160.9625735282898,0,27.920455932617188,5323.622529848404,95.91533915001408,19,1.7
1161.463074207306,0,27.925003051757812,5511.309630703742,98.97939831473046,19,1.7
1161.9634246826172,0,28.018783569335938,5529.716810543748,98.32689535512534,19,1.7
1162.4640655517578,0,27.924118041992188,5520.834183979871,99.37646001305986,19,1.7
1162.9644439220428,0,27.92840576171875,5409.9034183094,96.56834776071454,19,1.7
1163.4653120040894,0,27.935272216796875,5529.294122592344,99.37257738017857,19,1.7
1163.9655203819275,0,27.7723388671875,5518.257946140945,99.45147267604644,19,1.7
1164.4644927978516,0,31.1280517578125,114286.88809274467,1839.0485998094125,19,1.7
1164.964762210846,0,31.443099975585938,123284.19671139304,1962.2429101426487,19,1.7
1165.4652707576752,0,31.52294921875,123357.22346249435,1958.604811103022,19,1.7
1165.9660127162933,0,31.395858764648438,123341.86405773804,1966.0236231379026,19,1.7
1166.4664063453674,0,31.444992065429688,123393.78302805065,1964.6053613706274,19,1.7
1166.9665834903717,0,31.624496459960938,123369.64045744264,1951.9678385442426,19,1.7
1167.4672327041626,0,31.313491821289062,123381.77004637732,1972.2169712805185,19,1.7
1167.967577457428,0,31.46942138671875,123366.93613510388,1962.06340247675,19,1.7
1168.4682648181915,0,31.439437866210938,123377.18647550483,1964.157255698488,19,1.7
1168.968740940094,0,31.403701782226562,123323.76724018778,1965.405238784047,19,1.7
1169.4692697525024,0,31.5155029296875,123316.01324871746,1958.5281611310158,19,1.7
1169.9713413715363,0,29.41259765625,54464.41147085703,919.1639689891595,19,1.7
1170.4718840122223,0,28.063613891601562,5540.42297341146,99.16755592311127,19,1.7
1170.9722895622253,0,28.008087158203125,5528.62862352524,99.18563821615243,19,1.7
1171.4729681015015,0,27.97760009765625,5503.366882718684,98.50737698659424,19,1.7
1171.9734108448029,0,27.992156982421875,5308.8728105276205,94.2406832619785,19,1.7
1172.4740965366364,0,27.944747924804688,5534.667581835631,99.41045120446962,19,1.7
1172.9744548797607,0,27.9449462890625,5418.1987360268195,97.29845145790105,19,1.7
1173.4751284122467,0,28.044021606445312,5511.515570394789,98.20274847338773,19,1.7
1173.9755442142487,0,28.016098022460938,5527.11081011053,98.90742093272398,19,1.7
1174.4759917259216,0,28.006546020507812,5518.27541134924,98.76262492256612,19,1.7
1174.9763152599335,0,27.974197387695312,5520.630060964744,98.69809531030367,19,1.7
1175.4769532680511,0,28.047775268554688,5538.898522822565,98.51048696534919,19,1.7
1175.9774413108826,0,28.059402465820312,5506.061775268558,98.50530507080045,19,1.7
1176.47798538208,0,28.032485961914062,5517.698437968604,98.24315987321577,19,1.7
1176.9784135818481,0,27.895858764648438,5518.1049768013145,99.40543588907676,19,1.7
1177.4790678024292,0,27.962158203125,5524.7360614146755,98.84787790418483,19,1.7
1177.9794499874115,0,28.037948608398438,5534.434600431682,98.58067858688051,19,1.7
1178.480143547058,0,27.967056274414062,5529.002463643819,99.08086045277052,19,1.7
1178.9807765483856,0,27.898300170898438,5504.046641471661,98.28555801619281,19,1.7
1179.4810011386871,0,27.98883056640625,5529.942952548317,99.07523622399246,19,1.7
1179.9815669059753,0,27.938446044921875,5512.294871259844,98.75280806827405,19,1.7
1180.4821424484253,0,28.124099731445312,5536.946802596225,98.5987116558093,19,1.7
1180.9824259281158,0,27.946426391601562,5508.597239553797,98.653042838727,19,1.7
1181.4829678535461,0,27.953048706054688,5534.143049520372,98.91586528095218,19,1.7
1181.9835407733917,0,27.781661987304688,5448.949848308529,98.23026431057522,18,1.7
1182.4840834140778,0,27.409927368164062,5433.683855150545,99.08818668212034,18,1.7
1182.9845533370972,0,27.53350830078125,5458.852478263101,99.33350919622531,18,1.7
1183.4852764606476,0,27.488815307617188,5435.777299105442,98.94933519547801,18,1.7
1183.9853920936584,0,27.360946655273438,5454.674551071108,99.74070102117697,18,1.7
1184.4859726428986,0,27.4395751953125,5451.468897228687,99.34556131414463,18,1.7
1184.9864020347595,0,27.279006958007812,5444.840459942945,100.51685547868082,18,1.7
1185.4874765872955,0,27.27752685546875,5455.739959319703,99.60580423570478,18,1.7
1185.9876267910004,0,27.402084350585938,5457.201874682102,99.66395129141347,18,1.7
1186.4880895614624,0,27.471954345703125,5464.272307698989,99.81088223630056,18,1.7
1186.9885466098785,0,27.384185791015625,5462.180737971911,99.54650544674449,18,1.7
1187.488962173462,0,27.4417724609375,5472.1724837213405,99.84777783214636,18,1.7
1187.989447593689,0,27.76708984375,20554.579566039607,372.3832802855786,18,1.7
1188.4884383678436,0,30.156280517578125,114925.8252757344,1907.4633546557698,18,1.7
1188.989009141922,0,30.123443603515625,114977.85598610278,1910.1733771661002,18,1.7
1189.4891448020935,0,29.945556640625,115043.96869217278,1922.4554978517328,18,1.7
1189.9896137714386,0,29.942214965820312,115010.41106420611,1922.9038354618806,18,1.7
1190.490445613861,0,30.09942626953125,114969.19753509032,1911.531451954683,18,1.7
1190.9907400608063,0,29.945465087890625,115027.99394143868,1922.461375404712,18,1.7
1191.4912054538727,0,30.0291748046875,115031.82569789373,1916.9357924219205,18,1.7
1191.9922676086426,0,30.067092895507812,115036.00114946722,1915.3830468460176,18,1.7
1192.4922358989716,0,29.962051391601562,115040.0911922028,1921.4305204795494,18,1.7
1192.9927370548248,0,30.068893432617188,115005.31738721102,1914.2373871850887,18,1.7
1193.4932243824005,0,30.1124267578125,115018.79535401323,1912.0677474146773,18,1.7
1193.9938201904297,0,30.10430908203125,115032.4052230759,1912.0186363737737,18,1.7
1194.4950864315033,0,30.896621704101562,7831.298701436459,126.58341864867414,18,1.7
1194.9955778121948,0,31.5155029296875,5805.807997799546,92.081665536942,18,1.7
1195.4967031478882,0,30.965194702148438,5767.599403767709,93.45977081162056,18,1.7
1195.9973917007446,0,27.313385009765625,5472.0458977827375,100.20727928894252,18,1.7
1196.4978294372559,0,26.951004028320312,5443.174432742212,100.73836199746243,18,1.7
1196.998512506485,0,27.122299194335938,5446.357272909269,100.98701368842642,18,1.7
1197.4988312721252,0,27.18695068359375,5354.751548416235,98.31922789388256,18,1.7
1197.9985582828522,0,30.858551025390625,5767.912093929324,93.49110389616811,18,1.7
1198.5005288124084,0,27.65484619140625,5507.956210798276,99.62087588308906,18,1.7
1199.0003209114075,0,27.166580200195312,5462.604381194622,100.7119769892984,18,1.7
1199.5003395080566,0,27.869903564453125,5561.343933279089,99.96446502073385,14,2.1
1200.0008108615875,0,28.124969482421875,5789.099652500796,103.18233418222025,14,2.1
1200.500961780548,0,30.9383544921875,5868.409482216262,94.57516561647998,14,2.1
1201.0016403198242,0,28.0042724609375,5822.055072330811,104.09125979137879,14,2.1
1201.5018167495728,0,30.283416748046875,5981.550000933407,99.13016173096167,14,2.1
1202.0023791790009,0,30.541458129882812,5976.001441262711,97.70325919967625,14,2.1
1202.5027949810028,0,30.444076538085938,5985.902614470094,98.27855991154696,14,2.1
1203.0032618045807,0,30.475997924804688,5982.418162961839,98.30687111188995,14,2.1
1203.503881931305,0,30.521041870117188,5998.313949693371,98.45666516850338,14,2.1
1204.0046563148499,0,27.918426513671875,5852.120830187955,104.7695148065599,14,2.1
1204.5052552223206,0,29.925323486328125,5947.399653970898,99.51437956420247,14,2.1
1205.0054278373718,0,30.293289184570312,5806.706394622688,96.25894310233058,14,2.1
1205.505625486374,0,30.33258056640625,5978.2513909217505,98.1782606158533,14,2.1
1206.006117105484,0,30.925888061523438,5920.617632599102,96.19772257086314,14,2.1
1206.5070860385895,0,28.115219116210938,5854.954784910177,104.2495876658495,14,2.1
1207.0074524879456,0,29.760711669921875,6194.767378586127,103.69375686398367,18,2.1
1207.5079853534698,0,30.086990356445312,6262.152867018601,104.72965101093884,18,2.1
1208.00865316391,0,30.084762573242188,6071.889414960403,100.94811260704948,18,2.1
1208.5091857910156,0,30.004898071289062,6288.336036171582,104.7162364136308,18,2.1
1209.00945687294,0,30.174331665039062,6161.888598100549,102.40491933016604,18,2.1
1209.509949684143,0,30.048416137695312,6270.932317813017,104.0653851993624,18,2.1
1210.0105748176575,0,30.07464599609375,6265.038653419104,104.73938746973575,18,2.1
1210.5109040737152,0,30.106704711914062,6260.994370040466,103.23281905940631,18,2.1
1211.011517047882,0,30.156494140625,6063.353400264168,101.00643615255706,18,2.1
1211.510877609253,0,34.61570739746094,135731.30060901257,1970.9260659224403,18,2.1
1212.0108201503754,0,34.713104248046875,140594.93672267412,2026.8426441279355,18,2.1
1212.5113093852997,0,34.947662353515625,140585.25968734443,2013.4680050473075,18,2.1
1213.0120611190796,0,34.841400146484375,140572.5170536397,2019.3505342551305,18,2.1
1213.5125062465668,0,34.88240051269531,140626.59513735952,2017.4643649994116,18,2.1
1214.0130491256714,0,34.91717529296875,140618.28883248384,2015.5124064165514,18,2.1
1214.5133049488068,0,34.89781188964844,140569.13286431055,2015.971666718407,18,2.1
1215.0139951705933,0,34.883209228515625,140420.82739086673,2014.6942197780854,18,2.1
1215.5143477916718,0,34.86305236816406,140553.19246952297,2017.9242843418526,18,2.1
1216.0149438381195,0,34.88298034667969,139260.56255583925,1976.4366265384886,18,2.1
1216.5168058872223,0,30.24530029296875,6085.925958158016,101.07355425102767,18,2.1
1217.0173227787018,0,30.241073608398438,6288.217047508554,104.82432075822994,18,2.1
1217.517778635025,0,30.246505737304688,6288.57643826093,103.7805830287529,18,2.1
1218.018911600113,0,30.07574462890625,6293.646952058725,104.46956638207975,18,2.1
1218.519010066986,0,30.110137939453125,6162.825703637344,102.92214556544424,18,2.1
1219.0192551612854,0,30.226837158203125,6288.38599328813,103.58344750437418,18,2.1
1219.5198256969452,0,30.176712036132812,6278.564151463477,104.6170966611568,18,2.1
1220.0203664302826,0,30.334075927734375,6292.218018523629,103.81064541085547,18,2.1
1220.5208115577698,0,30.189895629882812,6286.512191992499,103.71019623204154,18,2.1
1221.021380186081,0,30.185195922851562,6265.288107755587,104.42204874389412,18,2.1
1221.5218029022217,0,30.159927368164062,6277.1490529409175,104.04534340199973,18,2.1
1222.0222616195679,0,30.08343505859375,6291.848067912092,104.50934189783865,18,2.1
1222.5227451324463,0,30.295242309570312,6296.6392699053295,104.30680724417745,18,2.1
1223.0231957435608,0,30.180740356445312,6298.726963712951,104.4705982279409,18,2.1
1223.5240314006805,0,30.085174560546875,6295.516962438293,104.37034339557185,18,2.1
1224.0241985321045,0,30.146774291992188,6279.6486252593495,104.48879105572256,18,2.1
1224.5251078605652,0,30.170013427734375,6280.146290721821,103.97741477689405,18,2.1
1225.0252504348755,0,30.409652709960938,6284.485038406624,103.51976163702935,18,2.1
1225.5258524417877,0,30.197280883789062,6274.293197981549,103.88352554232952,18,2.1
1226.0263571739197,0,30.302780151367188,6263.473460092748,103.81885702517167,18,2.1
1226.5267050266266,0,30.31927490234375,6138.096976772535,100.95887879440605,18,2.1
1227.0273039340973,0,30.185653686523438,6279.388692669264,103.75789878614754,18,2.1
1227.5276844501495,0,30.279586791992188,6160.671326512762,102.14802537589391,18,2.1
1228.0282318592072,0,30.077102661132812,6307.135115624865,105.03006342037803,18,2.1
1228.528720855713,0,30.1517333984375,6279.859375858058,104.53793678619289,18,2.1
1229.0293066501617,0,30.13299560546875,6294.235467750999,104.0387766635136,18,2.1
1229.529776096344,0,30.1273193359375,6095.26995173144,101.73490597764209,18,2.1
1230.030352115631,0,30.222869873046875,6292.756017187905,103.86174487021164,18,2.1
1230.5302410125732,0,33.57965087890625,6378.709072480042,94.93844982178203,18,2.1
1231.0310862064362,0,33.75395202636719,6519.389576789475,97.08492793496131,18,2.1
1231.5312724113464,0,33.72906494140625,6504.865294941675,96.17817765287712,18,2.1
1232.0315742492676,0,34.72523498535156,35390.803366916174,512.3363458160882,17,2.2
1232.5309691429138,0,38.04331970214844,137808.64809600075,1812.9858419296913,17,2.2
1233.0317685604095,0,35.742431640625,140566.8306619227,1968.6125641218298,18,2.1
1233.5322012901306,0,35.06532287597656,140587.7404788397,2006.626325639969,18,2.1
1234.032695531845,0,34.98228454589844,140540.81810249455,2010.8177871489954,18,2.1
1234.532961845398,0,34.9471435546875,140508.21818708014,2012.1816219388236,18,2.1
1235.0335972309113,0,34.85777282714844,140623.05815641236,2019.4061264056515,18,2.1
1235.5340058803558,0,34.993316650390625,140642.00407734863,2010.926849347802,18,2.1
1236.0344262123108,0,35.02009582519531,140601.2040918341,2009.3605783161088,18,2.1
1236.5349688529968,0,34.56700134277344,139213.46083973424,2015.8531921533797,18,2.1
1237.0367872714996,0,33.97297668457031,108440.2815745499,1593.7078608890463,18,2.1
1237.537954568863,0,30.469558715820312,6259.454808192396,103.08649459925192,18,2.1
1238.0381000041962,0,30.389724731445312,6284.186581041854,103.39020928178604,18,2.1
1238.5388865470886,0,30.24090576171875,6276.083818787062,103.86593658104374,18,2.1
1239.039080619812,0,30.18255615234375,6260.110051662208,103.43722990995144,18,2.1
1239.539463043213,0,30.104263305664062,6262.223568283719,104.47025286974134,18,2.1
1240.0399022102356,0,30.271240234375,6299.833469188584,103.56364574848175,18,2.1
1240.5405340194702,0,32.782012939453125,6340.111608601655,97.18744257359656,18,2.1
1241.040503025055,0,33.634765625,6475.146833997928,96.53701875616979,18,2.1
1241.540929555893,0,33.8341064453125,6508.862568140949,95.99780639248978,18,2.1
1242.0414204597473,0,33.77940368652344,6508.431523413404,96.77494695692907,18,2.1
1242.5422694683075,0,30.508346557617188,6120.50480654991,100.30042087731539,18,2.1
1243.0427777767181,0,30.383743286132812,6278.980446978597,103.44347536119653,18,2.1
1243.543393611908,0,31.201858520507812,6435.115922222008,102.87848712249584,17,2.2
1244.0443687438965,0,31.144622802734375,6451.010019093818,104.0629074408136,17,2.2
1244.543890953064,0,33.8656005859375,6748.505006147089,99.42242103328083,17,2.2
1245.04443526268,0,36.19206237792969,6919.846165970714,95.65633380735896,17,2.2
1245.5447540283203,0,36.150726318359375,7038.053873263416,97.64672413254577,17,2.2
1246.045235157013,0,36.52668762207031,7040.310968181674,96.39527231241539,17,2.2
1246.5456693172455,0,36.62202453613281,7034.142231077521,96.30816550079352,17,2.2
1247.0462124347687,0,36.65623474121094,6876.0520870910605,93.59935695039302,17,2.2
1247.5465669631958,0,36.688568115234375,7038.250617747997,96.35153895613998,17,2.2
1248.0470185279846,0,36.804412841796875,7041.748032726341,95.45051065209405,17,2.2
1248.5477249622345,0,36.6146240234375,6940.056577150288,95.18054856357956,17,2.2
1249.0480992794037,0,36.60798645019531,7041.254942665281,96.18119818718449,17,2.2
1249.5484204292297,0,36.71575927734375,7061.510296891126,95.87163848119279,17,2.2
1250.0489332675934,0,36.186370849609375,7058.61423309861,97.55053952966675,17,2.2
1250.5498275756836,0,36.49798583984375,6876.486759037836,94.79975183240995,17,2.2
1251.0498495101929,0,36.496734619140625,7049.8607431989985,96.41958484018646,17,2.2
1251.5503809452057,0,36.6922607421875,6924.3755304654605,94.24330717306036,17,2.2
1252.0507254600525,0,37.725616455078125,41190.88966179031,549.069887954389,17,2.2
1252.5502924919128,0,30.172012329101562,70670.18560135821,1172.0133087010765,11,1.7
1253.050573348999,0,28.050033569335938,64163.42586054661,1144.775813569916,11,1.7
1253.551861524582,0,25.754119873046875,64082.32645195202,1217.5527703750752,11,1.7
1254.0514686107635,0,27.507522583007812,64119.369400981,1165.499361247617,11,1.7
1254.552007675171,0,27.934494018554688,64107.99717916194,1147.1838358237083,11,1.7
1255.0528450012207,0,24.601043701171875,64114.27352791343,1292.7500307023583,11,1.7
1255.553547859192,0,24.220535278320312,64141.69151055371,1369.5403350433467,11,1.7
1256.0539319515228,0,24.258514404296875,64136.81773944289,1323.576516883192,11,1.7
1256.5538418293,0,27.589157104492188,64131.31817417556,1163.2830926456363,11,1.7
1257.0550451278687,0,25.168365478515625,64120.754335811806,1227.3343704567749,11,1.7
1257.5551762580872,0,24.09161376953125,64126.12164657053,1373.7975511569048,11,1.7
1258.0557634830475,0,24.100906372070312,64091.27630565594,1276.3835320172436,11,1.7
1258.5564756393433,0,24.283218383789062,64112.403526501716,1341.0495876337245,11,1.7
1259.0568103790283,0,24.122406005859375,64098.747595288216,1371.380615680068,11,1.7
1259.5572044849396,0,24.151107788085938,64145.06818980412,1327.7237748828475,11,1.7
1260.0577964782715,0,24.210968017578125,64131.97754243803,1324.4410540181132,11,1.7
1260.5577034950256,0,27.609512329101562,64172.33579455836,1162.4254574816086,11,1.7
1261.0581908226013,0,27.794265747070312,64147.54836161162,1144.4446955161197,11,1.7
1261.5591628551483,0,24.458419799804688,64134.006774863774,1290.3531895487386,11,1.7
1262.0593605041504,0,24.130722045898438,64130.114504726596,1349.6073568812044,11,1.7
1262.5597484111786,0,23.502471923828125,64134.685634562644,1375.8978249098527,11,1.7
1263.0621454715729,0,23.182052612304688,13437.976418027814,289.663737387766,11,1.7
1263.5629103183746,0,23.203201293945312,4827.861196170832,104.59763587162027,11,1.7
1264.0631494522095,0,23.044708251953125,4798.380153767893,104.44914180226161,11,1.7
1264.563839673996,0,23.113082885742188,4823.93662378012,104.48627783400309,11,1.7
1265.064073085785,0,23.09521484375,4814.658084490409,104.56711558383898,11,1.7
1265.564793586731,0,23.008255004882812,4786.515484287244,103.83229842910757,11,1.7
1266.065143108368,0,23.720718383789062,4795.978522651021,101.13521695192405,11,1.7
1266.5656745433807,0,23.118316650390625,4790.802059537782,103.72727548739937,11,1.7
1267.066076040268,0,23.093338012695312,4723.984402759391,102.4104873318819,11,1.7
1267.566843509674,0,23.117401123046875,4806.088127915724,104.38024530336853,11,1.7
1268.0670568943024,0,23.567367553710938,4784.922445665922,101.45384267253519,11,1.7
1268.567777633667,0,23.197128295898438,4808.180891319075,102.98688568370798,11,1.7
1269.0679202079773,0,23.156051635742188,4672.554395493058,101.83083183146574,11,1.7
1269.568475484848,0,23.089187622070312,4763.350928327976,103.16517146420138,11,1.7
1270.0696988105774,0,23.017898559570312,4811.274206552104,103.91913031545886,11,1.7
1270.5693228244781,0,23.027786254882812,4723.270448185392,102.96256764573943,11,1.7
1271.0702040195465,0,23.157455444335938,4808.0538643458885,104.11333860904413,11,1.7
1271.570627450943,0,23.118194580078125,4809.154980039855,103.33851943865449,11,1.7
1272.0710537433624,0,23.727935791015625,4822.319599756247,102.45307562406995,11,1.7
1272.5715091228485,0,23.08551025390625,4634.042480344011,100.53925490372336,11,1.7
1273.0720238685608,0,23.072662353515625,4811.137542786142,104.40927722556196,11,1.7
1273.5727474689484,0,23.533370971679688,4714.218680513668,99.90069008087362,11,1.7
1274.0729351043701,0,23.511550903320312,4782.941497276565,102.03495336673907,11,1.7
1274.5734627246857,0,23.125167846679688,4800.415420719323,103.78303050218042,11,1.7
1275.0739846229553,0,23.438262939453125,4819.7122180137685,103.3353028872758,11,1.7
1275.573689699173,0,26.877532958984375,4957.9019229022515,92.30757911397795,11,1.7
1276.0741302967072,0,27.199081420898438,5000.2022794253635,92.06193257968077,11,1.7
1276.5748908519745,0,27.26483154296875,4993.419392006363,91.14305350039288,11,1.7
1277.0751264095306,0,27.045440673828125,4988.540913611002,92.69584586307089,11,1.7
1277.5763356685638,0,23.770416259765625,4848.942968248671,102.05963469416838,11,1.7
1278.0768427848816,0,23.038818359375,4799.674235955274,103.7813642480952,11,1.7
1278.5776109695435,0,22.900360107421875,4804.002474692875,105.28218720973776,11,1.7
1279.0778062343597,0,22.984771728515625,4804.957551937081,104.06890389224141,11,1.7
1279.5774972438812,0,26.922073364257812,4965.277403208416,92.60059454818023,11,1.7
1280.078025817871,0,27.30364990234375,4991.211939708416,91.85585110306856,11,1.7
1280.5784492492676,0,27.297500610351562,5013.290749347856,91.58347629276975,11,1.7
1281.0787198543549,0,27.193588256835938,4982.2628307608,92.00698254196175,11,1.7
1281.5801174640656,0,23.527069091796875,4859.679699129778,103.24277922263227,11,1.7
1282.080518245697,0,23.158340454101562,4857.0064355083305,104.88661762331942,11,1.7
1282.5812458992004,0,23.041473388671875,4820.375415192743,104.72420575267243,11,1.7
1283.0819883346558,0,23.0345458984375,4838.385256783975,104.79911393277123,11,1.7
1283.5822534561157,0,23.548843383789062,30359.199425340077,649.7559031087341,11,1.7
1284.081214427948,0,24.195510864257812,64113.90351558157,1326.0311046953445,11,1.7
1284.5815629959106,0,24.203887939453125,64115.65135167122,1325.7374220319173,11,1.7
1285.08193898201,0,24.155319213867188,64086.47113486288,1301.9906597609793,11,1.7
1285.5822179317474,0,24.24066162109375,64104.26984538458,1349.303105305432,11,1.7
1286.0828375816345,0,24.231292724609375,64089.86478949496,1323.619022910262,11,1.7
1286.5833978652954,0,24.14520263671875,64110.453204455356,1329.0838964092063,11,1.7
1287.0836997032166,0,24.2205810546875,64099.91318645232,1324.4521230753724,11,1.7
1287.5841946601868,0,24.188888549804688,64079.027039040055,1325.8567020955147,11,1.7
1288.0847647190094,0,24.293060302734375,64071.330094296936,1320.0066027247547,11,1.7
1288.585420370102,0,24.23797607421875,64090.600528261624,1323.3778225451065,11,1.7
1289.0856761932373,0,24.2816162109375,64094.574496575544,1321.2464821657493,11,1.7
1289.5864553451538,0,24.1787109375,64102.970824431315,1326.9524617310876,11,1.7
1290.086739063263,0,24.217849731445312,64104.43336997398,1324.3950373659304,11,1.7
1290.5872042179108,0,24.293930053710938,64107.73977280208,1320.906083497108,11,1.7
1291.0876305103302,0,24.14044189453125,64101.69855174822,1319.1970610618507,11,1.7
1291.5881056785583,0,24.191070556640625,64125.34991257985,1336.154178225366,11,1.7
1292.0887084007263,0,30.8692626953125,114348.77532568111,1854.4012717444173,19,1.8
1292.5894722938538,0,33.268402099609375,130467.94847312276,1962.522870936642,19,1.8
1293.0907971858978,0,32.34278869628906,101816.76145185097,1571.6950222610972,19,1.8
1293.5920460224152,0,29.241470336914062,5785.24556144205,99.00322954504065,19,1.8
1294.0923736095428,0,29.31414794921875,5765.092342262346,98.14373608893091,19,1.8
1294.5927517414093,0,29.092926025390625,5781.955474206761,99.405607998179,19,1.8
1295.092793226242,0,32.226654052734375,6503.7862816884835,101.40674221569446,19,2.2
1295.593300819397,0,32.501373291015625,6654.948619961064,102.48797705175093,19,2.2
1296.093689918518,0,34.721343994140625,7084.615262962757,102.30018747544493,19,2.2
1296.593978881836,0,36.16893005371094,7378.529498683874,101.57889643249337,19,2.2
1297.0943713188171,0,37.78271484375,7260.6397148878805,96.36681787048165,19,2.2
1297.594816684723,0,38.29010009765625,7276.086954232652,95.16820250420423,19,2.2
1298.0952236652374,0,37.732177734375,7324.925534268326,97.23796028495448,19,2.2
1298.5940582752228,0,33.90812683105469,7408.698285588873,109.44278988013247,19,2.2
1299.0951795578003,0,33.722747802734375,7207.278822367138,106.78252024611163,19,2.2
1299.5967302322388,0,37.10643005371094,7282.116201608858,98.47349892487357,19,2.2
1300.0971426963806,0,37.80815124511719,7253.44936189392,95.9316941070589,19,2.2
1300.5976843833923,0,37.96842956542969,7236.115441994671,95.1316670544818,19,2.2
1301.0982389450073,0,38.00177001953125,7259.3635704940625,95.65343925116564,19,2.2
1301.5987038612366,0,38.27252197265625,7231.208927017375,94.61095881235677,19,2.2
1302.0990273952484,0,38.3233642578125,7232.987713022569,94.40716048989472,19,2.2
1302.5998883247375,0,38.20587158203125,7235.779324536073,94.67131229381835,19,2.2
1303.0999736785889,0,37.036895751953125,7433.732336675026,100.7913844886188,19,2.2
1303.6006968021393,0,37.59162902832031,7280.648182766797,96.90987313307126,19,2.2
1304.1010344028473,0,37.62138366699219,7243.854818214022,96.27503422150389,19,2.2
1304.6014335155487,0,37.673675537109375,7267.01738313654,96.32720854182007,19,2.2
1305.1020584106445,0,37.72935485839844,7264.080056418258,96.66213519121939,19,2.2
1305.602519273758,0,37.81103515625,7082.663917424342,93.67635626380154,19,2.2
1306.1031067371368,0,38.05242919921875,7244.228736409638,95.1581824393577,19,2.2
1306.603619337082,0,37.88836669921875,7130.523486533565,94.43531911534676,19,2.2
1307.103823184967,0,37.807342529296875,7282.824357852672,96.09244546042324,19,2.2
1307.603197336197,0,37.84967041015625,88454.59075333021,1174.1449666117855,19,2.2
1308.1037201881409,0,42.68464660644531,157297.3005696669,1844.1056974362805,19,2.2
1308.6043260097504,0,42.97955322265625,158999.03736410456,1851.5548448756492,19,2.2
1309.1049439907074,0,43.217987060546875,159110.45759053904,1842.6124263593206,19,2.2
1309.6052687168121,0,42.746917724609375,159137.65730498527,1863.1518771270144,19,2.2
1310.1055517196655,0,43.3189697265625,159127.66888969112,1838.2016124259937,19,2.2
1310.6060590744019,0,43.45747375488281,159023.9923499812,1831.56067582177,19,2.2
1311.1065151691437,0,42.63545227050781,159082.24065013035,1867.248868263308,19,2.2
1311.6069149971008,0,42.99012756347656,159095.85089724397,1852.122906181974,19,2.2
1312.1087393760681,0,39.19972229003906,45243.452162330665,577.2489874437182,19,2.2
1312.609117269516,0,38.15582275390625,7243.563375014896,94.69065896711963,19,2.2
1313.1094017028809,0,38.1527099609375,7270.056210610097,95.37985646958697,19,2.2
1313.6082983016968,0,33.39588928222656,7483.976492996932,112.55876339249203,19,2.2
1314.1105589866638,0,32.14533996582031,6302.016260938206,97.89910460882233,12,2.2
1314.6109428405762,0,32.51814270019531,6006.504058102736,92.59446419681021,12,2.2
1315.1114161014557,0,32.51692199707031,6024.96051615554,92.8132127718581,12,2.2
1315.6122314929962,0,33.08857727050781,6020.041596922338,90.60528579063893,12,2.2
1316.1123011112213,0,32.95037841796875,6041.167945657328,92.10819862223285,12,2.2
1316.6128499507904,0,32.54722595214844,6006.358481091397,92.11230488299427,12,2.2
1317.1132545471191,0,32.59690856933594,6016.525601557829,92.12530058218269,12,2.2
1317.6138896942139,0,32.51670837402344,6033.215060187293,93.33663066660722,12,2.2
1318.11430311203,0,32.55940246582031,6020.03767564698,92.5385532846599,12,2.2
1318.6150860786438,0,32.631561279296875,6044.436367737761,92.2113402495719,12,2.2
1319.1154057979584,0,32.47633361816406,6030.912515976782,93.23712570517613,12,2.2
1319.61576461792,0,32.57005310058594,6045.709868871207,92.90743219407162,12,2.2
1320.1160960197449,0,32.26460266113281,5868.249787230504,91.33848728749633,12,2.2
1320.6167809963226,0,32.48924255371094,6018.517310926884,92.4305943739829,12,2.2
1321.1172499656677,0,32.52296447753906,6024.499940873583,92.91895891246466,12,2.2
1321.6177928447723,0,32.58155822753906,6038.968183812837,92.44493400116613,12,2.2
1322.118579864502,0,32.446441650390625,6033.710893328009,93.4154824328328,12,2.2
1322.6188566684723,0,32.58067321777344,6044.383691110076,92.75437557108046,12,2.2
1323.1193006038666,0,32.66322326660156,6050.767330265705,92.64241851765169,12,2.2
1323.6198976039886,0,32.65501403808594,6052.047276517678,92.7575776408254,12,2.2
1324.1202185153961,0,32.61628723144531,6022.1021255976875,92.40782001374477,12,2.2
1324.6220319271088,0,27.385330200195312,5317.64484569231,96.8036529273287,15,1.6
1325.1221840381622,0,24.40863037109375,5065.385534207155,104.51221396760779,15,1.6
1325.6261422634125,0,24.445281982421875,5079.838174306286,103.41463853097851,15,1.6
1326.1238548755646,0,24.434860229492188,5074.7275394467415,104.07262313416759,15,1.6
1326.6237449645996,0,24.797439575195312,5077.306883108109,102.67189046996386,15,1.6
1327.1242444515228,0,24.642807006835938,5073.645368654036,103.03209367730223,15,1.6
1327.6247770786285,0,24.584579467773438,5057.968125074334,103.2354449392524,15,1.6
1328.1250689029694,0,24.515213012695312,4960.672013510333,100.83534655480513,15,1.6
1328.6263403892517,0,24.504226684570312,5082.000627954734,104.0228705362508,15,1.6
1329.1246390342712,0,26.521530151367188,86613.48775175636,1638.2538922913616,15,1.6
1329.624864578247,0,26.454879760742188,88909.64975222111,1682.4117290469717,15,1.6
1330.1248683929443,0,29.668380737304688,88888.20471957704,1499.2729260774954,15,1.6
1330.6252706050873,0,29.989578247070312,88920.38615981168,1483.5153610186644,15,1.6
1331.1259412765503,0,29.9288330078125,88933.43438749375,1487.261464166704,15,1.6
1331.626783132553,0,27.011093139648438,88891.96076117842,1647.1380765665328,15,1.6
1332.1275272369385,0,24.577926635742188,83124.19439977591,1692.3722092778532,17,1.3
1332.6279892921448,0,26.340301513671875,87975.21858312673,1671.8487439159605,15,1.6
1333.128191947937,0,26.426849365234375,88887.18795749811,1683.6664630379178,15,1.6
1333.628738641739,0,26.399322509765625,88888.2581606779,1685.0432424371686,15,1.6
1334.1292428970337,0,26.544998168945312,88880.9542944619,1675.4945589723927,15,1.6
1334.6291737556458,0,29.688201904296875,88898.89411671177,1498.575095366783,15,1.6
1335.1299622058868,0,30.111038208007812,88933.19821849599,1478.1954608314663,15,1.6
1335.6301193237305,0,30.11151123046875,88931.95698061549,1478.2386596047002,15,1.6
1336.1309525966644,0,29.933853149414062,88893.57711674186,1486.4441199034534,15,1.6
1336.6324577331543,0,26.611724853515625,74778.59349113854,1400.097145340723,15,1.6
1337.133661031723,0,24.460174560546875,4977.413744763919,101.83901156690301,15,1.6
1337.6342289447784,0,24.621688842773438,5086.509038488604,103.28292328925197,15,1.6
1338.1346163749695,0,24.592941284179688,5107.8901298149185,104.25755790542172,15,1.6
1338.6353962421417,0,24.100799560546875,5075.679918923723,105.30770954813957,15,1.6
1339.1357836723328,0,24.136398315429688,5065.382945455366,105.27668489691827,15,1.6
1339.6361429691315,0,23.958633422851562,5063.145708793449,105.34824568051648,15,1.6
1340.1366832256317,0,24.073013305664062,5069.687022598146,105.67850263271488,15,1.6
1340.6371281147003,0,23.997268676757812,5072.477173155458,105.67869344465039,15,1.6
1341.1377902030945,0,23.960052490234375,5062.21964384104,105.55068696242499,15,1.6
1341.6386082172394,0,24.254150390625,5083.212956092142,105.13664502491318,15,1.6
1342.1387152671814,0,24.228408813476562,5068.730467002725,104.75306156251949,15,1.6
1342.6391525268555,0,24.594650268554688,5089.918505127279,103.35580999295834,15,1.6
1343.139755487442,0,24.514266967773438,5068.141139971586,103.93947342376633,15,1.6
1343.6403677463531,0,24.5006103515625,5061.744698484921,103.3851795385359,15,1.6
1344.1406981945038,0,24.444427490234375,5072.000379115853,103.70461738213098,15,1.6
1344.641084432602,0,24.4354248046875,5071.641942842879,104.0292943674285,15,1.6
1345.1416132450104,0,24.499160766601562,5072.248746518128,103.63620305971,15,1.6
1345.6422629356384,0,24.594879150390625,5081.3250704639495,103.1922126748767,15,1.6
1346.1426258087158,0,24.676467895507812,5071.186968506913,102.56735326617599,15,1.6
1346.6430704593658,0,24.150131225585938,5063.163859059888,105.21681958017392,15,1.6
1347.1436614990234,0,24.125564575195312,5050.520985763331,104.82656238437588,15,1.6
1347.6442036628723,0,24.60546875,5073.6708629833865,103.18844260993808,15,1.6
1348.144951581955,0,24.60845947265625,5060.9151429721705,102.81017398960775,15,1.6
1348.6452288627625,0,24.749847412109375,5082.978655544701,102.34406531171895,15,1.6
1349.1456837654114,0,24.397796630859375,5075.708049867379,104.68158410541022,15,1.6
1349.646147966385,0,24.37908935546875,5063.13056617281,103.8184799725607,15,1.6
1350.1465044021606,0,24.900924682617188,5066.977326778281,101.64281175336585,15,1.6
1350.6471979618073,0,24.713714599609375,5072.221766413966,103.06018505369718,15,1.6
1351.14768576622,0,24.907455444335938,5067.789879138996,101.69645814125164,15,1.6
1351.6481249332428,0,24.594589233398438,5073.844866670973,103.55936323349036,15,1.6
1352.1485855579376,0,24.6678466796875,5070.07711831328,102.31942953003528,15,1.6
1352.6491425037384,0,24.763885498046875,5079.839260597976,102.56871847514921,15,1.6
1353.1495792865753,0,24.625152587890625,5073.784872017712,103.39022229052058,15,1.6
1353.6504678726196,0,24.645370483398438,5077.7911059099415,103.18367913004231,15,1.6
1354.1504995822906,0,24.623855590820312,5070.515975856768,102.94894683126063,15,1.6
1354.6515910625458,0,24.577056884765625,5065.881204807775,103.22635504711668,15,1.6
1355.1506125926971,0,28.3936767578125,5315.567428790636,93.7180493635023,15,1.6
1355.6511254310608,0,28.861557006835938,5370.304930611523,93.0303240176561,15,1.6
1356.1515364646912,0,28.956436157226562,5360.602402663934,92.65643000512729,15,1.6
1356.6511006355286,0,29.806869506835938,77707.49358289885,1302.854028031819,15,1.6
1357.1517877578735,0,26.757781982421875,88908.79827070926,1648.2681572401427,15,1.6
1357.6520817279816,0,26.275192260742188,88910.39895874374,1678.3892411660825,15,1.6
1358.1524415016174,0,26.35113525390625,88916.44687256124,1727.515705163097,15,1.6
1358.653079032898,0,26.35223388671875,88901.94084601915,1646.539727391692,15,1.6
1359.1537039279938,0,26.164688110351562,88905.28940839297,1743.724205982403,15,1.6
1359.6541578769684,0,26.376785278320312,88883.97917087036,1686.9379467774752,15,1.6
1360.154437303543,0,26.286392211914062,88893.67434122002,1692.1302718689503,15,1.6
1360.6550493240356,0,26.296798706054688,88892.42053090266,1692.4113272294614,15,1.6
1361.1559467315674,0,26.271987915039062,88886.50479502144,1693.0960894107834,15,1.6
1361.656100988388,0,26.318222045898438,88901.86969225816,1690.9956881732337,15,1.6
1362.1564629077911,0,26.301498413085938,88908.27123141853,1691.3485042307368,15,1.6
1362.6570925712585,0,26.3333740234375,88880.3609406911,1689.415111045183,15,1.6
1363.1574108600616,0,26.408432006835938,88919.5217119189,1685.1435930948292,15,1.6
1363.6583750247955,0,26.398056030273438,88875.74699974005,1685.2377292093804,15,1.6
1364.159487247467,0,26.023696899414062,77563.27243778289,1482.1491408036054,15,1.6
1364.6607563495636,0,24.044097900390625,5073.516941178194,105.76400123369511,15,1.6
1365.1612515449524,0,24.250106811523438,5078.095222405589,105.23664987682908,15,1.6
1365.6617662906647,0,24.036911010742188,5066.849149585615,105.29639182292959,15,1.6
1366.162271976471,0,24.007049560546875,5064.258485578187,105.59398370077149,15,1.6
1366.6628880500793,0,24.156448364257812,5061.969158536282,104.98232032123968,15,1.6
1367.1633772850037,0,24.2872314453125,5077.109207438946,104.66404973839094,15,1.6
1367.6642909049988,0,24.47442626953125,5092.498972156254,103.4957866674647,15,1.6
1368.1643495559692,0,24.323989868164062,5056.374644194253,104.21809965140139,15,1.6
1368.6649024486542,0,24.296051025390625,5069.746562817815,104.95532781582976,15,1.6
1369.1653776168823,0,24.257644653320312,4864.799308227229,99.84481323781301,15,1.6
1369.6660199165344,0,24.185928344726562,5060.521269450087,105.35051471594885,15,1.6
1370.1663522720337,0,24.275146484375,5087.414767585546,104.88093250595891,15,1.6
1370.666898727417,0,24.17230224609375,5079.689544041978,105.07894424538998,15,1.6
1371.1664772033691,0,27.864913940429688,5215.037762708956,93.30730414450034,15,1.6
1371.667857170105,0,24.7833251953125,5118.384411679172,103.17421007265115,15,1.6
1372.167466878891,0,28.401840209960938,5319.758994092373,94.28966504292868,15,1.6
1372.66876578331,0,25.001266479492188,5125.700651656571,102.55480465772303,15,1.6
1373.1684095859528,0,27.851348876953125,5317.062506702718,95.6865684234517,15,1.6
1373.6699080467224,0,24.868896484375,5138.061748786842,102.98004182087706,15,1.6
1374.169765472412,0,27.908370971679688,5295.738159803005,95.06108409882324,15,1.6
1374.669958114624,0,28.317413330078125,5342.9107388831235,94.60609868467138,15,1.6
1375.170328617096,0,31.826370239257812,5983.029481356672,94.07293315236126,19,1.8
1375.6707789897919,0,32.34197998046875,5878.949317536057,91.08904284088615,19,1.8
1376.1715621948242,0,31.218719482421875,6021.519435744286,96.03212590728023,19,1.8
1376.671229839325,0,25.044662475585938,5750.524912089898,115.15427699660093,19,1.8
1377.1728579998016,0,28.481063842773438,5537.122936159121,97.1171587995939,19,1.8
1377.673427581787,0,29.059921264648438,5778.752004054977,99.89703597481926,19,1.8
1378.1739280223846,0,28.926406860351562,5777.460987621831,99.9432806831807,19,1.8
1378.6746275424957,0,29.199325561523438,5783.161880955843,98.83789931788502,19,1.8
1379.174957036972,0,28.574951171875,5737.757110200457,100.68258674162487,19,1.8
1379.6753714084625,0,29.013671875,5738.763520497572,98.64315045439245,19,1.8
1380.176155090332,0,29.036224365234375,5772.325761913883,99.49640709689014,19,1.8
1380.6771035194397,0,29.15313720703125,5774.805366077946,99.26890473050068,19,1.8
1381.177906036377,0,27.898056030273438,5752.634959309591,103.55560247154912,19,1.8
1381.677455663681,0,27.813446044921875,5670.981489401996,102.2167478063751,19,1.8
1382.178739786148,0,27.44677734375,5702.719746472271,103.40011741474089,19,1.8
1382.6775379180908,0,25.55535888671875,12575.521455778971,243.47143890957466,19,1.8
1383.177232503891,0,29.320022583007812,98908.00297812198,1717.7681175862613,19,1.8
1383.6779882907867,0,32.83172607421875,128836.95831972451,1964.045382634803,19,1.8
1384.1784598827362,0,33.19844055175781,130451.28505543008,1966.6887635341934,19,1.8
1384.6789870262146,0,33.23143005371094,130514.08859249702,1966.0303482095915,19,1.8
1385.179318189621,0,33.11341857910156,130420.49772648646,1971.2854426089605,19,1.8
1385.6799335479736,0,33.0318603515625,130491.19133227212,1976.8792706497115,19,1.8
1386.180510044098,0,33.17161560058594,130402.06005959243,1967.4049279302278,19,1.8
1386.6807837486267,0,33.02227783203125,130536.001655524,1978.755079597144,19,1.8
1387.1811926364899,0,35.93238830566406,130470.98747835218,1816.8288577052188,19,1.8
1387.6814093589783,0,36.3638916015625,130539.79738195783,1796.617389465345,19,1.8
1388.1831815242767,0,35.60374450683594,118615.58136208507,1659.1513285536062,19,1.8
1388.6839728355408,0,32.00886535644531,6020.071471842214,94.22389598676286,19,1.8
1389.18483877182,0,29.546112060546875,5802.366817706215,98.5578066593883,19,1.8
1389.6845643520355,0,30.679458618164062,6090.674936877268,99.48024305073736,19,1.8
1390.1850957870483,0,32.127471923828125,6079.06495130826,94.65419523857923,19,1.8
1390.6856536865234,0,32.46299743652344,6066.04173004062,93.49105873339303,19,1.8
1391.1861481666565,0,32.481689453125,6060.3800552098255,93.09860573490172,19,1.8
1391.686511516571,0,32.468292236328125,6068.028531354628,93.9070024936062,19,1.8
1392.1877081394196,0,31.9891357421875,6009.801559507053,93.28166987846063,19,1.8
1392.6883418560028,0,29.246658325195312,5564.858736623382,95.84000909892947,19,1.8
1393.1887469291687,0,29.350738525390625,5806.277877000428,98.7027974609182,19,1.8
1393.6899154186249,0,29.245864868164062,5685.182123092598,97.72321703883377,19,1.8
1394.1897149085999,0,29.118896484375,5776.261505153554,99.24826655264063,19,1.8
1394.6902346611023,0,28.997222900390625,5780.260847275625,99.49228620652276,19,1.8
1395.1906044483185,0,29.160064697265625,5783.939061938416,99.51966945643039,19,1.8
1395.6912484169006,0,29.180572509765625,5785.433235817335,99.10703427878798,19,1.8
1396.1916818618774,0,29.125732421875,5788.302139998628,99.15630474689645,19,1.8
1396.6922874450684,0,29.199081420898438,5779.8210261843915,99.21544990543957,19,1.8
1397.1935067176819,0,27.865158081054688,5737.475560105,103.35487750051884,19,1.8
1397.6933007240295,0,25.4361572265625,5515.234195944804,108.5855845047103,19,1.8
1398.1936254501343,0,29.289398193359375,5808.259710332516,98.80708305765533,19,1.8
1398.6944773197174,0,29.1976318359375,5771.880366648681,99.15187698328086,19,1.8
1399.1955904960632,0,28.066787719726562,5736.541897021727,102.36297893045773,19,1.8
1399.6942811012268,0,24.944076538085938,5659.307901562033,113.45378914625306,19,1.8
1400.194284439087,0,23.5936279296875,5612.1666213695125,119.39664422932651,19,1.8
1400.6964588165283,0,27.0465087890625,5621.898168548655,103.71024304380204,19,1.8
1401.1972470283508,0,26.850997924804688,5714.848783094076,106.81167262504496,19,1.8
1401.697099685669,0,25.318450927734375,5462.769680866017,107.19455182098152,19,1.8
1402.19784450531,0,29.185256958007812,5742.4922902361495,99.12539074651602,19,1.8
1402.6983363628387,0,29.20770263671875,5640.135211145073,96.44716104643508,19,1.8
1403.1981174945831,0,32.13139343261719,6057.797865532531,94.14468769752341,19,1.8
1403.6986992359161,0,32.36338806152344,6074.441249444169,94.24229608475757,19,1.8
1404.19961476326,0,29.182571411132812,5869.283791498207,100.29959179277064,17,1.9
1404.6995117664337,0,32.19178771972656,6114.952025706919,95.27274554313105,17,1.9
1405.200033903122,0,32.060882568359375,6128.21035195506,95.44341124969183,17,1.9
1405.69984126091,0,34.472412109375,96943.75275009577,1416.0018697016267,17,1.9
1406.2000591754913,0,34.47547912597656,120676.78672322907,1751.5637644757312,17,1.9
1406.7007415294647,0,32.02392578125,120591.74746122774,1885.1217808950216,17,1.9
1407.2007892131805,0,32.048431396484375,120598.4815553525,1883.3059020361602,17,1.9
1407.7014753818512,0,31.980514526367188,120600.45571896064,1887.27420099004,17,1.9
1408.2018058300018,0,32.05635070800781,120606.82755966707,1883.1837893799875,17,1.9
1408.7025439739227,0,31.9613037109375,120612.57696965482,1888.7214534788238,17,1.9
1409.2031886577606,0,31.763778686523438,120664.32261055101,1901.1906799873755,17,1.9
1409.703377008438,0,32.008514404296875,120611.89207678378,1885.6857659066316,17,1.9
1410.2038099765778,0,31.65582275390625,120596.75478584573,1906.8529814961564,17,1.9
1410.7043194770813,0,32.09565734863281,120610.59339028264,1880.6905664629192,17,1.9
1411.2058568000793,0,31.31201171875,97718.17344399432,1553.7168431393952,17,1.9
1411.707022190094,0,28.990509033203125,5844.461891142875,100.99857152030452,17,1.9
1412.2074580192566,0,28.90753173828125,5835.6879991203905,101.42685396128972,17,1.9
1412.708093881607,0,28.797119140625,5849.458815745558,101.53793460106992,17,1.9
1413.2089128494263,0,28.703155517578125,5847.33503775967,101.83549325125327,17,1.9
1413.7091710567474,0,28.802932739257812,5842.956152313967,101.82990831355102,17,1.9
1414.2094748020172,0,28.930755615234375,5863.602581170582,101.276303977941,17,1.9
1414.7101378440857,0,29.02813720703125,5843.987990262813,100.55760654503707,17,1.9
1415.210464477539,0,29.038787841796875,5859.736337843064,101.07171194575547,17,1.9
1415.7109587192535,0,29.085617065429688,5860.670875216475,100.73707542146363,17,1.9
1416.2114090919495,0,29.08319091796875,5851.1138323543555,101.08932022942335,17,1.9
1416.7119665145874,0,29.010650634765625,5868.642993295183,100.99739012708535,17,1.9
1417.212528705597,0,29.087295532226562,5850.721837697372,100.66250390160864,17,1.9
1417.7129409313202,0,29.147323608398438,5869.501250435514,100.62673470146304,17,1.9
1418.2134671211243,0,29.15399169921875,5831.973155458418,100.19211194596983,17,1.9
1418.714326620102,0,28.988540649414062,5646.232131808032,97.72827250126724,17,1.9
1419.214456319809,0,29.157379150390625,5859.577441065506,100.31765835033268,17,1.9
1419.7155630588531,0,29.036026000976562,5839.409039421379,100.66804596130653,17,1.9
1420.2154760360718,0,29.005752563476562,5859.453018920625,101.08339694285033,17,1.9
1420.716186761856,0,28.967147827148438,5857.687078473325,101.11454594970162,17,1.9
1421.216735124588,0,28.866775512695312,5861.4570083992485,102.08968433983698,17,1.9
1421.7171313762665,0,28.652923583984375,5834.605868473196,101.52541647184628,17,1.9
1422.2175979614258,0,28.904464721679688,5853.872609470696,101.40301950658903,17,1.9
1422.7180712223053,0,28.956497192382812,5852.32355528776,100.94453001618281,17,1.9
1423.21853017807,0,28.897003173828125,5882.6278688149905,102.29434458024474,17,1.9
1423.7194266319275,0,28.941726684570312,5870.525273117352,101.06515177476967,17,1.9
1424.2195365428925,0,29.027481079101562,5835.605361575627,101.24888177486208,17,1.9
1424.7201087474823,0,29.002914428710938,5844.23302793299,100.78297500703675,17,1.9
1425.219955921173,0,32.21138000488281,6108.851360055596,94.96643731303337,17,1.9
1425.7205245494843,0,32.487030029296875,6103.83400616514,93.57580539860126,17,1.9
1426.221343278885,0,32.48326110839844,6128.34718663434,94.41786000996795,17,1.9
1426.7214524745941,0,32.59071350097656,6124.965358537323,94.44408143773131,17,1.9
1427.22256731987,0,31.769134521484375,6078.2567363077105,95.40706870532588,17,1.9
1427.722957611084,0,29.209030151367188,5858.669729127804,100.82498407986864,17,1.9
1428.2235729694366,0,27.206024169921875,20918.26787725877,384.98826342952844,16,1.7
1428.7227132320404,0,28.678451538085938,100207.1520408196,1748.6648445227406,16,1.7
1429.2230350971222,0,28.562026977539062,100250.99537177627,1756.422961138259,16,1.7
1429.7237315177917,0,28.494216918945312,100280.33656798238,1761.6557122026006,16,1.7
1430.2238895893097,0,28.482528686523438,100234.78798535762,1761.2200290255546,16,1.7
1430.7244675159454,0,28.478515625,100260.74292390948,1762.2056100404636,16,1.7
1431.2247951030731,0,28.488021850585938,100273.35488873346,1761.3718587823937,16,1.7
1431.7252399921417,0,28.5086669921875,100269.45605189126,1760.5523265522838,16,1.7
1432.2257735729218,0,28.457382202148438,100265.93192034471,1763.162881377471,16,1.7
1432.7266900539398,0,28.545516967773438,100282.69690283094,1758.3846898504833,16,1.7
1433.2268235683441,0,28.469650268554688,100304.711898934,1763.6324832362966,16,1.7
1433.7275154590607,0,28.404815673828125,100279.51483438579,1766.672263472462,16,1.7
1434.228122472763,0,28.463531494140625,100248.72763469645,1762.9224964698994,16,1.7
1434.7283997535706,0,28.482955932617188,100234.1997361056,1761.4393716259906,16,1.7
1435.2299802303314,0,27.95196533203125,80053.16766507887,1425.409609904687,16,1.7
1435.7312121391296,0,26.071121215820312,5293.784319430939,101.68339052450636,16,1.7
1436.2316505908966,0,26.037994384765625,5292.481950975519,101.96637885264289,16,1.7
1436.7321207523346,0,26.063613891601562,5311.599792082457,101.78941458516894,16,1.7
1437.2325947284698,0,25.982009887695312,5310.3606618411,102.14760180107908,16,1.7
1437.7329773902893,0,26.0562744140625,5325.890552155158,102.70079127489424,16,1.7
1438.2336037158966,0,26.047637939453125,5299.364726973903,101.92862808410727,16,1.7
1438.734165430069,0,26.0140380859375,5293.7096068598785,101.48366782883716,16,1.7
1439.235060930252,0,26.013458251953125,5123.705045691781,98.98722326958068,16,1.7
1439.735207080841,0,25.997177124023438,5310.710445476282,102.20340413593301,16,1.7
1440.235773563385,0,26.032318115234375,5296.650166955103,101.60447441874642,16,1.7
1440.7361114025116,0,25.928543090820312,5324.512993920315,103.12958929600242,16,1.7
1441.2358717918396,0,29.762313842773438,5578.3955401235025,93.57471380459297,16,1.7
1441.7363266944885,0,30.267059326171875,5624.33525749467,92.87324446380336,16,1.7
1442.2368421554565,0,30.130935668945312,5610.000410269791,93.22644443780477,16,1.7
1442.7371897697449,0,29.712493896484375,5618.949557330785,94.77494584637317,16,1.7
1443.2385606765747,0,28.988128662109375,5545.173056103698,95.5908548737055,16,1.7
1443.7384963035583,0,29.966949462890625,5477.071284413925,91.33395454179765,16,1.7
1444.238686323166,0,30.3026123046875,5576.768751119796,92.10427048127006,16,1.7
1444.739875793457,0,26.493408203125,5331.043261254244,100.70429517955712,16,1.7
1445.2405126094818,0,26.033340454101562,5324.484212887735,102.75285281641806,16,1.7
1445.7404849529266,0,29.740081787109375,5397.098739221378,90.75294477400739,16,1.7
1446.240639448166,0,30.151931762695312,5623.21166930266,92.995699979302,16,1.7
1446.7411115169525,0,30.296875,5514.505159111784,91.52759154203197,16,1.7
1447.2416589260101,0,30.262649536132812,5597.259002986213,92.35807316417696,16,1.7
1447.742159128189,0,30.199966430664062,5621.3116125256,93.01334842371986,16,1.7
1448.2425255775452,0,30.267333984375,5613.3672533241515,93.03759628957451,16,1.7
1448.7439737319946,0,26.453262329101562,5164.436614521152,97.83292388677933,16,1.7
1449.2434315681458,0,29.867507934570312,5565.485431278797,92.9103293813161,16,1.7
1449.7439985275269,0,30.1824951171875,5546.448629929378,92.30515864188793,16,1.7
1450.2445628643036,0,30.24859619140625,5620.405860855607,92.86381365354232,16,1.7
1450.7449269294739,0,30.250091552734375,5658.559330914966,93.71872462130574,16,1.7
1451.2453935146332,0,30.315536499023438,5624.175975424823,92.85667763427773,16,1.7
1451.7466983795166,0,26.579132080078125,5192.835785577947,97.52011435854159,16,1.7
1452.2476968765259,0,25.977828979492188,5306.670539935704,102.66446830893466,16,1.7
1452.7478215694427,0,26.013961791992188,5336.483662590626,102.21434248506175,16,1.7
1453.2473590373993,0,30.073699951171875,5598.773230967747,93.27086472746092,16,1.7
1453.748707294464,0,27.7164306640625,46830.1761849846,848.5941167921146,16,1.7
1454.2471618652344,0,31.362930297851562,100241.38537005655,1598.9577352545805,16,1.7
1454.7475264072418,0,31.758804321289062,100273.72770341579,1580.475117772402,16,1.7
1455.2479481697083,0,31.65484619140625,100259.52091793601,1584.9389915412248,16,1.7
1455.748382806778,0,31.803787231445312,100244.60139381562,1577.3907564819342,16,1.7
1456.2488543987274,0,31.895370483398438,100274.10370079557,1573.4258370230039,16,1.7
1456.7492990493774,0,31.92169189453125,100264.46986064539,1572.0657966941042,16,1.7
1457.249856710434,0,31.801864624023438,100277.34248044013,1577.9892340680954,16,1.7
1457.7502632141113,0,31.8424072265625,100302.0741641944,1576.5139753040985,16,1.7
1458.2513225078583,0,30.9927978515625,100227.50394520657,1618.2791963543698,16,1.7
1458.7521448135376,0,28.522293090820312,100255.20168397341,1759.535947555072,16,1.7
1459.2521550655365,0,28.534820556640625,100229.80255361377,1757.6069875907592,16,1.7
1459.7527832984924,0,28.432571411132812,100223.2122616025,1764.7366210554392,16,1.7
1460.2526750564575,0,31.443756103515625,100243.99057023536,1595.1974641602021,16,1.7
1460.754415512085,0,30.960723876953125,53922.305119008124,869.3595184328368,16,1.7
1461.255735874176,0,28.917984008789062,5577.587534121288,96.47975457597713,16,1.7
1461.7562839984894,0,25.823272705078125,5340.234979114907,103.70490334764476,16,1.7
1462.2566425800323,0,25.877029418945312,5314.329597835319,102.75522576224573,16,1.7
1462.7572438716888,0,25.922836303710938,5117.616681893311,98.87035392161538,16,1.7
1463.2577979564667,0,25.922348022460938,5338.211577372342,102.99992877522226,16,1.7
1463.7583355903625,0,25.985626220703125,5227.428099133257,100.82497061058348,16,1.7
1464.2587141990662,0,25.905670166015625,5329.347504281544,102.75742657652404,16,1.7
1464.759276151657,0,25.940948486328125,5320.388132727244,102.69478008500846,16,1.7
1465.2600936889648,0,25.9022216796875,5325.14020161215,102.88692734376104,16,1.7
1465.7602322101593,0,25.85626220703125,5299.559604306447,102.72173057085327,16,1.7
1466.2607638835907,0,25.9307861328125,5309.999038514496,102.23369189125573,16,1.7
1466.761260509491,0,25.947235107421875,5309.13792200281,102.66989869907167,16,1.7
1467.26167178154,0,25.9356689453125,5316.6797635449875,102.40722942602311,16,1.7
1467.7623472213745,0,25.905181884765625,5321.208874762879,102.8751703753618,16,1.7
1468.2627084255219,0,25.968109130859375,5324.098625905074,102.27929906701311,16,1.7
1468.763498544693,0,26.003738403320312,5298.306927707046,101.9853360646551,16,1.7
1469.26371717453,0,25.900192260742188,5328.935481762108,103.39691586224774,16,1.7
1469.764363527298,0,25.946746826171875,5323.315142715949,102.13226412364756,16,1.7
1470.2648561000824,0,26.013442993164062,5317.774282912805,102.63923928492032,16,1.7
1470.7652463912964,0,26.03814697265625,5307.180503196624,102.27302283824298,16,1.7
1471.26557803154,0,25.992340087890625,5332.60512053123,102.45326088360336,16,1.7
1471.7667741775513,0,25.9237060546875,5332.447677225391,103.03310778039902,16,1.7
1472.2668583393097,0,26.011260986328125,5133.3281410106965,98.76491575515318,16,1.7
1472.7674069404602,0,25.938262939453125,5312.8909047304005,102.47409420609569,16,1.7
1473.2677280902863,0,25.890243530273438,5215.180883985958,100.57842820038155,16,1.7
1473.7686560153961,0,25.954116821289062,5323.569192213779,103.1050302511157,16,1.7
1474.268816947937,0,25.840911865234375,5312.967662309914,102.47316402028922,16,1.7
1474.76926279068,0,28.331008911132812,5625.096047438336,99.46698364464714,18,1.8
1475.2708005905151,0,23.375137329101562,4331.202764186977,92.96202068916446,19,1.2
1475.771332502365,0,22.121658325195312,4277.354054600742,96.82818387807679,19,1.2
1476.271873474121,0,22.133163452148438,4190.754797878528,94.42843561511431,19,1.2
1476.772400379181,0,22.137420654296875,4270.366067636783,96.84958484916577,19,1.2
1477.2729034423828,0,22.24090576171875,4299.407173085031,96.89353586081039,19,1.2
1477.773276567459,0,22.147445678710938,4281.30711493845,96.26392275337506,19,1.2
1478.2743113040924,0,22.264877319335938,4293.132334348377,96.29516342037253,19,1.2
1478.774535894394,0,22.203903198242188,4083.0860206156717,91.96581257666709,19,1.2
1479.2750494480133,0,22.127487182617188,4290.0008076102395,97.48056714250349,19,1.2
1479.7753233909607,0,22.244705200195312,4170.498021196701,93.82007903533268,19,1.2
1480.275797367096,0,22.121231079101562,4287.753927247731,97.01087576574234,19,1.2
1480.775447845459,0,23.541458129882812,58104.582644386166,1239.5578829060942,19,1.2
1481.2746150493622,0,24.186965942382812,87618.58663358024,1813.0012711995391,19,1.2
1481.7750248908997,0,24.044113159179688,87602.98132684935,1823.065783703685,19,1.2
1482.2754843235016,0,24.2994384765625,87597.39385465282,1804.7330617247978,19,1.2
1482.7761914730072,0,24.181808471679688,87593.62088094518,1812.7262918047247,19,1.2
1483.276829957962,0,24.213897705078125,87602.47827766712,1810.7369798132438,19,1.2
1483.7772841453552,0,24.298416137695312,87540.67621896545,1803.245106664632,19,1.2
1484.2777969837189,0,24.178726196289062,87611.99327547575,1813.7845494412704,19,1.2
1484.7779920101166,0,30.320999145507812,117326.82628476284,1936.479722130101,18,1.8
1485.2778811454773,0,31.359054565429688,121443.21749716884,1938.1324099930564,18,1.8
1485.778357744217,0,31.490036010742188,121401.45266198057,1929.6580029083248,18,1.8
1486.2788224220276,0,31.468536376953125,121419.26195940876,1930.9128099297782,18,1.8
1486.7795128822327,0,31.369125366210938,121444.70371201412,1937.6058238930016,18,1.8
1487.2800838947296,0,31.586044311523438,121422.85056130876,1924.2042276824943,18,1.8
1487.7822444438934,0,28.719406127929688,9375.453743659318,162.60781922849074,18,1.8
1488.281935453415,0,31.442337036132812,5957.072355584145,95.06290822355571,18,1.8
1488.783489704132,0,29.000579833984375,5734.071895295954,99.13594888302636,18,1.8
1489.2828574180603,0,31.523513793945312,5962.390737612206,94.69122063966505,18,1.8
1489.7841000556946,0,29.577285766601562,5621.20513908158,95.0729563959952,18,1.8
1490.284654378891,0,28.671112060546875,5718.164918723705,99.71709482221831,18,1.8
1490.7850315570831,0,28.661880493164062,5551.95941908351,96.74871125993873,18,1.8
1491.2872922420502,0,23.48785400390625,4552.063170189472,97.28432404339635,19,1.2
1491.7874257564545,0,22.340591430664062,4286.987996224561,95.70024171631562,19,1.2
1492.2876226902008,0,22.29150390625,4298.091449252377,96.5390226272096,19,1.2
1492.78844165802,0,22.231765747070312,4269.196932105362,95.80885406192668,19,1.2
1493.2887053489685,0,22.175308227539062,4304.765538869776,97.63111194600356,19,1.2
1493.7892594337463,0,22.359954833984375,4289.61604424913,95.34902980929205,19,1.2
1494.289916753769,0,22.35809326171875,4287.128651936565,96.47513205847426,19,1.2
1494.7903265953064,0,22.44268798828125,4053.821327977715,90.1852755363733,19,1.2
1495.2906918525696,0,22.292709350585938,4288.736536693054,96.57866014134396,19,1.2
1495.7913026809692,0,22.333938598632812,4182.579625032542,93.40045378864326,19,1.2
1496.291666984558,0,22.422286987304688,4276.0982705279675,95.88673988595865,19,1.2
1496.7923378944397,0,22.366302490234375,4270.744722677167,95.23254909612375,19,1.2
1497.2925159931183,0,22.440109252929688,4283.247946223512,95.5877699089169,19,1.2
1497.793778181076,0,22.380691528320312,4285.848253076909,96.19899355100867,19,1.2
1498.2936668395996,0,22.358566284179688,4278.8599428583875,95.89165838048551,19,1.2
1498.7944474220276,0,22.384353637695312,4274.597398453101,95.02172966112036,19,1.2
1499.2947714328766,0,22.341934204101562,4256.5779155852815,95.5602133860037,19,1.2
1499.795247077942,0,22.459365844726562,4302.652186007,95.46128839178284,19,1.2
1500.2956569194794,0,22.426986694335938,4267.2345624181435,95.77746797979283,19,1.2
1500.7961673736572,0,22.293167114257812,4264.6478331188455,95.85896831290789,19,1.2
1501.2966933250427,0,22.1641845703125,4257.244309451485,96.19122206984673,19,1.2
1501.7972519397736,0,22.20281982421875,4256.537584094222,95.70856390421446,19,1.2
1502.2978301048279,0,22.281906127929688,4272.772438826874,95.45861955382132,19,1.2
1502.798107624054,0,22.27484130859375,4281.047928476816,96.97038780548621,19,1.2
1503.298716545105,0,22.265731811523438,4280.273198265284,95.9321713780156,19,1.2
1503.7992753982544,0,22.283309936523438,4267.471467784234,96.21550865232453,19,1.2
1504.3002519607544,0,22.254684448242188,4287.703474556067,96.3842019413322,19,1.2
1504.8003735542297,0,22.34332275390625,4272.080454863926,95.15146978881262,19,1.2
1505.3007328510284,0,22.371078491210938,4256.572700384695,95.79332533484845,19,1.2
1505.8003234863281,0,27.487686157226562,5433.136650809699,98.51684075955087,18,1.8
1506.3006653785706,0,28.466598510742188,5690.050334936672,100.2227223924695,18,1.8
1506.8010790348053,0,28.556854248046875,5688.743380711632,99.59080139909014,18,1.8
1507.301653623581,0,28.533294677734375,5681.451190123857,99.56789189917635,18,1.8
1507.8020975589752,0,28.61529541015625,5670.210371947005,99.52719198520582,18,1.8
1508.3024945259094,0,28.622222900390625,5702.899171712412,99.46816534508734,18,1.8
1508.8027658462524,0,30.35894775390625,77271.7732146572,1278.700444912656,18,1.8
1509.302075624466,0,31.46466064453125,121433.77612586082,1930.9917461499815,18,1.8
1509.8023405075073,0,31.535858154296875,121454.71592561537,1927.7420548556322,18,1.8
1510.302738904953,0,28.750595092773438,95571.93525326344,1663.4786113356392,14,1.9
1510.8036749362946,0,28.6085205078125,93729.97711557228,1616.196824556987,14,1.9
1511.3036432266235,0,28.56298828125,93726.80134332177,1627.770860044105,14,1.9
1511.8041558265686,0,28.489883422851562,93765.8199934045,1685.0191798782398,14,1.9
1512.3046400547028,0,28.51324462890625,93730.0049638184,1645.8316340619187,14,1.9
1512.805368423462,0,28.617141723632812,93724.69913956095,1569.793392849621,14,1.9
1513.3056204319,0,28.529815673828125,93735.38371321301,1714.1015055649746,14,1.9
1513.8064024448395,0,28.496902465820312,93757.67539575412,1646.564922495667,14,1.9
1514.3068730831146,0,28.408889770507812,93732.55404649508,1642.3732281307655,14,1.9
1514.8071780204773,0,28.429901123046875,93735.29428816617,1659.2038008095828,14,1.9
1515.3076293468475,0,28.392120361328125,93748.00472256185,1652.5359643060215,14,1.9
1515.8096656799316,0,27.443923950195312,50127.856073095514,910.110377995791,14,1.9
1516.3102688789368,0,26.541549682617188,5494.611624135902,103.64880848693277,14,1.9
1516.8108251094818,0,26.571426391601562,5478.5879756084505,103.38172891118276,14,1.9
1517.3117570877075,0,26.524368286132812,5519.059922945785,103.94215501227923,14,1.9
1517.8118221759796,0,26.678024291992188,5503.892441006452,103.11858066737551,14,1.9
1518.3123395442963,0,26.612014770507812,5514.815320212019,103.71255328847593,14,1.9
1518.8130249977112,0,26.576248168945312,5515.055736487147,103.92738592904293,14,1.9
1519.3132557868958,0,26.629638671875,5503.38229028518,103.60636259454503,14,1.9
1519.813843011856,0,26.617218017578125,5502.481267808352,103.54200045173488,14,1.9
1520.3142096996307,0,26.501876831054688,5503.900381856595,103.9171684917381,14,1.9
1520.8145587444305,0,26.652084350585938,5478.4070906324605,102.46853357043199,14,1.9
1521.3151507377625,0,26.646438598632812,5486.822881848498,103.6911551903137,14,1.9
1521.8156170845032,0,26.678634643554688,5486.93841902005,102.51649068783027,14,1.9
1522.3161237239838,0,26.648178100585938,5485.905335787484,103.42170446314307,14,1.9
1522.816652059555,0,26.55615234375,5501.396579005363,103.13994153014507,14,1.9
1523.3170838356018,0,26.575485229492188,5522.3085409705,104.15614150022019,14,1.9
1523.8183333873749,0,26.52777099609375,5498.497510635568,104.11730410394104,14,1.9
1524.3182344436646,0,26.706146240234375,5494.533293759957,103.08488447698396,14,1.9
1524.818811416626,0,26.707107543945312,5510.686831155722,103.2683900891116,14,1.9
1525.3192055225372,0,26.405731201171875,5490.517275862047,103.95470510122355,14,1.9
1525.8196997642517,0,26.71466064453125,5507.890320355482,102.82743384061432,14,1.9
1526.320205450058,0,26.508941650390625,5507.436709474838,103.85175071519436,14,1.9
1526.8206150531769,0,26.629989624023438,5499.142685412587,103.60499718374099,14,1.9
1527.3212006092072,0,26.58868408203125,5523.158172394761,104.10443749153522,14,1.9
1527.8216309547424,0,26.612319946289062,5334.421254931851,100.5173545710739,14,1.9
1528.3222601413727,0,26.6448974609375,5500.63655584972,102.7964173634177,14,1.9
1528.8226087093353,0,26.700119018554688,5498.9101124843155,103.29541969769444,14,1.9
1529.323070049286,0,26.6734619140625,5511.968651521965,103.13621864545625,14,1.9
1529.8235309123993,0,26.734451293945312,5504.523736842273,103.31238781121063,14,1.9
1530.3245310783386,0,26.716445922851562,5515.55106173238,103.38201450805848,14,1.9
1530.8248827457428,0,26.686416625976562,5500.283630457581,102.97373523446743,14,1.9
1531.3251869678497,0,26.642791748046875,5503.989445889991,103.63028116985537,14,1.9
1531.8256289958954,0,26.917556762695312,5520.253505285349,102.7953623129254,14,1.9
1532.3262207508087,0,26.722152709960938,5423.413471286993,101.07718600804105,14,1.9
1532.826715707779,0,26.6915283203125,5553.586357093072,104.49008264084846,14,1.9
1533.3271844387054,0,26.63232421875,5560.2596860292115,104.3468822763691,14,1.9
1533.8277702331543,0,26.829925537109375,16955.431618460832,313.6795884267195,14,1.9
1534.3267390727997,0,28.567947387695312,93708.2932764379,1661.3024154630657,14,1.9
1534.8277492523193,0,25.079971313476562,89067.45982176288,1777.4741223904734,19,1.2
1535.3276855945587,0,30.40478515625,117406.22364873963,1932.7549824150058,18,1.8
1535.8282237052917,0,31.464004516601562,121419.09580907827,1931.5087489239945,18,1.8
1536.3285777568817,0,31.3739013671875,121377.34687684101,1936.1315409606443,18,1.8
1536.8293433189392,0,31.489242553710938,121409.75145199567,1929.7701396389652,18,1.8
1537.3294689655304,0,31.465225219726562,121466.07063270018,1931.8151888482885,18,1.8
1537.8299839496613,0,31.398025512695312,121424.27679368264,1936.045308817948,18,1.8
1538.3304765224457,0,31.561508178710938,121400.89211439043,1924.7812764846512,18,1.8
1538.8311161994934,0,31.471221923828125,121440.89934895471,1931.1928893991656,18,1.8
1539.331681728363,0,31.595077514648438,121425.12298307092,1923.5907863122793,18,1.8
1539.8327369689941,0,31.380172729492188,114981.11393628623,1817.9950917345764,18,1.8
1540.3341662883759,0,28.603439331054688,5613.036275675416,98.90419006110784,18,1.8
1540.8347198963165,0,28.51666259765625,5692.238783830532,99.87143447263263,18,1.8
1541.3351335525513,0,28.556411743164062,5702.09183679052,99.66238145033351,18,1.8
1541.8358018398285,0,28.433746337890625,5702.8041341993385,100.65504439652813,18,1.8
1542.3361604213715,0,28.438796997070312,5682.051694590957,100.00423014704107,18,1.8
1542.8367624282837,0,28.464614868164062,5725.204077512557,100.86207079552088,18,1.8
1543.3373985290527,0,28.505401611328125,5691.651756632036,99.5951587951588,18,1.8
1543.8378415107727,0,28.60223388671875,5678.829248254242,99.67752908012693,18,1.8
1544.3381371498108,0,28.59893798828125,5672.064049406362,98.67499279715727,18,1.8
1544.838816165924,0,28.621414184570312,5686.104493743027,100.02999787283159,18,1.8
1545.3391366004944,0,28.628067016601562,5688.2670129518865,99.48279072940657,18,1.8
1545.839694261551,0,28.505081176757812,5676.990566074107,99.49103398142185,18,1.8
1546.3401124477386,0,28.536346435546875,5691.5744765475465,99.59228685490744,18,1.8
1546.8407409191132,0,28.431869506835938,5706.858977176673,100.34514259831022,18,1.8
1547.3410820960999,0,28.322555541992188,5695.737063148295,100.55589778180284,18,1.8
1547.8418247699738,0,28.451171875,5681.809176654117,100.55824809500926,18,1.8
1548.342125415802,0,28.483917236328125,5684.69448545556,99.63517224310851,18,1.8
1548.8430109024048,0,28.599960327148438,5698.75690312414,99.23090688017619,18,1.8
1549.3430244922638,0,28.573944091796875,5692.810431694397,100.30116916281023,18,1.8
1549.8441274166107,0,28.538238525390625,5722.261455845517,100.18137585668899,18,1.8
1550.3441684246063,0,28.605880737304688,5711.654605526635,100.15423144317937,18,1.8
1550.844821214676,0,28.578109741210938,5698.921151611777,99.58671254928866,18,1.8
1551.3450667858124,0,28.523590087890625,5715.4668116574785,100.12764842012237,18,1.8
1551.8458111286163,0,28.544174194335938,5683.1409576960405,99.84524269633731,18,1.8
1552.34610414505,0,28.535781860351562,5691.357053587168,100.08486937476238,18,1.8
1552.846713066101,0,28.585357666015625,5687.2031604935655,99.63142785461494,18,1.8
1553.347153186798,0,28.595413208007812,5686.0463674048415,99.38656872439007,18,1.8
1553.8477120399475,0,28.608535766601562,5711.575560044714,99.9701635670165,18,1.8
1554.3481504917145,0,28.576873779296875,5700.182528831295,99.80097970220214,18,1.8
1554.8486704826355,0,28.530075073242188,5692.267262220274,99.43892515939322,18,1.8
1555.3489594459534,0,28.57476806640625,5699.284476983629,100.33327281387704,18,1.8
1555.8496074676514,0,28.579910278320312,5706.998661992738,99.75538664173713,18,1.8
1556.3505976200104,0,28.517578125,5694.622412348027,99.72796383809329,18,1.8
1556.850781917572,0,28.471389770507812,5685.015086676658,99.92487275584288,18,1.8
1557.3510320186615,0,28.536270141601562,5708.781470917235,100.57376054258663,18,1.8
1557.850299358368,0,31.228164672851562,113063.33251428431,1811.9540675149483,18,1.8
1558.3504872322083,0,31.449508666992188,121429.22253394664,1932.1446526691168,18,1.8
1558.851143360138,0,31.560943603515625,121407.05773599821,1925.3860329204817,18,1.8
1559.3516886234283,0,31.47528076171875,121403.94709012975,1930.4355204958008,18,1.8
1559.8521857261658,0,31.455795288085938,121415.32095122706,1932.3625247212328,18,1.8
1560.3524165153503,0,31.564346313476562,121435.50995679313,1925.1151091969887,18,1.8
1560.8529851436615,0,31.695953369140625,121414.5470354529,1917.5949463370862,18,1.8
1561.3532202243805,0,31.55328369140625,121432.17991502117,1925.9802115794178,18,1.8
1561.8538479804993,0,31.440444946289062,121421.90908687095,1932.9561049094848,18,1.8
1562.3542261123657,0,31.549728393554688,121400.87892204382,1925.373151941607,18,1.8
1562.8551394939423,0,31.4949951171875,121399.3535811019,1929.3224137329607,18,1.8
1563.3570110797882,0,30.22601318359375,74163.24774006603,1221.5305993461532,18,1.8
1563.8578577041626,0,28.510009765625,5703.9207278585545,100.63132294886836,18,1.8
1564.358167886734,0,28.549545288085938,5683.98541102542,99.6863512634532,18,1.8
1564.8585600852966,0,28.613922119140625,5712.291380578979,99.6018647193269,18,1.8
1565.3591430187225,0,28.660354614257812,5694.9481495345435,99.23115182200785,18,1.8
1565.860258102417,0,28.6251220703125,5688.287189996278,99.59782854364875,18,1.8
1566.3601603507996,0,28.644393920898438,5697.2175882285965,99.7053736897646,18,1.8
1566.86066031456,0,28.588851928710938,5702.935361825542,99.65422910665517,18,1.8
1567.3607048988342,0,29.211578369140625,6041.8809502026215,103.52059590160937,16,2.1
1567.8613059520721,0,29.5753173828125,6111.283677802975,103.56609061379143,16,2.1
1568.361688375473,0,29.664138793945312,6114.39306547499,103.08743568258123,16,2.1
1568.8622891902924,0,29.683975219726562,6116.936879749872,103.01854712396465,16,2.1
1569.363039970398,0,29.454498291015625,6105.68465415899,104.09275926914052,16,2.1
1569.8632228374481,0,29.496749877929688,6122.660826846173,103.60463483763635,16,2.1
1570.3636689186096,0,29.505859375,6111.863696645708,103.80988945521943,16,2.1
1570.864114522934,0,29.502288818359375,6129.179696283383,104.09361859710715,16,2.1
1571.3646960258484,0,29.643402099609375,6111.515672660278,103.26075224814821,16,2.1
1571.8651905059814,0,29.57391357421875,6113.231054564309,103.16524366459666,16,2.1
1572.3656346797943,0,29.560867309570312,6108.2779708432745,103.48140221886015,16,2.1
1572.8662452697754,0,29.378387451171875,6113.44312997696,104.19224013188307,16,2.1
1573.366621017456,0,29.298385620117188,6115.045329948296,104.51087782452883,16,2.1
1573.8673241138458,0,29.380523681640625,6129.702460977932,104.32080902340297,16,2.1
1574.3676373958588,0,29.310760498046875,6098.0694233930035,104.02323065630353,16,2.1
1574.8682293891907,0,29.30877685546875,6121.851781790959,104.64442153708389,16,2.1
1575.3686039447784,0,29.31317138671875,6101.198222096971,104.28759002804689,16,2.1
1575.8696451187134,0,29.658523559570312,6135.571981767458,103.3429730189983,16,2.1
1576.3696556091309,0,29.645614624023438,6119.888235147826,103.59036366584228,16,2.1
1576.870198249817,0,29.595062255859375,6110.440318984732,103.42941581053671,16,2.1
1577.3706414699554,0,29.556533813476562,6119.582399732945,103.66574170489986,16,2.1
1577.8710470199585,0,29.48992919921875,6084.21795660758,103.05212940560432,16,2.1
1578.3716373443604,0,29.533981323242188,6096.632508627481,103.40630904363074,16,2.1
1578.872200012207,0,29.454208374023438,6123.458559521397,104.16168586305523,16,2.1
1579.3725485801697,0,29.243942260742188,6099.698332582946,103.95315285795012,16,2.1
1579.8729922771454,0,29.879119873046875,27566.793460024477,463.76868056612386,16,2.1
1580.372017621994,0,32.78791809082031,121252.92660520447,1850.8951935252833,16,2.1
1580.872453212738,0,33.09556579589844,121267.89378231562,1833.9012656348623,16,2.1
1581.3729031085968,0,33.30047607421875,121284.08337672403,1822.9168815696626,16,2.1
1581.8736128807068,0,33.07066345214844,121288.7161367256,1835.4031538504485,16,2.1
1582.3742582798004,0,32.967559814453125,121318.43463725928,1841.6285688631015,16,2.1
1582.8743805885315,0,32.94120788574219,121272.45662555611,1842.7982425706457,16,2.1
1583.3749041557312,0,32.704742431640625,121304.47765925316,1855.999940280068,16,2.1
1583.8756549358368,0,32.7047119140625,121365.06674227976,1857.4999272162647,16,2.1
1584.376071691513,0,32.85658264160156,121349.52444114356,1848.4576032292925,16,2.1
1584.876410484314,0,32.84217834472656,121282.61941974233,1848.080823473932,16,2.1
1585.3768105506897,0,32.68495178222656,121618.90854915074,1862.3861037207037,16,2.1
1585.878886461258,0,30.819488525390625,45371.73751689752,732.8804299069308,16,2.1
1586.3793640136719,0,29.611572265625,6124.555369825978,103.47306021156082,16,2.1
1586.8800582885742,0,29.446380615234375,6091.93632749495,104.08749516788804,16,2.1
1587.3802988529205,0,29.736404418945312,6123.98015467788,102.56788134266897,16,2.1
1587.8808884620667,0,29.543426513671875,6127.11620039798,104.21946142825121,16,2.1
1588.3813781738281,0,29.606430053710938,6120.407414554558,103.524808443287,16,2.1
1588.8823359012604,0,29.5908203125,6103.4574513682455,103.10630012210818,16,2.1
1589.3823647499084,0,29.602554321289062,6105.84005751708,103.23433467368854,16,2.1
1589.8829958438873,0,29.624526977539062,6109.170582127464,103.42781176972329,16,2.1
1590.383419752121,0,29.55523681640625,6102.858816679939,102.99359192785292,16,2.1
1590.8838739395142,0,29.610321044921875,6117.024170987755,103.3761165694945,16,2.1
1591.3843228816986,0,29.555831909179688,6123.071897041267,103.80354068284967,16,2.1
1591.884999036789,0,29.601028442382812,6124.939799301616,103.34100404498506,16,2.1
1592.3852853775024,0,29.5584716796875,6118.870569606425,103.82810157634125,16,2.1
1592.8858649730682,0,29.532302856445312,6084.48878102216,102.80268405609299,16,2.1
1593.386291027069,0,29.547805786132812,6129.292668796611,104.13632816837038,16,2.1
1593.887037038803,0,29.431350708007812,6140.199056024089,104.41246922329951,16,2.1
1594.3872411251068,0,29.3614501953125,6111.102250597548,104.3885768452037,16,2.1
1594.8879289627075,0,29.599563598632812,6126.119784600076,103.5488239475791,16,2.1
1595.3887162208557,0,29.434097290039062,6099.932697183981,103.17965487692283,16,2.1
1595.8889818191528,0,29.5379638671875,6099.317622672594,103.76476908771568,16,2.1
1596.389326095581,0,29.347549438476562,6114.154524897565,104.09727757353036,16,2.1
1596.8893899917603,0,32.23869323730469,6225.855637785369,96.93320932698155,16,2.1
1597.3896477222443,0,32.519775390625,6273.203228688184,96.34137881847734,16,2.1
1597.890298128128,0,32.54371643066406,6268.987971046816,96.5777835084174,16,2.1
1598.3912944793701,0,30.722549438476562,6178.5180279547885,100.44739308434897,16,2.1
1598.8916265964508,0,29.55023193359375,6085.22933102118,103.07871717707906,16,2.1
1599.3921818733215,0,29.539047241210938,6130.502622971052,103.72710991589832,16,2.1
1599.8926622867584,0,29.48260498046875,5939.038426800039,101.11046842620637,16,2.1
1600.3928480148315,0,31.63983154296875,5807.4918665969835,91.7198309371184,18,1.7
1600.8931913375854,0,31.644760131835938,5632.414250889711,89.30388437853657,18,1.7
1601.3937096595764,0,31.710617065429688,5767.772035489236,90.63210577296461,18,1.7
1601.895612001419,0,28.162139892578125,5547.112221909238,98.82061557166806,18,1.7
1602.394898891449,0,29.239990234375,82289.3590039056,1411.7993771239155,18,1.7
1602.894283771515,0,29.978927612304688,115018.98273560946,1865.6437856384107,18,1.7
1603.3947553634644,0,30.122665405273438,115033.58138251767,1965.5963110633147,18,1.7
1603.8951671123505,0,32.85829162597656,117184.52390638419,1759.555872779849,15,2.2
1604.3955869674683,0,33.46043395996094,118269.22244968338,1753.085452214753,15,2.2
1604.895762205124,0,35.81892395019531,118287.01682777333,1691.2009999024465,15,2.2
1605.3962066173553,0,38.320831298828125,118327.83800268939,1469.4096680966825,15,2.2
1605.89679479599,0,38.11418151855469,118372.8470155717,1602.7367653234721,15,2.2
1606.3971462249756,0,37.94221496582031,118333.25793052214,1589.0743345983904,15,2.2
1606.8977272510529,0,37.93968200683594,118332.47235271888,1554.5728609262733,15,2.2
1607.3980984687805,0,38.20130920410156,118340.22200541693,1536.5180205315548,15,2.2
1607.898821592331,0,38.496002197265625,118339.70653284821,1524.8336619268343,15,2.2
1608.400827407837,0,35.873626708984375,31057.999194096272,441.41062537271154,15,2.2
1608.9022128582,0,30.126083374023438,5674.733904951996,93.80575512968112,18,1.7
1609.4024238586426,0,27.752883911132812,5375.789615445201,97.43131591867883,18,1.7
1609.9029812812805,0,27.62078857421875,5468.491594011929,99.3454619380871,18,1.7
1610.4033563137054,0,27.839920043945312,5373.105227641069,96.1209657131175,18,1.7
1610.9034633636475,0,29.29656982421875,6142.150676570668,105.09762810029271,15,2.2
1611.4037787914276,0,29.59716796875,6258.283101796859,105.61821331353626,15,2.2
1611.9042329788208,0,32.80036926269531,6535.212758079408,99.9988742117738,15,2.2
1612.4045050144196,0,35.44087219238281,6793.72833629099,95.96264960801291,15,2.2
1612.9049162864685,0,35.34339904785156,6805.523705208237,96.45365448253978,15,2.2
1613.4053800106049,0,35.2960205078125,6796.4899468735775,96.49813069567172,15,2.2
1613.9060866832733,0,35.46488952636719,6796.203941742105,95.50290569724902,15,2.2
1614.4064168930054,0,35.44673156738281,6618.718702326664,93.83093596873404,15,2.2
1614.9073514938354,0,35.431427001953125,6797.681095336325,96.07290160264664,15,2.2
1615.4074308872223,0,35.45036315917969,6806.20175079872,95.73949876790307,15,2.2
1615.9079077243805,0,35.50312805175781,6809.9787321407875,96.01970832063671,15,2.2
1616.4085040092468,0,35.44255065917969,6681.812896038054,94.66023007943556,15,2.2
1616.909027814865,0,35.40440368652344,6799.889752138828,95.83553588537161,15,2.2
1617.409384727478,0,35.3531494140625,6808.5310174693195,96.45533867609534,15,2.2
1617.9098813533783,0,35.271636962890625,6793.3694435921925,96.47978639551957,15,2.2
1618.4104263782501,0,35.442840576171875,6619.992659289036,93.27694807347396,15,2.2
1618.9110906124115,0,35.3642578125,6792.183093439171,96.39676359318477,15,2.2
1619.4113557338715,0,35.288726806640625,6806.737503801515,96.6030885353023,15,2.2
1619.9118959903717,0,35.45123291015625,6787.76457764681,95.8217732119215,15,2.2
1620.4123318195343,0,35.48307800292969,6797.109345154435,95.59486354932164,15,2.2
1620.9128758907318,0,35.44146728515625,6694.72844376592,94.8042013319028,15,2.2
1621.4134714603424,0,35.40223693847656,6788.995001242838,95.58718015138004,15,2.2
1621.9138858318329,0,35.53114318847656,6784.895965486434,95.83142264626902,15,2.2
1622.414204120636,0,35.36997985839844,6774.271136943606,95.75917242700302,15,2.2
1622.91650223732,0,24.78826904296875,4557.502436682383,91.57557536853872,10,1.4
1623.4171786308289,0,21.378509521484375,4229.905654305277,99.81986807150575,10,1.4
1623.9175055027008,0,20.957382202148438,16733.483031631862,381.48848567453217,10,1.4
1624.4160506725311,0,21.324630737304688,50072.0715944071,1174.2759022876774,10,1.4
1624.9162065982819,0,21.263198852539062,50077.25908046721,1215.1040950696265,10,1.4
1625.4165925979614,0,20.921279907226562,50069.67433515332,1167.9495761423152,10,1.4
1625.917299747467,0,20.998550415039062,50156.223631503235,1243.895387240301,10,1.4
1626.417776107788,0,21.206039428710938,50065.131972115974,1131.1400264362383,10,1.4
1626.9183049201965,0,21.244415283203125,50034.33737933855,1229.0759548766982,10,1.4
1627.4187471866608,0,21.254669189453125,50068.72050900251,1178.56456747067,10,1.4
1627.9197890758514,0,21.248336791992188,50074.66865082436,1164.1381743027623,10,1.4
1628.4197549819946,0,21.195175170898438,50059.59061920552,1197.442332764838,10,1.4
1628.9202921390533,0,20.96466064453125,50070.192707486785,1195.3448913344105,10,1.4
1629.4210307598114,0,21.265228271484375,50044.40123853137,1140.1241355359139,10,1.4
1629.921364068985,0,21.261734008789062,50087.14776553535,1215.375942024201,10,1.4
1630.421765089035,0,21.279678344726562,50063.386530192685,1167.1229046633946,10,1.4
1630.9223465919495,0,21.23431396484375,50064.98707844246,1192.221234079614,10,1.4
1631.422693490982,0,21.090866088867188,50055.25460592943,1187.4808694186343,10,1.4
1631.9231307506561,0,20.950637817382812,50065.32309235797,1196.0972366773706,10,1.4
1632.4235887527466,0,21.115432739257812,50065.42871515385,1186.3834527731549,10,1.4
1632.9241335391998,0,20.865859985351562,50053.388174534535,1201.1007462713853,10,1.4
1633.424320936203,0,20.67742919921875,50062.126688607015,1172.8247146369758,10,1.4
1633.9253678321838,0,21.149993896484375,50071.24706678536,1211.9625246918301,10,1.4
1634.426078081131,0,20.807723999023438,50065.68144141185,1203.207039903788,10,1.4
1634.9259548187256,0,20.616531372070312,50066.16468520674,1204.2277894347303,10,1.4
1635.4266905784607,0,21.17437744140625,50032.71044061055,1191.1093995462943,10,1.4
1635.9272949695587,0,21.229080200195312,50071.44510673645,1188.605430006706,10,1.4
1636.4275312423706,0,21.131088256835938,50057.02923062904,1191.6565627827479,10,1.4
1636.9278001785278,0,20.7674560546875,50064.61813603001,1206.4067902214229,10,1.4
1637.428498506546,0,21.211441040039062,50045.36421009215,1171.3489881757814,10,1.4
1637.9307434558868,0,21.008682250976562,32850.97298881311,786.4843593049226,10,1.4
1638.4316534996033,0,20.726318359375,4216.772049049807,102.09242004829495,10,1.4
1638.932314157486,0,20.845321655273438,4192.043691619626,99.87852595564516,10,1.4
1639.4326713085175,0,20.734542846679688,4199.715884646981,102.1966105386946,10,1.4
1639.9330954551697,0,20.815765380859375,4223.419847296019,100.98115354109642,10,1.4
1640.4335091114044,0,20.764022827148438,4201.120853910413,101.81071450354978,10,1.4
1640.9342267513275,0,20.195907592773438,4196.773600343768,103.68437221159012,10,1.4
1641.434489250183,0,20.332366943359375,4207.245268657214,103.08686666136336,10,1.4
1641.9351818561554,0,20.710220336914062,4207.986086886458,102.50977369931444,10,1.4
1642.4354605674744,0,20.302047729492188,4186.866599337601,102.55123166593387,10,1.4
1642.9359757900238,0,20.240188598632812,4201.942340206034,104.4950737337924,10,1.4
1643.4363431930542,0,20.279571533203125,4103.190577506588,100.64315198466264,10,1.4
1643.9369430541992,0,20.093856811523438,4221.121918454367,105.55464886082235,10,1.4
1644.4375178813934,0,20.368911743164062,4213.821081884309,103.1964803276957,10,1.4
1644.9375698566437,0,20.183029174804688,4214.185801280191,104.89010255421614,10,1.4
1645.438238620758,0,20.185409545898438,4230.695610428352,104.5804889516816,10,1.4
1645.9391059875488,0,20.662933349609375,4195.058125847303,102.06682489443688,10,1.4
1646.4393997192383,0,20.27728271484375,4215.960672091446,104.15596752783522,10,1.4
1646.9398851394653,0,20.240158081054688,4207.5307718326685,103.45768998514089,10,1.4
1647.4410767555237,0,20.696426391601562,4209.5104512650005,101.94996759712201,10,1.4
1647.9410758018494,0,20.763641357421875,4217.445982618819,101.37913498720573,10,1.4
1648.44171500206,0,20.6031494140625,4197.301740438511,102.65420870832618,10,1.4
1648.9418659210205,0,20.2799072265625,4209.480979036424,103.05767066145799,10,1.4
1649.4423763751984,0,20.10723876953125,4208.967266031838,105.58386580742297,10,1.4
1649.942990064621,0,20.138870239257812,4195.64931675954,103.63044079462291,10,1.4
1650.4436819553375,0,20.774566650390625,4207.775353293266,101.90344932948067,10,1.4
1650.9440853595734,0,20.672775268554688,4219.930168098178,101.92148720375019,10,1.4
1651.4444379806519,0,20.2271728515625,4043.923258703555,100.0139769826374,10,1.4
1651.945086479187,0,20.032318115234375,4233.544150950633,105.42963564430646,10,1.4
1652.445484638214,0,20.53961181640625,4208.082134684305,102.72832898986988,10,1.4
1652.9458332061768,0,20.104782104492188,4124.884609955363,102.5129240042593,10,1.4
1653.4462518692017,0,20.107009887695312,4190.8601586765335,104.83905920243328,10,1.4
1653.9477941989899,0,20.676406860351562,4192.8469894363,100.98466402321982,10,1.4
1654.4474589824677,0,20.211090087890625,4208.101344554173,104.84342956195066,10,1.4
1654.9480195045471,0,20.569534301757812,4208.061756894938,102.33581223178751,10,1.4
1655.4484496116638,0,20.614898681640625,4208.9583213981405,102.20763305892298,10,1.4
1655.9488680362701,0,20.269607543945312,4212.1219135154815,103.85006199238326,10,1.4
1656.4496309757233,0,20.579925537109375,4197.962191033235,101.60386616703467,10,1.4
1656.9497113227844,0,20.260269165039062,4236.103469675497,104.98379773109491,10,1.4
1657.4502465724945,0,20.20941162109375,4206.9480019180155,104.35731824071082,10,1.4
1657.950730085373,0,20.29254150390625,4212.084372250337,103.92981084178264,10,1.4
1658.4514608383179,0,20.573593139648438,4194.861254738667,102.16980503756182,10,1.4
1658.9519991874695,0,20.200576782226562,4228.0714098524,104.69998073821726,10,1.4
1659.4524292945862,0,20.632232666015625,4212.680331617938,102.17023208894845,10,1.4
1659.9527187347412,0,19.990264892578125,4213.739692401637,105.00110985419234,10,1.4
1660.4541161060333,0,20.695953369140625,4216.731472485559,102.14557224274328,10,1.4
1660.9540073871613,0,20.334228515625,4196.391220606441,103.12660735511292,10,1.4
1661.4547293186188,0,20.578872680664062,4189.963924660444,102.53234143299593,10,1.4
1661.9540045261383,0,20.868194580078125,37641.78595369122,903.3843310047104,10,1.4
1662.4533128738403,0,21.009033203125,50073.54976095104,1192.4870486793022,10,1.4
1662.9540474414825,0,21.010879516601562,50081.440859708244,1192.905798169748,10,1.4
1663.454265832901,0,21.144119262695312,50074.053668505556,1185.5778757466437,10,1.4
1663.9550285339355,0,21.108169555664062,50064.35269717715,1186.7443045661062,10,1.4
1664.455480337143,0,21.010040283203125,50068.05494549467,1192.7154666159252,10,1.4
1664.9555339813232,0,20.679824829101562,50053.48883808378,1211.3738973623765,10,1.4
1665.4561831951141,0,20.922927856445312,50072.0136581765,1198.1114771314283,10,1.4
1665.9564621448517,0,20.486419677734375,50048.667191809596,1222.614805027268,10,1.4
1666.4571194648743,0,20.945770263671875,50062.87142287185,1196.088741766239,10,1.4
1666.9580209255219,0,20.924072265625,50058.574300977874,1197.281278805204,10,1.4
1667.4579374790192,0,20.810226440429688,50064.34556052256,1204.0234195300109,10,1.4
1667.9585978984833,0,21.048782348632812,50049.553220572896,1189.8550512413253,10,1.4
1668.4590842723846,0,21.144393920898438,50039.989795590314,1184.380129016056,10,1.4
1668.9593601226807,0,20.6845703125,50002.42396491389,1210.0807327321656,10,1.4
1669.4604139328003,0,21.047866821289062,50058.35106172162,1190.3344036108635,10,1.4
1669.9606037139893,0,21.123428344726562,50056.094847233646,1186.0290664538102,10,1.4
1670.460998058319,0,21.134506225585938,50069.17375512841,1185.5493444018393,10,1.4
1670.9614281654358,0,21.170639038085938,50070.81533580677,1183.5731531260112,10,1.4
1671.4619688987732,0,21.140304565429688,50083.733146272054,1185.6499002851779,10,1.4
1671.9622435569763,0,20.471908569335938,50082.25960754497,1219.7201797492187,10,1.4
1672.4626915454865,0,20.440811157226562,50057.01321372076,1230.2349357163173,10,1.4
1672.9629657268524,0,20.461929321289062,50066.63014439418,1188.2554972322748,10,1.4
1673.4640562534332,0,20.519973754882812,50065.19959846931,1230.0697993823603,10,1.4
1673.9646456241608,0,21.037246704101562,50069.821622539916,1199.396496837231,10,1.4
1674.4651634693146,0,20.9591064453125,50063.229957211115,1203.9635404229543,10,1.4
1674.9652116298676,0,20.601028442382812,50077.971606291525,1215.1335099610476,10,1.4
1675.4655649662018,0,20.474594116210938,50088.17910608347,1193.967502420215,10,1.4
1675.9685032367706,0,20.596160888671875,14638.568817565607,366.37895969002585,10,1.4
1676.4690935611725,0,20.605804443359375,4216.062274570869,102.88363193135183,10,1.4
1676.9691705703735,0,20.286636352539062,4211.295688963844,102.72772498034983,10,1.4
1677.4698045253754,0,20.272811889648438,4201.57845317083,104.62288169718629,10,1.4
1677.970419883728,0,20.768539428710938,4210.417108912221,100.97002763232622,10,1.4
1678.4710159301758,0,20.652145385742188,4204.14340481244,101.82961434369271,10,1.4
1678.9715201854706,0,20.728408813476562,4222.418972258087,102.56455375473791,10,1.4
1679.471917629242,0,20.644515991210938,4206.501582461644,102.10944160170412,10,1.4
1679.9725484848022,0,20.263641357421875,4205.728591450881,103.28844471151312,10,1.4
1680.4729588031769,0,20.873611450195312,4208.233674833979,101.37201245931024,10,1.4
1680.9731228351593,0,20.233108520507812,4206.076103738727,103.34546458249906,10,1.4
1681.4736890792847,0,20.2099609375,4211.68039709015,104.30500120802127,10,1.4
1681.9743473529816,0,20.175704956054688,4207.64923638619,104.87861537472537,10,1.4
1682.4749658107758,0,20.800918579101562,4226.23836433866,102.06280034829582,10,1.4
1682.975329399109,0,20.854415893554688,4217.835858374013,100.55424283775329,10,1.4
1683.4759278297424,0,20.819671630859375,4207.516613973072,101.49055361987867,10,1.4
1683.976568222046,0,20.684783935546875,4197.016250484619,101.42721367248993,10,1.4
1684.4767961502075,0,20.949630737304688,4230.670234199984,100.90869984813777,10,1.4
1684.9769778251648,0,20.324111938476562,4129.42748006361,101.45584743096832,10,1.4
1685.4778122901917,0,20.574539184570312,4190.6253798485295,102.01929584766233,10,1.4
1685.9784865379333,0,20.764663696289062,4215.327673241479,102.0483659640823,10,1.4
1686.479347705841,0,20.773025512695312,4226.0635104318135,101.81473077705654,10,1.4
1686.9792697429657,0,20.766815185546875,4220.153720409779,101.79702477784292,10,1.4
1687.479826450348,0,20.820785522460938,4054.295628335917,96.9223758547934,10,1.4
1687.9801149368286,0,20.257110595703125,4208.99918484571,104.60524416791581,10,1.4
1688.4807922840118,0,20.78546142578125,4213.904821911578,101.12837800140362,10,1.4
1688.9814801216125,0,20.685867309570312,4209.536384889175,101.76029694564086,10,1.4
1689.481828212738,0,20.732131958007812,4120.097652321882,99.65207650542688,10,1.4
1689.982263803482,0,20.792770385742188,4211.174843668233,100.94854899370723,10,1.4
1690.4828608036041,0,20.72503662109375,4204.490192632722,102.19523558497934,10,1.4
1690.9830887317657,0,20.308639526367188,4203.70273292893,103.6504684258652,10,1.4
1691.4836094379425,0,20.792953491210938,4037.8785392034547,96.90782989784154,10,1.4
1691.9843537807465,0,20.741180419921875,4212.978577935826,101.488919983462,10,1.4
1692.4846122264862,0,20.70343017578125,4215.8466418475255,102.35018941348152,10,1.4
1692.9853959083557,0,20.094009399414062,4197.427758129486,104.30969540907644,10,1.4
1693.4856505393982,0,20.200485229492188,4134.53883966116,101.97774838559091,10,1.4
1693.9862983226776,0,20.172195434570312,4203.082468118808,104.84728877727392,10,1.4
1694.4867868423462,0,20.721054077148438,4207.180652250309,101.58749608792503,10,1.4
1694.9872076511383,0,21.058380126953125,4229.435731197698,100.48256263033646,10,1.4
1695.4875679016113,0,20.17987060546875,4217.7009258421995,105.00562869941051,10,1.4
1695.9883308410645,0,20.667755126953125,4037.9012426727522,97.30132700176156,10,1.4
1696.4886791706085,0,20.603744506835938,4217.307234914096,102.1173602352685,10,1.4
1696.9889135360718,0,20.315872192382812,4206.45434909456,104.30268412470586,10,1.4
1697.4895272254944,0,20.26031494140625,4226.55047259781,103.99640904366687,10,1.4
1697.990168094635,0,20.132232666015625,4087.5020423390397,101.92610198986499,10,1.4
1698.4908261299133,0,20.881820678710938,4220.172192432817,100.66172065843826,10,1.4
1698.9912745952606,0,20.700225830078125,4204.832685969172,101.88294646213724,10,1.4
1699.4919021129608,0,20.189361572265625,6806.955075367333,167.91021290424976,10,1.4
1699.9901247024536,0,21.268600463867188,50004.722176135765,1188.6536701344971,10,1.4
1700.4905090332031,0,21.253707885742188,50069.62876280977,1165.114347723391,10,1.4
1700.990562915802,0,20.779052734375,50051.84461602202,1213.9148171211712,10,1.4
1701.4914650917053,0,21.106903076171875,50063.175123662084,1176.2028711842008,10,1.4
1701.991947889328,0,21.145919799804688,50070.1638949338,1201.5556779059891,10,1.4
1702.4924094676971,0,21.331192016601562,50052.19970093655,1165.3357196659992,10,1.4
1702.9928529262543,0,21.170242309570312,50062.0099611626,1192.5229589170635,10,1.4
1703.4932327270508,0,21.052017211914062,50068.82401374541,1190.2897355517462,10,1.4
1703.9937145709991,0,20.562210083007812,50077.293275065036,1186.3997061366242,10,1.4
1704.49462556839,0,21.024261474609375,50076.7300324237,1223.8717650593753,10,1.4
1704.9946722984314,0,20.734207153320312,50055.67415886462,1193.0526119026786,10,1.4
1705.4950840473175,0,20.52777099609375,50072.85727715702,1229.6512858022104,10,1.4
1705.9955792427063,0,29.57354736328125,115914.41107386103,1972.404570999292,19,1.7
1706.4960260391235,0,30.733901977539062,123319.21388348617,2008.04310644,19,1.7
1706.9962973594666,0,30.80596923828125,123357.36791374518,2003.5078111843084,19,1.7
1707.4968547821045,0,30.967987060546875,123395.21354284417,1994.866501307207,19,1.7
1707.9972507953644,0,30.862930297851562,123357.7812378287,2000.2637275274358,19,1.7
1708.497817993164,0,30.8780517578125,123314.20106978263,1998.8631563966428,19,1.7
1709.0001504421234,0,29.447906494140625,64209.32650439435,1088.192806044672,19,1.7
1709.501157283783,0,27.07275390625,5545.403125004548,102.76014067995311,19,1.7
1709.9991087913513,0,23.700546264648438,5408.267421948415,113.5838798794004,19,1.7
1710.5014193058014,0,26.778549194335938,5453.854350635133,101.98461388556656,19,1.7
1711.0020534992218,0,27.860885620117188,5566.789735701026,99.92503605089242,19,1.7
1711.5024018287659,0,27.731704711914062,5550.36577632163,100.13809208082864,19,1.7
1712.0029475688934,0,27.79791259765625,5514.359615962834,99.68374388779228,19,1.7
1712.503770828247,0,27.92840576171875,5552.537097412076,99.61184407501219,19,1.7
1713.004071712494,0,27.782058715820312,5519.613390226054,99.34468961540045,19,1.7
1713.5045084953308,0,27.851593017578125,5565.157710591293,100.13789869181858,19,1.7
1714.0050966739655,0,26.36517333984375,5525.574502621617,104.83526750886062,19,1.7
1714.5054578781128,0,27.857833862304688,5551.983456305107,99.57701714035946,19,1.7
1715.0061073303223,0,27.750839233398438,5534.979176141075,99.96094088071617,19,1.7
1715.5064871311188,0,27.85638427734375,5554.855886406164,99.54630049583807,19,1.7
1716.0068712234497,0,27.770431518554688,5555.498380563195,100.28652230842056,19,1.7
1716.5074961185455,0,27.812606811523438,5527.727640329548,99.48725837714589,19,1.7
1717.0079183578491,0,27.70806884765625,5556.3985202012245,100.58441875987127,19,1.7
1717.5082862377167,0,27.74530029296875,5568.548370918854,100.41340229091094,19,1.7
1718.0073447227478,0,24.132827758789062,5408.032345086229,112.21229551160904,19,1.7
1718.5082938671112,0,23.15093994140625,5361.267151487699,115.41648014131108,19,1.7
1719.010495185852,0,26.936721801757812,5428.993250556009,101.20013935111099,19,1.7
1719.5104513168335,0,27.80450439453125,5560.727139932043,99.80397278887672,19,1.7
1720.0108451843262,0,27.73150634765625,5555.960999202088,100.71576945678801,19,1.7
1720.5112619400024,0,27.74029541015625,5550.873679092735,99.81869187255361,19,1.7
1721.0096006393433,0,23.72857666015625,5497.701825792091,115.97830073899925,19,1.7
1721.5102798938751,0,22.8829345703125,5412.187129868181,118.34146497596782,19,1.7
1722.0127322673798,0,26.0338134765625,5387.7591969527875,103.51921751403158,19,1.7
1722.5133481025696,0,27.74176025390625,5574.24542443122,100.49830920903544,19,1.7
1723.0137929916382,0,27.81976318359375,5556.766203546877,100.3962536117894,19,1.7
1723.514122724533,0,27.883163452148438,5535.147160464804,98.87687258769661,19,1.7
1724.0149042606354,0,27.797592163085938,5539.9477860782345,99.648918645495,19,1.7
1724.5151195526123,0,27.772979736328125,5536.15258964995,99.88125243801267,19,1.7
1725.0157024860382,0,27.80010986328125,5343.050126214306,96.15069915714734,19,1.7
1725.5166535377502,0,27.89312744140625,5561.523396476311,99.70197877028716,19,1.7
1726.016684770584,0,27.934982299804688,5540.094786932156,99.6957853815956,19,1.7
1726.5172560214996,0,27.941574096679688,5565.405141383604,99.56489889846924,19,1.7
1727.0177268981934,0,28.636627197265625,32766.508064282796,574.2645559030867,19,1.7
1727.5164391994476,0,30.943359375,123289.11060745663,1994.3212775358202,19,1.7
1728.0167663097382,0,30.899017333984375,123395.90677594118,1998.6719749846666,19,1.7
1728.5172338485718,0,30.979995727539062,123340.14760594166,1992.5438512932785,19,1.7
1729.0179617404938,0,30.816696166992188,123366.82483045719,2003.3296128001393,19,1.7
1729.521155834198,0,31.014205932617188,123377.4907751844,1990.9263559465046,19,1.7
1730.0187757015228,0,30.919326782226562,123347.91361576068,1996.9063503508069,19,1.7
1730.5193984508514,0,31.269287109375,121371.53555212673,1942.7369670281623,18,1.8
1731.0199484825134,0,31.465621948242188,121416.26215724817,1931.0916561556953,18,1.8
1731.5202386379242,0,31.430740356445312,121391.6984197607,1932.5666309843702,18,1.8
1732.0210573673248,0,31.477859497070312,121439.03359667338,1931.1351207237462,18,1.8
1732.521074771881,0,31.331527709960938,121375.48387188595,1938.7500208197073,18,1.8
1733.023349761963,0,28.937301635742188,27349.457836041467,471.3639223068547,18,1.8
1733.5239465236664,0,28.165679931640625,5702.912600003154,101.54201875975829,18,1.8
1734.0243949890137,0,28.13702392578125,5701.75652078257,101.2900300869637,18,1.8
1734.5248506069183,0,28.348129272460938,5706.419467529735,100.5710102630875,18,1.8
1735.0252187252045,0,28.119003295898438,5505.8170674297435,98.33207709760165,18,1.8
1735.5259160995483,0,28.12750244140625,5697.503762878567,101.28876553952448,18,1.8
1736.026302576065,0,28.203170776367188,5678.054885232599,100.37878444406091,18,1.8
1736.5267283916473,0,28.259979248046875,5684.2685836254,101.06164533710286,18,1.8
1737.0274517536163,0,28.455032348632812,5591.5861909188025,98.4008721443092,18,1.8
1737.5279386043549,0,28.49786376953125,5692.0714431157785,99.97240575786716,18,1.8
1738.0281610488892,0,28.4853515625,5704.870369248832,99.9812129315369,18,1.8
1738.5292632579803,0,28.37255859375,5698.838215533773,100.37868070972516,18,1.8
1739.0293684005737,0,28.362503051757812,5693.721443797887,100.4847842519092,18,1.8
1739.5297923088074,0,28.320556640625,5697.575451706206,100.73954534874699,18,1.8
1740.0303633213043,0,28.231292724609375,5689.124239148907,100.70385468114753,18,1.8
1740.5309290885925,0,28.479095458984375,5701.548563846699,100.56499175420568,18,1.8
1741.031275510788,0,28.305328369140625,5673.663785544886,100.58176901787476,18,1.8
1741.531836271286,0,28.158615112304688,5703.604520137041,101.38992946256184,18,1.8
1742.0322308540344,0,28.273208618164062,5692.064801238598,100.66066566536044,18,1.8
1742.5339226722717,0,22.584136962890625,4416.207209005795,97.63490203868184,10,1.4
1743.0343179702759,0,21.357742309570312,4194.040378872197,98.60592798033294,10,1.4
1743.5346536636353,0,20.822784423828125,4219.241184185405,100.70699274974682,10,1.4
1744.0354671478271,0,20.69677734375,4202.522378657167,101.99655554769151,10,1.4
1744.5358440876007,0,20.774185180664062,4194.617167552245,101.13513390433924,10,1.4
1745.0368630886078,0,20.766677856445312,4200.5740074360465,101.41246541975731,10,1.4
1745.5367758274078,0,20.680801391601562,4212.505119989821,101.83357792194856,10,1.4
1746.0370984077454,0,20.094619750976562,4208.217481521819,104.75440819912508,10,1.4
1746.5378358364105,0,20.60076904296875,4209.655568698002,102.13210951549968,10,1.4
1747.0382270812988,0,20.311492919921875,4221.079121877369,103.68514063948483,10,1.4
1747.5389595031738,0,20.639755249023438,4216.170003490777,102.66594610419422,10,1.4
1748.0392689704895,0,20.655410766601562,4199.480598884896,101.95875665688833,10,1.4
1748.539588689804,0,20.586471557617188,4209.172254845377,102.44591911233327,10,1.4
1749.040288925171,0,20.25885009765625,4202.763232196863,103.51031721403587,10,1.4
1749.5406937599182,0,20.6187744140625,4177.752009773688,101.21843122628161,10,1.4
1750.0413115024567,0,20.703277587890625,4204.124338092019,101.8679284498198,10,1.4
1750.541580915451,0,20.532745361328125,4217.803323805774,102.76268286919029,10,1.4
1751.042193889618,0,20.295944213867188,4217.843595865543,103.91238652296983,10,1.4
1751.5433230400085,0,20.685195922851562,4213.045860268219,101.42519354541264,10,1.4
1752.0434784889221,0,20.730728149414062,4187.490092586614,101.4918523283741,10,1.4
1752.5436038970947,0,20.186370849609375,4207.904548630395,104.37735518173999,10,1.4
1753.043884754181,0,20.224472045898438,4212.84492690593,104.0818269679825,10,1.4
1753.5429718494415,0,20.757797241210938,44654.64250569569,1083.8818656216667,10,1.4
1754.0433197021484,0,21.232101440429688,50064.64189281868,1145.8121593972405,10,1.4
1754.5437595844269,0,20.800628662109375,50065.16535052354,1239.4336930288514,10,1.4
1755.044116973877,0,21.227081298828125,50058.48477623907,1180.378953058575,10,1.4
1755.544311285019,0,20.809860229492188,50077.59450236113,1175.3082303425367,10,1.4
1756.0449752807617,0,21.12750244140625,50064.456770155695,1214.2940260520636,10,1.4
1756.5455768108368,0,21.159805297851562,50060.00663172719,1163.0069206023672,10,1.4
1757.0459167957306,0,21.011383056640625,50070.39355942293,1191.7825653121781,10,1.4
1757.5464005470276,0,21.129287719726562,50068.919041854395,1184.8955976223506,10,1.4
1758.04727268219,0,21.191329956054688,50043.44605263523,1189.873408242397,10,1.4
1758.5471730232239,0,21.107894897460938,50057.736241474304,1166.956729681413,10,1.4
1759.04807472229,0,21.183135986328125,50049.83936740345,1190.7585362375005,10,1.4
1759.5486660003662,0,21.233108520507812,50063.349945572605,1197.752084930792,10,1.4
1760.0485754013062,0,20.705673217773438,50063.583892253766,1208.7508450831892,10,1.4
1760.549310684204,0,21.20831298828125,50082.092427395335,1190.193676128204,10,1.4
1761.0495114326477,0,20.656478881835938,50062.5308470345,1214.7278412519954,10,1.4
1761.5502400398254,0,21.186431884765625,50073.57113050578,1183.210091078407,10,1.4
1762.050556898117,0,20.666061401367188,50068.09741656959,1197.4705542277559,10,1.4
1762.5512290000916,0,21.166473388671875,50069.53402495742,1163.5381836059996,10,1.4
1763.0516576766968,0,21.295623779296875,50073.739228376544,1185.2200368292456,10,1.4
1763.5523397922516,0,21.212570190429688,50066.14338347228,1180.0550228134775,10,1.4
1764.0528750419617,0,21.287124633789062,50072.157434124034,1176.109992810412,10,1.4
1764.5539178848267,0,21.200408935546875,50059.01165245579,1190.0713838447089,10,1.4
1765.0535397529602,0,20.885009765625,50061.179879377705,1220.2532000701385,10,1.4
1765.5541081428528,0,21.15142822265625,50062.23471246556,1152.7353965574457,10,1.4
1766.054603099823,0,21.123886108398438,50078.10857529637,1185.3406078555304,10,1.4
1766.5550413131714,0,20.58294677734375,50071.113265564716,1251.5700632504129,10,1.4
1767.05557346344,0,20.990737915039062,50072.66049753909,1157.9392824768527,10,1.4
1767.5583152770996,0,20.668716430664062,7504.849966081453,187.19111140641323,10,1.4
1768.0587611198425,0,20.654037475585938,4219.601386889943,101.82028586351927,10,1.4
1768.5591514110565,0,20.574554443359375,4203.273975322842,102.60246489475472,10,1.4
1769.0596437454224,0,20.105575561523438,4008.128223481339,99.07699453340406,10,1.4
1769.5602045059204,0,20.55828857421875,4193.2235131327925,101.90536981892782,10,1.4
1770.0606231689453,0,20.664215087890625,4130.4582403545055,100.8990659036367,10,1.4
1770.560929775238,0,20.17120361328125,4190.1361664130745,103.91050728474818,10,1.4
1771.062148809433,0,20.7174072265625,4231.843244905306,101.84672130664578,10,1.4
1771.5622324943542,0,20.61773681640625,4215.755945625175,102.24206559483245,10,1.4
1772.0624418258667,0,20.141983032226562,4162.994054946803,103.31654021704135,10,1.4
1772.563229084015,0,20.56915283203125,4081.4752628527704,99.27487129271078,10,1.4
1773.0634405612946,0,20.1572265625,4201.8502921420095,105.0243689743714,10,1.4
1773.5640738010406,0,20.08837890625,4131.774530999451,102.29795094917479,10,1.4
1774.06480717659,0,20.757736206054688,4206.2799583875485,101.93789818866654,10,1.4
1774.5651323795319,0,20.636306762695312,4211.048602001988,101.42318701055366,10,1.4
1775.0654273033142,0,20.256683349609375,4195.2331100419415,103.86695411519936,10,1.4
1775.5661466121674,0,20.075271606445312,4066.579342094629,101.7171792258293,10,1.4
1776.0662636756897,0,20.2281494140625,4198.260407348422,104.2112136335383,10,1.4
1776.5671029090881,0,20.72235107421875,4122.9505170828115,99.21654124265497,10,1.4
1777.0672833919525,0,20.101272583007812,4198.6166036539225,104.62024189342752,10,1.4
1777.5686647891998,0,20.707199096679688,4215.916495028649,101.51059011824766,10,1.4
1778.0685493946075,0,20.623458862304688,4204.78556177818,102.16520972876909,10,1.4
1778.5683069229126,0,25.3070068359375,5188.868116124639,103.21252200757301,16,1.7
1779.0689101219177,0,26.203857421875,5193.540706087944,98.95489653501784,16,1.7
1779.5693681240082,0,26.101089477539062,5343.258276340878,102.7543314737095,16,1.7
1780.069774389267,0,26.189437866210938,5251.212051442121,100.34579640178495,16,1.7
1780.5703737735748,0,26.196624755859375,5353.227826172615,101.73066281769455,16,1.7
1781.0707099437714,0,26.163726806640625,5350.137782148211,102.89054078170327,16,1.7
1781.5711936950684,0,26.305374145507812,5360.856953689776,101.2720817147143,16,1.7
1782.0717647075653,0,26.16937255859375,5337.123675187172,102.29515415419851,16,1.7
1782.5722057819366,0,26.223922729492188,5356.775770608762,102.46369422748953,16,1.7
1783.07252907753,0,26.1263427734375,5338.094447543243,102.042602101604,16,1.7
1783.573032617569,0,26.134674072265625,5363.845952803148,103.0049195393172,16,1.7
1784.0741517543793,0,26.025238037109375,5337.015394527372,102.20847917729348,16,1.7
1784.5741777420044,0,26.018081665039062,5356.558626278539,103.2358970419108,16,1.7
1785.0745425224304,0,26.000411987304688,5340.821969208384,102.95990699328566,16,1.7
1785.5752227306366,0,25.928375244140625,5338.647629576011,102.8602824082738,16,1.7
1786.07559800148,0,26.080490112304688,5351.976099849074,102.79714792380813,16,1.7
1786.5762877464294,0,26.082046508789062,5355.469765383517,102.44594875251052,16,1.7
1787.076560974121,0,26.053329467773438,5341.27958583093,103.32652505430673,16,1.7
1787.577035665512,0,26.1468505859375,5371.1412963272605,102.42151310721539,16,1.7
1788.07758975029,0,26.076156616210938,5336.211015543869,102.4307392884541,16,1.7
1788.5775990486145,0,27.619522094726562,68492.34445521272,1245.6044634663906,16,1.7
1789.0769627094269,0,28.525497436523438,100248.3266756356,1759.0227869525052,16,1.7
1789.5775520801544,0,28.425033569335938,100268.52217009132,1764.993518041853,16,1.7
1790.0777118206024,0,28.500778198242188,100275.4188510413,1760.8291131887481,16,1.7
1790.5786578655243,0,28.490921020507812,100319.95217229225,1762.596581691866,16,1.7
1791.0787029266357,0,28.504379272460938,100285.3551588078,1751.5905020333896,16,1.7
1791.5793690681458,0,28.389266967773438,100267.87946021491,1723.3273425318419,16,1.7
1792.079653263092,0,28.34375,100273.45307514156,1768.8202866593165,16,1.7
1792.5803406238556,0,28.428741455078125,100306.33469693463,1820.974033683537,16,1.7
1793.080626964569,0,28.4544677734375,100235.88710638433,1763.062321159679,16,1.7
1793.581259727478,0,28.440902709960938,100212.8402720969,1763.340654529769,16,1.7
1794.081775188446,0,28.378875732421875,100239.38085341037,1768.0052047543925,16,1.7
1794.5821545124054,0,28.464736938476562,100216.28085063238,1761.864165771001,16,1.7
1795.0825624465942,0,29.897537231445312,113882.85506353568,1906.7122338104436,18,1.7
1795.584892988205,0,27.732772827148438,19169.152586830347,344.46609646794076,18,1.7
1796.0851473808289,0,27.336227416992188,5258.5366641605215,96.61172186321349,18,1.7
1796.5858199596405,0,27.393264770507812,5463.787092131911,99.76904990683722,18,1.7
1797.0867495536804,0,27.495468139648438,5373.466258080572,97.68882589515873,18,1.7
1797.5868697166443,0,27.565643310546875,5498.673400772195,99.5804802766833,18,1.7
1798.087244272232,0,27.204193115234375,5481.9076037377135,101.16087576436433,18,1.7
1798.587830543518,0,27.382675170898438,5485.115400103825,100.06326930803304,18,1.7
1799.0885441303253,0,27.279373168945312,5481.311262106004,100.66213702908802,18,1.7
1799.5887141227722,0,27.338058471679688,5483.305909756363,100.66552468789541,18,1.7
1800.0902452468872,0,23.514984130859375,4461.767734430882,94.79062318714563,19,1.2
1800.590751171112,0,22.632003784179688,4274.831073854857,94.0261419312559,19,1.2
1801.0912055969238,0,22.590789794921875,4298.266511153,95.2600603845972,19,1.2
1801.5918390750885,0,22.519287109375,4288.746423518272,95.6513405392513,19,1.2
1802.092140197754,0,22.679367065429688,4291.800259976224,94.44708019497885,19,1.2
1802.592665195465,0,22.710540771484375,4292.704201530223,94.58163156982393,19,1.2
1803.0931980609894,0,22.629165649414062,4299.599461429203,95.58461118322347,19,1.2
1803.5942313671112,0,22.64947509765625,4285.461220976252,94.39512354179186,19,1.2
1804.0944120883942,0,22.662506103515625,4296.689835562428,95.00273227355054,19,1.2
1804.5946819782257,0,22.61737060546875,4289.468956956238,94.30804478590684,19,1.2
1805.0952677726746,0,22.650588989257812,4296.14061091228,95.53835447838865,19,1.2
1805.595857143402,0,22.551055908203125,4292.401042477961,94.80709057274278,19,1.2
1806.0961112976074,0,22.470916748046875,4297.014856297413,96.43576291511788,19,1.2
1806.5966393947601,0,22.639007568359375,4272.189228336494,93.95288170550054,19,1.2
1807.0971586704254,0,22.565582275390625,4298.876694465947,95.72099552492531,19,1.2
1807.5978198051453,0,22.605072021484375,4289.397633930163,95.0671600584834,19,1.2
1808.0980501174927,0,22.607864379882812,4287.69684302934,94.25923493668118,19,1.2
1808.598769903183,0,22.54931640625,4268.88756961016,94.63701522271064,19,1.2
1809.0990748405457,0,22.700653076171875,4271.034574648643,94.57877677773222,19,1.2
1809.599549293518,0,22.434036254882812,4290.353727657628,96.0148221001104,19,1.2
1810.100609779358,0,22.579177856445312,4295.3600284398435,94.4675671346965,19,1.2
1810.6007726192474,0,22.617538452148438,4288.7312985297585,95.76638963530763,19,1.2
1811.1012032032013,0,22.613433837890625,4279.546415135287,93.88224783636102,19,1.2
1811.6015932559967,0,22.608306884765625,4286.299743370587,95.58433592637438,19,1.2
1812.1021444797516,0,22.518325805664062,4289.732658974684,94.98929975788762,19,1.2
1812.6026248931885,0,22.48974609375,4270.346287595682,95.5546581558436,19,1.2
1813.1030642986298,0,22.58441162109375,4261.521181164604,94.31284001264787,19,1.2
1813.6037375926971,0,22.569747924804688,4291.218468286779,94.77287948126299,19,1.2
1814.1041977405548,0,22.470687866210938,4296.298642663669,95.99172098525165,19,1.2
1814.6045486927032,0,22.562149047851562,4282.613018127119,95.20369692817623,19,1.2
1815.1050267219543,0,22.635086059570312,4286.662359191903,94.5876677634617,19,1.2
1815.605369091034,0,22.644927978515625,4273.412649904365,94.50239815425003,19,1.2
1816.1061356067657,0,22.5501708984375,4279.940259673,94.85515695795507,19,1.2
1816.6070268154144,0,22.665969848632812,4257.810577840064,93.70876314512161,19,1.2
1817.1070256233215,0,22.731292724609375,4279.525844885362,94.75923899691082,19,1.2
1817.6068451404572,0,23.439178466796875,60920.587449378174,1301.5814544531315,19,1.2
1818.1058745384216,0,23.889816284179688,87559.42271421269,1834.7566795240039,19,1.2
1818.6064505577087,0,23.82843017578125,87588.23341651355,1839.9029930456834,19,1.2
1819.1072199344635,0,23.883056640625,87598.755215159,1835.0247482749808,19,1.2
1819.6073665618896,0,23.811309814453125,87586.28628532239,1841.0159013340613,19,1.2
1820.1077268123627,0,24.155563354492188,87578.18372130254,1814.7786229066637,19,1.2
1820.6085877418518,0,24.14544677734375,87591.70257785558,1815.4561563603547,19,1.2
1821.108919620514,0,23.986801147460938,87582.92779406454,1828.0886947129102,19,1.2
1821.6091904640198,0,24.023193359375,87598.27249023423,1824.7365928515533,19,1.2
1822.1100301742554,0,23.887130737304688,87586.4876002845,1835.21413610124,19,1.2
1822.6103746891022,0,24.025344848632812,87589.4084910459,1824.7396770454582,19,1.2
1823.1110684871674,0,23.881210327148438,87570.63734947391,1834.8316270296898,19,1.2
1823.6115310192108,0,23.927520751953125,87588.2159829189,1832.2416456966778,19,1.2
1824.1118590831757,0,23.819915771484375,87581.2962355544,1839.9729209986535,19,1.2
1824.6124670505524,0,23.881729125976562,87578.11797084835,1835.2104979001517,19,1.2
1825.1129643917084,0,31.833587646484375,113965.02739498358,1786.100914273772,19,1.9
1825.6141893863678,0,29.395965576171875,5988.506377772346,101.91874773552371,19,1.9
1826.114557981491,0,29.494583129882812,5993.463404504773,102.05263748753852,19,1.9
1826.615042924881,0,29.350006103515625,6023.925192900622,102.45313031263095,19,1.9
1827.115520954132,0,29.425033569335938,6007.150469879382,102.2258816769766,19,1.9
1827.616035938263,0,29.40936279296875,5999.934241896348,102.00833051429615,19,1.9
1828.116408109665,0,29.416580200195312,6004.159198761334,102.01729703373456,19,1.9
1828.616954088211,0,29.420806884765625,5998.640653727099,102.24056776490285,19,1.9
1829.1175825595856,0,29.32745361328125,5986.435816389902,102.39552467112452,19,1.9
1829.61838722229,0,29.358001708984375,6009.275151190075,102.25491604496035,19,1.9
1830.1185550689697,0,29.448638916015625,6020.302973529877,102.07602492504972,19,1.9
1830.6188554763794,0,29.412796020507812,5998.088173634292,102.43840802823412,19,1.9
1831.1195027828217,0,29.4315185546875,5997.842148250001,101.76165373305184,19,1.9
1831.6199553012848,0,29.421661376953125,5974.191775867607,101.48985000347479,19,1.9
1832.1203968524933,0,29.464019775390625,6027.430069082309,102.8712315259711,19,1.9
1832.6209380626678,0,29.50634765625,6002.317246368241,101.77471081765377,19,1.9
1833.1213216781616,0,29.45697021484375,6029.0073206672805,102.42058086746798,19,1.9
1833.6219418048859,0,29.41827392578125,5997.042680307969,101.67149872714937,19,1.9
1834.122498512268,0,29.36444091796875,6005.9601150403305,102.77736969114979,19,1.9
1834.6229412555695,0,29.380294799804688,5986.490202067741,101.76889035231453,19,1.9
1835.123280763626,0,29.395278930664062,5994.934454051138,101.98916659615698,19,1.9
1835.6238403320312,0,29.427841186523438,6001.698195981061,102.25011005489523,19,1.9
1836.1247951984406,0,29.48968505859375,6004.822506180135,101.73048623744978,19,1.9
1836.6249191761017,0,29.235000610351562,6019.757672763056,103.30083587994436,19,1.9
1837.125283241272,0,29.441299438476562,6001.132930497049,101.49008559367493,19,1.9
1837.6258268356323,0,29.486221313476562,5993.021214999136,102.18332040473834,19,1.9
1838.1272583007812,0,28.654144287109375,5989.067439493313,104.17341275631324,19,1.9
1838.625655412674,0,25.084091186523438,5877.993868774611,117.16589523398773,19,1.9
1839.1274518966675,0,28.421844482421875,5820.047496289929,102.59714149809895,19,1.9
1839.6278989315033,0,28.6915283203125,5947.238787250422,103.86341106445259,19,1.9
1840.1283431053162,0,28.414154052734375,5727.167172770266,101.14677335338185,18,1.8
1840.62899518013,0,28.140182495117188,5696.220195568668,101.27866087913696,18,1.8
1841.1294510364532,0,28.2109375,5699.6096584807465,100.81196344502908,18,1.8
1841.6298608779907,0,28.08441162109375,5688.32806199145,101.3729622828083,18,1.8
1842.1300435066223,0,29.909164428710938,70196.77423417613,1180.0396525327185,18,1.8
1842.6294980049133,0,31.360076904296875,121412.16735976744,1937.4633609930645,18,1.8
1843.1296174526215,0,28.6787109375,101988.43396188531,1780.1706677563252,16,1.7
1843.6301300525665,0,28.428573608398438,100222.74198034636,1764.3867993848944,16,1.7
1844.130663394928,0,28.364501953125,100231.23300117972,1768.5838476170802,16,1.7
1844.631325006485,0,28.389785766601562,100245.16804913283,1767.184874604486,16,1.7
1845.131691455841,0,28.387939453125,100211.74782587934,1766.3487018068922,16,1.7
1845.6321589946747,0,28.374481201171875,100237.92542736723,1768.102811970638,16,1.7
1846.1324486732483,0,28.465789794921875,100214.36077078819,1761.8692599545225,16,1.7
1846.6328423023224,0,28.3504638671875,100260.6235239674,1769.8828574750157,16,1.7
1847.1333692073822,0,28.479568481445312,100238.735683174,1761.5786570883454,16,1.7
1847.634102344513,0,28.353866577148438,100258.32589560944,1770.093678879388,16,1.7
1848.1343734264374,0,28.394302368164062,100237.00840720045,1766.3050618293048,16,1.7
1848.6348705291748,0,28.5347900390625,100271.18992249394,1759.1157997407565,16,1.7
1849.1377189159393,0,26.085006713867188,9582.346886624193,183.43871069261488,16,1.7
1849.6376667022705,0,25.954849243164062,5353.764849959718,103.33329139665028,16,1.7
1850.1381583213806,0,26.966415405273438,5438.643839031148,100.82912241529453,18,1.7
1850.638751745224,0,27.217926025390625,5476.5052929729545,100.44850579171792,18,1.7
1851.13925242424,0,27.3739013671875,5486.021130057796,100.78943308048714,18,1.7
1851.6395208835602,0,27.309799194335938,5463.415831260164,99.8908846084005,18,1.7
1852.1401228904724,0,27.442672729492188,5482.890115937724,99.51654588895197,18,1.7
1852.6407454013824,0,27.3875732421875,5489.4235730718665,100.77563191135636,18,1.7
1853.1411488056183,0,27.317031860351562,5475.730122213337,100.0840799240776,18,1.7
1853.6416864395142,0,27.221939086914062,5486.19855951107,100.87451857241271,18,1.7
1854.1421539783478,0,27.500045776367188,5471.046529101754,99.89074281326103,18,1.7
1854.6426208019257,0,27.40863037109375,5481.828630115404,100.18742136404023,18,1.7
1855.1430411338806,0,27.460586547851562,5479.84024009956,99.85220072491592,18,1.7
1855.6440179347992,0,27.460235595703125,5493.647917619432,99.99914204777194,18,1.7
1856.1440904140472,0,27.367843627929688,5496.034640150973,100.73866386705018,18,1.7
1856.6446108818054,0,27.35736083984375,5470.057528687766,99.82688081602238,18,1.7
1857.1451845169067,0,27.528213500976562,5290.906332417755,96.44650568791229,18,1.7
1857.6460690498352,0,26.62005615234375,5481.652022728424,103.00504192432298,19,1.7
1858.1461045742035,0,26.892562866210938,5367.742046801594,99.84172997410963,19,1.7
1858.6464817523956,0,28.129348754882812,5556.66166048242,98.75806312500508,19,1.7
1859.1471693515778,0,28.108856201171875,5560.167880917422,99.07909379407234,19,1.7
1859.6475327014923,0,28.156112670898438,5583.215034893857,98.59315568335592,19,1.7
1860.1478703022003,0,28.011474609375,5557.179420623848,99.92333638384102,19,1.7
1860.6485617160797,0,28.053970336914062,5379.9285343296115,95.74402367089193,19,1.7
1861.148954629898,0,27.730987548828125,5547.241931073201,99.8161351133336,19,1.7
1861.649353504181,0,27.9871826171875,5569.299625103585,99.83141348011742,19,1.7
1862.1503117084503,0,28.034744262695312,5559.758801034396,99.59070693985963,19,1.7
1862.6506142616272,0,27.994781494140625,5438.286566344978,96.94663987886624,19,1.7
1863.151023864746,0,28.00750732421875,5559.247543991356,99.54473876327977,19,1.7
1863.6515974998474,0,28.031524658203125,5581.702997808344,99.85186443224389,19,1.7
1864.1521620750427,0,28.016006469726562,5561.54594956811,99.1932951972624,19,1.7
1864.6525514125824,0,28.065887451171875,5381.017326970934,95.84589137542774,19,1.7
1865.1529541015625,0,27.986343383789062,5561.043076805643,99.69148029592506,19,1.7
1865.6535215377808,0,28.041885375976562,5540.703729202927,98.74514366185227,19,1.7
1866.153909444809,0,28.061111450195312,5561.037221848832,98.96258047115491,19,1.7
1866.6545495986938,0,28.033966064453125,5431.668993155658,97.02515847192029,19,1.7
1867.1547842025757,0,29.677902221679688,67140.92518013423,1136.5695509084712,19,1.7
1867.6538021564484,0,31.041915893554688,123351.51056893823,1989.4068462707983,19,1.7
1868.1542801856995,0,31.027359008789062,123372.94594582665,1990.0823651316582,19,1.7
1868.6552231311798,0,30.913665771484375,123384.96816329328,1997.595511851677,19,1.7
1869.1558763980865,0,30.9632568359375,123362.31577704972,1993.9116975687066,19,1.7
1869.6569001674652,0,31.080795288085938,123390.13523815009,1986.9182698704067,19,1.7
1870.156464099884,0,31.040542602539062,123346.29589340862,1989.0760541972488,19,1.7
1870.656819343567,0,31.334793090820312,121278.59182510902,1937.048054668071,18,1.8
1871.1570868492126,0,31.326644897460938,121427.22993689809,1939.9460171659061,18,1.8
1871.6575570106506,0,31.319229125976562,121411.63291919882,1940.213782260685,18,1.8
1872.1581320762634,0,31.532730102539062,121392.23953828473,1927.0136078419416,18,1.8
1872.6594874858856,0,31.154739379882812,108980.28897899043,1740.7624354906093,18,1.8
1873.1609172821045,0,28.411300659179688,5674.9261014056665,100.31219739597404,18,1.8
1873.66121840477,0,28.33087158203125,5693.007438895298,100.73816443438115,18,1.8
1874.1620473861694,0,28.374008178710938,5699.6109545326035,99.88014319832172,18,1.8
1874.662352323532,0,28.302215576171875,5680.3965141713425,100.41616679623941,18,1.8
1875.163420677185,0,28.286819458007812,5694.361484330838,101.03645636946712,18,1.8
1875.6633746623993,0,28.309844970703125,5697.567384213261,100.53039862794115,18,1.8
1876.1639759540558,0,28.336181640625,5700.404216586683,100.71928660664283,18,1.8
1876.6645543575287,0,28.403213500976562,5690.368192484713,100.6224172452084,18,1.8
1877.1648938655853,0,28.394332885742188,5671.743197019541,100.12561349619072,18,1.8
1877.6654138565063,0,28.304534912109375,5688.317649672801,100.26661836389454,18,1.8
1878.1657979488373,0,28.387191772460938,5696.104922072978,100.39739128985805,18,1.8
1878.666425704956,0,28.27532958984375,5680.291681240023,100.86531408724633,18,1.8
1879.1670055389404,0,28.22265625,5694.06995363837,101.08899653979239,18,1.8
1879.6675477027893,0,28.284194946289062,5676.564429051112,100.48014466725614,18,1.8
1880.1679441928864,0,28.1558837890625,5691.134005843493,101.044599463263,18,1.8
1880.6684386730194,0,28.341323852539062,5516.736030120914,96.85503804558795,18,1.8
1881.1689043045044,0,28.291244506835938,5659.368789431013,100.17233421156952,18,1.8
1881.6699776649475,0,28.277664184570312,5684.264764780005,100.92771387946827,18,1.8
1882.1699721813202,0,28.206863403320312,5691.516053179765,101.28740509530365,18,1.8
1882.6705567836761,0,28.302536010742188,5671.480272694581,99.99103963425318,18,1.8
1883.171050310135,0,28.326995849609375,5711.688607227731,101.17557171314097,18,1.8
1883.6714916229248,0,28.326828002929688,5685.464284086696,100.08180230087152,18,1.8
1884.1721858978271,0,28.470809936523438,5713.747427824965,100.34839213811517,18,1.8
1884.6726670265198,0,28.402252197265625,5680.346146513525,100.62582291537953,18,1.8
1885.1730508804321,0,28.482025146484375,5588.299729532963,98.20228672697603,18,1.8
1885.6736006736755,0,28.401611328125,5710.008552611398,100.34641933071441,18,1.8
1886.1739938259125,0,28.240631103515625,5702.034768581682,101.06006447018497,18,1.8
1886.6746077537537,0,28.370864868164062,5707.969547290241,100.77239496523715,18,1.8
1887.1750404834747,0,28.419143676757812,5696.743855596482,99.08813692732849,18,1.8
1887.6757502555847,0,28.472732543945312,5498.819655821249,97.6723957108,18,1.8
1888.1764097213745,0,28.288467407226562,5680.087405989296,100.7477697173492,18,1.8
1888.6765944957733,0,28.229278564453125,5602.748103803873,99.43576820750322,18,1.8
1889.177285194397,0,28.410140991210938,5690.819063980838,99.89390763241808,18,1.8
1889.6776072978973,0,28.423492431640625,5695.7938180533065,100.51544534406435,18,1.8
1890.1781332492828,0,28.5330810546875,5681.104658324493,99.70882550493491,18,1.8
1890.677412033081,0,30.763870239257812,101626.32945845283,1656.5536001698295,18,1.8
1891.1772973537445,0,31.434036254882812,121449.52501174908,1933.7637555392778,18,1.8
1891.6780354976654,0,31.532928466796875,121382.76071337056,1926.7477825275266,18,1.8
1892.1783888339996,0,31.42962646484375,121443.89608460326,1934.0987099543056,18,1.8
1892.6793007850647,0,25.354141235351562,88099.94277104121,1738.8875288951854,17,1.3
1893.1797494888306,0,24.353790283203125,84487.23010811937,1736.3621640926035,17,1.3
1893.6802825927734,0,24.24993896484375,84492.79240640024,1743.5095429021599,17,1.3
1894.1808876991272,0,24.003448486328125,84473.02038906867,1761.66353864051,17,1.3
1894.6821563243866,0,24.327789306640625,84470.66955148701,1737.806895115615,17,1.3
1895.181798696518,0,24.35955810546875,84469.40681270044,1735.2942043111245,17,1.3
1895.6823301315308,0,24.334609985351562,84504.62948749887,1738.0594973767757,17,1.3
1896.1828968524933,0,24.2745361328125,84390.48834450604,1739.9714568760467,17,1.3
1896.6832423210144,0,24.382766723632812,84452.11964776451,1733.8885483829583,17,1.3
1897.1837630271912,0,24.2584228515625,84488.00595613192,1742.7348949553402,17,1.3
1897.6842799186707,0,24.254776000976562,84477.42245655406,1743.6978184542777,17,1.3
1898.1869621276855,0,22.940261840820312,4645.887876301222,100.91427970890234,17,1.3
1898.6873586177826,0,22.85833740234375,4526.922953642969,98.95732835617646,17,1.3
1899.1879777908325,0,23.203384399414062,4488.738829967564,97.18409871522638,17,1.3
1899.6885409355164,0,23.08056640625,4500.807815191163,97.74456832173306,17,1.3
1900.1889543533325,0,23.057876586914062,4509.453756229261,97.27695399640399,17,1.3
1900.6894617080688,0,23.125457763671875,4497.153396449222,97.29537131734354,17,1.3
1901.190378189087,0,23.046249389648438,4482.896135752934,97.62976881655288,17,1.3
1901.6905450820923,0,23.022933959960938,4476.1535276683335,97.77207387706112,17,1.3
1902.1910147666931,0,23.115814208984375,4505.889547772962,97.3359614183738,17,1.3
1902.6916053295135,0,23.036972045898438,4487.029483824189,97.66908582938511,17,1.3
1903.1918876171112,0,22.962600708007812,4486.779572986489,97.76767137779366,17,1.3
1903.6925535202026,0,23.011810302734375,4486.578583287185,97.55860014773536,17,1.3
1904.193091392517,0,23.145370483398438,4505.421404335251,96.82281826542419,17,1.3
1904.6936783790588,0,22.99041748046875,4493.321203077483,97.73637220415478,17,1.3
1905.1940853595734,0,23.073867797851562,4488.941617739867,97.72960561947772,17,1.3
1905.694593667984,0,23.11224365234375,4491.705079978493,97.39426573463508,17,1.3
1906.1950438022614,0,23.183135986328125,4504.196168368285,97.05330639163316,17,1.3
1906.695719242096,0,23.04376220703125,4500.266620312108,97.68370198305385,17,1.3
1907.1960134506226,0,23.043487548828125,4500.106359581503,98.03203595867507,17,1.3
1907.6971883773804,0,23.206771850585938,4514.6648778330045,97.51463988916936,17,1.3
1908.1972217559814,0,23.100433349609375,4487.0339007022085,97.18432403511437,17,1.3
1908.6976425647736,0,22.954833984375,4483.219246929412,97.23442136498517,17,1.3
1909.1981270313263,0,23.094314575195312,4493.033182537801,97.8162825592712,17,1.3
1909.6986253261566,0,23.024078369140625,4493.998599318701,97.11572225175061,17,1.3
1910.1984856128693,0,25.65740966796875,5194.706646765615,102.03680082593709,16,1.7
1910.6988933086395,0,26.405853271484375,5340.930049973887,100.58375969498432,16,1.7
1911.1995060443878,0,26.381607055664062,5348.510991141075,101.77545266043744,16,1.7
1911.699908733368,0,26.4259033203125,5331.448176785251,101.22643557633234,16,1.7
1912.200338602066,0,26.355178833007812,5349.636416260979,101.49807811775386,16,1.7
1912.7008967399597,0,26.49072265625,5339.4306954871645,100.86550052531658,16,1.7
1913.201518535614,0,26.009674072265625,5360.633870731106,103.11547897710273,16,1.7
1913.7021441459656,0,26.048751831054688,5352.725335097277,102.92239787104798,16,1.7
1914.203043460846,0,26.020584106445312,5350.882241814697,102.57263976402771,16,1.7
1914.7030282020569,0,26.019363403320312,5330.334013039201,103.11551279758152,16,1.7
1915.2035281658173,0,26.368301391601562,5365.639846016669,101.75096075223674,16,1.7
1915.7040340900421,0,26.011962890625,5351.3760649584265,102.7988549439204,16,1.7
1916.2045805454254,0,26.142807006835938,5324.036195497985,102.28434916345405,16,1.7
1916.7051737308502,0,26.085830688476562,5346.8405023540445,102.50775725464023,16,1.7
1917.205578804016,0,25.98199462890625,5340.994636609351,102.41707913523723,16,1.7
1917.7061064243317,0,25.919265747070312,5339.412072546104,103.47515343111715,16,1.7
1918.206384897232,0,25.926544189453125,5340.785718688476,102.6746943421367,16,1.7
1918.7064254283905,0,27.890655517578125,72890.92443717507,1302.0131411795987,16,1.7
1919.206003189087,0,28.367263793945312,100276.72816307032,1767.706620005519,16,1.7
1919.7063908576965,0,28.48907470703125,100266.61738244066,1759.7974141163113,16,1.7
1920.206707239151,0,28.458084106445312,100264.36175145733,1747.5526396640482,16,1.7
1920.707751750946,0,28.45501708984375,100296.35960233162,1801.369503246412,16,1.7
1921.2076852321625,0,28.4742431640625,100360.10502205021,1736.9030570905552,16,1.7
1921.7081668376923,0,28.469650268554688,100232.0733932115,1760.4009718151108,16,1.7
1922.208589553833,0,28.518356323242188,100485.6019618931,1792.3543496208358,16,1.7
1922.7091171741486,0,28.475250244140625,100284.63517912233,1762.4779262590332,16,1.7
1923.2095997333527,0,28.571090698242188,100234.61099754847,1756.1457674098167,16,1.7
1923.7101669311523,0,28.597564697265625,100252.44307436333,1754.3451874696532,16,1.7
1924.2108178138733,0,28.492477416992188,100261.63921874434,1760.956032909848,16,1.7
1924.7113997936249,0,28.51690673828125,100223.96230128685,1759.0968214185577,16,1.7
1925.2116720676422,0,28.575851440429688,100233.07643954828,1755.7832040312974,16,1.7
1925.7138707637787,0,26.546646118164062,27048.08365748221,508.46347745466187,16,1.7
1926.2143197059631,0,26.245941162109375,5355.659077160386,101.76811658238637,16,1.7
1926.7150411605835,0,26.072921752929688,5338.435806678085,102.78863356381842,16,1.7
1927.2158517837524,0,26.711029052734375,5351.489115452249,100.59515096536256,16,1.7
1927.715922832489,0,26.253692626953125,5341.802361471516,101.6999794253273,16,1.7
1928.2164096832275,0,25.959625244140625,5350.572915546568,103.16019491092054,16,1.7
1928.7169160842896,0,26.079925537109375,5360.840422040726,102.79937326451257,16,1.7
1929.2176377773285,0,26.087966918945312,5385.033504490827,103.03600922032565,16,1.7
1929.718020915985,0,26.02801513671875,5366.655525107291,103.19649753894424,16,1.7
1930.218537569046,0,26.012527465820312,5372.536292598137,103.33482601919218,16,1.7
1930.7189903259277,0,26.045547485351562,5353.05744490766,102.62790603665898,16,1.7
1931.2195706367493,0,26.1395263671875,5369.9028021631775,103.52138604151587,16,1.7
1931.7199802398682,0,25.98760986328125,5347.461738256511,102.54886901951943,16,1.7
1932.2204053401947,0,26.106353759765625,5344.263891471977,102.81022101740247,16,1.7
1932.7210733890533,0,26.027328491210938,5348.418327435021,102.50763926466544,16,1.7
1933.221529006958,0,25.949310302734375,5342.266522010869,102.85437142114554,16,1.7
1933.722515821457,0,26.127120971679688,5362.253158634826,102.91987406169716,16,1.7
1934.2227737903595,0,25.966552734375,5341.178616180773,102.78607358098516,16,1.7
1934.723266363144,0,25.9534912109375,5354.771205317196,103.7625334531139,16,1.7
1935.2235486507416,0,26.014663696289062,5348.476278278813,102.7881825119054,16,1.7
1935.7241933345795,0,25.948287963867188,5355.225727473808,103.39795842161375,16,1.7
1936.2245321273804,0,26.2034912109375,5345.007679868536,101.74216781034106,16,1.7
1936.7249946594238,0,26.04254150390625,5352.202256216433,102.75494807596307,16,1.7
1937.225576877594,0,26.086212158203125,5321.83426037818,102.39125495880289,16,1.7
1937.7260253429413,0,25.955764770507812,5359.87873974601,103.40670073608041,16,1.7
1938.2265634536743,0,25.928146362304688,5353.835000581792,103.43971229270721,16,1.7
1938.727035522461,0,25.896163940429688,5348.104564940465,103.02684235925217,16,1.7
1939.227816104889,0,25.841796875,5337.547191077652,103.86274658000151,16,1.7
1939.7280249595642,0,25.976104736328125,5339.4998685507235,102.44030146207933,16,1.7
1940.228982925415,0,25.909591674804688,5362.063867025176,103.86115048724655,16,1.7
1940.7291543483734,0,25.859664916992188,5336.880765652112,102.86289511246275,16,1.7
1941.2295787334442,0,25.94873046875,5327.535384677368,102.74105714769584,16,1.7
1941.7301983833313,0,25.83538818359375,5360.050831260958,103.92721723086227,16,1.7
1942.230598449707,0,25.939071655273438,5332.395546272919,102.93352188867509,16,1.7
1942.7312734127045,0,25.876068115234375,5345.363722630699,103.57060385160165,16,1.7
1943.2317044734955,0,25.891693115234375,5343.894004984104,103.58534639134673,16,1.7
1943.7322058677673,0,25.95672607421875,5375.410772634376,103.36434542354947,16,1.7
1944.2327275276184,0,26.987258911132812,43664.405678252304,812.8650661498092,16,1.7
1944.7316498756409,0,28.615921020507812,100221.80865340994,1727.3950387469586,16,1.7
1945.2318539619446,0,28.517288208007812,100265.77187779162,1729.9330721827548,16,1.7
1945.7322719097137,0,28.447555541992188,100241.37964995243,1747.6018256336429,16,1.7
1946.2327518463135,0,28.479217529296875,100276.7103966108,1833.723133238392,16,1.7
1946.7338457107544,0,28.459503173828125,100278.51483456472,1758.9555128297238,16,1.7
1947.2338161468506,0,28.55780029296875,100246.63303962952,1761.3751578893375,16,1.7
1947.7344460487366,0,28.520980834960938,100244.3333628876,1758.985789805104,16,1.7
1948.2348268032074,0,28.446685791015625,100251.84550298596,1712.0096294444725,16,1.7
1948.735366344452,0,28.521591186523438,100268.83993817831,1800.1800693455084,16,1.7
1949.2358901500702,0,28.400222778320312,100271.0541882133,1694.3176951672463,16,1.7
1949.7365198135376,0,28.500930786132812,100268.87724995527,1844.3959039252354,16,1.7
1950.2368550300598,0,28.46044921875,100302.98293436806,1733.317686619658,16,1.7
1950.737245798111,0,28.510269165039062,100273.86786855476,1790.7231848447564,16,1.7
1951.2394707202911,0,27.198486328125,57163.812317743716,1043.1462860733361,16,1.7
1951.7400753498077,0,25.872268676757812,5349.380225351103,103.77907069324974,16,1.7
1952.2404816150665,0,25.94622802734375,5343.515094571873,103.2520024558754,16,1.7
1952.741037607193,0,25.878005981445312,5340.132160907813,103.29234802389942,16,1.7
1953.2420132160187,0,25.834213256835938,5335.593638628265,103.73840199259216,16,1.7
1953.7421565055847,0,25.754135131835938,5351.428662327844,103.5173569740429,16,1.7
1954.2427444458008,0,25.877960205078125,5359.268012173578,104.06538918285928,16,1.7
1954.743051290512,0,25.896194458007812,5359.379041020074,103.49010949642721,16,1.7
1955.2435853481293,0,25.897232055664062,5344.546979703717,103.44734889974728,16,1.7
1955.7440147399902,0,25.848724365234375,5350.090804002073,103.17723854825971,16,1.7
1956.244547843933,0,25.782928466796875,5233.536539251013,101.61762669333791,16,1.7
1956.7450342178345,0,25.949737548828125,5341.649235210615,103.12243023517001,16,1.7
1957.245598077774,0,26.194549560546875,5366.435083166132,102.76947094576411,16,1.7
1957.746075630188,0,25.95281982421875,5349.954047187347,102.95605711046986,16,1.7
1958.2465431690216,0,25.997695922851562,5167.669170838426,99.50881830747424,16,1.7
1958.747308254242,0,25.951934814453125,5331.756774658301,102.38157651815102,16,1.7
1959.2476089000702,0,25.914199829101562,5368.628072063578,103.88127041363988,16,1.7
1959.7485258579254,0,26.06854248046875,5350.583385605627,102.92098232995478,16,1.7
1960.2486391067505,0,25.93902587890625,5243.339109550426,101.50728143346235,16,1.7
1960.7492427825928,0,25.935699462890625,5346.972467603921,103.13968990223107,16,1.7
1961.2496602535248,0,25.975204467773438,5340.935812870305,102.59784492962801,16,1.7
1961.7501165866852,0,25.93994140625,5365.45212821166,103.19992470588235,16,1.7
1962.2507002353668,0,25.920578002929688,5187.5977905167565,100.30640519305294,16,1.7
1962.7512941360474,0,25.8004150390625,5353.584223503549,103.64174359022886,16,1.7
1963.251683473587,0,25.913726806640625,5358.546333658063,103.99893539471066,16,1.7
1963.7521057128906,0,25.913177490234375,5353.992790501117,103.15215110178384,16,1.7
1964.2527322769165,0,26.012298583984375,5212.967646405383,100.567813780619,16,1.7
1964.7531201839447,0,26.094161987304688,5343.735701971929,102.43670600728493,16,1.7
1965.2536008358002,0,25.97796630859375,5347.724815377195,103.20284383127792,16,1.7
1965.7543573379517,0,26.002166748046875,5359.404144954519,102.91450039258767,16,1.7
1966.2550990581512,0,26.002349853515625,5353.2578559958965,103.29835630747202,16,1.7
1966.7553384304047,0,25.958297729492188,5347.115847082812,103.04990057036109,16,1.7
1967.2556698322296,0,25.918212890625,5332.757747659727,103.05494484791967,16,1.7
1967.756237745285,0,25.94598388671875,5349.752635335902,102.86755791003978,16,1.7
1968.2566332817078,0,26.055404663085938,5346.470358752719,102.78097901868566,16,1.7
1968.7572922706604,0,26.049835205078125,5187.431064342922,99.65514098507383,16,1.7
1969.2579567432404,0,25.902740478515625,5354.3003737969275,103.38674404822916,16,1.7
1969.7581388950348,0,25.8948974609375,5254.098126773602,101.487175377479,16,1.7
1970.2575125694275,0,28.255783081054688,89920.42220120909,1600.0618305395215,16,1.7
1970.7574353218079,0,28.496017456054688,100231.32300231191,1760.5618075356824,16,1.7
1971.2578389644623,0,28.420623779296875,100247.86920757395,1765.654420173373,16,1.7
1971.7584209442139,0,28.488372802734375,100233.03646380064,1760.6832214434385,16,1.7
1972.259554862976,0,24.86383056640625,88390.30657641597,1779.5729375578408,19,1.2
1972.7602581977844,0,24.04852294921875,87603.42692601553,1822.7730697873917,19,1.2
1973.2606749534607,0,24.312530517578125,87623.77836161689,1803.8023630774483,19,1.2
1973.7610218524933,0,24.105712890625,87578.29428894624,1818.3656380080415,19,1.2
1974.261703491211,0,24.114395141601562,87614.20566012623,1818.1256358515554,19,1.2
1974.762069940567,0,24.095962524414062,87588.77928237835,1819.2674376707007,19,1.2
1975.262456893921,0,23.988510131835938,87598.77966700034,1827.7917119083831,19,1.2
1975.7628014087677,0,23.884902954101562,87605.64694648604,1835.5109118193648,19,1.2
1976.2634630203247,0,23.825149536132812,87599.59611512194,1840.1143687896479,19,1.2
1976.7638130187988,0,23.908416748046875,87590.39767990091,1833.7475233938917,19,1.2
1977.2645633220673,0,24.00042724609375,87608.16981379142,1827.0924742448942,19,1.2
1977.7711689472198,0,23.251693725585938,45786.725678027986,980.9607966279548,19,1.2
1978.2682223320007,0,22.387588500976562,4313.531937173376,96.30336022595527,19,1.2
1978.768052816391,0,22.208282470703125,4290.760292629704,96.49553056734655,19,1.2
1979.2692818641663,0,22.250885009765625,4275.975868283695,96.35571794375937,19,1.2
1979.7689409255981,0,22.3692626953125,4151.029251495358,92.85062401431931,19,1.2
1980.26961684227,0,22.388565063476562,4287.267077448578,96.12049695452126,19,1.2
1980.7702848911285,0,22.271392822265625,4273.975611684126,95.77308509719933,19,1.2
1981.2705297470093,0,22.29156494140625,4295.306549441339,96.62847833527277,19,1.2
1981.771168231964,0,22.413986206054688,4129.79277391079,92.44228050074783,19,1.2
1982.2714955806732,0,22.293106079101562,4242.869135886595,95.14152009478433,19,1.2
1982.772033214569,0,22.304351806640625,4299.748632426402,96.70758508022641,19,1.2
1983.272675037384,0,22.416229248046875,4302.7743013822555,95.06505203972581,19,1.2
1983.7729923725128,0,22.181610107421875,4295.638469211001,97.7837041358085,19,1.2
1984.273593902588,0,22.255874633789062,4181.274320310978,93.32367449835832,19,1.2
1984.7741341590881,0,22.204437255859375,4274.495535240332,96.60231310000756,19,1.2
1985.2746782302856,0,22.23028564453125,4283.615506731455,96.26506983397442,19,1.2
1985.7757177352905,0,22.381271362304688,4287.260929613344,96.64330345607621,19,1.2
1986.2756600379944,0,22.380157470703125,4297.614898753261,96.02255939499804,19,1.2
1986.776153087616,0,22.360488891601562,4292.427678074038,96.2859090620622,19,1.2
1987.2767488956451,0,22.331466674804688,4277.89809497274,95.87368492977524,19,1.2
1987.7772612571716,0,22.25067138671875,4297.187017574496,96.35664303054409,19,1.2
1988.2776021957397,0,22.32659912109375,4084.8721302254044,91.19167630310635,19,1.2
1988.7782032489777,0,22.01318359375,4262.676391581848,97.44160770135085,19,1.2
1989.278885602951,0,22.39605712890625,4178.5524712595225,93.05209341113053,19,1.2
1989.7791395187378,0,22.340011596679688,4302.97912439042,96.68750576302443,19,1.2
1990.2796001434326,0,22.288253784179688,4291.177737725586,96.19416670146774,19,1.2
1990.7802734375,0,22.434768676757812,4294.989913874057,95.47680347687694,19,1.2
1991.280517578125,0,22.395416259765625,4289.726555631181,95.95713582965526,19,1.2
1991.7812793254852,0,22.409744262695312,4295.110463698714,96.43126555430345,19,1.2
1992.2823243141174,0,22.294662475585938,4267.651781312541,95.13487823924802,19,1.2
1992.7823224067688,0,22.306838989257812,4268.02996508068,95.88987489576928,19,1.2
1993.2828850746155,0,22.428558349609375,4303.015630960385,96.39496067020528,19,1.2
1993.7833478450775,0,22.689926147460938,4290.975353240435,94.57941758175987,19,1.2
1994.2840003967285,0,22.654327392578125,4288.0191399062915,94.81632196697726,19,1.2
1994.784209728241,0,22.472579956054688,4290.752522463819,95.27166013812133,19,1.2
1995.284663438797,0,22.35382080078125,4276.512959629311,96.22516075304782,19,1.2
1995.7853837013245,0,22.36871337890625,4285.756215025472,95.71404325914284,19,1.2
1996.285727262497,0,22.357879638671875,4282.718410743659,96.207692087199,19,1.2
1996.7863352298737,0,22.331008911132812,4291.586677639634,95.42784244457579,19,1.2
1997.28586435318,0,25.99237060546875,4962.011006182388,95.68192288997062,16,1.7
1997.7862572669983,0,26.006683349609375,5330.882781208801,103.165788729469,16,1.7
1998.2868020534515,0,25.823822021484375,5371.802407839145,104.20610852108557,16,1.7
1998.7877368927002,0,25.954681396484375,5362.058366262441,103.21837355949502,16,1.7
1999.2880334854126,0,26.151138305664062,5236.53337488794,100.07212571061143,16,1.7
1999.7882990837097,0,26.101898193359375,5364.022439992133,103.0576389530309,16,1.7
2000.2888536453247,0,26.700576782226562,25546.66322671812,469.27825200917334,16,1.7
2000.787632226944,0,28.595901489257812,100273.47844818435,1781.4091302257505,16,1.7
2001.2879872322083,0,28.499008178710938,99354.62183672201,1756.7278021064287,16,1.7
2001.7884767055511,0,28.584869384765625,100246.68953431689,1754.9844053769261,16,1.7
2002.2888507843018,0,28.523849487304688,100249.24035062591,1758.843946443101,16,1.7
2002.7894535064697,0,28.584671020507812,100230.79970969264,1755.2064868615964,16,1.7
2003.2899417877197,0,28.607894897460938,100229.12686296752,1753.6767448223775,16,1.7
2003.7904193401337,0,28.63262939453125,100206.76131493085,1751.4283899325756,16,1.7
2004.2911489009857,0,28.626510620117188,100233.63137696934,1752.2918062094798,16,1.7
2004.7917244434357,0,28.495361328125,100271.43888472108,1761.4094947608316,16,1.7
2005.2923340797424,0,28.523040771484375,100166.02489435537,1757.596618173998,16,1.7
2005.7923674583435,0,28.493896484375,100242.02291869388,1760.4822853030134,16,1.7
2006.292771577835,0,28.534957885742188,100256.8505705617,1758.755005034579,16,1.7
2006.7935185432434,0,28.504180908203125,100202.22577567314,1759.110362142341,16,1.7
2007.2953708171844,0,27.88092041015625,74556.72966151923,1335.0348357381004,16,1.7
2007.7961401939392,0,26.073989868164062,5356.889277830715,102.707718056982,16,1.7
2008.2966301441193,0,26.075714111328125,5341.733505269239,102.81597614369026,16,1.7
2008.7971200942993,0,26.014602661132812,5362.958763036208,102.98062341742268,16,1.7
2009.2978558540344,0,26.149032592773438,5377.48089564491,102.79538986627205,16,1.7
2009.7981135845184,0,26.107040405273438,5354.311850171854,102.38617470634752,16,1.7
2010.2996277809143,0,23.270782470703125,4463.876789104244,96.21507153095521,19,1.2
2010.8002247810364,0,22.623138427734375,4284.134614771211,95.12384883618975,19,1.2
2011.300680398941,0,22.579360961914062,4263.313218069728,94.15678342651279,19,1.2
2011.8018023967743,0,22.654373168945312,4298.83210365178,95.1251214910718,19,1.2
2012.3018109798431,0,22.625534057617188,4277.2806922780965,94.40661133392726,19,1.2
2012.8024418354034,0,22.700225830078125,4289.521752114839,94.97702869295992,19,1.2
2013.302719116211,0,22.595458984375,4291.278146858736,94.53226869509784,19,1.2
2013.803346157074,0,22.473159790039062,4268.497089871273,95.44719211896243,19,1.2
2014.3038229942322,0,22.610565185546875,4273.5571640258395,94.15952155680299,19,1.2
2014.8041570186615,0,22.5849609375,4299.214577816438,95.68314091754226,19,1.2
2015.3047013282776,0,22.674545288085938,4270.050425752437,94.15844828966911,19,1.2
2015.8054332733154,0,22.549636840820312,4273.1196085584525,94.8574034739172,19,1.2
2016.3056325912476,0,22.530609130859375,4277.509857391485,95.24820157040051,19,1.2
2016.8064641952515,0,22.426361083984375,4278.623944214166,95.42341675432425,19,1.2
2017.306660413742,0,22.416641235351562,4269.70609389701,95.42018260196569,19,1.2
2017.807107925415,0,22.5382080078125,4297.737619282048,94.59492073464656,19,1.2
2018.3081624507904,0,22.521499633789062,4278.595996724448,95.3311295833449,19,1.2
2018.8073358535767,0,25.554641723632812,5176.606798289607,101.50797761336176,16,1.7
2019.3077409267426,0,25.948196411132812,5349.651334629286,103.82224480327143,16,1.7
2019.8083436489105,0,25.991043090820312,5331.425728118948,102.03515075301655,16,1.7
2020.308746099472,0,26.011260986328125,5340.277093612237,102.87851870797583,16,1.7
2020.8092713356018,0,25.843490600585938,5339.4941464369385,103.81724518046218,16,1.7
2021.3098075389862,0,26.014862060546875,5326.696055660036,101.90328873664886,16,1.7
2021.8103113174438,0,26.093658447265625,5343.063447925984,103.12850555005222,16,1.7
2022.3106622695923,0,26.18878173828125,5338.286461768989,100.92107477212714,16,1.7
2022.8114249706268,0,26.298583984375,5357.736072017417,102.74317437035249,16,1.7
2023.3118126392365,0,26.151260375976562,5363.226852265907,102.74839381999232,16,1.7
2023.8122839927673,0,26.1748046875,5341.557550520766,101.9300824534567,16,1.7
2024.3128492832184,0,26.233383178710938,5349.39152202823,102.04554943460187,16,1.7
2024.8136811256409,0,26.27447509765625,5335.507259975861,101.77177622241167,16,1.7
2025.313851594925,0,26.260910034179688,5335.070111623986,101.4816316925571,16,1.7
2025.8142676353455,0,26.184478759765625,5344.570102302699,102.5034725581081,16,1.7
2026.3148312568665,0,26.236404418945312,5350.626770120271,101.65264864091509,16,1.7
2026.8153502941132,0,26.378082275390625,5362.596639928401,101.63741139367183,16,1.7
2027.3158812522888,0,26.150894165039062,5335.023827224514,102.71159307397197,16,1.7
2027.8171968460083,0,23.789520263671875,35177.34472566663,740.9985491350612,19,1.2
2028.315618276596,0,24.026901245117188,87562.06310942108,1823.664215080778,19,1.2
2028.81600356102,0,24.020889282226562,87585.21063742816,1824.9532515199464,19,1.2
2029.3170192241669,0,23.955520629882812,87576.6267076902,1829.9748386731035,19,1.2
2029.8171555995941,0,23.898239135742188,87585.60069813184,1834.4866226746988,19,1.2
2030.3176181316376,0,23.999725341796875,87601.5989798123,1826.8125728774464,19,1.2
2030.818021774292,0,24.03271484375,87581.00220033969,1823.597553790203,19,1.2
2031.3190612792969,0,24.000946044921875,87598.7259603528,1826.8029900961646,19,1.2
2031.818960905075,0,24.070465087890625,87587.83538498504,1820.8206546889282,19,1.2
2032.3194668293,0,24.013565063476562,87611.89133911775,1826.4260172975048,19,1.2
2032.820065021515,0,24.020263671875,87588.68883872614,1824.9591511073618,19,1.2
2033.320861339569,0,24.09075927734375,87582.25449525258,1819.4943337142104,19,1.2
2033.8210847377777,0,24.042465209960938,87600.18774452042,1823.5234871770135,19,1.2
2034.3214836120605,0,24.099655151367188,87583.79356223252,1818.905694902162,19,1.2
2034.8222842216492,0,23.993667602539062,87597.77431281772,1827.1904373369184,19,1.2
2035.3224720954895,0,24.081649780273438,87607.10516465752,1821.0131116482862,19,1.2
2035.8247272968292,0,23.361618041992188,54143.23513344507,1156.769190876451,19,1.2
2036.3255207538605,0,22.391525268554688,4265.778530753614,94.90197628404628,19,1.2
2036.8261818885803,0,22.433074951171875,4285.457950081648,96.33097578926032,19,1.2
2037.3267183303833,0,22.393707275390625,4274.323726463168,95.02669539395772,19,1.2
2037.8276014328003,0,22.409820556640625,4288.978516861886,95.89545773329247,19,1.2
2038.3276171684265,0,22.315444946289062,4282.016786757221,96.25620305443208,19,1.2
2038.8281445503235,0,22.327407836914062,4305.676919001755,96.24941756324453,19,1.2
2039.3288202285767,0,22.362625122070312,4109.259873483548,92.38629135543688,19,1.2
2039.8290655612946,0,22.327865600585938,4275.548057394765,95.53085091769923,19,1.2
2040.3296067714691,0,22.466217041015625,4283.758279231212,95.2986431178541,19,1.2
2040.8302643299103,0,22.411056518554688,4292.147353186088,95.62244413714969,19,1.2
2041.3306422233582,0,22.379669189453125,4283.187393820993,95.62250370566329,19,1.2
2041.8312411308289,0,22.431793212890625,4283.430843468253,96.02442299451054,19,1.2
2042.331514120102,0,22.4400634765625,4289.295936195558,95.72165436356615,19,1.2
2042.8323528766632,0,22.420166015625,4285.473953892703,95.44978384676533,19,1.2
2043.3326914310455,0,22.34967041015625,4288.096133956813,95.92982628619492,19,1.2
2043.8330738544464,0,22.218017578125,4280.840078976771,97.03836052964122,19,1.2
2044.3344988822937,0,22.231842041015625,4260.66018761533,95.62860315747714,19,1.2
2044.8342969417572,0,22.377914428710938,4296.393746594552,96.25561876474114,19,1.2
2045.3348309993744,0,22.481826782226562,4284.007994638857,94.69871023484274,19,1.2
2045.8351697921753,0,22.281692504882812,4277.551132006562,96.3571326338655,19,1.2
2046.3356323242188,0,22.346466064453125,4289.219062579928,95.98833183794038,19,1.2
2046.8362212181091,0,22.277938842773438,4294.624683044784,96.68758026502613,19,1.2
2047.3367352485657,0,22.52239990234375,4293.57313818286,95.81572165297678,19,1.2
2047.8369719982147,0,22.397674560546875,4183.17344927881,93.4025536599689,19,1.2
2048.337597846985,0,22.37017822265625,4261.917715817815,95.0372401524639,19,1.2
2048.83837223053,0,22.445358276367188,4277.086188349596,95.29810010883908,19,1.2
2049.338888645172,0,22.29998779296875,4288.212267665242,96.32292268237342,19,1.2
2049.8391857147217,0,22.453338623046875,4080.2804566416435,91.07776951713284,19,1.2
2050.3397212028503,0,22.4468994140625,4289.471367071605,95.0242597275471,19,1.2
2050.840649843216,0,22.520553588867188,4159.8543371509495,92.98172852354519,19,1.2
2051.3452982902527,0,22.392059326171875,4286.707701159974,95.83754529855821,19,1.2
2051.8549897670746,0,22.941970825195312,4292.140532235562,96.37358607272908,19,1.2
2052.355448246002,0,22.506912231445312,4269.55262149438,95.1263317679234,19,1.2
2052.8563911914825,0,22.47137451171875,4262.7536446825725,94.74275812054725,19,1.2
2053.3563470840454,0,22.422622680664062,4289.511373494644,95.66231526741609,19,1.2
2053.856887102127,0,22.443466186523438,4292.280180666179,95.66258536701443,19,1.2
2054.357582807541,0,22.336471557617188,4285.658374926577,96.12082170014133,19,1.2
2054.8579881191254,0,22.379058837890625,4077.825244164088,90.66511754125433,19,1.2
2055.358638525009,0,22.314208984375,4299.4605912709885,96.62005054759899,19,1.2
2055.8590388298035,0,22.315032958984375,4278.767313510634,96.3027930072933,19,1.2
2056.359461784363,0,22.523574829101562,4275.227144535515,95.05595875632153,19,1.2
2056.859931945801,0,22.562454223632812,4163.278412362046,92.18855268950863,19,1.2
2057.3609557151794,0,22.52984619140625,4290.910354019294,95.42896927632346,19,1.2
2057.8610274791718,0,22.687210083007812,4287.399981066146,94.5466627298768,19,1.2
2058.361413002014,0,22.397216796875,4301.016787189093,95.94942172903563,19,1.2
2058.86200094223,0,22.2635498046875,4269.571098144098,96.25598877088325,19,1.2
2059.362071990967,0,23.401931762695312,51458.323388265846,1103.669571465551,19,1.2
2059.861039161682,0,24.071929931640625,87566.29250449587,1820.0867202762715,19,1.2
2060.361346721649,0,23.976486206054688,87587.8918377272,1828.5414978333545,19,1.2
2060.8620553016663,0,23.956130981445312,87370.86166676966,1777.2485896398,19,1.2
2061.3622555732727,0,23.806427001953125,83315.41493220546,1797.917847835311,19,1.2
2061.8627700805664,0,24.023483276367188,87593.18577363531,1824.7978236830088,19,1.2
2062.362528324127,0,27.858200073242188,98197.38454218853,1764.0407445849983,16,1.7
2062.8630623817444,0,28.608139038085938,100227.05559295176,1753.6967341080388,16,1.7
2063.3635201454163,0,28.506591796875,100234.58269672075,1759.6631809734247,16,1.7
2063.864326477051,0,28.566299438476562,100244.84331178272,1756.3002904192624,16,1.7
2064.3647508621216,0,28.498672485351562,100243.0233484156,1760.5030559156262,16,1.7
2064.865541934967,0,28.572463989257812,100178.14235821347,1754.6614117301506,16,1.7
2065.3656294345856,0,28.507537841796875,100241.00812651475,1759.955569591119,16,1.7
2065.8662531375885,0,28.5140380859375,100226.05742700888,1759.343936092334,16,1.7
2066.36656498909,0,28.611968994140625,100243.3016240234,1753.3221852111392,16,1.7
2066.868875026703,0,26.39697265625,19739.535958487028,373.07308410869206,16,1.7
2067.3704710006714,0,23.171890258789062,4462.642321833444,96.36676054742779,19,1.2
2067.8710281848907,0,22.626983642578125,4312.202151235072,94.84251342992901,19,1.2
2068.3715431690216,0,22.332046508789062,4258.482691100356,96.31898264019136,19,1.2
2068.8719449043274,0,22.540985107421875,4280.834641775398,94.89381186342695,19,1.2
2069.372646331787,0,22.497711181640625,4183.169212058623,92.36495140429054,19,1.2
2069.8730177879333,0,22.408187866210938,4281.139109001395,95.81319171450887,19,1.2
2070.3740849494934,0,22.456008911132812,4297.6267078644105,96.49978358022854,19,1.2
2070.8740196228027,0,22.392913818359375,4311.210726435741,95.34266140253567,19,1.2
2071.374433517456,0,22.43902587890625,4277.435291519816,95.72608060580838,19,1.2
2071.875218153,0,22.403915405273438,4275.106000551784,95.51901805058085,19,1.2
2072.3753786087036,0,22.468582153320312,4296.252060945155,95.82269078255295,19,1.2
2072.8758804798126,0,22.368927001953125,4297.4503348200615,96.11547303150815,19,1.2
2073.3765065670013,0,22.366165161132812,4284.470475658012,95.54610656786208,19,1.2
2073.8772473335266,0,22.425796508789062,4296.1088516794625,96.31764914808971,19,1.2
2074.3774828910828,0,22.288986206054688,4275.721571223783,96.19100573616909,19,1.2
2074.878091812134,0,22.479217529296875,4277.146653367868,95.24352870422034,19,1.2
2075.378393650055,0,22.534225463867188,4283.2711634345815,95.23291596780342,19,1.2
2075.879020214081,0,22.43994140625,4273.899289122653,94.87547054855627,19,1.2
2076.379462480545,0,22.402435302734375,4284.677368028112,95.88243291289949,19,1.2
2076.8806552886963,0,22.316497802734375,4277.708558637061,95.48989356828628,19,1.2
2077.3804936408997,0,22.514724731445312,4083.859116682599,91.27360092170584,19,1.2
2077.8809909820557,0,22.405105590820312,4292.39250175273,95.60320933625091,19,1.2
2078.381497859955,0,22.401046752929688,4180.502976574087,93.83490080547656,19,1.2
2078.8821337223053,0,22.519073486328125,4300.273250238246,95.65224791809244,19,1.2
2079.3826019763947,0,22.406814575195312,4305.423885416517,95.68517616838946,19,1.2
2079.882944583893,0,22.4276123046875,4296.635029296204,95.95314787701318,19,1.2
2080.383437395096,0,22.474258422851562,4266.477020241013,95.0865634715281,19,1.2
2080.883956670761,0,22.376419067382812,4280.2427162614795,95.50232293937582,19,1.2
2081.3844544887543,0,22.621597290039062,4297.225560479484,95.70500138614489,19,1.2
2081.885054588318,0,22.435577392578125,4276.606527142444,94.93849713467243,19,1.2
2082.3854064941406,0,22.419265747070312,4070.227627408446,90.59172690637317,19,1.2
2082.8861842155457,0,22.4007568359375,4297.392213721652,96.20210673162332,19,1.2
2083.387001514435,0,22.342758178710938,4169.202828115873,93.5873710521733,19,1.2
2083.88724732399,0,22.450027465820312,4294.622443629445,95.45645337239216,19,1.2
2084.3877239227295,0,22.26629638671875,4286.263677253735,96.42375915199925,19,1.2
2084.888247489929,0,22.304000854492188,4261.7887300617795,96.12625169749234,19,1.2
2085.388599872589,0,22.345062255859375,4297.449034769335,96.03911483563984,19,1.2
2085.8890244960785,0,22.35235595703125,4271.663462432732,95.7840866580562,19,1.2
2086.389685153961,0,22.37725830078125,4270.704418971526,95.4987412343268,19,1.2
2086.890162229538,0,22.325241088867188,4265.823287118745,95.72125073559214,19,1.2
2087.390472173691,0,22.424758911132812,4284.115770756457,95.51942156830057,19,1.2
2087.890960216522,0,22.399063110351562,4272.456126828105,95.80757862181486,19,1.2
2088.3916862010956,0,22.378372192382812,4259.342508201274,94.91306971482808,19,1.2
2088.8919434547424,0,22.549148559570312,4260.815394825722,94.1055487924124,19,1.2
2089.392526626587,0,22.567169189453125,4251.320375060154,94.9166455933283,19,1.2
2089.893563270569,0,22.763259887695312,22863.13908138731,503.7503440444613,19,1.2
2090.3915548324585,0,23.953643798828125,87620.13454705215,1830.6191896426737,19,1.2
2090.891961812973,0,23.880844116210938,87629.40400170542,1836.409123002067,19,1.2
2091.3925936222076,0,24.03369140625,87592.31353066581,1823.8979297454339,19,1.2
2091.8929710388184,0,23.914596557617188,87607.739370409,1832.8555070705884,19,1.2
2092.393455505371,0,24.003372192382812,87613.20947204076,1827.2849184881936,19,1.2
2092.893646478653,0,23.810302734375,87603.7594209332,1841.5977524172793,19,1.2
2093.394153356552,0,23.972732543945312,87617.61636751173,1828.869525809365,19,1.2
2093.894679069519,0,23.963226318359375,87628.23367081059,1830.5548433765014,19,1.2
2094.3956170082092,0,23.774749755859375,87619.06599123687,1844.5620017174742,19,1.2
2094.89603471756,0,24.047683715820312,87616.46541920594,1823.2525227016179,19,1.2
2095.396380662918,0,23.939010620117188,87613.16989117018,1831.7799635023237,19,1.2
2095.89674448967,0,23.854034423828125,87608.69052047825,1837.676563265609,19,1.2
2096.3975472450256,0,23.890609741210938,87620.20311415935,1836.3281839694193,19,1.2
2096.898027420044,0,23.971908569335938,87624.44342668839,1829.0575351220193,19,1.2
2097.398281097412,0,23.896697998046875,87646.18096195359,1835.6092546169004,19,1.2
2097.900326728821,0,23.359878540039062,65877.76722303634,1409.596370270551,19,1.2
2098.401335954666,0,22.421829223632812,4258.514253966721,94.95211022997243,19,1.2
2098.902104139328,0,22.434967041015625,4258.283412446057,95.20851963343486,19,1.2
2099.4027268886566,0,22.393661499023438,4283.250632337681,95.38413359035317,19,1.2
2099.9028885364532,0,22.537185668945312,4268.100527898705,94.821067341369,19,1.2
2100.4035329818726,0,22.401962280273438,4274.560787063177,95.30415118500683,19,1.2
2100.903935432434,0,22.32794189453125,4253.07598779485,95.35137676623266,19,1.2
2101.404335975647,0,22.271652221679688,4284.716803256061,96.58017189699882,19,1.2
2101.9049186706543,0,22.231536865234375,4272.206651654542,95.58493472050823,19,1.2
2102.4053151607513,0,22.393402099609375,4278.100276067122,96.05507865361474,19,1.2
2102.9066705703735,0,22.348541259765625,4264.767339333635,95.4872166015537,19,1.2
2103.4064152240753,0,22.334197998046875,4284.671940093591,95.54853951713952,19,1.2
2103.90709400177,0,22.304595947265625,4274.426964269568,96.70652654276985,19,1.2
2104.407767057419,0,22.353118896484375,4272.6334698515575,95.19924310583275,19,1.2
2104.9079582691193,0,22.44866943359375,4277.965640552636,95.28404373040709,19,1.2
2105.4085392951965,0,22.331161499023438,4254.106085040172,95.24806849357189,19,1.2
2105.9089403152466,0,22.287460327148438,4275.064889851756,96.24245959451771,19,1.2
2106.40940618515,0,22.288803100585938,4268.860218563732,95.78800576976133,19,1.2
2106.910093307495,0,22.329452514648438,4272.922194370871,96.37495583862871,19,1.2
2107.410361766815,0,22.312545776367188,4267.002733693824,95.50680685917492,19,1.2
2107.9110913276672,0,22.364852905273438,4271.021766519562,95.59642574245942,19,1.2
2108.4114723205566,0,22.392425537109375,4231.061911671877,94.67487104006105,19,1.2
2108.9119696617126,0,22.295455932617188,4277.186360542343,95.66971881833207,19,1.2
2109.4131152629852,0,22.4693603515625,4280.201833963587,95.6858569340845,19,1.2
2109.912945985794,0,22.568817138671875,4263.032235358782,94.42231672605082,19,1.2
2110.4136142730713,0,22.770477294921875,4268.884863068213,93.41042668764567,19,1.2
2110.914274454117,0,22.5794677734375,4270.514835636903,94.64350627936271,19,1.2
2111.414553642273,0,22.732437133789062,4291.649556289957,94.84244858178283,19,1.2
2111.915043592453,0,22.726409912109375,4268.756033880391,94.25157815439526,19,1.2
2112.415551662445,0,22.740203857421875,4267.724927800527,93.71068145919418,19,1.2
2112.916136741638,0,22.658767700195312,4274.9676331035325,94.31227806715984,19,1.2
2113.4164776802063,0,22.59844970703125,4276.3537601910175,94.74101222677467,19,1.2
2113.9171748161316,0,22.553375244140625,4277.272588204894,95.10771566474388,19,1.2
2114.417680978775,0,22.580780029296875,4286.174883775278,94.54943528212918,19,1.2
2114.91796708107,0,22.783126831054688,4275.341127990231,94.45586709664025,19,1.2
2115.4185338020325,0,22.819534301757812,4147.512704806351,90.40500006352386,19,1.2
2115.919486284256,0,22.81024169921875,4206.129392715763,92.80918755334834,19,1.2
2116.419605731964,0,22.71856689453125,4264.667528579361,93.40377893778158,19,1.2
2116.9202575683594,0,22.695556640625,4250.404566780823,94.15940017856951,19,1.2
2117.4204235076904,0,22.783279418945312,4159.8909405728955,91.5144813729594,19,1.2
2117.9210946559906,0,22.86328125,4292.301520498963,93.77481633350419,19,1.2
2118.4215602874756,0,22.84967041015625,4259.52992590373,93.26173908630255,19,1.2
2118.9221036434174,0,22.822021484375,4281.465778262529,94.25107243338076,19,1.2
2119.422560453415,0,22.728836059570312,4037.99774059334,88.6978987712454,19,1.2
2119.9229757785797,0,22.644012451171875,4275.815854933076,94.63870436483069,19,1.2
2120.4233736991882,0,22.566986083984375,4153.635707380478,92.21435207410663,19,1.2
2120.9240362644196,0,22.46820068359375,4254.100945379665,94.08853115432781,19,1.2
2121.4244968891144,0,23.141006469726562,31148.836535333136,678.5357421917499,19,1.2
2121.9230456352234,0,23.924301147460938,87571.68286215478,1831.7358459037325,19,1.2
2122.4236953258514,0,23.866043090820312,87600.98800896737,1837.0452040649964,19,1.2
2122.923904657364,0,23.819961547851562,87573.00283894213,1840.1792929826752,19,1.2
2123.4246740341187,0,24.031463623046875,87594.90608683479,1823.9837859048616,19,1.2
2123.924869775772,0,23.891586303710938,87606.74175892175,1835.3322982655695,19,1.2
2124.425269842148,0,23.893646240234375,87517.76524225771,1833.5836882956319,19,1.2
2124.9259283542633,0,24.149139404296875,87595.04986007897,1814.8886909072069,19,1.2
2125.426417827606,0,24.092987060546875,87560.42178661567,1818.9525395862333,19,1.2
2125.9266691207886,0,23.973648071289062,87583.56818515535,1828.340846151545,19,1.2
2126.427218437195,0,24.239044189453125,87559.47761082313,1808.280873511989,19,1.2
2126.9278230667114,0,23.997512817382812,87582.7426984095,1826.6476335934167,19,1.2
2127.428563117981,0,23.90704345703125,87579.33386930365,1833.3090864529108,19,1.2
2127.9288380146027,0,23.968215942382812,87585.38977983521,1829.547935708415,19,1.2
2128.4293582439423,0,23.962142944335938,87582.21953282272,1828.926573963167,19,1.2
2128.930243253708,0,23.899765014648438,87584.48980599875,1834.1184515049847,19,1.2
2129.4325182437897,0,23.564437866210938,58095.72606456762,1225.3634126109955,19,1.2
2129.9330270290375,0,22.666213989257812,4266.6278276186085,94.41365024675974,19,1.2
2130.433512687683,0,22.62005615234375,4296.296795129863,95.09260213649499,19,1.2
2130.934226036072,0,22.772369384765625,4261.260926229753,93.49049121890097,19,1.2
2131.4344158172607,0,22.785385131835938,4284.462668728281,94.53428096725091,19,1.2
2131.9349114894867,0,22.695404052734375,4251.062689675311,93.36692112096148,19,1.2
2132.4356269836426,0,22.806503295898438,4267.747597815737,93.43826067292143,19,1.2
2132.9359679222107,0,22.750152587890625,4273.084312078072,94.06530315489277,19,1.2
2133.436546564102,0,22.859481811523438,4273.715827415572,94.00913011583192,19,1.2
2133.9370081424713,0,22.859466552734375,4251.237232210761,93.30926402326118,19,1.2
2134.437621831894,0,22.836349487304688,4267.571458732737,93.27235078374159,19,1.2
2134.938089609146,0,22.7767333984375,4251.89163432128,93.1652473109059,19,1.2
2135.4388329982758,0,22.765365600585938,4261.15614003524,94.09029653118634,19,1.2
2135.9391577243805,0,22.61083984375,4278.422114366009,94.7333232556633,19,1.2
2136.4395463466644,0,22.620529174804688,4270.802749172845,94.16225339115618,19,1.2
2136.9399132728577,0,22.605026245117188,4262.424158939185,94.80192487999877,19,1.2
2137.4404714107513,0,22.847366333007812,4085.74809623664,89.11311572303941,19,1.2
2137.9412789344788,0,22.60107421875,4248.474324858119,94.15481668719079,19,1.2
2138.4415049552917,0,22.838165283203125,4192.095368692723,91.55726714780701,19,1.2
2138.942044734955,0,22.681289672851562,4208.712515628455,93.42502258750936,19,1.2
2139.442792415619,0,22.768768310546875,4264.498633739074,93.76879640041979,19,1.2
2139.9430038928986,0,22.6019287109375,4265.48791619419,94.54945316086523,19,1.2
2140.4433646202087,0,22.58636474609375,4272.141859244902,94.08331194011701,19,1.2
2140.944009065628,0,22.6561279296875,4259.603067894982,94.05843781485892,19,1.2
2141.4444749355316,0,22.6226806640625,4270.172603839384,94.28590853905301,19,1.2
2141.945606946945,0,22.637649536132812,4286.088780491044,95.15122126799952,19,1.2
2142.445527791977,0,22.5118408203125,4270.512107404833,94.83897905290728,19,1.2
2142.946184873581,0,22.541397094726562,4263.649512430643,95.02516596458474,19,1.2
2143.446680545807,0,22.642349243164062,4266.168037033284,93.89485062561957,19,1.2
2143.9471485614777,0,22.5452880859375,4255.186592453996,94.74263499574965,19,1.2
2144.4476981163025,0,22.752792358398438,4278.493401077948,93.61488323932167,19,1.2
2144.947982788086,0,22.695999145507812,4254.890085775188,94.55411001038722,19,1.2
2145.448618888855,0,22.440826416015625,4253.371853199367,94.24786595606665,19,1.2
2145.9491271972656,0,22.638534545898438,4257.07158699124,94.74994928011463,19,1.2
2146.4495720863342,0,22.498001098632812,4275.217925791521,94.98621635901084,19,1.2
2146.9502522945404,0,22.565933227539062,4081.1550930167905,90.4903856361668,19,1.2
2147.4506821632385,0,22.620559692382812,4291.0767304686515,94.51578692458014,19,1.2
2147.9509239196777,0,22.479324340820312,4267.553910533,95.68792937846396,19,1.2
2148.452204465866,0,22.539306640625,4271.322632914029,94.54594295988996,19,1.2
2148.952155828476,0,22.4619140625,4147.7632735103,92.2450328246598,19,1.2
2149.452950000763,0,22.675445556640625,4282.734659504294,94.90441961215511,19,1.2
2149.953258037567,0,22.558837890625,4269.580148563525,94.68572850943171,19,1.2
2150.453699827194,0,22.532623291015625,4269.242820838862,95.0177869814952,19,1.2
2150.954253911972,0,22.660919189453125,4086.4905121727847,90.19934199983031,19,1.2
2151.4548139572144,0,22.5535888671875,4280.771833118584,95.01813714081587,19,1.2
2151.9551751613617,0,22.580780029296875,4128.444104464449,91.31659744812664,19,1.2
2152.455774307251,0,22.541458129882812,4248.486207341175,94.18201731970375,19,1.2
2152.9561474323273,0,22.7313232421875,26315.659443349934,581.5763499181054,19,1.2
2153.4546575546265,0,24.000839233398438,87564.44435506778,1826.4361330748754,19,1.2
2153.9551060199738,0,23.724472045898438,87542.56511793341,1846.9957904743162,19,1.2
2154.4556374549866,0,23.736953735351562,87600.9149799382,1847.0356596223382,19,1.2
2154.95672082901,0,23.785018920898438,87581.37964463454,1842.8406614168177,19,1.2
2155.456746339798,0,23.776290893554688,87581.93047102445,1843.6012663305103,19,1.2
2155.95698428154,0,23.916946411132812,87567.88348335109,1832.6336166224646,19,1.2
2156.457375526428,0,23.769256591796875,87595.98207106805,1844.104792706366,19,1.2
2156.95805811882,0,24.03387451171875,87587.7972499778,1823.6759944231546,19,1.2
2157.458561182022,0,23.919906616210938,87609.93282446824,1833.7446171413262,19,1.2
2157.958913564682,0,23.923263549804688,87611.35057748827,1832.3168955916917,19,1.2
2158.4594655036926,0,23.823028564453125,87579.16035940165,1840.3621471293168,19,1.2
2158.9598639011383,0,23.939849853515625,87595.42614799572,1830.9220930039862,19,1.2
2159.460766553879,0,24.008880615234375,87586.31500378354,1826.0743056959057,19,1.2
2159.9611048698425,0,23.930862426757812,87593.33927857774,1831.818645657523,19,1.2
2160.461423635483,0,23.792572021484375,87614.56840909061,1843.3904480943006,19,1.2
2160.963543176651,0,23.531417846679688,62960.01407139692,1325.9719496418973,19,1.2
2161.4650263786316,0,22.632720947265625,4266.26699793494,94.42081687744141,19,1.2
2161.965153694153,0,22.772689819335938,4296.539765901879,94.85045539793799,19,1.2
2162.4658284187317,0,22.567276000976562,4312.263003197755,96.06830704362295,19,1.2
2162.9662160873413,0,22.580963134765625,4270.901135899165,94.10581768889885,19,1.2
2163.466722011566,0,22.544403076171875,4281.185317048875,94.7907111481113,19,1.2
2163.9672553539276,0,22.584518432617188,4271.485129196955,95.24223447215356,19,1.2
2164.467744588852,0,22.573028564453125,4131.724025991924,91.65805971016923,19,1.2
2164.9680948257446,0,22.552230834960938,4276.8799253290745,94.9351758443771,19,1.2
2165.4684953689575,0,22.52581787109375,4305.128782713667,95.09088692174507,19,1.2
2165.96896982193,0,22.361740112304688,4277.948647985669,96.41467923212502,19,1.2
2166.469715118408,0,22.395889282226562,4282.370850226042,95.5532496625758,19,1.2
2166.970133781433,0,22.575302124023438,4270.457959229985,94.21800817170724,19,1.2
2167.4705486297607,0,22.493499755859375,4282.0259346584435,95.62762679647848,19,1.2
2167.9714584350586,0,22.425186157226562,4259.559863839641,94.84871095772687,19,1.2
2168.4716415405273,0,22.606964111328125,4285.126261062155,95.36884251165993,19,1.2
2168.9722378253937,0,22.44195556640625,4270.496824642446,95.04519308437294,19,1.2
2169.4729630947113,0,22.558914184570312,4293.290221497357,95.04003528088413,19,1.2
2169.9731986522675,0,22.361404418945312,4277.575221562001,95.92420761294787,19,1.2
2170.473815202713,0,22.429168701171875,4288.9325025301205,95.81273513216384,19,1.2
2170.97416639328,0,22.43603515625,4249.837959443391,94.93656009924047,19,1.2
2171.4748203754425,0,22.453689575195312,4286.344314264849,94.86191535991573,19,1.2
2171.9752757549286,0,22.48638916015625,4293.894746290778,95.47998056550051,19,1.2
2172.4755239486694,0,22.38568115234375,4271.554536830673,95.73083728906909,19,1.2
2172.976142168045,0,22.397506713867188,4283.254002744107,95.72494061013337,19,1.2
2173.4767968654633,0,22.308273315429688,4287.579929208752,96.51127945034011,19,1.2
2173.9776072502136,0,22.341537475585938,4289.885615511588,96.32282479894822,19,1.2
2174.4784545898438,0,22.478485107421875,4291.165150823816,94.97971014492754,19,1.2
2174.978341817856,0,22.631790161132812,4285.733353356672,94.64562832853626,19,1.2
2175.478574514389,0,22.57171630859375,4264.226654059813,94.45449211092033,19,1.2
2175.9791507720947,0,22.598159790039062,4286.3212123551475,95.53875271523903,19,1.2
2176.479801416397,0,22.511245727539062,4260.929375793608,94.61937494619727,19,1.2
2176.980140209198,0,22.546096801757812,4273.451136068177,94.69488305548055,19,1.2
2177.4808118343353,0,22.565704345703125,4288.876206495732,95.32164239356372,19,1.2
2177.981036901474,0,22.669540405273438,4273.513873651535,94.5762446732823,19,1.2
2178.4816448688507,0,22.596664428710938,4286.566765546986,94.48297144632132,19,1.2
2178.98216176033,0,22.674484252929688,4297.180898445395,95.39356996490567,19,1.2
2179.4828634262085,0,22.574615478515625,4275.737460166595,94.57525431748284,19,1.2
2179.983161687851,0,22.485214233398438,4272.7092784334,94.95128566881856,19,1.2
2180.483515024185,0,22.463607788085938,4271.026544279862,94.95358092618065,19,1.2
2180.9846897125244,0,22.53594970703125,4272.887906286255,95.35875026067833,19,1.2
2181.4847934246063,0,22.687026977539062,4264.550165279087,93.70994278381266,19,1.2
2181.9852368831635,0,22.542098999023438,4279.295264459432,95.19965288471887,19,1.2
2182.485842704773,0,22.599624633789062,4275.319557528905,94.69183823524448,19,1.2
2182.9860949516296,0,22.458999633789062,4284.003697703292,95.50737054080074,19,1.2
2183.486804485321,0,22.372207641601562,4291.171316282231,96.19077537964172,19,1.2
2183.987119436264,0,22.408279418945312,4272.564806507616,95.05415209162241,19,1.2
2184.487204313278,0,23.121658325195312,47284.0216730387,1028.2999456873586,19,1.2
2184.9863500595093,0,23.897674560546875,87579.88826812981,1834.4881167800438,19,1.2
2185.4863817691803,0,23.7313232421875,86175.35646781854,1817.0499621927195,19,1.2
2185.986836194992,0,23.56085205078125,83017.17650661935,1764.0703277800949,19,1.2
2186.4875228405,0,23.6962890625,85135.5731669041,1797.707644755821,19,1.2
2186.987776517868,0,23.926620483398438,87603.21718572313,1832.5195583063094,19,1.2
2187.4889554977417,0,24.056198120117188,87588.5863314837,1822.731912210673,19,1.2
2187.9889595508575,0,23.938201904296875,86261.2107464735,1758.9875868012396,19,1.2
2188.489340543747,0,23.767578125,84365.60825486048,1820.3789958090229,19,1.2
2188.9898431301117,0,24.058242797851562,87578.29482197498,1821.87038215086,19,1.2
2189.4904301166534,0,23.846099853515625,87604.14740478179,1838.6235178637016,19,1.2
2189.991017103195,0,23.9676513671875,87566.513543025,1828.3393449218968,19,1.2
2190.4912774562836,0,23.861221313476562,87582.27712367398,1837.2487905822406,19,1.2
2190.9917039871216,0,23.851760864257812,87563.75808951954,1837.3486238356036,19,1.2
2191.492537021637,0,23.953948974609375,87605.95452665715,1829.7609319640271,19,1.2
2191.9930095672607,0,23.707260131835938,87586.06209807654,1849.770903770985,19,1.2
2192.49516248703,0,23.315567016601562,54086.477717732996,1158.4963805841458,19,1.2
2192.9960064888,0,22.521469116210938,4285.40141495145,95.02044422402398,19,1.2
2193.4965074062347,0,22.452316284179688,4262.4989633532805,95.13495057545865,19,1.2
2193.9973073005676,0,22.553253173828125,4301.643864406661,95.10823043875376,19,1.2
2194.497593164444,0,22.269668579101562,4272.028359378691,96.13973339545656,19,1.2
2194.9982030391693,0,22.562393188476562,4286.288127898,94.75945136404921,19,1.2
2195.4985353946686,0,22.618377685546875,4293.057935966941,94.83438776294965,19,1.2
2195.99915933609,0,22.5360107421875,4259.414764212603,94.82601088752268,19,1.2
2196.4995522499084,0,22.625869750976562,4279.1160819877705,95.11236578682757,19,1.2
2196.9999628067017,0,22.457046508789062,4267.07526514302,95.20397079657141,19,1.2
2197.5006263256073,0,22.411270141601562,4270.642930620187,95.21994900408171,19,1.2
2198.001076221466,0,22.428390502929688,4261.9089697587215,94.74598722197314,19,1.2
2198.501363515854,0,22.477218627929688,4279.937942576454,95.38546719191999,19,1.2
2199.0020780563354,0,22.405105590820312,4277.772304158314,95.64784202034814,19,1.2
2199.5028579235077,0,22.380523681640625,4250.620751893558,94.85926380451754,19,1.2
2200.003009080887,0,22.38677978515625,4280.544199790324,95.8601469525744,19,1.2
2200.5041151046753,0,22.409805297851562,4280.310463759494,96.11863964773067,19,1.2
2201.0041007995605,0,22.401382446289062,4269.715448777883,95.03877741048446,19,1.2
2201.5046169757843,0,22.544204711914062,4267.738650772538,94.52540141608182,19,1.2
2202.0051445961,0,22.458709716796875,4282.740025464399,95.82028652298393,19,1.2
2202.505627155304,0,22.574676513671875,4284.530339962386,94.97367542350084,19,1.2
2203.005965232849,0,22.435211181640625,4284.515325436844,95.87607545055002,19,1.2
2203.506579399109,0,22.496353149414062,4282.150960579071,94.90427118653265,19,1.2
2204.0072662830353,0,22.62225341796875,4277.844824361128,94.37609775444295,19,1.2
2204.507574558258,0,22.496200561523438,4273.488578881281,95.26053051221893,19,1.2
2205.0081164836884,0,22.563079833984375,4286.489389919222,95.24408971700703,19,1.2
2205.508488893509,0,22.675735473632812,4270.410916634819,94.37400619214213,19,1.2
2206.0090186595917,0,22.62255859375,4284.634729007709,94.50743562625456,19,1.2
2206.5096390247345,0,22.6053466796875,4278.277573176527,94.62363175885476,19,1.2
2207.010687351227,0,22.62530517578125,4282.805769787816,94.98214425414022,19,1.2
2207.5105690956116,0,22.764617919921875,4278.95074347504,94.0055311944082,19,1.2
2208.0113162994385,0,22.46917724609375,4270.895490258412,95.15257174677768,19,1.2
2208.5115401744843,0,22.500518798828125,4272.889144449422,95.42002205352796,19,1.2
2209.01211977005,0,22.58221435546875,4290.879829127032,94.80912572603903,19,1.2
2209.512684106827,0,22.539749145507812,4278.883802019394,95.12084567397685,19,1.2
2210.0130500793457,0,22.4710693359375,4293.1683527760615,95.81208476611094,19,1.2
2210.513331890106,0,22.551177978515625,4291.90596466903,94.49617230772562,19,1.2
2211.0139787197113,0,22.465728759765625,4278.780453605557,95.25620214166271,19,1.2
2211.514390707016,0,22.59136962890625,4283.50376654646,95.52320357056982,19,1.2
2212.014872074127,0,22.5728759765625,4253.2269322553,94.05093095821368,19,1.2
2212.515529870987,0,22.595199584960938,4291.148130152389,94.9316686464537,19,1.2
2213.0159590244293,0,22.721694946289062,4279.749154458366,94.40316864875102,19,1.2
2213.5170743465424,0,22.630401611328125,4271.119850091468,94.69562391359754,19,1.2
2214.0171184539795,0,22.433486938476562,4292.253899949592,95.17022502365323,19,1.2
2214.5176446437836,0,22.408599853515625,4256.254304715084,95.27592147463179,19,1.2
2215.018089532852,0,22.76318359375,4273.582790724492,94.05538514339646,19,1.2
2215.5184619426727,0,22.463760375976562,4281.850186940447,95.30906509711755,19,1.2
2216.0179505348206,0,23.603042602539062,61779.65975869753,1317.7962063523976,19,1.2
2216.517341852188,0,23.948455810546875,87600.74152002326,1831.26629737379,19,1.2
2217.0180263519287,0,23.98602294921875,87607.44024094084,1827.6477135375978,19,1.2
2217.5182757377625,0,23.940536499023438,87604.29092050249,1831.6214426434717,19,1.2
2218.018654823303,0,23.816680908203125,87603.34353639983,1840.348794567063,19,1.2
2218.5190482139587,0,23.932327270507812,87587.7350221837,1831.6647396853793,19,1.2
2219.019558429718,0,23.891098022460938,87629.4760889542,1836.2487968847697,19,1.2
2219.520233631134,0,23.824676513671875,87597.35067516062,1840.2768228496184,19,1.2
2220.021255970001,0,24.170303344726562,87606.7053265287,1813.7960196335284,19,1.2
2220.521260738373,0,23.967437744140625,87617.33629129996,1829.4821694371408,19,1.2
2221.0216875076294,0,23.983673095703125,87583.14385655447,1828.0352565285273,19,1.2
2221.522087097168,0,24.09869384765625,87602.18253069688,1818.812267464979,19,1.2
2222.022438287735,0,24.116378784179688,87605.54042187429,1818.390745660684,19,1.2
2222.5231261253357,0,24.20269775390625,87593.99540633518,1811.0377795766851,19,1.2
2223.0233702659607,0,24.00164794921875,87600.37064836842,1827.0828775083091,19,1.2
2223.5240325927734,0,23.94097900390625,87607.07027098614,1830.9610477018425,19,1.2
2224.0268137454987,0,22.887344360351562,26948.89278396294,587.5299374310391,19,1.2
2224.5273764133453,0,22.613265991210938,4055.4371174444595,90.03564548311283,19,1.2
2225.0277302265167,0,22.702468872070312,4272.6928194857555,94.21882756687765,19,1.2
2225.52818107605,0,22.612777709960938,4316.015996948565,94.85787316854606,19,1.2
2226.0286026000977,0,22.701370239257812,4267.424422337879,94.3555379003426,19,1.2
2226.5298414230347,0,22.627395629882812,4268.123850791082,94.13367914012255,19,1.2
2227.0297915935516,0,22.50897216796875,4278.610653901508,95.73960036552265,19,1.2
2227.530221939087,0,22.637863159179688,4283.653179417808,94.17850019715623,19,1.2
2228.0307519435883,0,22.623123168945312,4287.1947411265755,95.3449258040953,19,1.2
2228.531135559082,0,22.765670776367188,4263.730543903093,93.34229686770051,19,1.2
2229.0318875312805,0,22.60968017578125,4269.343243215549,94.87086873071534,19,1.2
2229.5322439670563,0,22.763290405273438,4300.731897834728,93.70350076919725,19,1.2
2230.0327405929565,0,22.869644165039062,4298.551233890697,94.88560400591146,19,1.2
2230.5333087444305,0,22.887176513671875,4295.871261174988,93.63321852828192,19,1.2
2231.033650159836,0,22.952835083007812,4283.551525442623,93.5396430216781,19,1.2
2231.534162759781,0,22.67730712890625,4293.365836547989,94.67614420864228,19,1.2
2232.0347051620483,0,22.54412841796875,4283.429391591502,95.32415537019138,19,1.2
2232.5352289676666,0,22.585189819335938,4267.811480043907,94.30959035714793,19,1.2
2233.0361847877502,0,22.564224243164062,4256.683703414969,94.26426439829345,19,1.2
2233.536408185959,0,22.564224243164062,4284.331133387176,95.37221296903031,19,1.2
2234.036738872528,0,22.543228149414062,4283.669990781391,94.75129231017068,19,1.2
2234.53755569458,0,22.459335327148438,4297.024079892242,96.26286657675989,19,1.2
2235.0378432273865,0,22.463226318359375,4281.429428135439,95.4003654518901,19,1.2
2235.5382771492004,0,22.521652221679688,4282.629366516174,94.57565453167017,19,1.2
2236.038776397705,0,22.5601806640625,4298.66591755626,95.65526234626353,19,1.2
2236.539166688919,0,22.618972778320312,4276.566676429768,94.61083935920969,19,1.2
2237.039859056473,0,22.646209716796875,4272.202856084298,94.36457697444045,19,1.2
2237.540182352066,0,22.562698364257812,4268.203796871659,94.31496027846664,19,1.2
2238.0407848358154,0,22.477432250976562,4295.486735396881,96.00740760351943,19,1.2
2238.5410702228546,0,22.47637939453125,4274.057720107509,95.34453758693073,19,1.2
2239.0418248176575,0,22.340377807617188,4272.522661342697,95.88020482221489,19,1.2
2239.5428841114044,0,22.403793334960938,4274.894555670146,95.20709141123307,19,1.2
2240.04278588295,0,22.385482788085938,4284.588868065379,96.22307548115101,19,1.2
2240.5432274341583,0,22.459686279296875,4143.877766658589,91.80894044369319,19,1.2
2241.043819665909,0,22.431243896484375,4297.512506241492,96.2496779029886,19,1.2
2241.5444481372833,0,22.413711547851562,4297.94349123413,96.14650368812143,19,1.2
2242.044785261154,0,22.484848022460938,4270.80250027569,94.46361380242635,19,1.2
2242.54535984993,0,22.4620361328125,4051.0084159183684,90.86442510964137,19,1.2
2243.045690536499,0,22.6143798828125,4288.023500558834,94.71849376811673,19,1.2
2243.546326637268,0,22.590499877929688,4183.814350297359,92.25116802466209,19,1.2
2244.046938896179,0,22.573654174804688,4284.767577695032,95.50956984210352,19,1.2
2244.547290086746,0,22.299713134765625,4265.617547789962,95.83082917189554,19,1.2
2245.0476791858673,0,22.394622802734375,4294.247414523784,95.87122850481109,19,1.2
2245.548187971115,0,22.406570434570312,4042.796112524456,90.41990633578423,19,1.2
2246.049158811569,0,22.512786865234375,4309.868691978575,95.81221609355578,19,1.2
2246.549331188202,0,22.4228515625,4299.055303129422,95.75053351334873,19,1.2
2247.0498785972595,0,22.402847290039062,4285.360487905142,95.43429780689596,19,1.2
2247.5486505031586,0,23.39599609375,73667.91955488472,1585.6986747365127,19,1.2
2248.0487649440765,0,23.913619995117188,87568.30287753796,1832.177646418492,19,1.2
2248.5489931106567,0,23.796173095703125,87546.35449015797,1841.5986395691968,19,1.2
2249.0497148036957,0,23.85888671875,87600.27015621612,1837.34473937335,19,1.2
2249.550323486328,0,23.6971435546875,87530.8276718096,1848.5350311909215,19,1.2
2250.05068898201,0,23.820144653320312,87609.89896458741,1841.2566606259652,19,1.2
2250.5509765148163,0,23.689498901367188,87606.61460884429,1850.5667925913758,19,1.2
2251.0514752864838,0,23.757766723632812,87608.26177844532,1845.7963877715256,19,1.2
2251.551970243454,0,23.883026123046875,87596.0855536258,1835.7388956540963,19,1.2
2252.052548646927,0,23.80377197265625,87601.29381934954,1841.8509491001305,19,1.2
2252.553467988968,0,23.754104614257812,87582.49313326331,1845.238989715105,19,1.2
2253.053444623947,0,23.674697875976562,87597.59658080236,1851.850453580141,19,1.2
2253.553824186325,0,23.771270751953125,87594.55006883362,1844.0326752997996,19,1.2
2254.0545377731323,0,23.771133422851562,87600.42296015401,1844.1695320197834,19,1.2
2254.555071115494,0,23.84405517578125,87597.21897796351,1839.074757910311,19,1.2
2255.055519580841,0,23.741531372070312,87597.85864651982,1846.21620707939,19,1.2
2255.5580246448517,0,22.721084594726562,14865.96540905777,325.9527497080351,19,1.2
2256.0586228370667,0,22.6724853515625,4292.397200747131,94.96091701528539,19,1.2
2256.5589265823364,0,22.574676513671875,4281.093220018438,95.10656769321655,19,1.2
2257.059485435486,0,22.564361572265625,4284.081042064471,94.92845579255304,19,1.2
2257.559854745865,0,22.558517456054688,4292.829482965444,94.86439009872193,19,1.2
2258.0604915618896,0,22.389877319335938,4305.025748608128,96.51683076145115,19,1.2
2258.561208963394,0,22.470046997070312,4284.866713225319,95.68293294092003,19,1.2
2259.06196808815,0,22.385543823242188,4287.7267826914585,95.82076794457483,19,1.2
2259.562186717987,0,22.44873046875,4123.747032918631,91.27464926590538,19,1.2
2260.0625298023224,0,22.372116088867188,4251.046975274741,95.47599304041321,19,1.2
2260.563045024872,0,22.344467163085938,4209.281494926078,94.47528932296343,19,1.2
2261.0635714530945,0,22.349960327148438,4285.6816123220915,95.43641101720662,19,1.2
2261.564131975174,0,22.42633056640625,4293.862863392126,95.95863191384552,19,1.2
2262.0645303726196,0,22.25433349609375,4320.342623331182,97.5090986382897,19,1.2
2262.5650448799133,0,22.501358032226562,4295.120805982628,95.23869612361993,19,1.2
2263.0656518936157,0,22.383743286132812,4310.962413506821,96.632630760201,19,1.2
2263.566256761551,0,22.487823486328125,4287.803587021081,95.42942211836103,19,1.2
2264.0665440559387,0,22.356735229492188,4296.263042545136,96.25734607086818,19,1.2
2264.566976547241,0,22.431060791015625,4282.301244060535,95.53716696529759,19,1.2
2265.0674958229065,0,22.447250366210938,4281.464440758143,94.97822518205727,19,1.2
2265.5684740543365,0,22.465530395507812,4298.577593128429,96.41437178946424,19,1.2
2266.0685510635376,0,22.415252685546875,4303.029890901202,96.05066827501045,19,1.2
2266.569274663925,0,22.410980224609375,4286.11898390101,95.48890671234798,19,1.2
2267.0697979927063,0,22.554931640625,4306.800324998939,95.36716999512907,19,1.2
2267.5702686309814,0,22.376235961914062,4305.048039559853,96.4862903517272,19,1.2
2268.0705728530884,0,22.468368530273438,4278.307010806269,95.6010667666336,19,1.2
2268.5712645053864,0,22.37567138671875,4280.476269086917,95.01390877870612,19,1.2
2269.0717368125916,0,22.50189208984375,4080.483453478354,90.88124642296248,19,1.2
2269.5722398757935,0,22.706161499023438,4302.714387187878,94.86411871476562,19,1.2
2270.0727813243866,0,22.387741088867188,4195.9382934029645,94.42667715374083,19,1.2
2270.5730555057526,0,22.358917236328125,4311.681907810901,95.93487812168587,19,1.2
2271.073580265045,0,22.416122436523438,4301.218713104806,96.58227046763821,19,1.2
2271.574171066284,0,22.356948852539062,4297.972809268424,96.2564263215908,19,1.2
2272.075043439865,0,22.488662719726562,4090.4593713236845,90.53450733707102,19,1.2
2272.575175046921,0,22.391708374023438,4292.471384057014,95.74972861325975,19,1.2
2273.0757043361664,0,22.31719970703125,4295.424488255347,96.78633647390228,19,1.2
2273.5761365890503,0,22.551544189453125,4314.89934510244,95.60320933625091,19,1.2
2274.0765290260315,0,22.560272216796875,4127.610573554837,91.48825777302825,19,1.2
2274.57710647583,0,22.573638916015625,4282.903351148849,95.06663980867738,19,1.2
2275.077556371689,0,22.474380493164062,4306.119954587812,95.7534736343262,19,1.2
2275.578058719635,0,22.459152221679688,4292.594283044759,96.08555027811313,19,1.2
2276.078376054764,0,22.491439819335938,4002.8775981452545,88.83379703785417,19,1.2
2276.577345609665,0,26.637725830078125,4504.951310673723,84.5792923304291,19,1.2
2277.077871799469,0,27.519271850585938,4470.785598129144,81.36116435625557,19,1.2
2277.580027103424,0,23.394485473632812,4363.298518364422,93.65454959329655,19,1.2
2278.080375432968,0,22.41375732421875,4309.688725686579,95.52169094320406,19,1.2
2278.581293106079,0,22.511001586914062,12767.556035473901,286.21560773845795,19,1.2
2279.079545021057,0,23.880752563476562,87504.3236197052,1834.0293038748307,19,1.2
2279.579990386963,0,23.97509765625,87587.28178533647,1827.6880715260381,19,1.2
2280.08047413826,0,23.888900756835938,87576.03327971192,1834.9525767717203,19,1.2
2280.5808436870575,0,24.095703125,87593.34787089263,1819.079516900381,19,1.2
2281.0814352035522,0,23.925125122070312,87568.09844080317,1832.5504997904918,19,1.2
2281.581838607788,0,24.1505126953125,87547.55179019486,1813.7503146466101,19,1.2
2282.0821788311005,0,24.156600952148438,87598.3355684041,1814.949052097526,19,1.2
2282.5826478004456,0,23.959442138671875,87532.10199477538,1829.049263599808,19,1.2
2283.082980632782,0,24.118316650390625,87603.86376323042,1817.6641693312363,19,1.2
2283.583568096161,0,24.101150512695312,87580.8378950556,1818.3779225359024,19,1.2
2284.0840768814087,0,24.11212158203125,87585.14358862647,1818.0067585868226,19,1.2
2284.585009098053,0,24.270278930664062,87592.23479106915,1806.6129410899316,19,1.2
2285.0857911109924,0,24.150680541992188,87557.02272985553,1814.2759962318487,19,1.2
2285.585659265518,0,24.227981567382812,87596.79150229189,1809.3954660679365,19,1.2
2286.0860641002655,0,24.224639892578125,87585.33510574528,1809.3561016537058,19,1.2
2286.5884795188904,0,23.999725341796875,76974.7341055623,1591.893217772115,19,1.2
2287.0893120765686,0,22.591278076171875,4291.330545982822,95.21373659105922,19,1.2
2287.589911222458,0,22.601272583007812,4277.34040207806,95.08314154025426,19,1.2
2288.0902564525604,0,22.669647216796875,4290.481143396873,94.92869383540713,19,1.2
2288.5908830165863,0,22.732284545898438,4266.584901590056,93.87529861731541,19,1.2
2289.0912392139435,0,22.655426025390625,4279.2155177095265,94.23791005330204,19,1.2
2289.5918719768524,0,22.726409912109375,4301.5561457144495,94.77959820007815,19,1.2
2290.0923109054565,0,22.565078735351562,4265.179886136721,94.74817371899988,19,1.2
2290.592766523361,0,22.54095458984375,4285.068599225155,94.89394033754749,19,1.2
2291.09326672554,0,22.378494262695312,4282.630734347941,95.94032443813808,19,1.2
2291.5943264961243,0,22.587112426757812,4288.175750628925,95.23129647381658,19,1.2
2292.0943791866302,0,22.423797607421875,4267.441966127283,94.80998879941424,19,1.2
2292.5949342250824,0,22.58721923828125,4268.231522749413,95.14230048990864,19,1.2
2293.095293521881,0,22.511810302734375,4289.428107801267,95.23889776823418,19,1.2
2293.595824241638,0,22.17425537109375,4280.765006925759,96.73380071180254,19,1.2
2294.0964291095734,0,22.309967041015625,4270.277025606223,95.83160728428719,19,1.2
2294.5967226028442,0,22.379638671875,4284.198381341547,95.71200104726891,19,1.2
2295.0972328186035,0,22.629257202148438,4282.918947732286,94.39107881089471,19,1.2
2295.597718000412,0,22.46636962890625,4291.731282838366,95.96566047885158,19,1.2
2296.0983369350433,0,22.504669189453125,4284.501761495312,94.60259033702044,19,1.2
2296.5987610816956,0,22.229873657226562,4276.447079272831,96.76168354203604,19,1.2
2297.099233865738,0,22.24005126953125,4292.312499719316,96.53754723764412,19,1.2
2297.5997619628906,0,22.390838623046875,4277.944802607091,95.35149781314783,19,1.2
2298.100786447525,0,22.48785400390625,4300.733859678329,96.36313005338711,19,1.2
2298.600886821747,0,22.42474365234375,4278.72127575711,94.5830210093983,19,1.2
2299.101396083832,0,22.340621948242188,4281.019785430217,96.01344156709001,19,1.2
2299.6019780635834,0,22.3692626953125,4297.3506374302315,96.15873483620648,19,1.2
2300.1024527549744,0,22.4027099609375,4270.706199475044,95.39024536434125,19,1.2
2300.603089094162,0,22.420211791992188,4260.849148713602,95.13737068094255,19,1.2
2301.103380203247,0,22.289459228515625,4291.410427994537,96.3684214129338,19,1.2
2301.6038122177124,0,22.33319091796875,4254.981214472022,95.77673015274372,19,1.2
2302.104437351227,0,22.533248901367188,4301.461335506827,95.19266437738828,19,1.2
2302.604756116867,0,22.6007080078125,4259.302860996815,94.51031353803775,19,1.2
2303.10528588295,0,22.715087890625,4277.143693077002,94.2545329478402,19,1.2
2303.606078863144,0,22.630569458007812,4269.215546971295,94.82748562655543,19,1.2
2304.106413602829,0,22.5067138671875,4288.091969232549,94.54956474576271,19,1.2
2304.607642173767,0,22.518234252929688,4286.579428251678,96.14430579601628,19,1.2
2305.107349395752,0,22.3814697265625,4282.801762781289,95.34673218834027,19,1.2
2305.6078991889954,0,22.356063842773438,4284.338970059044,95.90239207932144,19,1.2
2306.108474254608,0,22.349441528320312,4285.638046287772,96.15452794544659,19,1.2
2306.60892534256,0,22.392990112304688,4284.911535256385,95.61027755840188,19,1.2
2307.109594106674,0,22.407272338867188,4266.51708642772,95.05842423780187,19,1.2
2307.6100034713745,0,22.351577758789062,4291.319858434722,95.83216107228606,19,1.2
2308.1106345653534,0,22.42901611328125,4282.992665448179,96.57133371612373,19,1.2
2308.610992908478,0,22.515609741210938,4282.220491580837,94.95634471256446,19,1.2
2309.1114189624786,0,22.315750122070312,4284.395887179619,95.9860183181366,19,1.2
2309.6122183799744,0,22.4263916015625,4303.79405881507,96.31509332288248,19,1.2
2310.1121792793274,0,23.104965209960938,38683.0615939282,838.6076249812609,19,1.2
2310.6108634471893,0,24.068817138671875,87583.38685912502,1820.6960378451781,19,1.2
2311.1117627620697,0,24.082412719726562,87584.39473359128,1820.830849065271,19,1.2
2311.6117825508118,0,23.888748168945312,87596.27141556097,1835.2154616871906,19,1.2
2312.11257147789,0,23.907821655273438,87589.80652671137,1833.500376239052,19,1.2
2312.61301779747,0,23.951416015625,87592.70916155388,1830.2884460526986,19,1.2
2313.1131660938263,0,24.093170166015625,87579.80509336064,1818.9387157450744,19,1.2
2313.61380982399,0,24.0931396484375,87573.42474180713,1819.5220979779197,19,1.2
2314.1142551898956,0,24.20831298828125,87600.19076029831,1811.2373225356694,19,1.2
2314.6149809360504,0,23.925186157226562,87580.23754598721,1832.1696521788488,19,1.2
2315.1156420707703,0,23.929489135742188,87598.23553362601,1832.3416664381732,19,1.2
2315.6158277988434,0,24.09051513671875,87583.08524270204,1819.3467325734293,19,1.2
2316.116507291794,0,24.011062622070312,87601.48881059382,1825.6584762603195,19,1.2
2316.616796731949,0,23.925704956054688,87591.90034133442,1832.422496245205,19,1.2
2317.117167234421,0,24.01397705078125,87571.76255029606,1825.1870528282225,19,1.2
2317.6184706687927,0,23.998184204101562,87604.54398240565,1827.0132284636097,19,1.2
2318.1204450130463,0,23.401779174804688,50837.11182556162,1077.524910035412,19,1.2
2318.62100815773,0,22.352493286132812,4294.908616786202,96.76772842794661,19,1.2
2319.121478319168,0,22.571853637695312,4268.402012920365,94.32100855219707,19,1.2
2319.62219953537,0,22.58453369140625,4284.427285739109,95.10933585568543,19,1.2
2320.122332572937,0,22.452133178710938,4296.331188779399,95.49204001840396,19,1.2
2320.622837781906,0,22.519775390625,4268.393189691109,95.42723951388211,19,1.2
2321.1234061717987,0,22.54248046875,4274.831003894438,94.71007429549245,19,1.2
2321.624053001404,0,22.615005493164062,4271.701228582819,94.18525238226648,19,1.2
2322.1244683265686,0,22.51702880859375,4281.2926045954,95.52770120270303,19,1.2
2322.624804496765,0,22.525054931640625,4302.471833855203,95.22729274177924,19,1.2
2323.1253328323364,0,22.484237670898438,4283.062106140859,95.53359253003168,19,1.2
2323.6261074543,0,22.430816650390625,4276.512339881442,95.35988070959289,19,1.2
2324.126837491989,0,22.5679931640625,4286.430596693828,95.0461117391563,19,1.2
2324.62691450119,0,22.508438110351562,4309.105791294258,95.96401089272483,19,1.2
2325.127485513687,0,22.383331298828125,4282.2424209040855,95.7855634345299,19,1.2
2325.6279425621033,0,22.578384399414062,4272.175153715811,94.78091798523617,19,1.2
2326.1285359859467,0,22.449539184570312,4293.09931186387,95.23580784542156,19,1.2
2326.628844976425,0,22.385284423828125,4280.937820936114,95.86655051457286,19,1.2
2327.1294038295746,0,22.424758911132812,4277.277082212982,95.96535724322261,19,1.2
2327.629903078079,0,22.284378051757812,4278.327796155533,96.25577142058943,19,1.2
2328.1304156780243,0,22.3118896484375,4267.835350875412,95.509615437222,19,1.2
2328.6309716701508,0,22.259933471679688,4294.500477388406,96.31655021465876,19,1.2
2329.1314976215363,0,22.444900512695312,4299.078540334398,95.96834696512252,19,1.2
2329.631989955902,0,22.419219970703125,4270.975793301099,95.1415795369933,19,1.2
2330.132335424423,0,22.616378784179688,4292.693936262119,95.32914267902768,19,1.2
2330.633424282074,0,22.454605102539062,4294.0581457865865,95.12525338325683,19,1.2
2331.1334145069122,0,22.492218017578125,4304.5989944635285,96.16659407754146,19,1.2
2331.634048938751,0,22.391387939453125,4288.975739256577,95.52779871368,19,1.2
2332.1345806121826,0,22.426483154296875,4295.585955702691,96.44847054789209,19,1.2
2332.635059118271,0,22.456558227539062,4266.789140203465,94.89432790224724,19,1.2
2333.135500907898,0,22.43792724609375,4258.174203305539,94.75028493864639,19,1.2
2333.6361083984375,0,22.485580444335938,4276.143385418919,95.26104986716341,19,1.2
2334.136378288269,0,22.521591186523438,4305.019872642021,95.24193837971511,19,1.2
2334.6370766162872,0,22.448196411132812,4281.524616342928,96.26608572118015,19,1.2
2335.1374065876007,0,22.541748046875,4287.497177646366,94.93496225536386,19,1.2
2335.6380178928375,0,22.505279541015625,4299.959972964337,96.11078129724878,19,1.2
2336.1383900642395,0,22.51361083984375,4272.039476536681,94.698270089437,19,1.2
2336.639004468918,0,22.83697509765625,4268.3058209580195,93.40116153206775,19,1.2
2337.140043735504,0,22.69720458984375,4280.764039190385,94.81343799328262,19,1.2
2337.6401550769806,0,22.788314819335938,4290.252552800594,93.99554188107442,19,1.2
2338.1404254436493,0,22.768020629882812,4296.9961817059775,94.43069447934992,19,1.2
2338.6411044597626,0,22.7783203125,4285.445634883023,94.21239013933548,19,1.2
2339.1414704322815,0,22.745208740234375,4290.649734924802,94.04178367535874,19,1.2
2339.6422424316406,0,22.650802612304688,4291.753458701807,95.00767089069772,19,1.2
2340.142657518387,0,22.847640991210938,4274.777579340906,93.79524130409666,19,1.2
2340.6430037021637,0,22.68115234375,4281.9113235737195,94.66009343178834,19,1.2
2341.1435720920563,0,22.6258544921875,4281.01830866695,94.22848541416016,19,1.2
2341.6426429748535,0,23.8436279296875,71566.85502884432,1510.760028055517,19,1.2
2342.142275094986,0,24.032943725585938,87586.15725832785,1824.2459392656488,19,1.2
2342.6429500579834,0,24.072860717773438,87623.89023241602,1821.4702653775673,19,1.2
2343.143187046051,0,23.981613159179688,87607.2484493449,1828.4841686396348,19,1.2
2343.644208908081,0,24.12335205078125,87608.90849523924,1817.5334799120528,19,1.2
2344.1442024707794,0,24.073333740234375,87590.23861593823,1821.185236456293,19,1.2
2344.6451694965363,0,24.040740966796875,87581.83939878344,1822.947140461583,19,1.2
2345.1455116271973,0,24.087234497070312,87579.07118348328,1819.6360402158648,19,1.2
2345.646137237549,0,23.87939453125,87590.68275020807,1836.1855842960842,19,1.2
2346.1462256908417,0,23.796951293945312,87592.84521521525,1842.0006604439593,19,1.2
2346.646760702133,0,23.92431640625,87588.61914942165,1832.5706471824806,19,1.2
2347.147165775299,0,23.9261474609375,87598.88374028854,1832.5139921327734,19,1.2
2347.6479032039642,0,24.055679321289062,87592.23203755889,1822.4386605121556,19,1.2
2348.1483232975006,0,24.069869995117188,87578.069082489,1820.450214682876,19,1.2
2348.6489882469177,0,24.03692626953125,87615.0755480443,1824.6925379804532,19,1.2
2349.149168252945,0,23.943038940429688,87591.61536946427,1830.8870527699726,19,1.2
2349.651830673218,0,22.796981811523438,17080.303015662863,372.5493168445198,19,1.2
2350.152675151825,0,22.712753295898438,4285.735531309463,94.88061495341293,19,1.2
2350.6527864933014,0,22.582168579101562,4291.63373291584,94.8093179138414,19,1.2
2351.153333425522,0,22.57977294921875,4284.917353490907,95.12938880434224,19,1.2
2351.6538586616516,0,22.875045776367188,4038.6943079277157,88.30583421550637,19,1.2
2352.1544506549835,0,22.509490966796875,4284.548775466959,95.29313671126681,19,1.2
2352.654821395874,0,22.487289428710938,4282.291202959264,95.38721893539305,19,1.2
2353.1553490161896,0,22.613540649414062,4146.185402415504,91.36119071444621,19,1.2
2353.6559929847717,0,22.607009887695312,4319.059831765853,95.98792634584998,19,1.2
2354.156328201294,0,22.476898193359375,4262.227754544136,94.80845540465131,19,1.2
2354.6568727493286,0,22.488052368164062,4269.287146060973,95.4729189015706,19,1.2
2355.1573560237885,0,22.451644897460938,4273.215051106566,94.42515279759085,19,1.2
2355.6579189300537,0,22.494033813476562,4287.716735239845,96.02546248089601,19,1.2
2356.1583683490753,0,22.508514404296875,4287.182046753662,94.76413954680235,19,1.2
2356.6593906879425,0,22.475448608398438,4263.467908450796,94.9925421823265,19,1.2
2357.1594462394714,0,22.749893188476562,4047.8406757919715,89.09931942127669,19,1.2
2357.6599650382996,0,22.576828002929688,4286.382010233855,95.0975043846458,19,1.2
2358.1604335308075,0,22.637283325195312,4283.43977297923,95.02023582511491,19,1.2
2358.660933494568,0,22.575363159179688,4289.761769457858,94.66071420122623,19,1.2
2359.1614973545074,0,22.479721069335938,4270.818860262517,95.77520972610542,19,1.2
2359.662106990814,0,22.386993408203125,4276.753593718224,95.01052513914695,19,1.2
2360.1625118255615,0,22.4881591796875,4272.136710084696,95.20565835970535,19,1.2
2360.662996530533,0,22.343002319335938,4273.885005613247,95.60040183818433,19,1.2
2361.1635472774506,0,22.40350341796875,4140.174245809102,92.61944265090898,19,1.2
2361.66405749321,0,22.33099365234375,4281.156595455817,96.2787430542459,19,1.2
2362.1644492149353,0,22.477737426757812,4298.515611318851,95.33877717821113,19,1.2
2362.6650216579437,0,22.5894775390625,4266.154277894284,95.08852058599429,19,1.2
2363.166165828705,0,22.65875244140625,4288.561198174671,94.57713991719665,19,1.2
2363.6661384105682,0,22.632095336914062,4066.01733370443,89.51888766107724,19,1.2
2364.1667397022247,0,22.61053466796875,4282.353428059484,95.22110076636316,19,1.2
2364.6671488285065,0,22.709182739257812,4124.613419368958,90.9323784880287,19,1.2
2365.16756272316,0,22.586502075195312,4288.537187011239,95.18959566391416,19,1.2
2365.668075799942,0,22.497604370117188,4284.47254377682,94.81009466204287,19,1.2
2366.168690443039,0,22.461761474609375,4287.380990503265,95.80726793989895,19,1.2
2366.669156074524,0,22.5760498046875,4267.379373926547,94.56924565947345,19,1.2
2367.1694808006287,0,22.5679931640625,4285.993531479138,95.13473282236298,19,1.2
2367.6700937747955,0,22.546417236328125,4262.790018983805,94.42741956223665,19,1.2
2368.170680999756,0,22.422378540039062,4269.796699146105,95.66335686331087,19,1.2
2368.671196937561,0,22.396514892578125,4274.080293413936,95.46128092940485,19,1.2
2369.1716158390045,0,22.499923706054688,4034.3024104793703,89.28919165443133,19,1.2
2369.6728706359863,0,22.512191772460938,4281.481729221573,95.7259080671213,19,1.2
2370.1727197170258,0,22.547698974609375,4148.791937481152,91.9827784793251,19,1.2
2370.6733956336975,0,22.488052368164062,4278.323045441673,95.25057861535362,19,1.2
2371.1737248897552,0,22.313201904296875,4287.639220148021,95.99698013701534,19,1.2
2371.674293756485,0,22.356704711914062,4280.472059983143,96.1232895317878,19,1.2
2372.1748757362366,0,22.571517944335938,4283.431837590395,94.63253668927501,19,1.2
2372.675357580185,0,22.465545654296875,4280.386523341111,95.2569785275032,19,1.2
2373.1746451854706,0,23.785919189453125,69949.15246708752,1479.2365062604486,19,1.2
2373.6740872859955,0,24.17291259765625,87590.65497539891,1813.600236334393,19,1.2
2374.174628019333,0,23.902908325195312,87529.17027892148,1832.7895251902169,19,1.2
2374.675237417221,0,24.276565551757812,87576.74829138277,1805.3624556800833,19,1.2
2375.1758711338043,0,23.86279296875,87608.49722569746,1837.79828528166,19,1.2
2375.6760189533234,0,23.971115112304688,87591.19196694133,1828.3254573127067,19,1.2
2376.177149772644,0,24.065872192382812,87600.06794318152,1822.414731093007,19,1.2
2376.677171230316,0,24.175460815429688,87602.02295895718,1813.4090735519574,19,1.2
2377.1775670051575,0,24.215972900390625,87592.76604549844,1810.168857568093,19,1.2
2377.678163290024,0,24.090438842773438,87581.75833172553,1819.6430661183147,19,1.2
2378.178649187088,0,24.116500854492188,87531.61364630488,1816.3497376461485,19,1.2
2378.6788375377655,0,24.185043334960938,87616.00015477423,1813.6829193351887,19,1.2
2379.179617881775,0,23.977203369140625,87588.76185903042,1828.236568090265,19,1.2
2379.68026304245,0,24.129180908203125,87598.35969263132,1817.0115333295391,19,1.2
2380.1808977127075,0,23.850357055664062,87582.95242491546,1837.4986964646844,19,1.2
2380.6809055805206,0,23.834579467773438,87584.26497136905,1839.0926535652804,19,1.2
2381.183706998825,0,22.887451171875,18634.22065817644,406.42358688811373,19,1.2
2381.6841263771057,0,22.4754638671875,4277.140112233792,95.48190029274545,19,1.2
2382.1846492290497,0,22.640472412109375,4291.546519925685,94.43265851893088,19,1.2
2382.6858081817627,0,22.694976806640625,4282.258466633251,94.16180585717571,19,1.2
2383.185843229294,0,22.534210205078125,4278.545985880068,95.45486531031241,19,1.2
2383.6862242221832,0,22.649734497070312,4266.985882232656,94.21743995612962,19,1.2
2384.186778306961,0,22.596450805664062,4269.01467050172,94.21833624713938,19,1.2
2384.687345266342,0,22.66558837890625,4289.70167921534,94.94569318142037,19,1.2
2385.1875944137573,0,22.713165283203125,4280.672853487066,94.83486661337024,19,1.2
2385.6884031295776,0,22.764938354492188,4284.954330486639,93.65279039199744,19,1.2
2386.188663959503,0,22.671035766601562,4267.471647905495,94.61411565324084,19,1.2
2386.6893639564514,0,22.692886352539062,4258.388656116594,93.55354656162818,19,1.2
2387.1896455287933,0,22.597869873046875,4294.959526063953,95.49572646109925,19,1.2
2387.6903100013733,0,22.666885375976562,4281.955644519882,94.63143984807778,19,1.2
2388.1906354427338,0,22.761520385742188,4264.92287520519,93.35931712765108,19,1.2
2388.691292285919,0,22.67779541015625,4271.003375672796,94.49772172476067,19,1.2
2389.192185640335,0,22.794677734375,4022.4310773700704,88.35395803656539,19,1.2
2389.6923191547394,0,22.867385864257812,4280.251515402745,93.6267928791295,19,1.2
2390.1928691864014,0,22.858245849609375,4174.901661879508,91.1268525898542,19,1.2
2390.693166732788,0,22.853683471679688,4298.932585092645,94.20800820436672,19,1.2
2391.1938405036926,0,22.792556762695312,4277.308076160545,93.97804828573781,19,1.2
2391.6969645023346,0,22.7940673828125,4288.326875686407,94.32278864022193,19,1.2
2392.1949002742767,0,22.866409301757812,4050.782662163091,88.6015803033953,19,1.2
2392.695256471634,0,22.820648193359375,4276.741907524877,93.99382444466139,19,1.2
2393.1958768367767,0,22.857742309570312,4166.049257889801,91.0851111978932,19,1.2
2393.6963431835175,0,22.793853759765625,4291.792281667428,94.14818672689712,19,1.2
2394.196765422821,0,22.782669067382812,4285.30486095527,94.10662085547709,19,1.2
2394.69726228714,0,22.785980224609375,4298.256038294351,94.57569868653493,19,1.2
2395.1979253292084,0,22.787124633789062,4276.27431423495,93.7810291707988,19,1.2
2395.6990888118744,0,22.895263671875,4270.840139607974,93.07601915140917,19,1.2
2396.1988525390625,0,22.796279907226562,4266.008266445322,93.74336552704627,19,1.2
2396.699369430542,0,22.785202026367188,4275.532837467445,93.74505424741052,19,1.2
2397.199938058853,0,22.744247436523438,4271.830917160251,94.83716733296792,19,1.2
2397.700564146042,0,22.7734375,4276.540782142635,93.178730703259,19,1.2
2398.200935602188,0,22.783309936523438,4283.875481627217,94.58678330778292,19,1.2
2398.701376914978,0,22.831069946289062,4268.635558007345,93.68811908649383,19,1.2
2399.201902627945,0,22.859527587890625,4274.202090192321,93.48399663044799,19,1.2
2399.7025706768036,0,22.7679443359375,4285.6524623555515,94.16748250810927,19,1.2
2400.2029371261597,0,22.883132934570312,4268.876655284678,93.60606373806486,19,1.2
2400.703526496887,0,22.833587646484375,4266.14526664777,93.28363255819548,19,1.2
2401.2040433883667,0,22.779022216796875,4292.571828396348,93.98998691090709,19,1.2
2401.7045345306396,0,22.8424072265625,4295.195733225588,94.03562324649299,19,1.2
2402.205416202545,0,22.837692260742188,4260.850321890296,93.39822849205348,19,1.2
2402.7054736614227,0,22.782211303710938,4285.91249355976,94.72302627833535,19,1.2
2403.206042289734,0,22.576278686523438,4282.673267289548,94.83405257918069,19,1.2
2403.7066583633423,0,22.79962158203125,4297.533606348703,93.86120696347734,19,1.2
2404.207020521164,0,22.81170654296875,4269.720914173526,94.38136493403292,19,1.2
2404.705990552902,0,23.869155883789062,79750.37874987142,1673.3310635055286,19,1.2
2405.2060816287994,0,23.871902465820312,87592.7422078559,1836.7199708015946,19,1.2
2405.706495285034,0,24.12127685546875,87558.47690309279,1816.487587391796,19,1.2
2406.2069351673126,0,24.176864624023438,87584.4607134171,1812.9728846827459,19,1.2
2406.7073690891266,0,24.32745361328125,87561.77348880049,1801.5449005346466,19,1.2
2407.207682609558,0,23.984085083007812,84240.88095953944,1758.207571981797,19,1.2
2407.7083942890167,0,23.738189697265625,83001.37643709462,1750.0913308812849,19,1.2
2408.208897590637,0,24.2645263671875,86913.39535467066,1792.2871990944536,19,1.2
2408.7095930576324,0,24.264602661132812,87573.95606488887,1806.541018296383,19,1.2
2409.209900379181,0,24.169631958007812,87581.93561525531,1813.7222807596809,19,1.2
2409.710606098175,0,24.101898193359375,87535.14087417122,1817.8651178632795,19,1.2
2410.211268901825,0,24.07220458984375,87601.64917890682,1820.8552455761806,19,1.2
2410.711275100708,0,24.127273559570312,87593.5276672494,1817.5696434048716,19,1.2
2411.2116944789886,0,23.99951171875,87590.0690734692,1826.5371609936726,19,1.2
2411.7122688293457,0,24.115737915039062,87561.86255674352,1816.9048011039902,19,1.2
2412.212748527527,0,24.071929931640625,87591.52833619136,1821.249900797298,19,1.2
2412.7154154777527,0,23.07965087890625,17551.049812825873,378.7318987562709,19,1.2
2413.2159390449524,0,22.79400634765625,4279.525504709452,93.92820056927572,19,1.2
2413.716589450836,0,22.822616577148438,4299.731238072819,94.11716630908677,19,1.2
2414.2168405056,0,22.708023071289062,4280.954051301997,94.59211809220982,19,1.2
2414.717620611191,0,22.748748779296875,4087.6416933497617,89.85109554070061,19,1.2
2415.2185351848602,0,22.777099609375,4252.191689564009,93.73449809743288,19,1.2
2415.718676328659,0,22.764007568359375,4298.745600422361,94.7548446169954,19,1.2
2416.219136238098,0,22.769668579101562,4279.550813171324,93.19415399605826,19,1.2
2416.719696998596,0,22.816421508789062,4263.419469329886,94.09889272833423,19,1.2
2417.220088005066,0,22.75408935546875,4278.6754159144975,93.741391566055,19,1.2
2417.7207152843475,0,22.725021362304688,4264.651167655024,94.21333277826533,19,1.2
2418.2209832668304,0,22.776779174804688,4284.92472931968,93.99924298200776,19,1.2
2418.7215836048126,0,22.71917724609375,4149.102558222653,91.33253275519772,19,1.2
2419.222180366516,0,22.569534301757812,4279.570410956536,95.43838925521105,19,1.2
2419.7226123809814,0,22.672500610351562,4300.001036117281,95.0049594007531,19,1.2
2420.2230558395386,0,22.448883056640625,4257.686844701794,93.99131327274829,19,1.2
2420.723615884781,0,22.69873046875,4262.718431368111,94.4546217222019,19,1.2
2421.2241117954254,0,22.5888671875,4096.081187490977,90.61986079287536,19,1.2
2421.725116252899,0,22.732177734375,4277.5040970409955,94.57958780380406,19,1.2
2422.2250633239746,0,22.698150634765625,4268.626107543124,93.7961878153684,19,1.2
2422.7257080078125,0,22.69024658203125,4280.569045799183,94.79844091705066,19,1.2
2423.2262794971466,0,22.675399780273438,4278.994632692403,93.93439677535488,19,1.2
2423.7268047332764,0,22.6990966796875,4298.799044111534,94.80553479142355,19,1.2
2424.2271254062653,0,22.735214233398438,4271.406702063757,94.43500192956257,19,1.2
2424.727642774582,0,22.722991943359375,4284.120640626134,94.00170564353125,19,1.2
2425.22815489769,0,22.725799560546875,4165.442804127018,91.87795546806073,19,1.2
2425.7285680770874,0,22.740768432617188,4280.387053144137,94.67578047679085,19,1.2
2426.229168653488,0,22.6640625,4286.945274068704,94.46673560841089,19,1.2
2426.729639530182,0,22.744644165039062,4273.677523290404,94.13205080125829,19,1.2
2427.230254650116,0,22.651473999023438,4065.071930106079,89.22156677694045,19,1.2
2427.7307415008545,0,22.663803100585938,4277.115343645367,94.99729548675515,19,1.2
2428.231630563736,0,22.692474365234375,4286.717765425172,94.17218966980326,19,1.2
2428.7317538261414,0,22.725296020507812,4284.174037536002,94.38820942373222,19,1.2
2429.232213973999,0,22.785430908203125,4164.838744509991,91.63750329813978,19,1.2
2429.732811689377,0,22.74139404296875,4290.2528319244075,94.36536722178236,19,1.2
2430.23326921463,0,22.71173095703125,4279.96390935251,94.79682566129817,19,1.2
2430.733726978302,0,22.6363525390625,4267.511427933263,94.22896185766595,19,1.2
2431.234121799469,0,22.7237548828125,4272.100186490023,93.55848146417195,19,1.2
2431.7348716259003,0,22.596343994140625,4265.940482688964,94.7940959190316,19,1.2
2432.235139608383,0,22.736602783203125,4258.787266338127,93.54959578971669,19,1.2
2432.7356581687927,0,22.682449340820312,4258.575774928765,93.72885476587217,19,1.2
2433.236172914505,0,22.7608642578125,4259.276759691348,94.46038496811597,19,1.2
2433.736773967743,0,22.734268188476562,4286.376699079559,93.99906705962026,19,1.2
2434.2372028827667,0,22.665420532226562,4280.809974732793,94.06399484045049,19,1.2
2434.7384622097015,0,22.538986206054688,4280.8386663057045,95.87831414615653,19,1.2
2435.2383167743683,0,22.67584228515625,4272.035967832484,94.10896288500516,19,1.2
2435.738629102707,0,22.675216674804688,4269.124690096721,93.89105429654458,19,1.2
2436.237493276596,0,23.300216674804688,67970.26476176307,1468.1837717411165,19,1.2
2436.737612247467,0,23.849197387695312,87381.35934563595,1834.023983656871,19,1.2
2437.2379927635193,0,23.8218994140625,87533.50117048628,1838.476405208328,19,1.2
2437.738453388214,0,23.961196899414062,87595.52842345463,1829.875201312343,19,1.2
2438.2391142845154,0,23.82879638671875,87563.52605866545,1839.1193280927023,19,1.2
2438.739520549774,0,23.868927001953125,87582.18518691261,1836.6975606575318,19,1.2
2439.2400925159454,0,23.79022216796875,87609.54170683358,1843.4464247689075,19,1.2
2439.7406334877014,0,23.855255126953125,87584.94223999773,1837.5406075817878,19,1.2
2440.2412445545197,0,23.791336059570312,87575.89400571871,1841.5947675362,19,1.2
2440.741544008255,0,23.899627685546875,87606.14720946141,1835.1331902347335,19,1.2
2441.2423260211945,0,23.687225341796875,84120.28282919839,1777.160447987137,19,1.2
2441.742578268051,0,23.917892456054688,87548.38157636256,1831.6831251120427,19,1.2
2442.2429122924805,0,23.910537719726562,87593.25289628291,1834.0030874262366,19,1.2
2442.7434298992157,0,23.820220947265625,87594.74120702996,1840.579065033099,19,1.2
2443.24400305748,0,23.922012329101562,87585.82920515176,1832.2873258733996,19,1.2
2443.7447278499603,0,23.809814453125,87555.86735892377,1840.1235375544732,19,1.2
2444.247128725052,0,23.125106811523438,23755.397312128065,513.9868151474701,19,1.2
2444.7480022907257,0,22.709915161132812,4258.3772935558845,93.35129545654588,19,1.2
2445.2477567195892,0,26.3057861328125,5296.383260357512,101.30851009526815,19,1.7
2445.7486946582794,0,22.633026123046875,4434.901041813396,97.86583499519308,19,1.2
2446.249119758606,0,22.555038452148438,4146.799708762832,91.86417502217273,19,1.2
2446.749695301056,0,22.763931274414062,4284.776278282993,93.92050846696432,19,1.2
2447.2501442432404,0,22.74261474609375,4279.838530394487,94.58015377802826,19,1.2
2447.750163078308,0,26.77435302734375,5319.674272998012,99.42350417511074,19,1.7
2448.2512118816376,0,23.602523803710938,4487.36658189925,95.4558935619321,19,1.2
2448.7508342266083,0,26.3603515625,5254.443751440614,99.54343718741896,19,1.7
2449.252233505249,0,23.746124267578125,4476.659345813332,94.03639831232739,19,1.2
2449.7520403862,0,26.475631713867188,5280.247205212853,99.75210520158123,19,1.7
2450.253242254257,0,23.550567626953125,4454.424649072011,94.90217116644314,19,1.2
2450.7539620399475,0,22.838958740234375,4281.412483536812,94.09360665003534,19,1.2
2451.2543041706085,0,22.811141967773438,4270.147387079609,93.37542166933899,19,1.2
2451.7547063827515,0,22.813018798828125,4290.419675689099,93.80608585260663,19,1.2
2452.2550897598267,0,22.741287231445312,4274.095160149368,94.23389178413726,19,1.2
2452.755758047104,0,22.74810791015625,4266.8282677306415,94.02979836599992,19,1.2
2453.2564120292664,0,22.756637573242188,4255.4423800845125,93.7308946954463,19,1.2
2453.7567036151886,0,22.769149780273438,4278.729751862005,94.25033524348964,19,1.2
2454.2577035427094,0,22.675750732421875,4062.356405680186,88.94964598089737,19,1.2
2454.7581079006195,0,22.752471923828125,4289.125885406892,94.53917830120729,19,1.2
2455.258332490921,0,22.737579345703125,4281.2559080474975,94.86497956554126,19,1.2
2455.7588193416595,0,22.676040649414062,4277.8765543071695,94.19633846242877,19,1.2
2456.2592282295227,0,22.711090087890625,4146.273086533583,91.2769925167664,19,1.2
2456.759783267975,0,22.807769775390625,4296.140840797537,94.13458751747807,19,1.2
2457.2603437900543,0,22.677139282226562,4284.859465622304,95.02962314514701,19,1.2
2457.760913133621,0,22.670059204101562,4279.807613509017,93.78008151012482,19,1.2
2458.2613575458527,0,22.672866821289062,4271.581104032189,94.91521372054036,19,1.2
2458.762016773224,0,22.784713745117188,4252.54822003927,92.78150358386814,19,1.2
2459.262309074402,0,22.863800048828125,4091.4177417936344,89.61764866838138,19,1.2
2459.7627584934235,0,22.72088623046875,4262.781092557513,94.05442984588687,19,1.2
2460.263286113739,0,22.644027709960938,4255.889834970933,94.41783181794597,19,1.2
2460.764322042465,0,22.675399780273438,4139.023682218561,90.97965283922869,19,1.2
2461.264455795288,0,22.794906616210938,4269.740230896614,94.18770763786016,19,1.2
2461.764839887619,0,22.741653442382812,4280.542991108895,94.36429085673146,19,1.2
2462.265446662903,0,22.794647216796875,4274.4063114170385,93.22364061129817,19,1.2
2462.766209602356,0,22.759963989257812,4041.3881024092893,88.97202126311598,19,1.2
2463.2663762569427,0,22.619384765625,4276.085060368211,94.91858519789744,19,1.2
2463.766942024231,0,22.668548583984375,4279.981706916745,94.05101487204549,19,1.2
2464.267569541931,0,22.72412109375,4286.118803801516,94.74513848600098,19,1.2
2464.7680411338806,0,22.688323974609375,4136.980994495406,91.41265799629028,19,1.2
2465.2684099674225,0,22.611297607421875,4275.0308491510605,94.81985674702096,19,1.2
2465.768956184387,0,22.645614624023438,4254.410414277032,93.30724889040721,19,1.2
2466.2694947719574,0,22.6131591796875,4253.456688434668,94.23716443451175,19,1.2
2466.769878387451,0,22.658660888671875,4250.133766401389,93.82725706720325,19,1.2
2467.2693367004395,0,23.97406005859375,72230.49197329264,1518.8499532830438,19,1.2
2467.768995285034,0,24.4271240234375,87623.63979717986,1795.708735826333,19,1.2
2468.2694125175476,0,24.298248291015625,87573.22309167127,1803.7925810563863,19,1.2
2468.769998550415,0,24.083786010742188,87589.27211588557,1819.7720234041137,19,1.2
2469.2703528404236,0,24.1455078125,87599.11335429338,1816.114216380182,19,1.2
2469.770934820175,0,24.17657470703125,87590.70131961054,1812.9532628645145,19,1.2
2470.2715356349945,0,24.254486083984375,87594.26589416947,1807.5419057816655,19,1.2
2470.77171087265,0,24.158233642578125,87605.09106940326,1815.4472983778771,19,1.2
2471.272224187851,0,24.07476806640625,87568.69490251846,1820.3290631551995,19,1.2
2471.772948741913,0,24.382247924804688,87619.56734378249,1798.398578147148,19,1.2
2472.2733323574066,0,24.219802856445312,87586.19042982014,1810.419360549472,19,1.2
2472.773899078369,0,24.136871337890625,87609.52802039633,1816.7640447733454,19,1.2
2473.2742853164673,0,24.150115966796875,87583.35121769499,1814.4012252464456,19,1.2
2473.7750849723816,0,24.168746948242188,87591.98918810707,1814.2852045206744,19,1.2
2474.275165081024,0,24.369216918945312,87617.02985109885,1799.6064521017042,19,1.2
2474.7760281562805,0,24.166915893554688,87601.4357635586,1814.4226674655877,19,1.2
2475.278480529785,0,23.006454467773438,16241.75573425413,353.2052281842294,19,1.2
2475.779146671295,0,22.779403686523438,4235.462035872349,92.67143376755259,19,1.2
2476.279369831085,0,22.707046508789062,4273.963237108048,94.5521470248883,19,1.2
2476.779798269272,0,22.888748168945312,4265.719412834147,93.23358290495501,19,1.2
2477.280502796173,0,22.691421508789062,4245.110663957703,93.33923831874682,19,1.2
2477.780982017517,0,22.695236206054688,4251.739097365965,93.76417062503572,19,1.2
2478.2814519405365,0,22.581436157226562,4228.584535094073,93.7495731121828,19,1.2
2478.7820060253143,0,22.623977661132812,4237.571261949788,93.61748989164927,19,1.2
2479.282368659973,0,22.825180053710938,4255.9386140705155,92.96750321384665,19,1.2
2479.783077955246,0,22.742141723632812,4247.659421894146,94.09843742976015,19,1.2
2480.2839708328247,0,22.802902221679688,4245.033446810792,92.83905966966249,19,1.2
2480.784154653549,0,22.7449951171875,4053.001419826327,89.33833529225501,19,1.2
2481.2844491004944,0,22.74041748046875,4256.81935796434,93.31403004463483,19,1.2
2481.7849736213684,0,22.7906494140625,4263.501820084852,94.38081210063149,19,1.2
2482.2854657173157,0,22.7469482421875,4243.17252560353,92.89158165318794,19,1.2
2482.7859177589417,0,22.925491333007812,4097.460914203146,89.55097058461375,19,1.2
2483.2864837646484,0,22.944580078125,4284.351540548675,93.39896362030623,19,1.2
2483.7870128154755,0,22.954452514648438,4251.177224386896,92.53106771527504,19,1.2
2484.287457227707,0,22.995452880859375,4253.430176687581,92.88792923830316,19,1.2
2484.7881560325623,0,22.895126342773438,4066.5633057442897,88.57780339963544,19,1.2
2485.288285255432,0,22.914703369140625,4246.568870134519,93.17161848471571,19,1.2
2485.7889482975006,0,22.847442626953125,4255.081976306847,93.18329559950044,19,1.2
2486.289529323578,0,22.905960083007812,4130.501488758224,90.41314978699876,19,1.2
2486.7906160354614,0,22.79180908203125,4280.6997758996,93.45462627972182,19,1.2
2487.290508747101,0,22.650711059570312,4253.888011058499,94.34582403968642,19,1.2
2487.7912776470184,0,22.747177124023438,4258.690838847969,93.550069461261,19,1.2
2488.291472196579,0,22.584625244140625,4065.3868948174204,90.32693604376983,19,1.2
2488.791932821274,0,22.70538330078125,4233.564733504762,92.84141879813443,19,1.2
2489.2926087379456,0,22.727706909179688,4263.979998962071,94.55419363631542,19,1.2
2489.7932319641113,0,22.766677856445312,4242.421062062348,92.85500560642933,19,1.2
2490.293632030487,0,22.860733032226562,4137.839278297992,90.85447947238055,19,1.2
2490.794065475464,0,22.784042358398438,4239.40647739661,93.17925092504228,19,1.2
2491.2945444583893,0,22.875595092773438,4248.52345800621,92.45661113612486,19,1.2
2491.795206785202,0,22.712814331054688,4254.834959618154,94.04382780867003,19,1.2
2492.295582294464,0,22.755630493164062,4230.641584376215,93.29559120050587,19,1.2
2492.7960109710693,0,22.749526977539062,4258.661300696896,93.62832036476978,19,1.2
2493.2971012592316,0,22.788925170898438,4243.112018357518,93.2470480316305,19,1.2
2493.7972509860992,0,22.839523315429688,4236.604314801221,92.77776820186384,19,1.2
2494.2975690364838,0,22.8712158203125,4050.9755160638792,88.75785248797776,19,1.2
2494.7982184886932,0,22.817855834960938,4254.047783430833,92.64674188891065,19,1.2
2495.2985866069794,0,22.875823974609375,4265.543957202896,93.37368579032677,19,1.2
2495.7990238666534,0,22.905548095703125,4258.211022232281,93.60177678534552,19,1.2
2496.2994310855865,0,22.89190673828125,4255.539647004247,92.74019959419934,19,1.2
2496.800046443939,0,22.96044921875,4248.680398618825,92.46334772345448,19,1.2
2497.300592660904,0,22.92474365234375,4256.44120442733,93.34891732938586,19,1.2
2497.801109313965,0,22.942642211914062,4254.40855325605,92.97098304101773,19,1.2
2498.3015143871307,0,22.747665405273438,4131.992070402358,90.33894087098729,19,1.2
2498.8013393878937,0,23.803970336914062,51086.447154390786,1080.9121182653778,19,1.2
2499.3005793094635,0,24.445602416992188,87593.45562491291,1793.2059620477796,19,1.2
2499.801445245743,0,24.430007934570312,87574.39594807762,1794.4734245445943,19,1.2
2500.301397562027,0,24.35406494140625,87580.24464173926,1799.699561672811,19,1.2
2500.802085876465,0,24.187530517578125,87583.21514686472,1811.925362456897,19,1.2
2501.302448272705,0,24.118743896484375,87580.56549144133,1817.7978168419747,19,1.2
2501.802809238434,0,23.998092651367188,87582.60687116686,1826.853518606711,19,1.2
2502.3033673763275,0,23.850341796875,87579.92758323872,1837.290231444043,19,1.2
2502.803836107254,0,23.885467529296875,87593.79063169833,1835.9280573517367,19,1.2
2503.304543733597,0,23.941314697265625,87580.45968891888,1830.350611656463,19,1.2
