2.3447346687316895,0,17.4146728515625,0.09373800506920422,96302.35458885049,7,1.2
2.8580615520477295,0,98.64845275878906,65602.59407951399,1726.3828801899451,8,1.4
3.3549089431762695,0,28.858688354492188,199230.20171519296,3565.130845040113,16,2.1
3.8555614948272705,0,22.333511352539062,103640.96113339278,2322.6083521390715,7,2.1
4.35493278503418,0,16.459182739257812,26873.825289598048,801.7409010549112,2,1.2
4.854994058609009,0,26.178573608398438,154261.6183148301,2993.4786047647553,14,1.9
5.360429286956787,0,24.499618530273438,168703.42133018284,3458.9518157307484,18,1.2
5.858494997024536,0,21.322830200195312,100659.36644431917,2362.5850568157016,8,1.9
6.360249757766724,0,24.588714599609375,121552.05275974832,2438.3137132736683,11,1.7
6.861919403076172,0,22.324005126953125,127824.98675994326,2907.274014269056,12,1.5
7.3596155643463135,0,23.131103515625,148885.96801404245,3221.3767903319435,16,1.3
7.858960151672363,0,22.363693237304688,129408.15579641596,2895.6308474120633,13,1.3
8.3606436252594,0,24.048553466796875,88916.16014857919,1850.58947771829,7,1.9
8.863219738006592,0,23.470016479492188,75087.90713189356,1519.0871310701104,7,1.5
9.364280939102173,0,23.258880615234375,146606.53739370886,3315.8087560536223,17,1.4
9.861954689025879,0,26.045242309570312,187911.21283631193,3611.2161630932314,17,1.5
10.365003824234009,0,20.647140502929688,101020.4515287304,2355.435126384659,9,1.4
10.864764213562012,0,16.448135375976562,31893.946802898037,992.8177040572571,2,1.3
11.363329887390137,0,20.565750122070312,52706.36983073133,1261.028644521393,8,1.2
11.861134767532349,0,26.951019287109375,191199.126516582,3662.6815093117557,19,1.5
12.362109661102295,0,19.210403442382812,60910.39591439119,1559.1551780697441,4,2.0
12.864883661270142,0,28.081924438476562,186430.35083502883,3380.288277890889,16,2.0
13.36654257774353,0,23.37091064453125,122415.70939430974,2612.5212204466334,9,1.9
13.86768102645874,0,18.33380126953125,51472.88930021339,1359.0198581135292,4,1.6
14.368101119995117,0,15.992034912109375,19699.70849383425,551.8372144946729,1,1.9
14.868338584899902,0,22.776153564453125,62074.20829355602,1548.022579854193,8,2.0
15.368730068206787,0,18.699325561523438,48174.72731347069,1277.7466182611045,4,1.5
15.869022130966187,0,22.663421630859375,139801.54468730898,3133.639798824456,15,1.4
16.36516761779785,0,31.88226318359375,245976.66187342102,3860.6732304794214,18,2.0
16.867165565490723,0,20.328628540039062,72395.63282144275,1764.9493633735833,5,1.7
17.366897106170654,0,23.585891723632812,138005.4023812151,2925.5200866907117,17,1.5
17.867300748825073,0,22.774765014648438,118772.04588955388,2637.875734891633,9,2.0
18.367988109588623,0,23.467849731445312,154261.06028986748,3289.265990849089,17,1.3
18.868354558944702,0,22.221923828125,115763.39343424707,2607.1550081849246,11,1.4
19.373077630996704,0,24.768112182617188,173072.79921740448,3497.0368093208303,18,1.4
19.870537519454956,0,21.203887939453125,90121.10543974755,2111.9240078928165,6,2.1
20.373019218444824,0,22.343215942382812,115694.4409630778,2610.18826253086,13,1.4
20.871402263641357,0,35.641876220703125,275449.1804099825,3866.8839750906104,19,2.2
21.373112440109253,0,36.95111083984375,237930.4458308902,3222.5553520193853,15,2.2
21.87086820602417,0,31.002609252929688,201160.54952755495,3247.339576441822,15,1.8
22.37214994430542,0,19.722183227539062,56111.46399097337,1316.1321797150204,3,1.9
22.871827363967896,0,28.257659912109375,169221.09613025258,3223.6922761237956,14,2.2
23.373501777648926,0,26.207443237304688,134152.64290692858,2561.7149827281137,10,2.1
23.87516975402832,0,18.591766357421875,59399.89732032799,1460.8617319008888,5,1.4
24.37389087677002,0,21.625106811523438,98519.06357390645,2405.306038640355,9,2.0
24.873677015304565,0,27.770904541015625,175268.13467710954,3258.2302051545225,13,2.1
25.37691593170166,0,19.752410888671875,68676.67431841542,1723.840203199088,5,1.7
25.878061532974243,0,17.206207275390625,20965.027656584807,599.4929524505466,1,2.1
26.37619113922119,0,20.969406127929688,62337.07296301697,1486.4035638322257,10,1.7
26.875335693359375,0,22.963577270507812,124904.93793826312,2795.557471023781,10,2.2
27.380424737930298,0,16.69439697265625,23752.420894193783,691.4894870960547,1,1.8
27.88094425201416,0,20.992477416992188,88850.98476102341,2179.4950205813066,9,2.1
28.37767791748047,0,35.41484069824219,269426.26314949687,3807.1045172509325,19,2.2
28.881483793258667,0,22.374053955078125,74977.48135528462,1597.0731129791463,5,1.4
29.382068157196045,0,19.085922241210938,70654.96613712162,1865.8254785879606,8,1.3
29.881675004959106,0,25.533203125,108138.31520783158,2151.473112521992,10,1.9
30.383294343948364,0,21.546157836914062,91830.16575317581,2187.1648930030046,7,2.0
30.88412356376648,0,19.8055419921875,87641.29470439549,2207.66490597669,9,1.4
31.381694316864014,0,23.01898193359375,139968.37541862144,3053.0020920446623,16,1.4
31.88211941719055,0,28.7232666015625,205224.027675881,3575.6726915737713,17,1.7
32.38198804855347,0,20.262527465820312,90242.07648980748,2228.6459611800365,8,1.2
32.88429856300354,0,22.93719482421875,66652.45774264984,1421.0543289968414,6,1.7
33.385470151901245,0,19.6368408203125,29017.74105728316,727.0517763341933,2,1.8
33.885746479034424,0,17.614486694335938,43364.20475351523,1270.14771354048,6,1.3
34.38542127609253,0,24.9608154296875,131347.042164462,2589.2583590490954,11,2.2
34.883185148239136,0,28.814712524414062,179415.0545311093,3195.7979772304716,14,1.9
35.38504648208618,0,24.301681518554688,132995.15823381094,2738.8639732267593,11,1.7
35.88748002052307,0,25.445571899414062,182133.51579034553,3582.5093796417727,18,1.4
36.39139485359192,0,22.708740234375,136539.37097129913,3008.4451755093264,13,1.3
36.890724420547485,0,23.46728515625,149310.64993401367,3184.2200536817795,16,1.3
37.38913702964783,0,22.868453979492188,118655.78519536243,2596.764960729482,9,2.1
37.89246654510498,0,26.725814819335938,120217.54393181369,2251.7928978711425,10,2.0
38.388171911239624,0,19.809051513671875,51352.63378220149,1223.2791652480423,3,2.1
38.88865280151367,0,18.66705322265625,61287.556677628265,1707.2860734826265,7,1.4
39.39199662208557,0,20.284103393554688,59300.60843129186,1473.3212220509592,6,1.3
39.88817095756531,0,27.325271606445312,176697.50172216273,3271.1843193140007,17,2.1
40.39216876029968,0,17.31524658203125,40140.05030595347,1089.964264186991,2,1.3
40.88736915588379,0,25.633514404296875,142076.1084268699,2941.5787008651614,14,2.1
41.392781019210815,0,20.897064208984375,91712.42179477817,2112.258428196946,8,1.4
41.89090037345886,0,21.921371459960938,108679.46698618283,2498.611918512584,9,2.1
42.393982887268066,0,20.608184814453125,87399.65753216314,2154.338210751249,7,1.8
42.89194059371948,0,19.362030029296875,70067.4080033848,1809.4177081116864,6,1.8
43.39513826370239,0,18.962326049804688,67881.52703635592,1761.2818128050278,8,1.3
43.899985551834106,0,22.612014770507812,135527.54482010374,3101.581204142517,15,1.3
44.39440560340881,0,19.183837890625,83536.20483156413,2179.334512643649,8,1.2
44.892890214920044,0,26.807281494140625,172218.5014400199,3173.7645616395785,14,2.0
45.39289975166321,0,19.076705932617188,60739.93018977022,1614.0103070601683,4,1.5
45.89617919921875,0,18.374282836914062,50477.85371327718,1365.4954711807318,5,1.5
46.39421725273132,0,23.073211669921875,155307.46226673172,3391.595462282905,19,1.2
46.89770770072937,0,16.7620849609375,25322.210918815927,755.633922004151,1,1.7
47.39888143539429,0,16.46875,20447.259029566856,595.977229601518,3,1.2
47.89933228492737,0,20.782623291015625,85475.05561868164,2143.4252729421955,8,2.0
48.39922881126404,0,23.061660766601562,135497.66245482495,2940.811621781312,13,1.6
48.900665044784546,0,23.6114501953125,126882.11269426825,2656.041856016544,10,2.1
49.399043798446655,0,17.639373779296875,30032.68139570366,862.5589655488601,1,2.0
49.899718284606934,0,18.525924682617188,35992.9489260443,950.8297319446675,4,2.1
50.399413108825684,0,25.440231323242188,171111.5646309663,3440.4954454968088,18,1.5
50.899311542510986,0,24.659011840820312,137467.71019232812,2723.304584688745,11,1.8
51.40066051483154,0,24.240692138671875,131597.37999417828,2781.64499653162,11,1.8
51.89915418624878,0,28.8651123046875,163571.29795896853,2835.637676930429,14,1.7
52.40030217170715,0,31.663864135742188,221594.60189342275,3502.194158129422,15,2.2
52.90217733383179,0,31.846481323242188,227840.32911727435,3580.3955495951063,16,2.0
53.40243673324585,0,23.172027587890625,135046.39658293145,2857.7128069105665,13,1.2
53.901570081710815,0,23.883209228515625,158246.00625144245,3383.1299314468984,16,1.4
54.40315914154053,0,19.05010986328125,66272.61234818252,1741.0923211488,5,1.7
54.904035568237305,0,22.542617797851562,115750.1023085174,2530.6732568316443,11,1.7
55.40510082244873,0,19.056365966796875,39719.93199577185,1008.7442712578811,2,2.1
55.9032621383667,0,25.16510009765625,99676.22452527561,2077.7187373425013,11,1.7
56.408206939697266,0,20.106948852539062,25126.17635112024,624.2120618124061,1,2.1
56.90380072593689,0,25.385162353515625,147205.66166813497,2907.2888710431694,16,1.7
57.406115770339966,0,22.155426025390625,54739.272851397225,1236.5819537210618,3,2.0
57.903897523880005,0,32.14262390136719,240827.2601206691,3749.631653278734,19,2.1
58.40570044517517,0,32.60845947265625,237208.42121537396,3640.8037030867167,15,2.2
58.90934419631958,0,22.319229125976562,117015.42008852301,2623.5225092003693,10,1.4
59.407052993774414,0,23.095352172851562,132349.42554752756,2867.9796482108277,12,1.7
59.90776181221008,0,26.423538208007812,166415.80832565296,3152.1895116513147,13,1.9
60.40876889228821,0,25.326751708984375,123723.56979070096,2444.4903440987964,10,1.9
60.907456398010254,0,21.398101806640625,98076.71489840996,2270.808898802435,8,2.0
61.411487340927124,0,21.453201293945312,93716.90344516245,2208.1552935118216,7,2.2
61.911967277526855,0,21.878311157226562,107872.13377264877,2467.6036286360113,10,1.7
62.4139928817749,0,18.62615966796875,51233.39046692165,1376.5048972543264,4,1.6
62.90880823135376,0,22.713409423828125,112724.40188879088,2483.8190932628218,11,1.9
63.411720752716064,0,24.421844482421875,149951.41381318527,3072.8637246877556,14,1.5
63.911917209625244,0,23.270156860351562,156590.2360356022,3367.8758794071996,17,1.2
64.40994071960449,0,19.88232421875,89598.09472827117,2254.2133156511704,8,1.4
64.91032791137695,0,17.519683837890625,31152.62706864546,824.9578093836278,2,2.1
65.4114260673523,0,23.955963134765625,66958.19293025008,1431.167672413244,7,2.2
65.91438293457031,0,26.350997924804688,122074.10679173462,2427.0428081130835,14,1.3
66.41111755371094,0,28.690292358398438,189367.1885987497,3313.3855456224633,14,2.1
66.91600203514099,0,20.357086181640625,63280.19868135047,1555.7236294731665,4,2.2
67.41546964645386,0,20.513107299804688,27834.196936627606,658.944537385065,2,2.0
67.91651248931885,0,19.290283203125,59917.06291709242,1600.3912267601534,7,1.3
68.41373825073242,0,20.961471557617188,99543.66059037804,2376.789237485359,10,1.8
68.92103123664856,0,23.458450317382812,125873.14011616487,2662.452086773997,14,1.2
69.41410183906555,0,25.590194702148438,140529.70912832333,2771.5303000037566,11,2.1
69.91661357879639,0,28.44293212890625,154410.7272070864,2716.808507990189,13,1.7
70.42080998420715,0,24.326278686523438,161215.67687412538,3317.112372173195,18,1.2
70.91475129127502,0,32.89448547363281,262042.32074137975,3986.6864646695176,18,2.1
71.4187183380127,0,29.765457153320312,173175.16240228858,2873.498618194718,12,2.1
71.92048788070679,0,21.027786254882812,79205.58885349851,1883.5078272113967,6,1.8
72.42063593864441,0,22.347488403320312,80281.2808457708,1796.2644962838795,10,1.3
72.92142510414124,0,18.738723754882812,62320.98769574889,1676.0479748155833,6,1.3
73.41967177391052,0,29.360504150390625,208441.71156856426,3579.7750427457036,19,2.0
73.9230489730835,0,21.160140991210938,100872.86698338542,2385.995444027082,8,1.5
74.42347764968872,0,18.57745361328125,75089.72978612673,2022.5592151734877,8,1.2
74.92757248878479,0,17.212738037109375,42544.18111682017,1236.990881642191,4,1.2
75.42355704307556,0,17.586715698242188,17301.034484761203,443.11855230473304,1,1.9
75.92361998558044,0,21.775741577148438,95857.94916579482,2377.094704977594,11,1.7
76.4222903251648,0,27.534133911132812,198268.93477216113,3678.815550433727,18,1.6
76.92299222946167,0,17.611175537109375,43000.660290647465,1222.0649300014036,2,1.8
77.42584013938904,0,20.0584716796875,88229.79027247534,2201.164710106561,13,1.4
77.92476058006287,0,28.562667846679688,195437.2386795748,3424.5050401120156,14,2.2
78.42323184013367,0,33.21467590332031,251628.55423067723,3725.13043210611,18,2.0
78.92677116394043,0,17.90008544921875,49043.04214213138,1380.6638001875374,2,1.2
79.42757034301758,0,19.138763427734375,69527.35160747822,1837.0047852230525,9,1.6
79.92621874809265,0,17.911224365234375,45612.34781747262,1228.4475673649506,3,1.9
80.42892098426819,0,18.377090454101562,54941.045466999,1542.6816378145754,6,1.5
80.92665696144104,0,20.710800170898438,97127.9005233632,2344.7669621300474,10,1.5
81.42461395263672,0,29.327239990234375,222695.67200783503,3823.3396677402066,19,1.7
81.93093466758728,0,29.426620483398438,194075.89921883083,3300.243058994464,13,2.2
82.42881655693054,0,27.995773315429688,170077.20376984015,3040.2446483980484,12,2.2
82.93050765991211,0,22.161285400390625,115927.36560042553,2571.511488182698,11,1.3
83.43113946914673,0,18.008453369140625,57147.533250510234,1616.5186095261658,5,1.3
83.93095016479492,0,21.28839111328125,96858.57700099458,2159.5807665952766,9,1.9
84.4328191280365,0,27.679000854492188,188762.69168904252,3589.074639010216,17,1.7
84.93220639228821,0,18.56610107421875,44943.348050206965,1211.4552166923636,2,2.1
85.43025517463684,0,20.100067138671875,83431.53559718722,2031.0379919804325,10,1.8
85.93195295333862,0,27.117996215820312,141043.68332041882,2621.248245419071,11,2.1
86.43407678604126,0,18.630950927734375,54538.14885787341,1487.4173684150178,4,1.4
86.93427419662476,0,17.958908081054688,46960.83527255441,1308.5984901716718,5,1.3
87.43203210830688,0,20.39788818359375,70796.29229121038,1736.7974410456045,6,2.2
87.93201231956482,0,24.424362182617188,164749.6098364573,3375.564093897887,17,1.4
88.43540096282959,0,21.40142822265625,99042.67128206101,2233.308894282186,7,2.1
88.9357602596283,0,16.706146240234375,30721.780835079844,882.6691558874517,2,1.4
89.43570256233215,0,16.92364501953125,31956.138529443575,981.8806752813973,3,1.7
89.93592977523804,0,27.837921142578125,187152.6981148524,3490.849747805563,17,1.8
90.43702483177185,0,22.859573364257812,86694.88610086235,1868.9325176470588,5,2.2
90.93626737594604,0,26.230667114257812,178280.02128588993,3453.553034141472,17,1.6
91.43686652183533,0,25.28466796875,154399.7243215126,3055.8044145762124,16,1.2
91.93787455558777,0,24.286224365234375,157157.4487663205,3238.7496227119254,14,1.6
92.43765020370483,0,25.867263793945312,156112.42926414325,3020.265329272544,13,1.7
92.93819046020508,0,23.504135131835938,154369.5350826003,3286.9960782073363,17,1.2
93.44023728370667,0,17.56268310546875,48873.85863086763,1308.0005977473265,4,1.3
93.94080543518066,0,18.256973266601562,37636.77794773656,1030.7842228386555,3,1.9
94.4365918636322,0,32.44825744628906,211081.39869264935,3456.6108884477944,19,2.2
94.94104671478271,0,18.841445922851562,33715.05139666994,894.8888566747625,1,1.5
95.43658709526062,0,29.491744995117188,195709.6876958032,3321.0310212642885,19,2.1
95.9388074874878,0,26.200057983398438,167912.42707151265,3207.893663947463,13,1.7
96.43763399124146,0,26.554367065429688,118505.31645429706,2233.267313578893,10,1.8
96.94078516960144,0,23.774581909179688,131161.8030605601,2753.276598093436,12,1.6
97.44354701042175,0,19.003433227539062,58063.96779987675,1466.7349665852744,4,1.9
97.9464910030365,0,25.199737548828125,168443.21685988695,3490.4331773126087,19,1.5
98.44416427612305,0,21.448440551757812,90809.80673075488,2107.6590575856635,6,2.2
98.944504737854,0,17.624404907226562,45402.24147594854,1277.6601603590548,4,1.4
99.44300627708435,0,22.334457397460938,118491.31865172883,2693.3271281011075,12,1.7
99.94453310966492,0,22.350799560546875,94513.0436405335,2048.159390271044,9,1.3
100.44607329368591,0,21.105178833007812,119923.28895030261,2935.1563656554717,15,1.2
100.94690108299255,0,19.826416015625,81643.70333736208,2040.156928419264,6,2.1
101.44275164604187,0,29.311630249023438,205938.76472478165,3551.0819123909987,18,1.9
101.94704842567444,0,21.196640014648438,97664.32909986921,2305.8371499550444,8,1.5
102.4439013004303,0,31.731781005859375,243516.88495849902,3840.4399670317093,19,2.1
102.94809341430664,0,24.791412353515625,168789.05390284062,3407.187892142079,17,1.2
103.45148921012878,0,29.638809204101562,227869.7462436536,3848.0965687453054,19,1.7
103.95084643363953,0,19.50897216796875,55414.2976924097,1421.5510566740188,3,1.7
104.44987106323242,0,18.111495971679688,36552.604486134216,1010.0766954096828,4,1.8
104.9507839679718,0,23.273727416992188,115282.24334332994,2478.7176959837198,10,2.2
105.44855523109436,0,30.736557006835938,218546.7671149466,3558.5963637916134,18,1.8
105.94967150688171,0,27.542510986328125,151495.1475325076,2752.290814647545,13,1.5
106.45167899131775,0,18.020050048828125,29136.300459195085,806.1020896523343,1,2.1
106.95265126228333,0,17.289993286132812,32404.34714846342,941.5272597622311,4,1.3
107.44986033439636,0,26.811080932617188,172754.46941883443,3224.860654342888,17,1.8
107.95258498191833,0,25.287994384765625,167339.6185823898,3312.2041521196857,14,1.6
108.4486711025238,0,30.540847778320312,234280.12821870807,3839.3171286893744,18,1.9
108.95055365562439,0,26.496109008789062,198428.49199815938,3747.6446057442517,19,1.4
109.45514273643494,0,18.597824096679688,65878.26219776779,1773.0031120085132,5,1.4
109.95561361312866,0,20.288604736328125,102285.38392135255,2522.549020256702,12,1.2
110.45465970039368,0,16.064468383789062,26480.65641097468,756.2030507189868,1,1.2
110.95451951026917,0,18.790786743164062,54366.24931972065,1562.3614062184067,6,1.9
111.45581483840942,0,19.228378295898438,73283.02120007173,1915.814190521612,7,1.5
111.95518350601196,0,19.514205932617188,75699.0405444529,1898.1556373804328,7,1.6
112.45870304107666,0,18.417800903320312,70022.27489717363,1870.473037516083,8,1.3
112.95789361000061,0,22.511383056640625,121035.40183326606,2796.629591420356,12,1.6
113.4576849937439,0,16.393630981445312,27748.35521518528,731.0766000262479,1,1.2
113.955983877182,0,21.848007202148438,110749.50722554576,2879.1184210985793,15,1.4
114.45648622512817,0,30.263900756835938,232252.88401713397,3848.909000063024,18,1.9
114.96011519432068,0,22.920364379882812,135728.36047194139,2963.303675032904,13,1.2
115.46003699302673,0,17.916641235351562,55626.82496118419,1553.8626707035091,5,1.2
115.96017837524414,0,23.57171630859375,128473.47672879467,2646.6040564579403,12,1.9
116.45974659919739,0,20.515548706054688,70256.32017282884,1764.9052686226253,6,1.2
116.95811557769775,0,29.81951904296875,221412.4093832816,3716.190051231878,18,1.9
117.45910477638245,0,25.55645751953125,169910.80962939962,3325.460891246355,14,1.6
117.96183753013611,0,22.913467407226562,125776.57666268646,2722.1109267961992,11,1.6
118.46338415145874,0,19.9073486328125,87554.95975874843,2216.9200336029335,9,1.2
118.96347784996033,0,18.283950805664062,44954.876376573695,1232.9392175468201,3,2.0
119.46587944030762,0,25.010665893554688,146265.25562653155,2926.6313944429226,16,2.0
119.9636390209198,0,24.117324829101562,116707.99170062062,2421.9518712754334,10,1.5
120.46427702903748,0,18.329940795898438,35019.02295189105,920.0793492892112,2,2.0
120.96469569206238,0,17.247283935546875,27579.55577811198,812.3597925539539,3,1.7
121.46400046348572,0,20.997344970703125,110755.5767140299,2699.2460274896407,17,1.2
121.96292448043823,0,20.978530883789062,98057.30727798054,2339.486986570889,9,1.5
122.4668219089508,0,17.361038208007812,51940.533717792554,1483.148628065528,5,1.2
122.96173286437988,0,28.41741943359375,204220.9805045463,3630.519662106871,18,1.8
123.46467328071594,0,17.121841430664062,34873.138981255164,885.5355927339615,1,1.2
123.96584296226501,0,27.14202880859375,157538.4721107418,3286.4160829332463,17,1.8
124.46409130096436,0,29.898712158203125,227060.61362183426,3800.4646955612875,18,1.7
124.96823787689209,0,21.402618408203125,96361.23277129428,2221.3637178980807,8,1.6
125.46850919723511,0,19.450531005859375,43708.498041731684,1132.5654807760197,3,1.9
125.96986293792725,0,21.430267333984375,108943.34958317514,2500.9953989237097,13,1.3
126.47031688690186,0,23.984207153320312,161309.61489823938,3447.0599537227013,16,1.4
126.97009372711182,0,24.612014770507812,125681.19048698575,2555.7436311705155,13,1.2
127.4695475101471,0,24.1524658203125,107704.62632424785,2231.6147925016553,9,1.9
127.9716944694519,0,16.429229736328125,30136.080428707217,855.7917946031693,2,1.4
128.4714126586914,0,22.984771728515625,68990.42023499685,1603.9315262923794,10,2.0
128.97135138511658,0,19.05511474609375,46651.508412560834,1218.3605456775967,3,1.8
129.47313475608826,0,22.115859985351562,72393.319814881,1623.7216198594576,7,1.9
129.97186875343323,0,17.56658935546875,38546.507574543124,1079.6062693920662,3,1.5
130.4730203151703,0,16.369644165039062,16482.157993829227,455.1106868841472,1,1.8
130.97482085227966,0,17.343551635742188,37448.05572904279,1200.3308455632323,5,1.4
131.47498774528503,0,19.673812866210938,74624.01516850403,1881.5874813761739,7,1.7
131.97512435913086,0,18.100845336914062,41473.830767371255,1127.2954174348392,3,1.7
132.47157764434814,0,25.700485229492188,140904.39437182088,2785.1225127010694,17,1.9
132.98000597953796,0,19.10821533203125,49903.772346218335,1295.3590678093328,2,2.1
133.47371435165405,0,21.345596313476562,60413.769520032845,1468.827552978937,10,1.8
133.97770714759827,0,20.435256958007812,96022.47694826151,2351.622007922374,9,1.5
134.4774661064148,0,16.362442016601562,30118.19949846141,847.6729809601344,2,1.3
134.97660040855408,0,23.784622192382812,130865.41251888727,2973.433819043348,17,1.7
135.47858953475952,0,18.991241455078125,53742.5416941384,1357.309897879657,3,1.7
135.97686338424683,0,17.433441162109375,42393.1463067852,1225.5755935573882,5,1.6
136.47631645202637,0,21.592437744140625,101182.57373803572,2399.21960706164,9,2.1
136.974915266037,0,20.470245361328125,33350.86249264878,775.5647145291449,2,1.6
137.47745418548584,0,20.5865478515625,62616.90152266603,1605.9516261970412,10,1.4
137.9779212474823,0,23.127670288085938,131456.25155198862,2819.220405160669,12,1.7
138.4791955947876,0,27.94146728515625,196231.2352046481,3565.3818385165346,16,1.8
138.97740364074707,0,20.5106201171875,41621.2685887111,982.7591698755527,2,1.5
139.48319268226624,0,16.824798583984375,35244.15519034652,1047.3825236026591,4,1.5
139.98038506507874,0,22.451522827148438,55574.13863666484,1227.8009029600044,6,2.1
140.48408102989197,0,19.249481201171875,44988.78055241587,1205.9026296556415,3,2.0
140.98208832740784,0,18.27655029296875,50763.73972410824,1405.4074531713882,6,1.5
141.48238229751587,0,23.0595703125,115151.81570970971,2499.00580188879,11,2.0
141.98477816581726,0,22.22369384765625,119991.87357870763,2702.2510484382597,12,1.3
142.4849133491516,0,20.7060546875,101185.92510942573,2445.8063481582794,10,1.4
142.98606896400452,0,23.007308959960938,147050.51016448892,3198.592244232849,15,1.4
143.4815764427185,0,30.871246337890625,218453.85544552977,3454.4766619644934,15,2.2
143.98225712776184,0,20.31317138671875,79755.39804127271,2010.1735579653316,5,1.7
144.48299956321716,0,21.16741943359375,83935.58552132401,1982.764131058485,7,2.1
144.98364686965942,0,17.427444458007812,35553.002942361025,954.5863158585969,3,1.2
145.4873776435852,0,16.833969116210938,31395.074289076598,996.4376127936941,4,1.5
145.98778581619263,0,15.622238159179688,13929.593299488353,401.030885342038,1,1.2
146.48822808265686,0,21.369873046875,115358.80829118367,2975.029372450903,17,1.3
146.98683857917786,0,17.436004638671875,33729.89524430694,922.4590342403775,2,1.5
147.49010133743286,0,19.598480224609375,55323.126622180964,1467.9709686812425,6,1.6
147.98952269554138,0,23.476470947265625,104901.40578614158,2234.364786676321,12,1.2
148.4902732372284,0,26.149398803710938,116420.25410832178,2208.043115385356,9,2.2
148.9910535812378,0,19.192047119140625,56449.33930421359,1447.266142458478,4,1.8
149.49111223220825,0,17.791000366210938,25815.507570277623,707.9984115970568,2,1.6
149.99083757400513,0,24.386398315429688,117392.79269973745,2445.7486189037954,14,2.1
150.49113774299622,0,23.079879760742188,139052.68410920753,3150.3630328125178,14,1.2
150.9878704547882,0,36.03257751464844,286472.8789707685,3978.8716180993642,19,2.2
151.49296522140503,0,30.485870361328125,201039.65660552608,3300.2830100474393,14,2.0
151.99387407302856,0,25.976211547851562,161157.38506556334,3028.771145286855,13,1.7
152.4940254688263,0,25.372421264648438,143629.73410310788,2762.290570102243,11,2.0
152.9923586845398,0,32.035430908203125,244832.73226858408,4014.336512859888,19,1.9
153.49496173858643,0,21.860214233398438,101135.7456350942,2215.0743575980136,7,1.8
153.99494791030884,0,23.617889404296875,117301.8397209425,2593.2037766616577,11,2.1
154.4924430847168,0,31.897598266601562,223191.7876918548,3502.019150982974,16,2.1
154.99374055862427,0,27.199859619140625,155673.8006811313,2823.6175140387195,11,2.1
155.49651050567627,0,27.5394287109375,167372.9376923339,3085.24918551615,13,2.1
155.99404096603394,0,24.505386352539062,161468.91897997065,3297.642356559993,18,1.2
156.4939422607422,0,26.281524658203125,150971.95488244627,2848.579029323276,11,2.2
156.99490356445312,0,17.586227416992188,33841.716388830144,954.4969254623086,2,1.2
157.49828553199768,0,17.601943969726562,23683.532411600416,685.6060910519686,2,2.1
158.0020010471344,0,17.081985473632812,28742.772264942334,811.7323376373957,3,1.4
158.4983344078064,0,23.460250854492188,127613.6623513775,2806.917982609329,15,1.7
158.99741959571838,0,32.11834716796875,249655.35728753006,3909.0741296056644,18,2.0
159.498042345047,0,23.579727172851562,126757.9510410845,2690.107461168262,10,1.7
159.99993109703064,0,21.040847778320312,103913.19836186703,2471.763521505396,10,1.5
160.5013129711151,0,24.545501708984375,146732.09347827375,2965.9609676404657,13,1.7
161.0021915435791,0,19.658462524414062,63819.70825580356,1597.4290950271552,4,2.1
161.50225639343262,0,23.435394287109375,70697.91621484022,1548.3417754980592,7,2.0
161.99822115898132,0,36.06915283203125,263025.5313348896,3649.739172224037,19,2.2
162.5025987625122,0,23.414947509765625,87731.66896212458,1746.7901639728855,7,1.3
163.00182008743286,0,17.498565673828125,19968.15002685789,593.4200661675326,1,1.3
163.50325918197632,0,20.203720092773438,76149.14770322903,1941.5236312856334,11,1.3
164.00185346603394,0,21.77587890625,88954.31826043775,2044.7395116263426,7,2.0
164.50627946853638,0,23.672210693359375,148345.27887184374,3136.082259559541,16,1.4
165.00503253936768,0,26.868148803710938,150002.36989056316,2723.5966472648424,13,1.6
165.50631165504456,0,17.568145751953125,39684.666806797446,1129.4874416552452,2,1.6
166.00714921951294,0,21.484588623046875,93729.43163101471,2240.0708174776673,9,2.1
166.5064992904663,0,21.042465209960938,111151.39420309948,2612.1939350518733,12,1.2
167.0032079219818,0,31.17095947265625,240523.27218961008,3907.7719152935647,18,2.0
167.50943064689636,0,24.2269287109375,158964.8581430208,3283.7014113177506,16,1.2
168.0091118812561,0,20.8170166015625,105892.83196769255,2546.0420681041205,11,1.2
168.50967240333557,0,23.573318481445312,96237.36347921567,1978.2110879596817,10,1.3
169.00837516784668,0,23.961578369140625,129129.30704101462,2782.5796353160385,12,1.7
169.5103244781494,0,19.0098876953125,34724.52150432072,914.2610560653443,2,2.0
170.01197624206543,0,20.136428833007812,77624.5514692667,1929.239803252502,8,1.9
170.50961112976074,0,18.601959228515625,45735.62118896501,1157.2974510662802,3,2.0
171.0106542110443,0,20.407272338867188,83399.33357567497,2166.678587210663,13,1.5
171.51231360435486,0,23.69842529296875,139235.17141156818,2901.5008022664347,12,1.7
172.01012134552002,0,30.986038208007812,230667.1608379727,3775.022776863753,17,2.0
172.5096297264099,0,18.572219848632812,57856.05183155222,1559.0489578515037,4,1.2
173.0142047405243,0,16.5899658203125,21223.94700546653,640.2062617269416,2,1.3
173.51470851898193,0,19.983932495117188,88838.3712504135,2205.0214596534843,14,1.2
174.0101501941681,0,32.57838439941406,261871.08212272907,4059.1024520656824,19,2.0
174.51037216186523,0,30.16973876953125,198767.91071840664,3297.2774726330717,13,2.2
175.01421666145325,0,24.974655151367188,135535.0494821612,2716.233701280412,10,2.2
175.51302123069763,0,25.153854370117188,140474.97353712065,2794.959331700721,11,2.0
176.01456499099731,0,23.460861206054688,143110.976314726,3052.871732667504,16,1.4
176.51489663124084,0,17.828887939453125,42980.575011335284,1092.3283642892966,2,1.9
177.01740789413452,0,16.842666625976562,21967.5249697888,683.383472201964,2,1.6
177.5155532360077,0,23.026473999023438,124942.31419979689,2844.8558820937233,15,1.6
178.0137255191803,0,26.320816040039062,162813.42796692267,3095.9146508239896,12,2.1
178.5140516757965,0,31.948410034179688,230422.52981702288,3609.7571014213113,16,2.2
179.0171468257904,0,27.449920654296875,177867.52424849887,3205.87447622457,13,1.9
179.52044820785522,0,17.281784057617188,35188.92673282972,904.0154620560685,1,1.3
180.02025628089905,0,17.091033935546875,16163.199357508063,503.07079328403915,5,2.2
180.52089524269104,0,22.471237182617188,115347.94471146732,2690.194558880948,13,1.3
181.0184817314148,0,29.712356567382812,220697.14162602715,3770.3842085342812,17,2.0
181.52167630195618,0,18.626174926757812,46426.49168365166,1207.2258576127338,2,1.9
182.02141094207764,0,20.738418579101562,85883.4489344521,2139.0734221510647,12,1.6
182.52589416503906,0,24.529769897460938,171450.08233423706,3497.831425189244,19,1.3
183.02337408065796,0,22.027191162109375,113156.49325708472,2522.5640251209843,9,1.8
183.52254724502563,0,26.371292114257812,164727.62917755233,3173.5267137233845,14,1.9
184.022234916687,0,21.675674438476562,77990.23389005059,1755.6547136751806,6,1.5
184.52111625671387,0,29.640472412109375,211713.9181609921,3677.3030633435574,17,2.0
185.02379846572876,0,19.830322265625,63786.97120353746,1573.6002462296092,4,1.9
185.52545642852783,0,20.57080078125,81245.04202471644,2020.8255595907806,7,2.0
186.02314615249634,0,24.946624755859375,149195.9290575931,2920.3950719981995,15,1.7
186.5261356830597,0,18.970611572265625,50855.599452484246,1308.2340495697595,2,2.2
187.0285623073578,0,20.89117431640625,101990.62887875557,2563.570586740135,18,1.2
187.52398777008057,0,23.110549926757812,120164.4183395659,2601.84202412165,9,2.2
188.03015971183777,0,21.4818115234375,102771.86534407736,2393.9787360991936,9,1.7
188.5275387763977,0,17.745193481445312,29071.293818652142,711.1784953596417,1,2.2
189.02560448646545,0,22.96258544921875,95704.08527095754,2362.4952913063935,11,1.8
189.52941608428955,0,19.60211181640625,70803.45508108435,1795.8779303838262,6,1.6
190.02697682380676,0,27.875503540039062,201367.73542791407,3639.3961405677205,18,1.7
190.52787923812866,0,32.29119873046875,260707.91598811545,4038.3140027860786,19,1.9
191.03008580207825,0,18.03802490234375,46013.21055737786,1275.361361598457,2,1.2
191.52908897399902,0,20.544021606445312,97366.74003872696,2331.821924533543,14,1.5
192.03040885925293,0,23.55340576171875,155936.00204482963,3372.9304714446007,15,1.4
192.528737783432,0,26.255401611328125,170976.61283671187,3259.2531345275165,14,1.8
193.03073239326477,0,28.500244140625,201793.19868207708,3543.302980203363,16,1.8
193.5333652496338,0,25.873855590820312,166055.65364200814,3211.9681470853097,14,1.6
194.03168535232544,0,26.58221435546875,133796.6943792642,2481.9978921893908,14,1.2
194.53354358673096,0,25.535736083984375,164406.4139553959,3269.7314745654344,16,1.5
195.03204464912415,0,22.44647216796875,119518.78493411807,2663.0465381237373,10,1.8
195.53480577468872,0,18.126495361328125,56517.20964203091,1561.4711744215608,5,1.3
196.03505182266235,0,21.977096557617188,130594.31961343555,2973.777715753275,16,1.3
196.53662753105164,0,23.173446655273438,156502.67422488783,3379.42823805965,17,1.2
197.03323769569397,0,22.895523071289062,121205.15406709135,2617.2802348047057,10,1.9
197.5359718799591,0,16.137451171875,24970.188276020763,767.4074343030908,1,1.4
198.0348298549652,0,15.423980712890625,11298.973864300495,334.0901480571335,1,1.5
198.53413772583008,0,28.2686767578125,174808.54932377054,3434.826498313736,19,1.9
199.03475046157837,0,26.836410522460938,131033.98885747777,2443.9557572390863,10,1.9
199.53470587730408,0,22.871292114257812,112044.54727013239,2451.8509806904162,9,2.0
200.03677582740784,0,18.853042602539062,45853.886726220255,1214.8171774096295,3,1.9
200.53923273086548,0,19.191192626953125,40150.599924395894,995.9255983474781,3,2.1
201.0390486717224,0,24.950729370117188,118429.49577182368,2496.039257056296,12,2.2
201.53884553909302,0,31.565155029296875,165897.1523154152,2596.850860511231,12,2.2
202.04070019721985,0,22.323928833007812,71189.54127676255,1530.6893448556104,5,1.6
202.5410737991333,0,16.634628295898438,26789.849921458477,785.9508350555466,2,1.5
203.03799843788147,0,20.169601440429688,67882.67311890826,1816.694301482409,8,2.0
203.54143381118774,0,24.873519897460938,159463.27233123194,3207.6280449613555,17,1.4
204.0429277420044,0,19.023941040039062,37163.34099097543,874.9501465005499,1,2.0
204.5421645641327,0,21.2109375,55871.53493443033,1456.55985267035,11,1.2
205.04063320159912,0,20.580184936523438,83270.6190040457,1970.5362281769026,7,1.8
205.5431423187256,0,21.813079833984375,75400.70834131581,1776.6404512774022,8,1.2
206.04306960105896,0,21.809844970703125,108445.97035819532,2488.4175047050016,10,1.8
206.54317426681519,0,22.729156494140625,111705.38666045069,2459.3521547713513,9,2.0
207.0435013771057,0,27.01812744140625,167509.19496988528,3102.990767284515,14,2.0
207.54457068443298,0,28.15533447265625,184993.24853972075,3237.04199246906,14,1.9
208.04291248321533,0,28.903045654296875,202678.00380675486,3564.0880629715075,16,1.8
208.5420436859131,0,21.544448852539062,99641.31762971317,2314.702981790264,8,1.7
209.04455947875977,0,24.411529541015625,111704.76608268855,2211.0863602098716,9,2.2
209.5470359325409,0,20.388687133789062,76825.40619843733,1899.4356893053623,6,1.8
210.0475993156433,0,22.763824462890625,140571.99225078273,3161.375634279586,16,1.3
210.5484459400177,0,24.947402954101562,159060.7222409449,3204.3816403284986,14,1.6
211.04906749725342,0,19.66094970703125,59944.62109319053,1492.247344974777,4,1.8
211.54921865463257,0,18.863525390625,55374.03940892046,1420.7312495955478,5,1.7
212.04847145080566,0,21.851730346679688,97324.9334479026,2298.3992207112055,9,2.2
212.5495467185974,0,21.32110595703125,107074.7984142906,2573.271766979174,11,1.4
213.05077242851257,0,16.93939208984375,39066.22754953874,1142.9571909849208,3,1.2
213.5498125553131,0,25.611770629882812,154445.72724457,3047.3879033156527,15,1.9
214.04890155792236,0,24.27459716796875,129852.3571796019,2667.5210942509084,9,2.2
214.5521845817566,0,21.177658081054688,103292.31018019469,2449.7042969265053,11,1.3
215.04726481437683,0,29.692047119140625,206557.7892547516,3481.437288079848,15,2.2
215.55372023582458,0,21.10198974609375,92600.20208669605,2196.2383906749387,8,1.4
216.05333948135376,0,23.82757568359375,147937.2506680059,3059.6902080222135,15,1.5
216.55237245559692,0,25.082809448242188,151291.28280725982,2967.5304177386065,12,1.9
217.0551347732544,0,24.236068725585938,149509.58137881465,3186.820473011046,13,1.6
217.55135583877563,0,23.457870483398438,127220.33575647813,2713.8865842513183,10,2.1
218.0516152381897,0,25.748779296875,185323.39885264565,3602.4620402590385,19,1.4
218.55548238754272,0,26.93084716796875,200987.65440954748,3734.3793670039777,18,1.5
219.0522472858429,0,31.531723022460938,243633.94807482645,3867.0262298429734,18,1.9
219.55585646629333,0,17.129806518554688,27009.977529220534,789.2091475380338,1,1.2
220.05715990066528,0,19.914581298828125,82619.72341668911,2076.1169607132515,10,1.5
220.5531039237976,0,27.260162353515625,135907.6395376467,2495.0328291507185,11,2.0
221.0555100440979,0,34.329254150390625,231880.68869187235,3380.440468983493,19,2.0
221.558021068573,0,23.216384887695312,98101.3494254968,2114.5841713719733,6,2.2
222.0578646659851,0,19.559478759765625,87085.64997293665,2169.5874681124938,9,1.3
222.55491495132446,0,16.236618041992188,21640.003442127905,677.1114508924586,1,1.4
223.0578591823578,0,17.063308715820312,21117.247999068288,589.0416781055585,2,1.9
223.5592966079712,0,19.603302001953125,88829.11162212063,2404.3908518730123,14,1.2
224.05826568603516,0,17.457199096679688,38288.58655096472,1097.7133212420515,2,1.9
224.56075191497803,0,28.69647216796875,182825.49235448946,3188.2316217992484,19,1.8
225.06017971038818,0,33.12696838378906,259572.31773128425,3921.638662944281,17,2.1
225.56199550628662,0,18.068466186523438,48184.549890905764,1322.580442263762,2,1.3
226.06043004989624,0,18.7568359375,55396.28681968443,1441.3411776956318,10,1.4
226.5610637664795,0,24.319290161132812,139207.24774249317,2961.1884032327994,12,1.9
227.06014251708984,0,23.866683959960938,130621.5137655317,2598.014877308556,10,2.2
227.55898427963257,0,24.416412353515625,92188.82605015932,1963.3924634753905,7,1.9
228.0617232322693,0,30.357254028320312,187447.239758939,3129.235599220505,14,2.2
228.56274557113647,0,28.360733032226562,179570.00097718713,3168.8179532552945,14,1.8
229.06392693519592,0,18.313812255859375,49461.278569044494,1201.1698980348503,3,1.3
229.5618245601654,0,24.042556762695312,110901.66253891702,2565.5757251120644,12,2.2
230.0622160434723,0,18.501129150390625,39439.59576427471,1014.262418659123,2,1.7
230.5629529953003,0,18.40069580078125,49978.74489187415,1390.6539337992617,6,1.8
231.0655472278595,0,-262125.22494506836,65273.51561672501,-0.127893070981724,7,1.3
231.56618738174438,0,22.976821899414062,138463.35966997486,2955.6306915418886,14,1.6
232.06366562843323,0,31.572433471679688,247183.21714071307,3996.96780145868,18,2.0
232.56592464447021,0,24.712936401367188,138723.4155021981,2747.548850416804,11,1.7
233.06846570968628,0,19.329544067382812,72949.56515605557,1930.0506970028757,7,1.2
233.5704381465912,0,19.714462280273438,88283.94949957156,2241.4002153239107,10,1.2
234.0702464580536,0,16.490936279296875,28735.614403427844,801.5918427018274,2,1.2
234.56913113594055,0,20.642425537109375,87403.53769361925,2286.552998103224,10,1.9
235.0706660747528,0,26.6510009765625,171470.7063238369,3225.6949776709034,14,1.9
235.57192087173462,0,21.276596069335938,102993.67677623745,2394.508963462693,9,1.4
236.07096791267395,0,19.235809326171875,57427.80546310135,1480.7799098551686,4,2.2
236.5711748600006,0,22.447280883789062,132368.4072204222,3011.5006066868104,15,1.4
237.0694761276245,0,29.375564575195312,222684.56500276283,3794.480263168147,18,1.8
237.5716745853424,0,24.288681030273438,134400.13436542472,2748.7289209647297,10,2.1
238.06995797157288,0,31.458999633789062,239298.054192109,3834.9280461677927,18,2.0
238.57360553741455,0,30.814056396484375,229427.86366629068,3726.221517953086,17,1.8
239.07580542564392,0,21.959228515625,110006.49743055504,2507.055289343488,9,1.6
239.57075381278992,0,32.533203125,260721.74702489248,4010.1492465630067,19,2.1
240.0737783908844,0,18.28656005859375,35938.81072070288,979.7906190442814,1,1.9
240.57664322853088,0,21.142807006835938,88416.70004163252,2100.998225336764,10,1.7
241.0730016231537,0,28.432723999023438,199208.35257534185,3506.4878062131615,16,1.9
241.5738844871521,0,30.708786010742188,221136.27104032895,3603.9848648294114,15,2.1
242.0757703781128,0,18.187911987304688,44903.823364725875,1166.7639482098018,2,1.6
242.57862162590027,0,17.847213745117188,50064.66373413682,1469.9213207539103,8,1.2
243.07803463935852,0,18.22735595703125,61573.30283503302,1662.0073735002695,6,1.4
243.57498288154602,0,23.993789672851562,125495.51677633054,2636.1821480650983,11,2.1
244.07914686203003,0,18.387054443359375,53215.13127348855,1424.0453837050857,4,1.3
244.5761115550995,0,27.06103515625,180282.52703515597,3451.6417964309558,18,1.8
245.07770681381226,0,26.31781005859375,158917.56523255975,2934.0207193563874,12,1.9
245.57780289649963,0,27.913665771484375,189546.04030366708,3497.7132992592997,16,1.8
246.07921147346497,0,30.666259765625,232799.137128682,3798.8656226862727,18,1.8
246.58190941810608,0,24.92156982421875,173782.93237358052,3489.748062157893,18,1.2
247.079519033432,0,31.962448120117188,248583.047816337,3892.3489068316044,17,2.1
247.5809051990509,0,29.324081420898438,219724.75863733536,3750.05779112418,18,1.6
248.08387279510498,0,23.694046020507812,90877.96604634117,1868.2752604466862,7,1.6
248.58237481117249,0,23.757293701171875,128663.44464178989,2783.2715641655072,13,1.6
249.0825216770172,0,22.434112548828125,105418.08857093933,2302.8323446072145,10,1.4
249.58447360992432,0,20.9959716796875,111670.40524056097,2616.6447944464794,12,1.3
250.08077955245972,0,22.65313720703125,122062.29466244238,2715.738638659945,10,2.1
250.58624124526978,0,16.164627075195312,23368.04672217582,734.3194460832668,1,1.3
251.0858473777771,0,15.845474243164062,11179.452140427973,318.8923172924236,2,1.5
251.5826699733734,0,22.194808959960938,82001.554500159,2057.237801972969,11,2.1
252.08526372909546,0,22.403533935546875,116233.5339269977,2596.4653686936313,11,1.4
252.5880446434021,0,20.7064208984375,98783.60195979525,2387.375406037954,9,1.6
253.0875985622406,0,22.790969848632812,152020.30072643285,3338.076462093331,19,1.2
253.58757162094116,0,24.593185424804688,165435.4718577174,3367.3555730797602,15,1.5
254.08896279335022,0,17.253402709960938,34049.00975488011,878.7831742457676,1,1.7
254.589350938797,0,22.197219848632812,99221.90586982587,2413.770749912182,12,1.7
255.08505845069885,0,32.16229248046875,246843.13821584012,3960.600758710079,18,2.1
255.5857322216034,0,34.05107116699219,273054.31924270233,4013.9706422067684,18,2.1
256.09071350097656,0,17.99298095703125,35179.36790451797,976.4918910300987,1,1.9
256.59130454063416,0,16.300933837890625,17434.182388016878,483.34654188250846,2,1.5
257.0910224914551,0,22.259170532226562,99545.36484175766,2459.525610837023,13,1.9
257.59168219566345,0,21.900711059570312,60115.82191105102,1213.4765820028774,3,2.2
258.0896511077881,0,24.888137817382812,133548.90260717546,2983.630215521232,18,1.7
258.59082293510437,0,26.383331298828125,155350.28000298134,2963.9168425813364,11,2.2
259.0907757282257,0,26.289764404296875,165118.4724055953,3143.5428149554887,17,1.6
259.5935413837433,0,25.245819091796875,145741.02595132432,2888.83477041541,11,2.0
260.09312653541565,0,17.509902954101562,35373.20177684754,896.2928030577006,2,1.4
260.5913996696472,0,17.635543823242188,41095.25422358278,1286.322680341904,5,1.6
261.094829082489,0,19.0521240234375,74371.92720862353,1951.7508889956753,8,1.4
261.5951554775238,0,20.84722900390625,101166.80857513555,2456.729380696274,10,1.6
262.09649419784546,0,19.529800415039062,66517.2846382778,1695.460234939312,5,1.9
262.59216380119324,0,28.947845458984375,203594.11243243623,3538.156238436456,19,1.9
263.0978569984436,0,20.615402221679688,90666.05438304749,2132.434745986643,7,1.4
263.5973310470581,0,19.481155395507812,72470.49629148551,1830.2815862873292,6,2.1
264.0933871269226,0,25.2930908203125,120884.08361491027,2504.359805213295,12,1.6
264.59501338005066,0,26.815948486328125,113863.1843282129,2106.097422912126,9,2.0
265.0988688468933,0,20.178939819335938,58726.63921437319,1431.9880161549008,4,2.2
265.599484205246,0,18.859344482421875,58710.42177561574,1599.1542032709638,8,1.2
266.09777069091797,0,20.745697021484375,84753.52856832235,2044.5203627564192,7,2.0
266.5978047847748,0,21.426559448242188,90320.29864817271,2109.811428624331,8,1.9
267.0992503166199,0,22.95745849609375,132771.9435026908,2806.9744745902403,13,1.5
267.60130763053894,0,16.515304565429688,32895.97719812315,884.2707043120182,1,1.6
268.09878039360046,0,22.255340576171875,63448.32234408952,1630.8445101424315,11,1.5
268.59799885749817,0,24.73974609375,165196.57033804787,3342.1119071585053,19,1.4
269.10321021080017,0,20.15771484375,75897.06352840572,1884.4397936196497,5,2.1
269.5991804599762,0,30.563568115234375,232036.1006901427,3798.901998687977,19,2.0
270.1040105819702,0,21.203811645507812,96173.99491647705,2270.110714278004,8,1.3
270.59956431388855,0,23.94317626953125,133010.4708947502,2780.124042469123,11,2.1
271.10176253318787,0,22.363327026367188,114686.27767596589,2490.50599377867,10,1.7
271.6054759025574,0,21.789505004882812,128351.12184853102,3035.8193077436435,16,1.2
272.1033411026001,0,25.426895141601562,180107.33000337664,3544.750528841913,16,1.6
272.60473132133484,0,25.61859130859375,188034.6586216425,3672.684374664967,19,1.3
273.10442328453064,0,28.5361328125,210923.1932503468,3699.9056842681634,17,1.7
273.60514783859253,0,20.1468505859375,68354.04633004765,1653.2112479777998,4,2.1
274.10421681404114,0,18.651214599609375,46404.18214787208,1224.102584744168,4,1.8
274.60719871520996,0,19.915573120117188,73394.85379001309,1924.1725944251666,7,1.8
275.10738229751587,0,28.779312133789062,168779.2034356227,2934.8859905804684,13,2.2
275.6089355945587,0,24.14605712890625,123376.4734854273,2418.94565593806,10,1.8
276.1093261241913,0,16.24029541015625,33334.5633426626,1026.2128599937612,2,1.2
276.60856771469116,0,15.85540771484375,11790.932332730275,345.05577519006835,1,1.3
277.1066961288452,0,29.579238891601562,177245.07953681352,3382.6766255439115,19,2.1
277.60647106170654,0,25.026641845703125,140924.6965615622,2818.1967215113777,10,2.1
278.10631346702576,0,25.685165405273438,110303.87621397861,2148.9446974193,9,1.9
278.60727620124817,0,18.43499755859375,46908.44945430207,1268.8366204364338,4,1.4
279.11097979545593,0,17.489410400390625,38551.39152489231,1075.6794865754773,4,1.3
279.60866022109985,0,18.403594970703125,24334.463961759793,661.1208309772506,2,1.7
280.11030292510986,0,17.866104125976562,32168.155759162928,927.7344340504906,3,1.8
280.61427998542786,0,18.265960693359375,17670.639166172612,418.6475668252194,1,2.0
281.1108696460724,0,23.9400634765625,112593.36491151406,2671.212633275035,15,1.8
281.6111943721771,0,26.2454833984375,119440.60368851013,2278.9444984488587,10,1.8
282.11306071281433,0,23.536636352539062,116173.49914578388,2470.2765139899784,11,1.5
282.61543130874634,0,16.731216430664062,31441.667718798537,892.224427426614,2,1.5
283.11655712127686,0,19.003753662109375,76001.50124505039,2031.7038773756856,10,1.2
283.6154360771179,0,22.458023071289062,114832.17377772111,2597.2010009450955,10,2.0
284.1144664287567,0,31.308441162109375,231126.81652588866,3772.7525106855833,18,1.9
284.6169819831848,0,23.271438598632812,129721.83734697907,2681.2695629253362,11,1.5
285.1176493167877,0,23.337631225585938,119529.88750943141,2601.84932279799,10,2.0
285.61973667144775,0,18.065643310546875,33088.85546304236,813.2010439630052,1,2.1
286.1182985305786,0,16.807144165039062,17339.55492766837,552.9196339810418,2,1.5
286.6174273490906,0,22.913360595703125,120594.98324701782,2807.226802517231,16,1.6
287.11955213546753,0,19.825942993164062,65756.8147655012,1547.7700107672285,4,2.2
287.6191620826721,0,29.509140014648438,176173.83051221017,3104.800748328129,15,2.2
288.1198570728302,0,25.414169311523438,154330.53331500883,3060.497435370927,12,1.7
288.61999106407166,0,19.048553466796875,65124.71734899703,1747.6917634732122,5,1.5
289.12165451049805,0,19.004638671875,49905.49660829556,1304.4709993191423,4,2.1
289.6222004890442,0,16.602645874023438,30827.90997308979,913.5290913920139,3,1.2
290.1218271255493,0,18.450485229492188,71139.85998314072,1912.578426045613,10,1.3
290.61947774887085,0,30.547515869140625,210831.84698386714,3568.637150954913,16,2.1
291.12036752700806,0,22.730545043945312,106180.5490724294,2330.564440825445,8,1.9
291.62298035621643,0,20.161224365234375,83311.5778951326,1983.5104890235725,7,1.8
292.1242654323578,0,19.133132934570312,63145.05325718313,1663.554009102734,5,1.8
292.62385845184326,0,18.451385498046875,46741.86437534887,1286.786837905113,4,1.7
293.1254210472107,0,22.646255493164062,103892.92859760625,2345.9507474000184,9,2.2
293.62606287002563,0,18.714111328125,57019.575358562644,1403.4329249996738,5,1.2
294.1232874393463,0,16.80792236328125,35770.863943063174,1106.7994959710365,3,1.6
294.6258153915405,0,22.074234008789062,126029.36219684109,2973.3308061275065,19,1.3
295.1256184577942,0,28.35174560546875,203625.53462282335,3585.176073969624,15,2.0
295.6270110607147,0,18.745132446289062,65328.297390844506,1547.335025938537,4,1.5
296.12742495536804,0,24.836502075195312,155162.33155745108,3486.9644581107523,18,1.5
296.6284234523773,0,18.039688110351562,57535.29706534176,1562.4438641944294,4,1.3
297.129597902298,0,19.132492065429688,80984.60543302252,2132.9683483176445,10,1.3
297.62872767448425,0,17.782012939453125,50345.32129370493,1359.1824548938441,4,1.5
298.1295566558838,0,16.218780517578125,17696.50097975982,567.3669478433815,1,1.7
298.6305077075958,0,18.307876586914062,59658.104173791966,1656.9371033275686,8,1.4
299.1286721229553,0,19.19610595703125,54388.71960650065,1404.0868528404592,4,2.2
299.62724804878235,0,23.609207153320312,116434.876953133,2445.8678186437514,12,1.9
300.1299316883087,0,25.932525634765625,171140.48936200447,3364.8862910220214,16,1.6
300.62850975990295,0,34.15716552734375,279450.8821322736,4093.7530336954173,19,2.1
301.1324565410614,0,21.3023681640625,84793.98219276189,1901.7134474439713,5,2.0
301.63769817352295,0,21.712173461914062,121996.74193981299,2939.2727592170795,19,1.2
302.13135266304016,0,26.913742065429688,190295.66125493258,3538.6383568835577,16,1.7
302.63059520721436,0,23.735107421875,131076.80573683177,2764.0068710848705,10,2.1
303.13101148605347,0,23.731170654296875,153069.62221973087,3228.03291569308,17,1.2
303.6338355541229,0,27.77484130859375,201700.05274268708,3598.2563820833598,17,1.7
304.1337516307831,0,22.31500244140625,119631.35290248248,2709.6568848141046,10,1.6
304.6359384059906,0,20.529678344726562,76488.99886227955,1864.6176212416374,6,2.0
305.13569378852844,0,16.319808959960938,18767.491156343356,568.1439055290383,1,1.4
305.634459733963,0,22.607315063476562,107234.5892339184,2404.442979954684,12,1.9
306.1336944103241,0,16.623519897460938,26800.87620740111,801.5149668774479,1,1.5
306.63377046585083,0,21.879974365234375,100372.09997968262,2256.8125161270527,10,2.2
307.1343867778778,0,19.384613037109375,81810.19010516429,2161.9208967324994,8,1.2
307.63451313972473,0,20.55096435546875,74650.53907445178,1728.0940877380037,6,2.2
308.1401038169861,0,20.682022094726562,91519.76739332132,2318.9705426448095,9,1.6
308.63892889022827,0,19.98089599609375,77017.2123430925,1911.7761289317493,6,2.1
309.14063715934753,0,18.964157104492188,72297.75816215225,1814.5810441450394,8,1.4
309.64029932022095,0,16.68963623046875,37254.90417673501,1184.3877078586763,3,1.2
310.1370072364807,0,23.353424072265625,118243.65439091918,2518.6456520460765,14,2.0
310.63686776161194,0,20.2213134765625,65327.84635588597,1626.3038520280345,4,2.1
311.13862466812134,0,15.958236694335938,15078.282493440072,461.64248225587306,1,1.3
311.6425528526306,0,18.755599975585938,64940.99180659931,1772.643905994873,8,1.4
312.1388943195343,0,19.91998291015625,93350.17181095522,2343.4759061062787,10,1.3
312.6428828239441,0,23.241531372070312,136394.18853939092,2816.595815139214,13,1.6
313.1391589641571,0,22.037704467773438,109939.900715085,2574.406063161626,8,2.2
313.6446144580841,0,18.984298706054688,77786.95749829776,2015.6657136771544,8,1.2
314.1457154750824,0,15.97332763671875,21653.45445297905,618.1554792191267,1,1.2
314.6451199054718,0,18.272735595703125,43152.67218765745,1284.865086403423,7,2.0
315.14260959625244,0,26.597702026367188,167549.58396764874,3248.2129438984525,15,1.8
315.64605832099915,0,18.876678466796875,52275.09933214016,1386.1548813274896,3,1.9
316.1426725387573,0,28.901657104492188,212924.58850106236,3687.020422902921,19,1.7
316.6429114341736,0,22.76947021484375,122185.08934600434,2685.5258125477476,11,1.4
317.1445219516754,0,25.30645751953125,155330.3308907585,3037.327525619783,13,1.8
317.6478545665741,0,20.184341430664062,87110.63927541004,2054.2656862218882,8,1.3
318.14325070381165,0,27.570159912109375,169557.59976354477,3263.5646759698434,14,2.1
318.64857029914856,0,22.949371337890625,74597.87689003556,1551.5457689776,6,1.2
319.14974761009216,0,20.168121337890625,71915.63966856332,1783.2597988406173,9,1.3
319.6496458053589,0,20.7042236328125,56772.4881319343,1392.9524966245895,4,2.2
320.15016436576843,0,19.647720336914062,64813.21667200356,1662.533843105916,6,1.8
320.6470732688904,0,29.702987670898438,213195.42145766987,3681.8855130572815,18,1.9
321.15070271492004,0,20.568511962890625,81719.43719358048,1988.1846617674769,6,1.6
321.6517434120178,0,17.115478515625,26253.097299062887,740.207174951858,2,1.5
322.15198159217834,0,22.424118041992188,130766.98845890742,3008.9923658823873,16,1.3
322.64934158325195,0,31.934646606445312,248542.66193772323,3913.367244677044,17,2.2
323.14909410476685,0,24.190444946289062,132739.39906105242,2746.4149645660723,11,1.5
323.65565729141235,0,26.314498901367188,186193.8886835423,3541.5456835911114,18,1.5
324.15244030952454,0,29.0430908203125,197721.40483943088,3350.710866211894,14,2.1
324.65412425994873,0,16.863525390625,31393.63011738398,930.8848319893447,1,1.4
325.1512987613678,0,26.785003662109375,161536.8440075261,3070.8974707499565,17,2.0
325.65161776542664,0,21.619888305664062,84384.31811421247,1900.0098159266727,5,2.2
326.1542842388153,0,24.420700073242188,142781.61902779766,2993.280281923352,13,1.7
326.65644693374634,0,21.768020629882812,117466.73014614811,2676.5869525140038,12,1.2
327.15629720687866,0,24.183853149414062,138888.48325205344,2912.5218204406174,12,1.8
327.65403151512146,0,24.4158935546875,160660.47346663935,3292.977986651001,16,1.4
328.15472888946533,0,29.131103515625,211818.24563363058,3639.4433167673756,16,1.9
328.6551706790924,0,18.444229125976562,61332.91110000641,1635.6335520421324,5,1.2
329.15752816200256,0,22.728790283203125,121905.48427977311,2730.3256894345554,12,1.7
329.65926909446716,0,17.828323364257812,34538.24078223048,966.6640910580907,2,1.4
330.15959787368774,0,21.0794677734375,99514.09889131335,2341.4727796019297,13,1.3
330.6582820415497,0,21.782608032226562,128439.87020459735,2985.7306298575527,14,1.2
331.1599576473236,0,19.530563354492188,85596.62654276655,2193.7411237113806,8,1.4
331.6609230041504,0,17.27734375,50458.840030639105,1440.0940538096315,5,1.2
332.16112208366394,0,21.536956787109375,106127.68321520332,2444.2171900306494,11,1.6
332.6632332801819,0,20.698013305664062,92164.39007485613,2280.846924911443,7,2.0
333.1585319042206,0,25.894180297851562,186932.33326904668,3612.8581373847155,19,1.4
333.66130471229553,0,17.195510864257812,36036.223085089674,1029.6873492024758,2,1.6
334.1608579158783,0,17.115646362304688,30764.67059338971,826.7873558760836,3,1.6
334.66013383865356,0,18.050018310546875,57446.670982189855,1744.0979537181531,7,1.2
335.16086316108704,0,22.6043701171875,133186.558619313,2960.5337221547184,15,1.3
335.65972089767456,0,32.78511047363281,264877.55991737114,4043.207361055196,19,2.0
336.1618444919586,0,27.072723388671875,172821.77365148632,3096.622338153055,13,1.8
336.6648471355438,0,20.894973754882812,81016.90718795484,1923.2376394159955,5,2.2
337.16384649276733,0,23.361282348632812,135040.51697891727,3006.1705925192928,16,1.4
337.66593170166016,0,15.5948486328125,23856.336141299947,765.7015647382058,1,1.2
338.16699028015137,0,18.778106689453125,69969.27321805687,1864.5117198990445,8,1.6
338.6680328845978,0,19.067794799804688,79570.70615196854,2088.337976052054,9,1.2
339.1682503223419,0,17.082061767578125,45508.96440452635,1328.118368185513,4,1.4
339.667644739151,0,23.020950317382812,138023.4663297453,2925.9000636971805,16,1.5
340.16638946533203,0,27.873245239257812,187507.79644123363,3463.7875558178375,14,2.0
340.66587233543396,0,24.1646728515625,148103.87686972696,3066.8323322741808,13,1.5
341.1658821105957,0,24.7374267578125,173750.2994440723,3515.644567700803,17,1.4
341.6700234413147,0,22.000808715820312,100965.19638562978,2296.415584199411,10,1.2
342.17035818099976,0,19.623992919921875,66492.45138310641,1679.8823834946247,5,2.0
342.6708822250366,0,20.505767822265625,81676.57981743125,1975.8343287202742,9,1.6
343.1700220108032,0,29.604080200195312,178492.22431362158,3072.3805429833933,15,1.9
343.67060470581055,0,29.048660278320312,215456.51819270666,3711.771867168348,19,1.5
344.17224884033203,0,19.264450073242188,61711.441899040816,1595.1143107210607,4,1.8
344.6737458705902,0,18.998184204101562,73668.91371071845,1908.0244517354515,10,1.2
345.17242074012756,0,18.362274169921875,58074.95252670163,1606.44589700762,5,1.5
345.6721045970917,0,18.576034545898438,61651.83838653477,1659.611470027493,6,1.7
346.17399168014526,0,22.262847900390625,104434.12716033016,2307.8808349177325,9,2.0
346.6745083332062,0,17.513687133789062,37853.56235744177,994.2509459590146,2,1.9
347.17332792282104,0,28.953887939453125,183335.39471387278,3503.6745397418317,17,2.1
347.6732587814331,0,24.549545288085938,163134.0924601505,3286.9447907518215,16,1.2
348.17220091819763,0,28.885726928710938,216682.298256715,3798.0695542390476,18,1.7
348.67276430130005,0,28.409133911132812,215303.91164064934,3741.719136264979,18,1.6
349.1766438484192,0,21.12847900390625,90024.9105285923,2147.4806582911815,6,2.1
349.6769618988037,0,17.936355590820312,47151.657329411784,1261.8505406741263,4,1.6
350.1781475543976,0,16.082901000976562,17422.834154706525,563.2690271145692,1,1.6
350.6797409057617,0,18.295669555664062,54082.457901906324,1442.5271466399784,9,1.6
351.1787564754486,0,21.26318359375,108425.9423586833,2611.0389234620066,11,1.4
351.67980098724365,0,18.93115234375,40301.73816338421,1064.435995976374,3,1.3
352.17620873451233,0,24.361770629882812,137054.5494505471,2767.9022606545395,15,1.8
352.6804413795471,0,23.239486694335938,138781.94281672852,3033.5437665747663,12,1.5
353.1809997558594,0,19.490921020507812,76178.44711861319,1981.4353544075775,6,1.8
353.67643451690674,0,31.652175903320312,217636.15428313662,3440.995662752361,18,2.2
354.1813578605652,0,18.254440307617188,31440.226771813832,855.2987512569766,1,1.3
354.68253660202026,0,25.087570190429688,135949.93114378932,2732.9470123876386,16,1.5
355.1819977760315,0,19.190521240234375,61414.197925402215,1601.4155955059753,4,1.8
355.68286395072937,0,23.180618286132812,114232.70803708001,2466.5864945545745,11,1.9
356.18554043769836,0,24.094085693359375,125841.19842759834,2613.7534663685933,10,2.1
356.67997002601624,0,16.307662963867188,24832.293045767277,746.5202112021738,1,1.4
357.1811068058014,0,18.250442504882812,62881.47704167587,1736.5058404211825,9,1.3
357.6813235282898,0,18.97637939453125,54059.03754093088,1378.977488589909,4,2.2
358.1814761161804,0,20.434967041015625,81189.74396523637,2080.257820562026,7,2.0
358.68158411979675,0,29.6121826171875,202582.65481627497,3423.557166000915,16,2.1
359.18585753440857,0,18.448226928710938,48060.61319856971,1229.5490557251599,3,1.3
359.6842882633209,0,23.649871826171875,122336.36609813604,2736.420750000968,14,1.8
360.1865999698639,0,17.932968139648438,36957.63624419058,921.152587310839,1,1.9
360.6874234676361,0,16.344085693359375,12771.483804162082,415.74671887340986,2,1.6
361.1881763935089,0,18.095748901367188,59477.29592455672,1717.0883708301467,9,1.3
361.6884276866913,0,17.642059326171875,25425.12782534723,705.5298800370182,1,2.2
362.188360452652,0,16.439834594726562,14213.029777761809,394.2253775520906,1,1.8
362.6890139579773,0,15.668869018554688,14233.155102101133,494.1645750456482,2,1.5
363.18932843208313,0,16.834060668945312,16336.415953586707,465.841258043376,1,2.1
363.6903519630432,0,17.285614013671875,26138.970832713127,774.1697801082246,3,1.6
364.19067430496216,0,18.46240234375,66559.53946172552,1860.2129539023035,7,1.5
364.6921293735504,0,16.45013427734375,27729.9789400209,849.5979281609089,2,1.6
365.19118213653564,0,19.845993041992188,76852.30799697721,1944.2715674824526,9,1.8
365.6922256946564,0,16.609725952148438,31168.826211724132,851.9105035667204,2,1.3
366.1926848888397,0,16.779769897460938,26933.833048635508,828.259272023927,3,1.3
366.6909189224243,0,19.518661499023438,79224.61686956142,2142.974814235738,12,1.5
367.19140696525574,0,30.4757080078125,228193.97188058548,3773.07066895781,17,2.0
367.69265818595886,0,25.006790161132812,86045.2185556747,1624.4387919540895,6,1.8
368.1964554786682,0,25.37347412109375,98585.8428612886,2004.9284444540663,10,1.9
368.69762325286865,0,23.846923828125,159081.95972679963,3424.3410424153076,18,1.2
369.19550132751465,0,22.951339721679688,129624.2082599648,2748.728430018768,10,2.1
369.6920895576477,0,27.9571533203125,191709.33447179492,3526.360458465233,17,1.7
370.1912248134613,0,29.163711547851562,228504.8664880784,3921.2772973824253,19,1.6
370.69496631622314,0,18.082870483398438,38433.33349918528,1063.7691630684537,2,1.9
371.193562746048,0,18.914825439453125,38988.5615716944,990.9687012444317,4,2.1
371.6975679397583,0,23.619476318359375,117720.4055530454,2592.563830570712,12,1.8
372.1967284679413,0,20.696731567382812,80437.74841597225,1944.8964619822896,6,1.9
372.69550919532776,0,24.882705688476562,133245.44564565626,2680.0943930661006,11,2.1
373.1984646320343,0,25.620895385742188,142827.1451409226,2789.949333299982,11,2.0
373.6992030143738,0,26.243194580078125,193705.19447424522,3693.9481473642836,19,1.4
374.1991460323334,0,29.156906127929688,221636.93143227417,3803.9701302106364,18,1.7
374.70085549354553,0,23.311447143554688,128909.71579219779,2729.903450785769,10,1.9
375.199015378952,0,18.230072021484375,47255.953743316895,1264.6686185786532,3,1.7
375.6956923007965,0,30.190414428710938,210397.96428225946,3622.573656888675,19,2.1
376.2018003463745,0,23.093612670898438,112167.262608274,2429.9792674151927,8,1.9
376.7021050453186,0,18.596206665039062,58401.72790433604,1494.659663696613,5,1.5
377.20418214797974,0,22.69488525390625,145819.51326350975,3373.0066992440156,18,1.3
377.70086455345154,0,30.302215576171875,224415.26924833417,3705.9336376811157,16,2.1
378.2013370990753,0,21.571243286132812,96525.68854497594,2105.9982216789645,7,1.8
378.70455622673035,0,19.591995239257812,68194.57271479447,1846.0090234980112,5,2.1
379.2033021450043,0,20.627700805664062,102424.18457732866,2485.1533616351435,13,1.3
379.70493268966675,0,19.489837646484375,67725.32413285419,1699.5523821602992,5,1.9
380.2047612667084,0,20.639129638671875,91624.07624764134,2184.345986931893,9,1.7
380.7021975517273,0,31.882461547851562,239325.58334407303,3904.811421575736,19,2.1
381.20386123657227,0,26.064804077148438,178355.33170857036,3424.656472989135,15,1.5
381.70427918434143,0,28.184539794921875,201413.11284595152,3576.712649328516,16,1.8
382.2050726413727,0,22.6043701171875,137529.86734365576,3045.1633751856352,14,1.2
382.7070474624634,0,22.139633178710938,99588.0798979406,2251.0309722711368,8,2.0
383.20709562301636,0,27.889572143554688,176690.39906985837,3170.360575805175,15,2.0
383.7047553062439,0,30.341720581054688,224571.1630187852,3704.1406303825797,16,2.0
384.2087640762329,0,23.0440673828125,123172.28731464852,2635.038293859951,10,1.7
384.70505928993225,0,25.026931762695312,141741.3642192227,2876.9807135257734,11,2.1
385.2102282047272,0,17.774032592773438,41568.61528559958,1085.1786109496677,3,1.4
385.7114329338074,0,18.012176513671875,52080.05478697691,1549.6739096917606,6,1.6
386.2076795101166,0,20.79571533203125,93106.28860014158,2149.288893715312,9,1.9
386.71331691741943,0,21.502182006835938,116414.87729792407,2825.2016460788536,13,1.2
387.2117567062378,0,16.792160034179688,42375.11664418555,1237.0058383030846,3,1.4
387.71257996559143,0,21.939559936523438,99892.58307843043,2325.5708021318223,9,2.2
388.21298933029175,0,17.733657836914062,40519.1749934436,1081.2772061094845,3,1.2
388.7131474018097,0,18.257659912109375,50451.22329176403,1370.4932680559014,5,1.8
389.2138149738312,0,20.0013427734375,76559.54150292835,1959.9684103240138,7,2.0
389.7112419605255,0,21.213623046875,97856.08393155737,2401.1928508130877,9,1.7
390.2121469974518,0,25.909454345703125,125192.56544200984,2417.9204688804843,11,1.8
390.7154393196106,0,21.507644653320312,83012.10890415552,1926.0593462336603,6,2.2
391.2145962715149,0,20.107086181640625,73460.93655638339,1833.9305688991287,6,2.0
391.71642327308655,0,19.95556640625,88758.89050590091,2225.6947808852674,10,1.3
392.2171742916107,0,24.668731689453125,112512.41491955936,2233.1103476857033,12,1.3
392.7165913581848,0,20.408737182617188,35747.29739724452,840.7673559839313,2,1.6
393.2158522605896,0,23.246505737304688,127653.73126942731,2877.550749171471,18,1.4
393.71749663352966,0,17.599044799804688,47627.413729908316,1353.084799253666,2,1.6
394.2170443534851,0,17.14141845703125,37751.16929321312,1110.0014883654685,6,1.4
394.71441411972046,0,15.750717163085938,19090.464931187773,528.483872436519,1,1.5
395.21613693237305,0,28.809799194335938,178122.78721132502,3521.4407193766788,17,2.1
395.71957182884216,0,22.828872680664062,116434.99159163087,2552.469445823945,9,1.7
396.21632719039917,0,21.816329956054688,130236.48421256042,2987.8077628684637,15,1.2
396.7161693572998,0,24.5484619140625,139627.0022955113,2846.043888394389,11,2.0
397.21672558784485,0,26.8748779296875,191085.2772504797,3559.197561762181,18,1.5
397.72041177749634,0,26.30596923828125,192090.10747448352,3654.493743575941,17,1.5
398.2207281589508,0,27.535614013671875,168832.70845233463,3068.4262191519992,12,2.2
398.7224004268646,0,22.572799682617188,110083.28030714857,2440.2378426464397,9,1.7
399.22307229042053,0,21.547698974609375,100957.91792442737,2345.1227929044367,9,1.7
399.72355341911316,0,16.046188354492188,23728.12594373523,660.5306983719141,1,1.2
400.22323751449585,0,22.886489868164062,104529.8903956102,2531.318709584509,12,1.9
400.7222423553467,0,22.190414428710938,84361.54528215909,1877.2069414847715,6,2.1
401.22276759147644,0,22.879150390625,144521.0340634867,3158.159230843106,17,1.3
401.72490906715393,0,24.657058715820312,165353.4579182333,3404.3800993239165,15,1.5
402.22467398643494,0,25.771636962890625,118467.54651471553,2300.62995553503,9,2.0
402.7217164039612,0,30.272918701171875,212110.4996612246,3506.3351851795846,18,1.9
403.2273316383362,0,20.975021362304688,97259.2279198289,2130.4865071703503,8,1.4
403.72377133369446,0,22.171768188476562,138464.91232561547,3381.8683003807855,18,1.2
404.2274649143219,0,19.97821044921875,85717.4597856657,2087.0738200493092,6,2.1
404.7277388572693,0,17.319183349609375,43058.491673934644,1279.04414156454,4,1.2
405.22863125801086,0,17.458541870117188,26246.001897210266,705.8435974594529,2,2.1
405.72884011268616,0,17.16937255859375,38570.523447943015,1150.304120467965,6,1.2
406.2298674583435,0,17.573043823242188,57041.61769063128,1687.4139903288017,6,1.3
406.7291224002838,0,20.999420166015625,116486.49304586249,2707.6461897751665,14,1.2
407.2294933795929,0,27.697113037109375,182054.04270536828,3371.001153618583,14,2.0
407.73071455955505,0,19.79315185546875,66973.73081316841,1499.6095728836137,4,1.9
408.23137855529785,0,20.552597045898438,84578.34197284284,2295.4276724563547,11,1.5
408.7306332588196,0,20.420318603515625,101519.03990279039,2488.0121111946355,10,1.4
409.22801637649536,0,26.81976318359375,179127.45253468966,3342.460535029528,15,1.8
409.73023748397827,0,32.359344482421875,251061.3974243987,3882.618823389613,17,2.1
410.22831678390503,0,32.47953796386719,234043.96669821528,3606.332089154314,15,2.2
410.7312185764313,0,22.725982666015625,109241.79545037319,2405.440539288424,8,1.8
411.231130361557,0,22.712539672851562,108870.64207670171,2398.8070372034995,11,1.9
411.7308657169342,0,24.48077392578125,170894.8297269617,3493.72124669341,18,1.3
412.22955560684204,0,31.220779418945312,243485.48179719597,3903.3298421131085,19,1.8
412.73365783691406,0,31.224563598632812,238102.58390019977,3816.32235222713,17,1.9
413.233877658844,0,24.198562622070312,130103.96192105746,2690.986279516003,10,1.9
413.73710203170776,0,19.72296142578125,59224.20111268298,1502.7155080908954,4,2.2
414.2373421192169,0,19.162811279296875,43244.90916661794,1112.9890958662393,3,2.2
414.73282742500305,0,31.201248168945312,235433.63339376266,3831.192885385159,19,2.0
415.2368266582489,0,28.475479125976562,209693.82047827722,3685.8027756328606,17,1.6
415.7343327999115,0,19.3603515625,62404.02437126654,1584.9918789407313,4,2.0
416.2348475456238,0,16.444732666015625,24169.80408187299,746.6828588448598,2,1.5
416.73826122283936,0,21.6063232421875,44560.411612783224,1022.8949994067763,5,1.4
417.23856830596924,0,18.46844482421875,46032.06459405454,1216.344971859333,4,1.8
417.74045038223267,0,20.87152099609375,105287.93601241073,2562.6785901233775,13,1.3
418.2375237941742,0,20.936080932617188,113195.01375302617,2762.599179194602,12,1.2
418.73840522766113,0,27.249176025390625,188943.287028525,3470.5636571131627,16,1.8
419.2420582771301,0,21.512176513671875,106170.33619222316,2469.9499823381957,9,1.5
419.74228858947754,0,17.570724487304688,28103.7045212002,800.4792295367407,2,1.2
420.2424154281616,0,18.326492309570312,41405.1432122127,1047.3908304851193,4,2.2
420.743684053421,0,18.7806396484375,57150.80638215006,1635.08807872552,6,1.8
421.2398912906647,0,20.783935546875,87661.10808428701,2052.643009009644,7,2.1
421.7415723800659,0,17.947586059570312,32986.09215978298,889.4789498160623,2,1.9
422.2448818683624,0,16.84405517578125,28531.711612638144,880.8448942469009,3,1.3
422.7423598766327,0,24.167648315429688,155592.08646470058,3291.0525245114595,18,1.5
423.2453887462616,0,20.002593994140625,85623.24222361519,2142.3721349617435,7,1.4
423.74619221687317,0,18.64227294921875,70063.75964412518,1880.5110350811137,7,1.4
424.24552726745605,0,21.403213500976562,114048.27447592182,2667.0761377676035,12,1.4
424.74606442451477,0,16.595260620117188,30977.340050701223,812.8826843277825,1,1.7
425.2475218772888,0,18.49981689453125,56221.838796182135,1718.5034955344918,7,1.6
425.744740486145,0,24.469345092773438,171119.29136471494,3499.766735697854,19,1.4
426.2458584308624,0,17.093399047851562,34411.66138618659,954.3450050123502,2,1.2
426.7477562427521,0,17.22137451171875,34053.26627529408,1041.7867625950275,3,2.0
427.2490088939667,0,19.824539184570312,84647.35254924471,2136.8466427189833,14,1.3
427.74911427497864,0,16.854537963867188,34083.06743607051,988.1611727182935,2,1.4
428.2500424385071,0,16.398849487304688,30620.347373196808,956.4085585480802,4,1.4
428.7503914833069,0,18.519302368164062,54947.14159361972,1423.649739923423,5,1.8
429.25073289871216,0,16.039840698242188,20156.978432166037,623.2605540213111,1,1.6
429.7481827735901,0,24.568252563476562,143443.38615469725,3069.082744293074,18,1.6
430.2521848678589,0,21.7154541015625,106190.84711889473,2397.8775556092705,8,1.9
430.75056982040405,0,27.333694458007812,170304.87260983052,3181.3116274344193,14,2.0
431.2528052330017,0,19.656509399414062,64495.550127818984,1513.8496563833974,4,1.9
431.75275468826294,0,18.792800903320312,47850.66566766752,1324.1240689993951,4,2.0
432.25342059135437,0,21.967391967773438,102551.10311945427,2427.142925214722,11,1.7
432.75430178642273,0,21.944931030273438,110339.7646186074,2394.0380549624074,9,1.9
433.2542884349823,0,18.589340209960938,48416.544343631074,1302.251705901232,3,1.9
433.7553560733795,0,20.949127197265625,81935.586313753,2054.3099287505042,8,2.1
434.25579857826233,0,20.576187133789062,90039.17511384733,2190.0072985826273,8,1.7
434.75665283203125,0,17.347183227539062,45333.5910489643,1270.580918578723,4,1.3
435.2559742927551,0,21.411361694335938,103906.41060996409,2497.972840940269,12,1.5
435.7567298412323,0,21.983840942382812,129246.93412124747,2941.797121326436,14,1.2
436.2570917606354,0,22.505172729492188,120007.85291410555,2668.764231313466,10,2.0
436.756831407547,0,23.208953857421875,134767.72363088705,2905.818177514855,13,1.6
437.25472807884216,0,24.047103881835938,152070.64309047058,3165.329196148865,14,1.5
437.75884675979614,0,19.138214111328125,83284.51357874899,2177.9984149789275,8,1.2
438.2579734325409,0,22.263748168945312,72866.77329476915,1567.7503956268245,7,1.5
438.75480246543884,0,26.26312255859375,135442.4558324604,2690.8833800067396,15,1.4
439.26153588294983,0,24.272872924804688,157288.42206440592,3243.456192593794,16,1.3
439.75881838798523,0,28.079452514648438,203587.41464453307,3628.667615468845,17,1.7
440.2604899406433,0,20.159683227539062,81911.98393443567,1857.56887037016,6,1.5
440.76054430007935,0,19.86968994140625,30805.325771024643,800.1131395045231,2,1.8
441.2615821361542,0,18.393646240234375,12895.372232577169,361.75535362015387,1,1.4
441.7577667236328,0,26.3773193359375,155211.7170625486,3015.8106283233756,18,2.0
442.2602880001068,0,30.288009643554688,215567.3504744819,3561.6074238458805,15,2.0
442.7625288963318,0,24.434432983398438,154826.46786788816,3162.0541410760397,14,1.4
443.2627501487732,0,16.171401977539062,30831.636408803766,869.4360587615315,1,1.3
443.76363134384155,0,23.041061401367188,120637.02678969258,2860.4585028400306,15,1.6
444.2644102573395,0,21.595703125,101025.64361476197,2234.564891019264,7,2.1
444.7623612880707,0,26.350677490234375,168696.1400227813,3350.2743917198154,16,1.7
445.2648096084595,0,20.570785522460938,88275.1035306057,2147.5601868369968,7,1.6
445.76579236984253,0,26.586776733398438,170173.3739867064,3203.6602576574373,15,1.8
446.2635259628296,0,23.029983520507812,122049.39995351162,2584.152956384214,10,1.8
446.7667374610901,0,19.525772094726562,84917.83276388948,2232.43412800934,8,1.4
447.26734042167664,0,19.679580688476562,80899.05182541611,2057.0560237446703,7,1.8
447.76487922668457,0,31.713775634765625,239685.16241741166,3782.0788474177657,19,2.0
448.26807737350464,0,21.925094604492188,108170.14299311333,2469.4078167811854,8,1.8
448.76974534988403,0,17.435775756835938,45920.199222344745,1278.2912736912024,4,1.3
449.2660388946533,0,21.403396606445312,97726.82339739897,2301.3636996833948,9,2.2
449.7697834968567,0,18.925750732421875,58385.91276995681,1456.217002413897,4,1.9
450.2698736190796,0,17.347213745117188,46625.333772493505,1418.902214595023,5,1.2
450.7667169570923,0,28.0211181640625,194915.12257143974,3568.165960208931,19,1.8
451.2668459415436,0,33.942230224609375,280049.1812932738,4128.986194265698,19,2.0
451.7720630168915,0,28.124069213867188,185789.22152073903,3305.993855048371,13,2.0
452.271609544754,0,17.804183959960938,42887.20139129317,1161.6370650017354,2,1.6
452.7718358039856,0,18.313034057617188,64350.331065382336,1822.690871156668,9,1.2
453.2717525959015,0,28.998641967773438,201328.8407392216,3396.8832095471876,16,2.1
453.7726860046387,0,20.095108032226562,86543.60548124973,2187.696623949374,6,1.5
454.2707574367523,0,18.918411254882812,65350.94152833626,1741.1610074550122,8,1.4
454.7742841243744,0,19.063186645507812,69285.73226626057,1819.2656162327658,6,1.8
455.27363324165344,0,19.746749877929688,68373.20222796236,1732.7408414810648,6,1.8
455.7717065811157,0,34.243927001953125,245723.52430500477,3591.060102218598,19,2.1
456.2759211063385,0,18.311248779296875,41076.00154343867,965.7997776751891,1,1.6
456.77776050567627,0,23.1402587890625,84164.11080363301,2074.6958985044707,13,1.2
457.2791283130646,0,21.265151977539062,87849.31265933247,2067.2789005426825,7,1.9
457.77609848976135,0,25.726654052734375,179181.4212804911,3484.8293841954614,18,1.5
458.27288150787354,0,23.009124755859375,128759.13942083974,2780.0275185917612,11,1.6
458.77739453315735,0,22.657196044921875,141164.743159078,3141.474340376412,16,1.2
459.27672290802,0,19.80126953125,72343.63506617078,1828.367617685498,5,2.1
459.778831243515,0,19.208877563476562,78117.92905672624,1949.5152632553086,8,1.5
460.27925634384155,0,20.345169067382812,86068.29331343307,2115.0475504765845,7,2.0
460.7788484096527,0,17.55364990234375,28089.58120622946,825.7541924693758,1,2.2
461.27764344215393,0,17.586837768554688,16496.38103798676,427.7630861786389,1,2.2
461.77657747268677,0,28.298477172851562,174386.11566300722,3394.422937081338,18,2.0
462.2805211544037,0,19.054794311523438,69485.37758593108,1783.6455982863206,5,1.3
462.7782862186432,0,24.680587768554688,134818.96158549777,2795.0306794512653,12,2.0
463.2822391986847,0,19.137725830078125,51239.17008118148,1339.500849140096,3,1.9
463.7809867858887,0,16.854263305664062,24931.270078571186,715.9612841662887,2,1.8
464.28130435943604,0,24.867965698242188,141752.2954840042,2918.694712737621,15,1.8
464.7831828594208,0,19.64208984375,84349.03065677194,2147.123872026251,7,1.4
465.28386068344116,0,19.41448974609375,68268.11401266562,1758.2743840521618,6,1.8
465.78330731391907,0,25.226287841796875,116767.22925809676,2240.123491589192,13,1.6
466.2842915058136,0,25.251052856445312,138052.1768229095,2821.110090140937,11,1.9
466.78459334373474,0,17.667648315429688,40811.647904987876,1081.0720056794087,2,1.8
467.28582406044006,0,18.933364868164062,72204.2968053657,1967.690384641732,9,1.4
467.786691904068,0,17.946426391601562,64700.00636416463,1817.242011772438,6,1.4
468.2870137691498,0,19.3544921875,83529.25725268199,2247.4885715727332,10,1.2
468.7874758243561,0,19.770843505859375,94941.7130812435,2358.7258675220073,10,1.3
469.2877993583679,0,20.657623291015625,114923.23693191742,2835.7085989401826,14,1.2
469.7845411300659,0,23.075027465820312,127037.31139734131,2755.1429827838742,10,2.2
470.2832329273224,0,28.612274169921875,196699.35755402947,3440.516451624257,15,2.0
470.7866561412811,0,28.491592407226562,195606.4257522854,3436.0662823173425,15,1.8
471.28553652763367,0,26.659637451171875,159968.10929347266,3002.666489618044,12,2.0
471.7898678779602,0,28.2125244140625,217118.09182316074,3851.5518287274413,19,1.6
472.28787207603455,0,16.829391479492188,37061.24271009167,968.900154225423,1,1.4
472.7897090911865,0,25.265975952148438,96070.28860433729,2133.1058060876985,11,1.8
473.2876868247986,0,33.50862121582031,260277.08471707106,3887.2085831601794,19,2.0
473.78960275650024,0,29.687911987304688,199323.12431950858,3293.86586843213,14,2.0
474.2920467853546,0,25.784820556640625,161694.37695248495,3160.7355894129246,13,1.7
474.7920799255371,0,21.932754516601562,118343.84428379136,2697.609183343363,11,1.4
475.2923307418823,0,17.897003173828125,44038.931258796205,1248.0860501083641,3,1.5
475.7938916683197,0,19.781631469726562,83813.22784535175,2120.4519993304584,9,1.6
476.29020142555237,0,23.220428466796875,157230.216165001,3388.4818323877266,19,1.3
476.79407000541687,0,17.310073852539062,39292.13233710311,1080.2957953444584,2,1.7
477.2947554588318,0,21.074127197265625,115031.5657445068,2838.314462093643,15,1.2
477.7911150455475,0,20.303192138671875,101895.12971840198,2536.546945340037,10,1.3
478.2911353111267,0,24.332015991210938,138999.7253025586,2848.2226883721105,11,2.1
478.7963652610779,0,18.152175903320312,51487.67159472739,1315.9303946382925,4,1.3
479.29515385627747,0,22.118896484375,124677.61720994592,3037.719356725792,18,1.4
479.7944850921631,0,23.343734741210938,138009.8474104098,2958.4811841645123,12,1.6
480.29771161079407,0,20.889907836914062,95970.98663501206,2281.915285225205,8,1.8
480.8000497817993,0,19.832061767578125,66998.48029948793,1675.8217269337715,5,2.0
481.29799032211304,0,17.407058715820312,23176.956914129474,677.2539917548294,1,2.2
481.7986605167389,0,17.803787231445312,47766.054272653535,1342.6918491689585,8,1.5
482.29873418807983,0,21.88287353515625,127625.34363203369,2918.4466974777492,17,1.2
482.7996332645416,0,22.916641235351562,144691.92657324055,3122.098010140725,14,1.4
483.2958929538727,0,29.290557861328125,199022.0567568816,3397.033285302143,14,2.2
483.7966945171356,0,23.689361572265625,127581.01231642548,2649.7126065857396,9,2.1
484.2975244522095,0,19.699554443359375,85123.02394165214,2212.2327753808972,8,1.4
484.80058455467224,0,22.46588134765625,144652.5504751764,3244.074820487882,17,1.3
485.3026261329651,0,17.000732421875,38046.281029781545,1065.6011488475624,2,1.2
485.80234694480896,0,17.392868041992188,23307.762290902916,696.8948405022024,2,2.1
486.30329966545105,0,20.6904296875,94810.90672590879,2309.570208146505,11,1.5
486.80013132095337,0,24.48162841796875,171281.21633060326,3509.0803002690054,19,1.3
487.3000977039337,0,25.22979736328125,117099.2658404089,2323.363884218548,9,2.0
487.8036758899689,0,21.115676879882812,93482.18154391588,2097.8726020477843,8,1.8
488.30456709861755,0,18.32464599609375,69942.8913471999,1999.929494289397,7,1.2
488.8048040866852,0,28.359100341796875,165226.12833083968,2933.5204219221305,13,2.2
489.30263113975525,0,28.46832275390625,198261.7231716715,3484.961192045881,18,1.5
489.8054885864258,0,22.579132080078125,126761.61984644299,2740.229331250093,11,1.5
490.30310440063477,0,29.969085693359375,213376.4227422763,3651.5962188412336,16,2.1
490.8054585456848,0,25.526321411132812,85362.70243141284,1588.9481036742936,5,2.1
491.3070104122162,0,18.4229736328125,30927.531473486993,832.7103053915624,2,2.0
491.80654549598694,0,22.30438232421875,64339.4315529502,1419.2278243736916,7,1.7
492.30925488471985,0,20.209014892578125,77140.68526990052,1984.6588373157115,8,1.3
492.80402874946594,0,24.6224365234375,160452.0815352132,3383.133912060563,18,1.5
493.3051104545593,0,25.79217529296875,190688.74621160686,3699.9981163285447,18,1.4
493.80764985084534,0,23.708465576171875,161327.6442295833,3405.7876812219147,16,1.3
494.31029200553894,0,20.04449462890625,98176.29453548937,2330.9143415679837,10,1.2
494.8069097995758,0,22.156967163085938,125178.80578192601,2965.8842528540113,13,1.4
495.3068950176239,0,16.957794189453125,30314.838448134178,770.501154455948,1,1.9
495.8079421520233,0,18.573806762695312,63191.42592861578,1938.9132481086513,8,1.5
496.3082203865051,0,19.713882446289062,84869.58411877911,2127.2826453266293,8,1.6
496.80836248397827,0,17.2484130859375,38432.271148087035,1129.0893778441462,3,1.5
497.3124599456787,0,20.48089599609375,94683.15236622664,2261.9127604981536,14,1.4
497.81274938583374,0,19.123916625976562,82837.43897700288,2165.8220337427842,7,1.5
498.3115689754486,0,23.022308349609375,91260.89453376232,2029.944143320144,10,1.5
498.8106641769409,0,36.602325439453125,273265.1952763287,3736.238021986268,19,2.2
499.31215596199036,0,32.93650817871094,235597.31338253923,3579.948407409312,16,2.0
499.81567788124084,0,21.694122314453125,90006.389618109,2037.049453277871,6,2.1
500.3161861896515,0,17.869125366210938,40076.68623974003,1130.3295257076643,3,1.7
500.8167998790741,0,20.411651611328125,81381.7457707124,1929.731153070424,9,1.7
501.31630849838257,0,18.001144409179688,38161.79430487338,1108.540631995816,2,2.0
501.8164167404175,0,26.739303588867188,172604.0243549779,3230.3758290834157,17,1.9
502.31614351272583,0,25.890487670898438,154335.5744518329,2983.1419547502032,13,1.5
502.8171374797821,0,25.748123168945312,117969.3760425526,2293.099175135665,9,2.1
503.31874680519104,0,20.557891845703125,68674.75905085473,1656.006377284043,6,1.5
503.8158540725708,0,22.103607177734375,109314.40599823228,2472.58284860643,10,2.0
504.3184859752655,0,22.24517822265625,127402.87565584996,2895.7736078910184,12,1.5
504.82102513313293,0,24.753692626953125,142105.24398500109,2815.337535706404,12,1.8
505.3199188709259,0,19.173233032226562,58862.62178945698,1567.4977688679282,4,1.7
505.81633400917053,0,26.451614379882812,176879.33329692317,3346.0339595496594,18,1.7
506.3198606967926,0,22.251129150390625,118222.52696093383,2659.5054839705126,10,1.6
506.81785798072815,0,25.147903442382812,155238.82201582994,3089.124315193378,14,1.7
507.31867265701294,0,18.947982788085938,76306.02170164754,2015.2540999778544,7,1.2
507.8181710243225,0,16.089736938476562,21083.715800596525,607.5301316222473,1,1.9
508.31909799575806,0,16.683563232421875,26498.597315631683,838.5498832055637,4,1.4
508.81794452667236,0,20.005218505859375,26061.714248776076,661.877299471726,2,2.0
509.3192217350006,0,25.489425659179688,138846.5733819472,2735.487293135186,16,1.7
509.8242166042328,0,20.188201904296875,98262.14593871313,2435.8781546331443,9,1.3
510.3251783847809,0,21.404190063476562,104480.4036920358,2443.0730546179097,9,1.9
510.8248801231384,0,24.759963989257812,152839.63020112112,3017.774986765631,15,1.6
511.3206841945648,0,30.171859741210938,226725.22701520676,3847.4592217940944,18,1.8
511.82212924957275,0,21.261703491210938,102262.29487175278,2269.9968523195303,8,1.6
512.324939250946,0,29.676284790039062,204337.39809073246,3642.53816691647,17,2.1
512.8235745429993,0,28.974502563476562,218874.42454003336,3780.5998484364145,19,1.5
513.3244295120239,0,29.4658203125,224485.02933862287,3813.23169721274,18,1.7
513.8277390003204,0,22.729110717773438,119583.40952113505,2632.9230713458537,10,1.7
514.3263034820557,0,19.740814208984375,78882.83233503715,1924.0341152045166,8,1.2
514.8295001983643,0,18.955276489257812,75896.84591600498,2050.299821372941,8,1.3
515.3277084827423,0,30.6282958984375,209102.29367884886,3466.6309987365835,16,2.2
515.8289904594421,0,23.413101196289062,107065.7593134754,2159.2611579372015,8,1.6
516.3304450511932,0,21.5611572265625,95562.41794506746,2322.648987425621,10,1.7
516.8311982154846,0,21.128021240234375,99296.97837832864,2330.9802389924935,9,1.6
517.3289616107941,0,30.5574951171875,236408.44729905063,3942.7969975272345,19,1.9
517.8314828872681,0,18.784454345703125,62046.06724847981,1566.7210480740955,4,1.3
518.3319098949432,0,23.428451538085938,116515.18233090903,2618.909743149536,12,1.9
518.8322489261627,0,17.436676025390625,35494.379810289705,971.97424413466,2,1.3
519.3333539962769,0,19.728134155273438,77360.05712815838,2023.2019757089279,10,1.8
519.8306939601898,0,29.969863891601562,220207.72848094383,3731.381644056708,18,1.9
520.331130027771,0,32.83795166015625,266758.5291144965,4065.692080361773,19,1.9
520.838152885437,0,24.92633056640625,184942.55178098197,3712.820856380986,19,1.2
521.3351395130157,0,20.64154052734375,91797.81294403378,2167.2316531190954,7,1.8
521.8348038196564,0,20.6798095703125,100604.78308407887,2498.5723308678994,14,1.2
522.3318266868591,0,18.076675415039062,65299.52022831964,1713.5341144771596,6,1.3
522.8321373462677,0,17.69580078125,46020.92690212732,1341.9002786898816,4,1.7
523.335453748703,0,23.890716552734375,159554.4289839986,3412.2877737909257,19,1.4
523.8364334106445,0,23.910873413085938,156602.68437012314,3278.0902079931184,14,1.5
524.3336815834045,0,24.627838134765625,172527.29496626192,3506.194881072608,19,1.3
524.83793592453,0,16.8282470703125,35788.85809514643,935.9857823686864,1,2.0
525.3390941619873,0,18.096832275390625,20835.696710147524,607.8411863803695,2,2.2
525.8355228900909,0,29.790328979492188,203391.2837901727,3641.58449121797,17,2.1
526.3392684459686,0,28.690750122070312,218484.43423996007,3811.4026135510885,18,1.6
526.8403429985046,0,22.488418579101562,119465.10527526482,2658.612911783884,9,1.9
527.3404150009155,0,22.21514892578125,118346.90486979006,2665.8385319790204,13,1.5
527.8403370380402,0,19.468460083007812,70402.78036083521,1697.0525588121186,5,1.8
528.3412113189697,0,17.093429565429688,34014.20182959695,1034.7835659482162,3,1.3
528.8449349403381,0,17.347854614257812,40768.32525792467,1156.1083745488866,4,1.6
529.3419439792633,0,16.645721435546875,32769.380934546636,1015.9367417915947,3,1.4
529.841474533081,0,23.85137939453125,95271.70682035582,2017.3675997553617,11,1.5
530.3427841663361,0,18.4434814453125,36766.715684715055,986.6900700911383,2,2.2
530.84410572052,0,19.283279418945312,64759.972751768095,1585.0519683892926,6,2.1
531.3438899517059,0,20.159286499023438,71618.66315122723,1898.628704039408,6,1.9
531.8450336456299,0,19.92059326171875,66156.7700974507,1559.4917074934356,5,2.1
532.3445234298706,0,16.49481201171875,29781.407282674638,953.3300524327384,2,1.5
532.8456938266754,0,17.781265258789062,55671.67828800596,1502.6489741382786,7,1.5
533.3459746837616,0,21.311248779296875,104101.1554118888,2561.2764679011407,11,1.5
533.842609167099,0,24.10772705078125,158478.82724633938,3284.590033444647,15,1.5
534.3447046279907,0,23.209304809570312,150331.16433149096,3186.696051727595,16,1.2
534.8469643592834,0,20.134674072265625,84464.1358756472,2064.1009559348445,6,2.1
535.3432719707489,0,24.130203247070312,139398.54212192932,2993.012502236946,15,1.6
535.8445715904236,0,20.033477783203125,86273.27770476369,2155.1425302799726,8,1.3
536.3467943668365,0,31.68353271484375,219721.59079990775,3471.1091401899043,17,2.2
536.8491904735565,0,24.439376831054688,137849.17875253162,2822.7806493142425,12,1.4
537.3485250473022,0,22.353073120117188,88012.1542618421,1970.5120527861038,9,1.2
537.8489711284637,0,25.806442260742188,152974.46280700725,2966.0810748966296,13,1.9
538.3463685512543,0,28.1693115234375,182021.83380633447,3233.6963551349218,13,2.1
538.8495304584503,0,24.613693237304688,161715.5699855288,3288.7384765694014,16,1.3
539.3491115570068,0,22.217498779296875,129319.27897108374,2912.794128756921,13,1.3
539.8513090610504,0,23.066192626953125,131862.92655522402,2861.0703581346675,12,1.6
540.3525893688202,0,23.316802978515625,97589.27142004059,2094.3694572963636,10,1.2
540.8525414466858,0,16.965789794921875,36335.73894611656,1022.4104040940038,3,1.2
541.3532423973083,0,19.323089599609375,74381.16716782816,2015.567945241393,8,1.8
541.8538205623627,0,20.696365356445312,85437.75909978613,2065.91830321958,7,1.9
542.3501346111298,0,30.331283569335938,205111.75957911278,3383.8989954175263,17,2.2
542.8507134914398,0,35.05389404296875,263484.9045025381,3761.950094284923,18,2.0
543.3513097763062,0,26.738128662109375,195734.56799156134,3663.494975204159,19,1.3
543.8529479503632,0,18.835525512695312,62084.829735701496,1564.2780967348642,4,2.0
544.3527994155884,0,21.204010009765625,115941.08801383847,2877.757554910458,16,1.3
544.854859828949,0,19.561309814453125,24456.006854913234,625.8272128052919,1,1.5
545.357390165329,0,23.74896240234375,138426.62729075385,2897.5160612999643,18,1.5
545.860212802887,0,18.667266845703125,59030.585066336425,1454.5782317484866,3,1.7
546.3609685897827,0,19.725601196289062,84139.84450792139,2286.2167571594223,14,1.3
546.8576681613922,0,23.777023315429688,94487.67499422535,2021.1529156727638,9,1.3
547.3584082126617,0,17.5389404296875,46084.112396055905,1259.825249340544,4,1.4
547.8552851676941,0,24.686691284179688,138684.62193321018,2929.6352098163816,12,2.1
548.356326341629,0,30.4093017578125,226969.59086117128,3735.6661755909968,18,1.8
548.8552117347717,0,33.31683349609375,268336.5924154344,4030.1549070004744,18,2.1
549.3592584133148,0,19.865997314453125,60067.17165201951,1456.2067809680645,3,1.9
549.8603172302246,0,24.175247192382812,134614.94298331437,2891.7181050387258,13,1.8
550.3617219924927,0,22.213623046875,118901.40561964309,2678.761581324805,11,1.4
550.8574175834656,0,24.6334228515625,176938.56115352333,3594.9531063395393,19,1.4
551.3583552837372,0,19.353302001953125,56555.00344263557,1425.0281423406063,3,2.1
551.8585472106934,0,23.994674682617188,146855.08581745432,3140.9886150529564,15,1.5
552.3607392311096,0,18.364822387695312,62954.7862375389,1669.0060678472228,5,1.4
552.859522819519,0,20.971298217773438,95919.9270982438,2350.879735152342,9,1.9
553.3627812862396,0,20.820220947265625,100150.11598135292,2376.1515367826723,10,1.5
553.8647487163544,0,15.951629638671875,23790.602312691393,662.1893962728357,1,1.3
554.3632836341858,0,22.782867431640625,97767.31449495498,2403.3410265099815,12,2.1
554.8614995479584,0,18.495452880859375,59404.30865388715,1618.289651667577,5,1.2
555.3610718250275,0,29.442108154296875,215154.28847825344,3657.07507885389,18,1.9
555.8643736839294,0,21.44683837890625,112758.6874087475,2630.8306615251076,10,1.3
556.3674275875092,0,19.508331298828125,78039.1665758193,2002.1189614688485,7,1.6
556.8657774925232,0,27.335189819335938,151278.2359044861,2769.726513713277,13,1.9
557.3665556907654,0,23.902572631835938,131964.7551180317,2763.3427170105697,11,1.7
557.8645713329315,0,29.440780639648438,217353.91160125766,3694.467253817317,17,1.9
558.3680391311646,0,18.927581787109375,46714.6213036228,1178.121973045005,2,2.2
558.8643372058868,0,16.532974243164062,16952.83381790992,516.8459028800052,1,2.0
559.3661518096924,0,19.693115234375,59590.895544803265,1549.2216257763782,7,2.1
559.8662886619568,0,22.557449340820312,117588.29796673254,2650.875952175604,11,1.6
560.367021560669,0,30.912796020507812,230453.97856599433,3731.173327818092,19,1.8
560.8706932067871,0,19.3167724609375,74434.41377139208,1799.4724569175255,6,1.2
561.37122631073,0,16.04534912109375,18270.47390148996,587.5222738286792,1,1.3
561.8719267845154,0,16.113845825195312,15973.319344065092,479.7737352005659,2,2.0
562.3682849407196,0,23.380462646484375,123341.80503170323,2785.6163919747405,15,1.6
562.8707401752472,0,25.034255981445312,178995.52096034779,3627.349663089821,17,1.4
563.3683755397797,0,27.946212768554688,221363.00915667065,3963.971823926294,19,1.6
563.86962723732,0,21.048736572265625,104720.57031070083,2389.502088513538,9,1.5
564.371244430542,0,22.992401123046875,122304.92382311956,2680.6682638386546,10,2.2
564.8709561824799,0,21.042083740234375,93429.00231757839,2184.622044446249,7,2.0
565.3748376369476,0,17.663528442382812,48163.87598126782,1417.8933774016346,4,1.4
565.87446641922,0,24.623703002929688,112363.1224282633,2308.832265936437,13,1.4
566.3749697208405,0,22.334976196289062,51374.893703561946,1145.602295481795,3,2.1
566.8744666576385,0,24.61322021484375,151878.6694390832,3102.9665900417344,16,1.5
567.376398563385,0,19.138198852539062,74354.41910682443,1944.3836009188026,6,1.6
567.8773164749146,0,18.9420166015625,51534.464444731435,1264.1209488764155,4,2.1
568.3744368553162,0,24.052841186523438,127442.19104427156,2841.5769875159153,14,1.9
568.8787543773651,0,23.21197509765625,93200.20561614007,2009.523093306688,9,1.2
569.378500699997,0,18.672821044921875,67116.56391067641,1798.7105386592925,7,1.2
569.8794677257538,0,18.393234252929688,60004.63722892264,1627.2287727337964,6,1.4
570.3767569065094,0,26.226150512695312,160931.51014674376,3019.200242966283,16,2.1
570.8799157142639,0,20.11871337890625,76564.94346936545,1872.3364307925674,5,1.7
571.3808567523956,0,19.05242919921875,74685.0671784812,2006.9881693389502,8,1.4
571.8813102245331,0,18.267913818359375,56662.17243202598,1463.9328970954039,5,1.5
572.3802456855774,0,15.640380859375,25160.033019741983,855.8615113247896,2,1.2
572.8767116069794,0,24.925018310546875,101325.45783722532,2050.3094265882905,10,1.9
573.382773399353,0,22.559661865234375,109248.19918119081,2423.883847490987,9,1.9
573.8822476863861,0,25.679916381835938,150618.6648545966,2935.1731087923117,12,2.1
574.3835639953613,0,18.096633911132812,35018.66108583824,833.414660099951,1,2.1
574.8835818767548,0,22.985733032226562,81298.87468846457,2016.8162544568384,13,1.2
575.3846781253815,0,21.754013061523438,107743.90220288094,2478.944912255352,11,1.3
575.8826107978821,0,17.412261962890625,42953.70785933098,1157.5176185009595,3,1.6
576.3806576728821,0,15.606796264648438,16175.35947317253,526.5654693407456,1,1.6
576.8828682899475,0,15.97998046875,11037.9680972577,314.9565801937238,1,1.4
577.3861327171326,0,18.752914428710938,30536.80858431917,905.4592588554351,6,2.2
577.8864371776581,0,23.561126708984375,117761.6778419563,2563.884178635867,12,1.6
578.3851561546326,0,24.916763305664062,175775.00541732818,3491.9061891245574,18,1.4
578.8856739997864,0,-262127.021774292,42801.09627888268,-0.07576097979360502,2,1.3
579.3882126808167,0,21.655181884765625,102690.68850156508,2522.768004938014,12,1.5
579.8879234790802,0,18.926254272460938,74522.87753881028,1984.7561730510154,7,1.2
580.3859190940857,0,20.456375122070312,110647.93141965444,2743.545699817026,14,1.2
580.8853893280029,0,17.090896606445312,34607.529616747765,981.6336957812421,2,1.8
581.3865044116974,0,19.388534545898438,60508.39105621781,1597.6452437222927,7,2.1
581.8867418766022,0,20.652236938476562,93489.95676491041,2284.837237756425,9,1.7
582.3884251117706,0,27.080490112304688,180802.07109277262,3341.741586828996,16,1.8
582.8878247737885,0,30.70635986328125,220305.81058458053,3590.200873397165,15,2.1
583.3913588523865,0,20.144180297851562,81295.25814471247,1962.9987130435572,6,1.5
583.8916442394257,0,17.334915161132812,43155.062760337394,1280.8831075091919,4,1.4
584.3911421298981,0,17.5811767578125,48785.63151245797,1347.1225689984378,5,1.4
584.8891406059265,0,26.104217529296875,164181.34657771536,3242.004856304135,16,1.7
585.3915708065033,0,24.696929931640625,171640.13083172118,3422.4496823676677,16,1.4
585.8895115852356,0,29.52001953125,202366.26169712894,3486.108804604926,14,2.2
586.3902678489685,0,27.079833984375,179412.55380572352,3229.783463608579,15,1.6
586.8957781791687,0,22.07073974609375,128453.78635627263,2909.9160580409116,13,1.2
587.393396615982,0,27.626983642578125,191773.54612300204,3568.033386318723,16,1.8
587.8944253921509,0,27.630218505859375,185758.91829879992,3364.1789687724695,14,1.9
588.3967235088348,0,18.418548583984375,60818.7237686853,1511.085407902389,4,1.5
588.8966908454895,0,24.551010131835938,134082.17336700892,2967.2098870398854,13,1.9
589.3943040370941,0,21.962646484375,112843.29995746685,2571.3658889049457,9,1.8
589.8976540565491,0,16.130126953125,22883.16443229462,704.0242171063585,1,1.9
590.3956415653229,0,24.862518310546875,143734.5345009294,2917.4438041230155,17,1.9
590.902421951294,0,19.966354370117188,88980.29744088191,2230.301995773835,8,1.2
591.3983871936798,0,17.768096923828125,48351.801501396105,1281.4540632916828,4,1.7
591.8998446464539,0,15.735336303710938,23677.287063293985,776.4053951054614,2,1.3
592.400075674057,0,17.157623291015625,43944.75424528195,1290.9713440088506,8,1.4
592.8983209133148,0,19.876693725585938,81172.73648064012,1960.0845360840572,8,1.7
593.3997347354889,0,20.756484985351562,95812.72510609665,2400.2137180336354,9,1.6
593.9017572402954,0,23.994384765625,129483.73874728536,2762.354636196213,11,1.9
594.401849269867,0,18.65081787109375,48585.08962308564,1198.7678049578662,3,1.7
594.902265548706,0,20.275360107421875,67177.42209140927,1749.4140578551828,7,1.8
595.4033713340759,0,21.869949340820312,107624.7577307867,2525.5202533509064,11,1.6
595.9029133319855,0,17.240341186523438,44672.29633289835,1147.2510773430054,3,1.5
596.4042234420776,0,18.621566772460938,55099.07644920813,1609.638993660187,8,1.5
596.9047129154205,0,21.10467529296875,93136.6893964584,2224.009578372313,8,2.1
597.4050879478455,0,17.656814575195312,40556.8753143673,1102.577133439974,3,1.3
597.9054472446442,0,15.36669921875,14661.36138634087,496.1377776365543,1,1.5
598.4057021141052,0,17.254898071289062,26978.717869709344,763.0297174520723,3,2.1
598.905711889267,0,22.686508178710938,102754.3495885152,2375.1561754472577,11,1.9
599.4066526889801,0,23.080184936523438,145389.1738766078,3152.5310650721317,16,1.2
599.9065232276917,0,17.237625122070312,37169.227596714416,989.985562347026,2,1.9
600.4038209915161,0,20.451690673828125,86064.61902424802,2272.526058663515,10,1.5
600.9087460041046,0,30.426895141601562,226775.24905868934,3744.1217537913913,17,2.0
601.4113039970398,0,28.072052001953125,208409.36446763045,3715.08288716279,18,1.5
601.9079699516296,0,24.641250610351562,138982.71610302193,2822.705758723974,11,1.8
602.4090554714203,0,25.833740234375,156420.50918186424,3030.455493077541,13,1.8
602.9091165065765,0,24.821578979492188,167256.56025295286,3372.388197751654,16,1.4
603.4100496768951,0,23.377426147460938,137490.7811992244,2869.092584312786,12,1.6
603.9106709957123,0,16.212203979492188,27653.09250401,846.029325645681,1,1.7
604.4111032485962,0,16.381515502929688,14069.836347987253,391.66095462001397,1,1.9
604.9115521907806,0,19.706329345703125,70662.88946097584,2015.2408550230202,11,1.4
605.4122378826141,0,18.020126342773438,56158.99254619908,1559.4785222618414,5,1.3
605.9101042747498,0,27.947052001953125,184473.81583215183,3303.4611304815953,15,2.1
606.4089140892029,0,19.196868896484375,65695.57642345667,1712.7793171531994,5,1.2
606.9142513275146,0,19.717544555664062,94312.71065185183,2393.6550449656365,11,1.2
607.4155957698822,0,24.991836547851562,139154.74980550818,2786.9900583991966,11,2.2
607.9151332378387,0,19.183181762695312,63143.36880741264,1578.7787643703532,5,1.3
608.4160330295563,0,19.825851440429688,82253.21163382925,2162.479635682714,10,1.6
608.912567615509,0,29.131271362304688,214959.643805907,3692.8700660556783,18,1.8
609.4122140407562,0,19.740707397460938,70506.33440139802,1737.0704762287562,5,1.6
609.9130082130432,0,23.400115966796875,110474.49830043418,2429.4751393824786,11,2.0
610.41614818573,0,18.117584228515625,32103.069577415623,767.8727927812598,1,2.0
610.9140017032623,0,17.164321899414062,37137.62770534085,1228.0706528068301,5,1.3
611.4121992588043,0,29.74639892578125,214195.2123667783,3604.2682096580593,17,2.0
611.9148597717285,0,20.866928100585938,66209.11760734448,1573.255049413726,4,2.2
612.4189493656158,0,16.956085205078125,18976.944829495256,528.3059085665126,1,1.8
612.9180715084076,0,22.925994873046875,42327.99142268202,982.2038312707407,4,2.2
613.4192581176758,0,22.309906005859375,91782.25308979912,2065.0019766062833,10,1.5
613.9161477088928,0,25.157806396484375,167544.00336695465,3332.683250623809,18,1.6
614.4177732467651,0,23.016128540039062,124758.8491450513,2697.3259161288397,11,1.5
614.9176411628723,0,26.316238403320312,167436.2950730701,3156.112158853247,13,2.0
615.4221451282501,0,20.468963623046875,97105.32871551657,2390.594897775101,9,1.2
615.9224491119385,0,21.632949829101562,100339.40628312506,2170.7626731897385,9,1.8
616.4230391979218,0,20.357986450195312,103663.59358558121,2733.2762076509857,12,1.2
616.9230449199677,0,17.593521118164062,39837.20980477575,1130.4729659525642,3,1.3
617.422544002533,0,16.369827270507812,17886.387156730398,533.2371475737151,1,2.2
617.922554731369,0,25.399444580078125,123325.18625272607,2496.038832665096,12,2.2
618.4237494468689,0,24.198379516601562,104121.6164166171,2125.224954204803,8,1.9
618.9254524707794,0,23.678955078125,90085.67350123245,1917.2721030219923,7,2.1
619.4216513633728,0,31.633651733398438,237039.3857386644,3773.860855715211,18,2.1
619.9245615005493,0,19.966629028320312,56764.85202214279,1422.7238839219187,3,2.0
620.42125415802,0,26.014419555664062,166342.22132330964,3200.148280143893,18,1.7
620.9228971004486,0,19.141571044921875,68369.49718886973,1755.2895695525253,5,1.4
621.4211280345917,0,33.77647399902344,244242.8889451028,3684.57643043493,19,2.2
621.9244027137756,0,31.243072509765625,212372.63515054501,3401.7460980119617,15,1.9
622.4241771697998,0,24.703887939453125,147483.5267125787,2925.976679345322,12,1.7
622.9267888069153,0,29.83782958984375,214497.3622709104,3672.686703636806,16,2.0
623.4281551837921,0,22.491195678710938,94646.31084627697,2007.6744982811879,6,2.2
623.9284763336182,0,27.901809692382812,181235.66881162566,3402.718355788913,17,1.8
624.429354429245,0,21.980728149414062,90336.33464346424,2006.1664791198234,6,2.1
624.9309048652649,0,19.38580322265625,77316.9522671229,2045.0532559655182,8,1.3
625.427764415741,0,22.0411376953125,126693.58105936443,2876.8478685873474,17,1.3
625.9314575195312,0,20.95941162109375,102482.56197704305,2438.6657852818444,9,1.5
626.4318323135376,0,17.46197509765625,47010.05864113128,1313.6543759633971,4,1.5
626.9291505813599,0,29.529434204101562,206694.74443464063,3602.8797322917403,17,2.1
627.4307200908661,0,18.013580322265625,39095.47272765011,1083.29380672202,2,1.3
627.9330217838287,0,16.252639770507812,20898.116853325522,604.5787108276619,2,1.6
628.429493188858,0,26.881805419921875,165944.50239132936,3284.4520158072255,15,2.0
628.9313244819641,0,31.774490356445312,228659.39659892168,3601.662802965655,15,2.2
629.4318771362305,0,27.611328125,142979.9013160517,2524.1451510221405,12,1.6
629.933091878891,0,26.20855712890625,163594.17963599655,3205.4416268243435,14,1.7
630.4320590496063,0,25.643035888671875,152717.69880420368,2980.2633483721324,12,1.9
630.9360358715057,0,16.399581909179688,24912.896974701027,760.3852384200052,1,1.6
631.435911655426,0,22.222793579101562,59175.28527835757,1332.5507387085765,7,1.9
631.934339761734,0,26.278884887695312,146983.1224754163,2799.357747270518,12,2.0
632.4338746070862,0,27.936737060546875,184270.40402024164,3301.208720264007,15,1.8
632.9342830181122,0,20.884445190429688,86735.03465159041,2078.2452971213934,7,1.5
633.4336671829224,0,23.95733642578125,133121.7386489706,2776.4772685004727,12,1.8
633.9350380897522,0,17.33843994140625,43398.33712181983,1251.4390033547716,3,1.4
634.4355442523956,0,18.145523071289062,41489.54346684871,1124.960681475128,4,1.7
634.935631275177,0,26.846282958984375,192855.6589622801,3665.57262881963,19,1.6
635.4403209686279,0,22.291763305664062,103577.67625614515,2238.539828175942,7,2.2
635.940642118454,0,17.607803344726562,33367.126155313585,947.5344353500384,2,1.6
636.441570520401,0,20.050079345703125,91986.40035079772,2383.8309652496723,17,1.2
636.9394421577454,0,19.077804565429688,52538.212831073804,1356.078468634701,3,2.0
637.44123005867,0,20.228530883789062,52977.496027694884,1288.427723680449,7,1.5
637.9402594566345,0,20.454330444335938,86978.83268042188,2143.115860931969,8,1.8
638.4413437843323,0,22.943206787109375,128046.22111478559,2865.510502086318,13,1.6
638.9406015872955,0,23.372467041015625,139531.9169628607,2988.1740715448727,13,1.5
639.440007686615,0,26.255050659179688,166026.02401486062,3164.5720695248483,13,1.9
639.9407706260681,0,19.478073120117188,68457.22459047889,1650.2145670046964,5,1.6
640.4445471763611,0,23.056594848632812,147453.62672102847,3398.8106446102906,19,1.2
640.9424531459808,0,21.31719970703125,95655.65284868622,2102.8559386819597,8,1.6
641.4450142383575,0,23.258270263671875,115039.8475956936,2552.167436660819,11,1.8
641.94673371315,0,22.443649291992188,111620.02162503538,2526.1934573282288,9,1.9
642.4473221302032,0,19.385330200195312,76279.37551754496,1999.1921519917948,7,1.4
642.9469327926636,0,17.455657958984375,45040.0486531928,1248.6495811967754,4,1.5
643.4467506408691,0,23.472579956054688,108426.32383811334,2393.260566378838,13,2.1
643.9435594081879,0,28.067092895507812,206288.9576240146,3678.899000492007,19,1.5
644.444310426712,0,17.230972290039062,27793.014480867416,802.3342947392471,1,1.7
644.9468579292297,0,26.759246826171875,174377.08172730994,3258.200821808138,17,1.7
645.4458718299866,0,21.784500122070312,97015.45168156608,2244.807075029296,7,1.8
645.9456188678741,0,24.926284790039062,138817.74011842388,2787.098060749194,12,1.9
646.4469125270844,0,21.9620361328125,110188.6901523033,2405.651264777976,9,1.8
646.9487452507019,0,20.027374267578125,67661.97966603683,1675.756369836817,5,1.9
647.448175907135,0,19.519012451171875,66110.15593101096,1781.3913530196264,7,1.7
647.9504783153534,0,19.248199462890625,71671.78310133619,1780.1145538864005,7,1.4
648.4520251750946,0,26.367279052734375,134568.79586211307,2592.607294187636,13,2.2
648.9488687515259,0,31.363876342773438,214129.4337026885,3440.5823700061737,16,1.9
649.4533281326294,0,21.245864868164062,88856.36576460197,2040.8206617642306,6,2.0
649.9537801742554,0,18.811477661132812,67089.37959616256,1811.7662319753997,7,1.2
650.4536573886871,0,21.086898803710938,108999.48095448458,2646.904152173268,12,1.4
650.9545981884003,0,17.27001953125,33714.47802814336,986.1598575023326,2,1.4
651.4552965164185,0,16.714202880859375,21733.981160231295,638.2595733725768,2,1.7
651.9564955234528,0,16.178421020507812,13792.820751674139,434.90029039800277,1,1.6
652.4557363986969,0,19.316497802734375,56507.08646948967,1456.3716615347184,11,1.7
652.9570486545563,0,20.737701416015625,99201.6311582323,2406.8241218601597,10,1.4
653.4569745063782,0,18.294326782226562,41933.08591973287,1111.273469748619,3,1.7
653.9571363925934,0,25.671066284179688,106611.42453177735,2143.191069313157,10,2.2
654.4581165313721,0,24.189956665039062,132716.6472421233,2746.3050438620007,12,1.6
654.9577541351318,0,23.245559692382812,90123.7887929612,1858.7205716607557,9,1.2
655.4592413902283,0,22.801742553710938,93800.95986707896,2122.7325010790755,8,2.0
655.9582045078278,0,23.013381958007812,77806.93030126794,1676.8504546795693,8,1.2
656.4582421779633,0,22.95928955078125,139333.49273457134,3097.961713609719,16,1.3
656.960396528244,0,24.27227783203125,137708.47979974438,2823.05601782351,11,1.9
657.4569528102875,0,30.058731079101562,220376.02010453414,3690.2090014411688,18,1.8
657.9617719650269,0,24.98590087890625,177793.68747716091,3560.888215766216,17,1.3
658.4599566459656,0,23.353790283203125,149508.41401949877,3204.019522853107,15,1.3
658.9624886512756,0,23.607528686523438,99421.05464193282,2003.5133972748479,7,2.2
659.4595997333527,0,18.757232666015625,29290.611474205387,820.0570027512174,1,2.1
659.9617335796356,0,21.304489135742188,97314.40911827053,2285.8562667104043,15,1.2
660.4613862037659,0,24.684494018554688,155327.03892982795,3110.697749861997,14,1.6
660.9638519287109,0,18.914093017578125,66650.53550505673,1607.2142593223045,5,1.4
661.4648334980011,0,18.370391845703125,46376.354477380926,1390.9882932615235,4,1.8
661.9651927947998,0,19.056610107421875,62837.79936282233,1585.8014531257256,7,1.6
662.4656429290771,0,17.302978515625,51428.432359314735,1486.3336954834704,5,1.2
662.9662702083588,0,22.096389770507812,123888.72815348295,2893.1423035144453,15,1.3
663.4669206142426,0,27.601455688476562,199468.269733869,3648.3583016978932,17,1.7
663.9668765068054,0,21.678054809570312,114947.16922175,2653.2823403789557,11,1.2
664.4629123210907,0,28.71124267578125,204362.79609161124,3563.0293385486975,18,1.9
664.9679775238037,0,22.70465087890625,128074.98878118444,2822.637544254865,12,1.3
665.4680738449097,0,22.363311767578125,130979.42999604603,2915.3553229321465,13,1.4
665.9687941074371,0,20.848678588867188,99314.74898780088,2397.1783049448195,9,1.5
666.4694919586182,0,25.173721313476562,156449.39898718544,3110.465831608361,15,1.7
666.9681069850922,0,20.93817138671875,98304.00463565408,2349.011243226226,8,1.6
667.4685785770416,0,23.392333984375,123421.43998711591,2638.0864791525337,11,1.8
667.9690275192261,0,26.83837890625,175069.61062508813,3268.4164832165925,14,1.9
668.4713966846466,0,20.6429443359375,81671.62706256866,1784.0962704086762,7,1.3
668.971914768219,0,17.331832885742188,38471.20907697829,1189.545279827866,3,1.4
669.4699165821075,0,26.951705932617188,162725.59002805225,3067.6351325109395,14,2.2
669.9721999168396,0,20.495697021484375,51410.06814853581,1203.8624485000812,2,2.2
670.4708836078644,0,25.317535400390625,132955.6804932049,2769.7008769233553,16,1.7
670.9693696498871,0,32.59178161621094,224410.3362840648,3446.1448386772067,15,2.2
671.4703962802887,0,21.964981079101562,68424.92473599859,1495.5624082578845,4,2.0
671.9711515903473,0,21.714462280273438,71862.9032674241,1668.0588048871496,6,2.2
672.4711284637451,0,16.707412719726562,19085.747562933328,589.4389613283687,1,1.2
672.9712665081024,0,16.118026733398438,17832.335648262306,539.8923915399915,2,1.3
673.4726560115814,0,17.642776489257812,47617.409993231464,1360.216744490965,7,1.2
673.9745309352875,0,19.174667358398438,44549.38735509906,1180.4637638256577,3,2.2
674.474207162857,0,23.300933837890625,110044.62957800606,2266.904853148227,13,1.8
674.9725184440613,0,27.749374389648438,205147.42702007294,3871.0782625813613,19,1.5
675.4769830703735,0,19.523117065429688,79439.79708833394,1938.4711915195937,7,1.3
675.9778954982758,0,18.78778076171875,63180.96613263106,1708.2911711102954,6,1.5
676.4792103767395,0,16.093093872070312,18893.912146203853,577.6390838142863,1,1.4
676.9791271686554,0,18.062164306640625,46415.77455651098,1294.9721640723076,6,1.6
677.4767203330994,0,19.439132690429688,62974.907759378264,1658.8188636561658,5,2.0
677.9798302650452,0,20.989883422851562,86674.87182405077,2107.4914571388485,9,1.9
678.4804172515869,0,19.992233276367188,69172.2650468973,1680.152463992441,5,2.0
678.9810869693756,0,20.429031372070312,88437.22680890391,2216.6004435192635,9,1.5
679.4779036045074,0,21.101409912109375,95720.16571178685,2267.7631589223242,8,2.0
679.9776451587677,0,22.661880493164062,113238.00024878421,2520.179206541478,9,2.1
680.4822030067444,0,19.332687377929688,56033.687923735306,1448.4794303335393,4,2.0
680.9843204021454,0,18.492874145507812,60399.348681478776,1606.5647646889431,7,1.3
681.4835081100464,0,22.483261108398438,127043.80826043269,2870.980312366174,13,1.5
681.9835739135742,0,18.99072265625,54263.07092046768,1348.5532100892192,3,2.1
682.4849405288696,0,20.1357421875,97776.73214479336,2576.413599107619,14,1.2
682.9809997081757,0,23.991226196289062,155755.85398322856,3249.6463232904384,15,1.5
683.4854538440704,0,17.298049926757812,32828.26825764908,821.5955012371597,1,1.9
683.9850919246674,0,19.7353515625,26349.57806383405,742.3227274976496,4,1.5
684.4862713813782,0,18.334762573242188,39333.89090621676,1098.2961966133123,3,2.0
684.9861681461334,0,23.061676025390625,131464.03615450388,2805.043307727426,14,1.5
685.484055519104,0,22.016983032226562,115830.75830723673,2651.544033737495,10,1.7
685.9872164726257,0,16.518310546875,26790.388042283015,804.3800824723984,1,1.9
686.4862082004547,0,21.277862548828125,106850.2987375253,2563.086394361713,15,1.4
686.9883086681366,0,19.96319580078125,71841.14664127126,1675.5834253096366,5,1.9
687.4878990650177,0,23.949676513671875,147158.83508455136,3289.2719847397307,18,1.4
687.9891438484192,0,18.027374267578125,53997.43998825308,1439.588462235133,4,1.2
688.4897952079773,0,19.155441284179688,60357.34757042384,1638.8032796679229,6,1.7
688.9863483905792,0,25.368667602539062,140654.39286737438,2775.5892072531474,12,2.0
689.490832567215,0,18.270904541015625,28395.11859012582,769.8578889963437,1,2.2
689.9904210567474,0,25.98583984375,156047.51697630063,3036.307484169188,15,1.8
690.4912745952606,0,17.991729736328125,37123.35286800068,896.2451213037674,1,1.7
690.991250038147,0,24.303176879882812,80832.4753312022,1884.280406069316,10,1.7
691.4924488067627,0,25.304275512695312,95588.61718073902,1890.7081523040194,8,1.9
691.9926505088806,0,23.7857666015625,139708.98306666152,2940.077617486002,15,1.5
692.4933767318726,0,22.361236572265625,115925.97014902621,2594.713392190607,10,1.7
692.9935925006866,0,19.228607177734375,46886.370072057936,1150.6813673754093,3,2.0
693.492429971695,0,21.813262939453125,116846.28095737046,2833.6430075394146,16,1.2
693.9949066638947,0,19.734512329101562,90364.65861232943,2229.8498825890865,9,1.2
694.4955472946167,0,20.89459228515625,97627.52809308807,2354.8676771719097,9,1.7
694.9953017234802,0,24.735305786132812,138832.39580853525,2806.6360125177894,11,2.1
695.4951229095459,0,24.173385620117188,155589.3749049168,3287.706622851397,16,1.3
695.993335723877,0,27.509994506835938,208974.19526991606,3801.8182800440404,19,1.5
696.4975192546844,0,20.09564208984375,92051.59569710893,2292.636373300288,8,1.4
696.9977383613586,0,20.8272705078125,107902.21781221616,2592.466448243727,12,1.3
697.4989664554596,0,17.061843872070312,42443.823114938205,1233.2195838717898,3,1.5
698.0000166893005,0,18.230499267578125,66170.08355675156,1757.110407665511,10,1.2
698.4955427646637,0,29.992355346679688,219887.77619870432,3823.507646347463,17,2.1
698.9996273517609,0,21.952896118164062,87779.29583097542,1976.8690092826535,5,2.2
699.4986186027527,0,19.556503295898438,66227.73210864355,1715.286188560884,6,1.8
700.0009491443634,0,19.65325927734375,71941.7375512566,1791.8656393342837,6,2.0
700.5002994537354,0,19.298248291015625,78582.59826945467,1954.7888197480886,8,1.5
701.0000891685486,0,23.53521728515625,94579.67499104209,2105.4830044527894,9,1.6
701.4979438781738,0,23.727249145507812,134877.60957813312,2819.6273234087184,13,1.5
701.9997174739838,0,24.98724365234375,148685.17523712304,3046.634557183719,12,1.9
702.5002055168152,0,28.499862670898438,217955.5156029867,3833.91321080199,19,1.6
703.003582239151,0,22.252975463867188,116513.19571910145,2527.3024765303203,9,1.8
703.5053663253784,0,28.387039184570312,177978.20022957757,3249.264546410854,14,2.1
704.0030484199524,0,27.603057861328125,158609.93327712052,2874.971331027079,11,2.2
704.5051200389862,0,19.229263305664062,41792.040503451484,1002.7945269395791,2,2.1
705.004830121994,0,18.22979736328125,35363.25802028787,1016.5773996658597,3,2.0
705.5067911148071,0,18.770675659179688,60965.80696941383,1636.9682454650024,8,1.3
706.0061118602753,0,17.784088134765625,60245.59433643704,1736.0462772136889,6,1.3
706.5043153762817,0,23.103607177734375,142261.55294113443,3081.726565564903,17,1.5
707.006947517395,0,20.52850341796875,101385.41986065758,2464.329667389152,9,1.4
707.5072112083435,0,16.239990234375,22608.49193931362,612.6235210992348,1,1.5
708.0033650398254,0,29.363494873046875,188909.70046249617,3577.0605799520467,18,2.1
708.5077517032623,0,26.053939819335938,180058.2627421393,3502.1574714885346,15,1.5
709.0069403648376,0,21.70916748046875,99161.90401862696,2234.8162380546723,7,2.1
709.5096614360809,0,19.481674194335938,74287.20994808734,1936.8458595293835,8,1.4
710.0107834339142,0,22.547195434570312,136852.91719747652,3060.247568272118,16,1.3
710.5116021633148,0,17.417739868164062,45251.818239331566,1163.5263905302636,2,1.5
711.0098173618317,0,25.078948974609375,134028.69284672244,2955.6661275975407,14,1.9
711.5082833766937,0,24.4566650390625,168528.4861608164,3448.3442393024175,18,1.2
712.0108530521393,0,23.572265625,157324.8884061862,3340.960145828155,16,1.3
712.51131772995,0,23.516983032226562,156354.1111103924,3327.425116256134,15,1.4
713.0128319263458,0,22.889007568359375,148517.04562799714,3247.1482119977013,16,1.2
713.513055562973,0,17.9822998046875,56393.822011328906,1445.921838830773,4,1.6
714.0135958194733,0,17.406082153320312,36434.7874125758,1054.9760617151373,3,1.7
714.5107817649841,0,16.522384643554688,30467.399501237905,989.2034565589008,3,1.3
715.0104620456696,0,17.938217163085938,42820.40295118575,1154.2395663827547,4,1.8
715.5107424259186,0,18.595230102539062,58742.88244025899,1541.5781273976188,6,1.5
716.0116677284241,0,21.834579467773438,108846.97447750717,2632.2925103654843,11,1.6
716.5121824741364,0,25.354568481445312,143014.19404207793,2820.0046099117917,11,2.1
717.0142772197723,0,35.634246826171875,257985.99493660073,3640.093773631604,18,2.2
717.5157356262207,0,24.158981323242188,108427.32342822367,2177.823613340129,8,1.7
718.0175051689148,0,20.213882446289062,86042.68020016437,2179.2448886080783,8,1.6
718.5177600383759,0,18.17828369140625,55455.81373064662,1538.1540124835058,5,1.4
719.0187714099884,0,17.211471557617188,42487.93898168254,1164.688326206968,4,1.5
719.5179319381714,0,21.457595825195312,111660.90809426781,2753.150934581101,13,1.5
720.0194292068481,0,21.766738891601562,129677.10028852221,2981.567442105005,14,1.2
720.5170259475708,0,25.9080810546875,165832.17382803228,3203.4406494565087,13,2.0
721.0201370716095,0,22.087173461914062,119935.3778731877,2682.5523918742942,12,1.2
721.5174746513367,0,26.774185180664062,181936.46814286115,3370.3359930881707,16,1.8
722.0209765434265,0,21.992523193359375,122652.79246354973,2851.923785577207,12,1.2
722.5189707279205,0,28.050216674804688,198068.4026414921,3534.05469730441,17,2.0
723.0200490951538,0,22.353240966796875,113438.50836545342,2416.383381731154,8,2.1
723.5218224525452,0,25.3533935546875,171343.81324701244,3545.2453260791062,18,1.5
724.020913362503,0,27.748855590820312,196445.68474478205,3542.884847205107,16,1.7
724.5237538814545,0,22.588394165039062,132118.2076887735,2927.5210763919144,12,1.4
725.0231733322144,0,23.894439697265625,133630.9231994053,2798.517180030474,11,1.9
725.5243363380432,0,20.492034912109375,94034.49494612344,2156.789220278101,9,1.3
726.024581193924,0,17.172134399414062,47865.95779111261,1438.3185820420067,4,1.3
726.525009393692,0,15.54217529296875,16815.81680286587,493.36723177153897,1,1.5
727.0208723545074,0,22.225982666015625,61997.66866881932,1528.751304748998,8,2.0
727.5278141498566,0,26.464096069335938,161970.0858775668,3134.813287506393,16,1.6
728.0222764015198,0,20.028900146484375,54392.09703007013,1313.8015471418103,3,2.1
728.525071144104,0,22.3282470703125,117489.90462731614,2721.2167533198844,15,1.3
729.0244557857513,0,25.768463134765625,182999.00306605155,3554.150650002783,17,1.5
729.5264506340027,0,25.3834228515625,158530.5193015138,3125.543803290356,13,1.7
730.0279250144958,0,20.382308959960938,73708.2021607128,1699.4149224233124,5,1.9
730.5291302204132,0,17.864822387695312,60098.94242956196,1786.5836730614994,7,1.2
731.0289776325226,0,18.40850830078125,47590.34216026093,1293.8039090863879,4,1.8
731.5269479751587,0,21.366073608398438,100496.98804839306,2335.0570120842967,12,1.7
732.0286796092987,0,22.346527099609375,116975.87416732228,2617.185200156777,10,1.8
732.5299389362335,0,23.353057861328125,149851.75067052883,3239.961141247176,15,1.4
733.0307054519653,0,16.51312255859375,32022.386137616766,859.3771377670014,1,1.2
733.5317158699036,0,21.808425903320312,94265.10929465668,2411.224002737125,12,1.6
734.0319769382477,0,19.255355834960938,47970.28254954425,1161.2353566274855,3,1.7
734.5334270000458,0,15.862136840820312,21783.4122661145,703.0578611137031,2,1.2
735.0311522483826,0,23.105117797851562,135799.44103043718,3075.7687808286396,15,1.5
735.5313816070557,0,19.438583374023438,63148.421319072884,1561.6878769348637,4,2.1
736.0299737453461,0,25.027206420898438,142379.95772825953,2959.2595655484783,15,1.8
736.5305836200714,0,18.080062866210938,54223.690023781215,1475.160799902101,4,1.2
737.0323252677917,0,23.0963134765625,120739.1654169502,2660.9874369070585,12,1.7
737.5347919464111,0,24.932357788085938,146334.22108382903,2937.9090667069777,13,1.7
738.034734249115,0,21.854476928710938,57647.866007811244,1251.1852875360883,5,1.2
738.5359194278717,0,16.629852294921875,20661.159208024004,571.5625028673566,1,2.0
739.0373599529266,0,21.250823974609375,91922.3578753817,2452.4225536980844,13,1.4
739.5368299484253,0,21.940689086914062,111119.8252993829,2497.050105535484,9,1.9
740.0362787246704,0,26.459884643554688,183978.20270241413,3476.4701826622263,17,1.6
740.5377550125122,0,16.854995727539062,32382.284008485833,960.7240643521825,1,1.4
741.0379996299744,0,24.532470703125,106695.11144697834,2156.978016619396,12,1.8
741.5354919433594,0,30.398391723632812,214764.1041422475,3626.90240333623,16,2.1
742.0378820896149,0,26.739044189453125,120342.17206098621,2252.4739318751176,9,1.8
742.5394928455353,0,20.773101806640625,86172.59318095523,2076.1945135325323,9,1.2
743.0386929512024,0,19.850677490234375,84410.97678498081,2065.017681142933,8,1.6
743.5405168533325,0,19.04302978515625,80574.36268796568,2166.461979288528,8,1.4
744.0359585285187,0,35.42402648925781,264936.49200832535,3767.104229115991,19,2.2
744.5394158363342,0,36.517120361328125,284212.5504709379,3895.1318886204417,19,2.0
745.0425016880035,0,20.137313842773438,53933.13852839687,1317.454761202953,2,2.2
745.5417249202728,0,22.901535034179688,127648.26469474842,2837.102399600233,15,1.5
746.0425453186035,0,19.566177368164062,58814.92848075886,1427.7188371732113,3,2.2
746.540253162384,0,25.51531982421875,127140.56444449873,2591.266754855362,14,2.1
747.0432832241058,0,20.421157836914062,92613.74189227103,2158.300736519863,8,1.4
747.5445084571838,0,17.999893188476562,60338.98147178689,1649.5653440326337,6,1.2
748.0446729660034,0,21.3541259765625,100750.54815513712,2544.660458575569,11,1.5
748.544031381607,0,28.430191040039062,202544.38653885238,3452.6324449160343,17,1.8
749.0440652370453,0,26.606201171875,176425.57919854962,3423.0741702529845,14,1.7
749.5442616939545,0,25.586227416992188,152927.55441257494,2986.8412702861788,12,1.9
750.0470023155212,0,19.91802978515625,69506.21928180275,1675.2660960908509,5,1.7
750.5493628978729,0,19.780548095703125,87917.57832048627,2318.4392959243655,10,1.3
751.0442440509796,0,20.379379272460938,91101.10810985138,2084.5580933569836,8,1.8
751.5445580482483,0,20.390228271484375,75925.45697016876,1965.9907415583696,6,2.0
752.0456745624542,0,20.557403564453125,81174.50030149144,2002.6361729448877,7,1.8
752.546793460846,0,22.637344360351562,123719.67576534806,2735.4798784815725,12,1.6
753.0480678081512,0,27.342819213867188,140207.16329319446,2566.231354973579,11,2.0
753.551020860672,0,20.594253540039062,61439.945939895355,1492.989291416759,4,2.1
754.0498993396759,0,22.390655517578125,73595.56650173131,1645.016599495432,9,1.5
754.5511403083801,0,17.76025390625,44162.88919644215,1191.0865752068842,4,1.2
755.0518095493317,0,18.3887939453125,51028.20972540151,1420.6478183230329,5,1.7
755.5524172782898,0,21.188461303710938,80453.02500112423,1883.5251615467876,11,1.2
756.0490045547485,0,27.894851684570312,198958.63263011898,3672.290541579122,16,2.0
756.5498881340027,0,30.703399658203125,209481.01152089346,3414.605586583294,14,2.2
757.0536079406738,0,18.418365478515625,38992.57008657862,924.4034178744162,1,1.9
757.5543186664581,0,20.886688232421875,79612.59399108058,2119.0051533061082,10,2.0
758.0544135570526,0,19.796157836914062,74814.72626724787,1922.9489031965659,6,1.7
758.5544033050537,0,21.622314453125,114925.58816450751,2525.724067069384,14,1.3
759.0527336597443,0,28.844284057617188,206877.5265143271,3672.443378674407,16,2.0
759.551144361496,0,18.677413940429688,54705.62191994623,1499.779363960253,3,1.5
760.0514392852783,0,25.247817993164062,174063.7600706919,3464.853874647129,19,1.5
760.5514385700226,0,31.883590698242188,251811.5069432264,3952.8797491102036,19,1.8
761.0556433200836,0,33.08082580566406,248556.98892835618,3643.3189639227207,16,2.2
761.5556914806366,0,24.422271728515625,152104.0730687901,3163.7924947736324,14,1.3
762.0579969882965,0,21.9854736328125,127846.29790194686,2953.9049776519255,13,1.3
762.5559587478638,0,25.550247192382812,152027.45827997304,2975.5093728668508,12,2.0
763.0542669296265,0,26.74432373046875,131930.54108467838,2473.6463956510925,12,1.5
763.5561521053314,0,17.924072265625,38848.71711991996,1071.7430567852132,3,1.2
764.058836221695,0,24.343109130859375,143311.85834895636,2981.418668003886,18,1.7
764.560540676117,0,20.111328125,64281.682484043515,1513.773720501117,3,2.0
765.0602490901947,0,19.67718505859375,70669.05870647886,1893.5635299992866,11,1.4
765.5626630783081,0,25.346664428710938,186200.25787829625,3676.3417238620473,19,1.4
766.0613698959351,0,17.146865844726562,36658.69564739221,949.9695248977297,1,1.6
766.5621869564056,0,17.5308837890625,26607.189173525683,807.4321962496431,4,2.2
767.0618236064911,0,22.742538452148438,66510.6806827308,1508.9784314185936,8,1.9
767.5605480670929,0,24.870834350585938,160229.81649667138,3282.881420424741,18,1.5
768.0608248710632,0,26.13031005859375,191603.34706051645,3669.684737187558,17,1.5
768.5636713504791,0,20.21307373046875,90309.24015474443,2235.8796392196177,8,1.3
769.0648159980774,0,20.500350952148438,85386.95919995748,2072.1596473717,7,2.0
769.5653674602509,0,16.098785400390625,27787.82902766349,868.9475418226624,2,1.2
770.0653524398804,0,15.035324096679688,12816.785858077656,365.33964713225186,1,1.6
770.5664927959442,0,18.955307006835938,57580.47793640323,1738.9852872397373,8,1.8
771.0662491321564,0,17.4840087890625,40648.256672961594,1142.8157146946498,3,1.6
771.5669350624084,0,19.593551635742188,83975.30363740986,2183.014126033909,12,1.3
772.0675880908966,0,20.206207275390625,87990.15536811443,2153.892583939092,9,1.2
772.5675191879272,0,21.20269775390625,115300.4696284054,2752.9515667055284,13,1.3
773.0679891109467,0,22.759201049804688,119961.22320665144,2637.570618961387,10,2.0
773.5688035488129,0,22.60150146484375,117242.03031531392,2559.475975079867,10,1.9
774.0693035125732,0,18.985153198242188,70095.4926894685,1874.0433447381513,6,1.5
774.5663754940033,0,25.446731567382812,149208.96971055501,2934.7187398998726,13,2.1
775.0668075084686,0,21.83905029296875,97508.9004423641,2178.2540615017424,7,1.9
775.5685245990753,0,21.724945068359375,109220.75184815752,2579.247027952627,10,1.8
776.0675201416016,0,17.67913818359375,49606.98510860968,1400.237938236868,4,1.5
776.5690941810608,0,24.522628784179688,146742.49412343345,3003.674714006154,14,1.7
777.0716028213501,0,25.287628173828125,144339.18865814948,2856.6142899381507,11,2.0
777.5727250576019,0,17.077880859375,34353.37173336571,1000.8853054280854,2,1.3
778.0713729858398,0,18.412628173828125,57412.75506304007,1569.5749529705226,10,1.4
778.5735385417938,0,17.24822998046875,40446.06083882869,1080.1108299863763,3,1.5
779.0742599964142,0,19.497177124023438,59066.23529176421,1599.4110225103639,5,2.2
779.5723559856415,0,29.242095947265625,199300.7483467371,3494.7221356599057,17,2.1
780.075829744339,0,21.104293823242188,99974.29667796238,2289.3919315504186,8,1.5
780.5737020969391,0,26.46563720703125,160295.49090965104,3052.637628484386,14,2.1
781.0739502906799,0,26.840118408203125,191482.02378930128,3667.4577400491416,18,1.4
781.5763001441956,0,19.717514038085938,61761.32396644763,1421.9338171051543,3,2.2
782.077906370163,0,21.717437744140625,82151.05824255056,2069.074654634315,9,2.2
782.5779328346252,0,20.01068115234375,58029.43286174056,1451.2249622546553,4,2.0
783.0778551101685,0,20.05029296875,78466.8804504648,1896.2316440591287,8,1.7
783.5768995285034,0,28.640243530273438,141832.32773678916,2557.345572937617,12,2.2
784.0755460262299,0,33.603790283203125,243845.14254799153,3538.4103697205323,17,2.1
784.578723192215,0,25.338775634765625,144601.2110141601,2929.3838451356796,10,2.2
785.0787708759308,0,17.805374145507812,34672.11029299179,974.5933928817809,2,1.7
785.5800130367279,0,19.96405029296875,85673.83788026484,2147.710478123825,13,1.3
786.0802686214447,0,22.86083984375,142248.98843269516,3097.042824494329,15,1.3
786.5805039405823,0,16.46990966796875,35367.67856783276,996.3624774405858,1,1.7
787.0809421539307,0,23.033233642578125,109276.08928787331,2560.170270273851,12,1.9
787.5821349620819,0,19.413131713867188,82715.2122738595,2080.653477004289,8,1.2
788.0792632102966,0,25.938262939453125,163609.39560428122,3232.9844213449105,17,1.8
788.5779435634613,0,26.2398681640625,182722.31751221512,3422.311401815247,16,1.5
789.0803272724152,0,19.553497314453125,84241.717166224,2085.406991099201,7,1.5
789.5834717750549,0,17.57281494140625,41265.02245522654,1183.3619183572816,3,1.7
790.0839736461639,0,16.823760986328125,19717.66393045668,595.4673279144392,1,2.2
790.5849685668945,0,19.052047729492188,48043.80507373143,1291.094812969778,7,2.0
791.0838632583618,0,23.28680419921875,123678.70518648623,2655.6671096188775,12,1.7
791.5823891162872,0,21.9251708984375,104573.35533025404,2402.809092984283,8,2.1
792.0822536945343,0,24.62060546875,135593.3351021686,2756.349761021756,11,2.0
792.5819711685181,0,27.946517944335938,174238.62127938055,3120.2098298501287,13,2.1
793.0867011547089,0,17.6099853515625,34866.90247875594,869.7338296559708,1,1.4
793.5848054885864,0,27.548171997070312,169703.21032176082,3460.156993724926,17,2.0
794.0883705615997,0,24.90106201171875,136387.6262398241,2741.0879089364894,10,2.1
794.5840723514557,0,27.606689453125,177534.78331653192,3218.0968366688185,15,1.9
795.0885710716248,0,18.765533447265625,51412.37981667316,1371.1840418663576,3,1.7
795.5891034603119,0,16.2127685546875,28886.08095721538,871.0418552121372,3,1.2
796.0893998146057,0,16.126937866210938,17986.853816225106,544.3686875233585,1,2.2
796.5927815437317,0,20.655242919921875,97519.22132270776,2455.018331016162,17,1.2
797.0921368598938,0,19.930191040039062,96658.5412778726,2449.5500269878153,9,1.3
797.5910112857819,0,23.274551391601562,122642.88802953801,2636.828481349172,11,1.9
798.0917394161224,0,19.358734130859375,73256.4590431098,1893.8221761906339,6,1.6
798.5917408466339,0,15.664535522460938,16795.247901277486,486.76834299151267,1,1.2
799.0917382240295,0,23.0574951171875,94092.900965496,2154.7440321462036,12,1.9
799.5938529968262,0,19.954757690429688,85448.99071033843,2223.9809016214813,8,1.2
800.09335064888,0,17.114242553710938,44360.50805461861,1235.5206450790345,4,1.4
800.5935819149017,0,20.27056884765625,88960.22911337568,2300.6754448034253,13,1.6
801.0942101478577,0,18.310104370117188,56539.57932187492,1456.7912591220954,4,1.6
801.5947506427765,0,21.980606079101562,105695.87831855845,2442.607806481127,12,1.6
802.0945246219635,0,23.393539428710938,140025.4513887904,3122.2722932792562,13,1.5
802.595320224762,0,16.649581909179688,30113.065341271973,807.4076618457458,1,1.6
803.0982284545898,0,17.641281127929688,46747.85239753336,1469.3944171072856,6,1.5
803.5964887142181,0,16.538284301757812,28011.780915091167,801.8969657324379,2,1.8
804.0970857143402,0,15.572647094726562,14326.863077104954,445.2679083922792,1,1.6
804.5985517501831,0,17.430221557617188,21925.453806748057,654.0938084070219,2,2.1
805.0974316596985,0,21.099334716796875,61742.242329482506,1534.7877283647415,9,1.5
805.6000945568085,0,23.840484619140625,157660.2406517614,3309.664264821654,19,1.3
806.0988137722015,0,18.114273071289062,41233.66582711825,1035.923435964004,1,2.1
806.5975487232208,0,27.800552368164062,174075.63485822798,3417.3421715459976,19,1.9
807.1005644798279,0,27.3980712890625,171648.02414232356,3135.074695359665,15,1.4
807.5996382236481,0,24.002227783203125,133922.9189425007,2792.365800598852,11,1.8
808.1005718708038,0,18.470687866210938,52788.2650290673,1375.5849367407548,4,1.5
808.6015191078186,0,17.650482177734375,42396.25086133439,1191.4122111931615,4,1.6
809.101654291153,0,18.649459838867188,39622.368878889014,1070.8084937870792,3,2.0
809.5991005897522,0,22.556991577148438,94748.66537135707,2186.1514569148917,11,1.7
810.1029789447784,0,16.352432250976562,23549.992120611707,719.4036837729419,1,1.7
810.6031627655029,0,15.49468994140625,12697.473286269244,410.91496661611484,2,1.2
811.1034045219421,0,17.072113037109375,40651.46651800105,1187.2578371488992,5,1.5
811.6046679019928,0,17.94732666015625,45189.6729549258,1218.5101666729015,4,1.7
812.1039233207703,0,18.906997680664062,49408.558280914556,1355.9529880420212,4,2.2
812.6020791530609,0,22.94171142578125,137153.64792347833,2991.843055041942,19,1.3
813.1033203601837,0,18.789047241210938,75398.85861737501,1961.0361040119087,7,1.2
813.6057734489441,0,18.573898315429688,65400.689529882984,1746.6984824100705,6,1.7
814.1062889099121,0,17.353012084960938,32399.23507057462,911.0810228560727,2,2.2
814.6025950908661,0,23.730575561523438,95547.07160902054,2130.3739502201315,13,2.2
815.1068716049194,0,22.642288208007812,115379.5235057021,2550.1397857650695,11,1.3
815.6032419204712,0,32.54534912109375,259790.49857164262,3995.0408740808257,19,2.1
816.1059236526489,0,22.949310302734375,112132.87803346336,2445.345819099126,8,2.0
816.6048321723938,0,24.13677978515625,159630.54034605698,3309.679282450431,19,1.3
817.1080641746521,0,22.293167114257812,57941.85824733498,1198.2146755144574,3,2.2
817.6064074039459,0,24.605484008789062,112511.84087064065,2468.961796414984,11,2.0
818.108556509018,0,21.09075927734375,43510.37580356427,1032.3478502449711,3,1.4
818.6088225841522,0,25.561279296875,152800.20128889353,2992.2211291416347,16,1.7
819.110447883606,0,23.757965087890625,135340.01025309358,2850.9596570845765,11,1.7
819.6109476089478,0,23.160858154296875,126552.3123359941,2734.225112822574,11,1.7
820.1114795207977,0,17.633438110351562,43971.04579703792,1212.4124555976202,3,1.5
820.6127364635468,0,21.563491821289062,124222.91614754449,2965.753437801845,17,1.2
821.1119320392609,0,18.20379638671875,45874.54952814247,1101.9130061592416,2,2.1
821.6126880645752,0,21.4698486328125,100354.04564290823,2634.4386943444715,13,1.5
822.1135756969452,0,21.370986938476562,111369.64641592899,2607.2731297065693,10,1.6
822.6141736507416,0,20.474395751953125,95493.37396812136,2334.7697572681677,9,1.5
823.1147277355194,0,20.986907958984375,101689.22745576316,2424.845055758406,10,1.5
823.614875793457,0,23.05340576171875,157020.14255301005,3409.0407644020365,17,1.3
824.1115069389343,0,26.764434814453125,197469.00196005323,3692.7363004365934,17,1.6
824.612263917923,0,26.392776489257812,159803.1523025065,3029.919949215952,12,2.0
825.112122297287,0,18.690414428710938,39202.808729070464,1026.9970242347304,2,2.1
825.6121301651001,0,30.13006591796875,219930.9291112808,3732.3516087276234,19,1.9
826.1149299144745,0,25.112655639648438,149674.5744049928,2982.9979383673303,12,1.7
826.6190567016602,0,17.739669799804688,42520.7051897311,1199.4586280424605,3,1.4
827.1156177520752,0,24.185562133789062,134460.35162834192,2711.57642056119,14,1.8
827.61479139328,0,18.216232299804688,56075.58739842305,1576.1217538001993,4,1.3
828.1158061027527,0,20.511016845703125,95061.13307573594,2324.8969253316072,10,1.5
828.616423368454,0,21.150039672851562,96672.58427089377,2287.41887714281,8,2.0
829.1202838420868,0,22.534072875976562,109838.78743013354,2439.372602659953,9,2.0
829.6199550628662,0,25.182907104492188,150729.40923551045,2995.801862229889,13,1.8
830.1211814880371,0,23.167816162109375,127091.06070527183,2745.4465088525126,11,1.6
830.6176955699921,0,26.200973510742188,180526.08340644403,3448.039820465469,18,1.6
831.1197881698608,0,17.200607299804688,39397.993624773415,1007.9295281740931,1,2.0
831.6228311061859,0,18.753662109375,54278.208056936026,1623.3629369263815,7,1.6
832.1223022937775,0,19.851837158203125,68136.06617281355,1658.032943636098,5,2.2
832.6267442703247,0,20.721359252929688,97255.73427704659,2430.245978814355,10,1.6
833.1217319965363,0,29.876983642578125,214931.2921562386,3600.6312178948306,16,2.1
833.6244637966156,0,17.640426635742188,41479.43407034081,1010.5197775592237,1,1.8
834.121472120285,0,22.215301513671875,115379.85648384228,2966.153754854379,18,1.4
834.6256461143494,0,21.043136596679688,87114.94549587587,2072.0295094638973,6,2.2
835.1245567798615,0,17.050506591796875,35049.19475022798,987.4193420211881,3,1.2
835.6262929439545,0,17.632293701171875,38729.874239323915,1089.534936610272,4,1.9
836.1261022090912,0,16.580551147460938,21219.538129195236,588.641469948639,1,2.0
836.6267125606537,0,24.5482177734375,79109.89857324016,1822.209677820377,9,2.2
837.1271727085114,0,18.050827026367188,27383.346921225286,756.364236389657,1,1.9
837.6247231960297,0,27.5928955078125,175866.82668102134,3201.838675284572,19,1.8
838.1280035972595,0,18.455169677734375,59556.893692948935,1567.203147142817,4,1.2
838.6273126602173,0,25.490264892578125,155180.16597254132,3136.8446085972714,14,1.9
839.1296799182892,0,20.334640502929688,91099.96759334968,2117.9130259910507,8,1.3
839.6293933391571,0,18.751205444335938,71244.96738758852,1914.9702191997746,7,1.4
840.1280581951141,0,21.868988037109375,108133.15778863955,2593.67282581848,10,2.0
840.6311390399933,0,18.929611206054688,54988.584831940396,1357.8725796427614,4,1.7
841.1316380500793,0,19.219802856445312,78578.96596664411,2181.031736542634,10,1.4
841.6315383911133,0,18.3187255859375,53867.48467799514,1336.5012694329866,4,1.9
842.1337926387787,0,23.4163818359375,145454.65357341737,3394.2903970765324,19,1.3
842.6349782943726,0,22.123458862304688,129746.66476649282,2934.7580956532356,12,1.4
843.1356735229492,0,23.60125732421875,128552.51591151765,2725.4480181440613,11,1.8
843.630836725235,0,25.742706298828125,162972.72121226214,3144.813100077412,14,1.7
844.1295461654663,0,27.210800170898438,167197.82174260943,3096.932081039115,12,2.2
844.6340503692627,0,18.711380004882812,54950.456758485954,1397.9193406993081,4,1.3
845.1342265605927,0,23.697052001953125,123385.58946141142,2733.9687651721497,12,1.9
845.6348094940186,0,18.61383056640625,41007.5291251171,1099.2901180119948,2,2.2
846.1354186534882,0,16.300323486328125,22140.826135699415,662.7475834489421,2,1.6
846.636039018631,0,16.948760986328125,31940.04144052739,969.5103974417377,5,1.4
847.1320579051971,0,23.406814575195312,118601.14948957849,2536.2699315314517,14,1.9
847.6332411766052,0,25.2149658203125,155290.52347823855,2888.7209492595407,13,1.7
848.1340205669403,0,25.369842529296875,148082.49737798973,3011.764850797347,11,2.1
848.6354475021362,0,22.541213989257812,129433.12346473183,2964.525337093445,14,1.2
849.1384754180908,0,18.561264038085938,64510.591711069515,1611.5820527428189,5,1.6
849.6391022205353,0,15.939483642578125,26280.076426563683,844.1929677104374,2,1.3
850.1399517059326,0,19.570877075195312,72918.2260106667,1958.9822087530222,8,2.1
850.6405394077301,0,22.754730224609375,141660.66402006513,3052.068704593584,17,1.4
851.1374847888947,0,19.293075561523438,82597.81459107026,2186.2247864782335,7,1.4
851.6383235454559,0,22.138671875,111014.14667169994,2393.5491839435376,10,2.0
852.1368446350098,0,24.856216430664062,170762.84759115186,3572.386016499926,17,1.4
852.6374990940094,0,24.672225952148438,162134.40095146248,3312.672320629543,14,1.6
853.137259721756,0,27.574417114257812,139155.16536018898,2502.6458297940862,11,1.9
853.6410648822784,0,20.761520385742188,96334.57077891102,2338.3643922985507,9,1.4
854.1387376785278,0,16.601104736328125,30644.743967639562,878.7367004604906,2,1.7
854.6437203884125,0,19.03045654296875,52988.45202512396,1414.25929216312,5,1.9
855.1402778625488,0,23.907806396484375,141752.0624401662,3074.56061760685,14,1.6
855.6406710147858,0,23.44781494140625,136594.51979700968,2915.666136518043,12,1.6
856.1416339874268,0,21.704208374023438,94820.0535568243,2153.7758574022764,7,2.1
856.6444642543793,0,23.511581420898438,123321.88135590062,2664.0913207277777,10,2.2
857.1426372528076,0,31.02130126953125,231974.38748233693,3742.6218517155826,18,1.9
857.643664598465,0,30.285934448242188,228392.26872795247,3774.1282242864463,18,1.7
858.1490731239319,0,20.876617431640625,103025.96283635494,2469.700858811405,9,1.4
858.6503510475159,0,20.873275756835938,101062.15466037221,2423.0025315234243,10,1.6
859.1477816104889,0,21.6927490234375,94251.76386094847,2174.2749131998175,7,2.2
859.6484100818634,0,18.162216186523438,49524.71599808029,1346.6418276723357,4,1.6
860.147783279419,0,17.331527709960938,28418.800397068902,806.737884506519,2,2.2
860.6433959007263,0,32.012298583984375,204033.91447704958,3285.862142140119,19,2.2
861.1478998661041,0,32.29866027832031,220536.62995404395,3335.1228525198126,15,2.0
861.6486167907715,0,22.263259887695312,124480.81120252123,2865.662994630049,12,1.2
862.1496255397797,0,22.95751953125,85637.24547408856,1866.7957547270137,8,1.5
862.6516268253326,0,17.93890380859375,40987.70283236057,1143.3809010210573,4,1.2
863.1483957767487,0,22.7669677734375,150621.46140743888,3311.4642560332854,19,1.2
863.6477739810944,0,18.407028198242188,52683.05395161717,1425.4337917788189,3,1.8
864.1498262882233,0,23.666213989257812,129496.53024914567,2736.0945873890787,15,1.7
864.6521825790405,0,24.099044799804688,158681.5384983077,3314.031766132377,17,1.2
865.1506724357605,0,26.439910888671875,171758.4580570355,3251.4859963780455,13,2.0
865.649242401123,0,26.495590209960938,186020.5493338465,3513.414846105338,18,1.4
866.1547038555145,0,20.118255615234375,97712.07929756085,2430.329991581151,9,1.3
866.6537680625916,0,25.107574462890625,128278.29013121243,2557.3159245191287,13,1.5
867.1546697616577,0,27.20489501953125,192334.24946955097,3538.039750967525,18,1.5
867.6581125259399,0,25.800338745117188,165184.21616166708,3203.8726629371836,13,1.8
868.1536049842834,0,29.316741943359375,212828.8915794108,3633.077652550198,16,2.0
868.6589534282684,0,23.45556640625,129422.04568599093,2723.1062722484753,10,1.8
869.1530163288116,0,16.911239624023438,26052.619152813473,776.4658470894482,1,1.5
869.6549191474915,0,20.913177490234375,101871.36844729044,2376.826765000737,18,1.4
870.157497882843,0,17.933761596679688,55732.562220199026,1604.682868390982,4,1.2
870.6581561565399,0,16.308334350585938,28920.99584846072,871.9468030460814,3,1.2
871.1589453220367,0,18.729843139648438,60812.43140649187,1649.399825170125,7,1.3
871.6591475009918,0,18.519989013671875,67466.67682734852,1806.6965361210025,7,1.3
872.1561625003815,0,26.080459594726562,177885.36150160982,3451.8563475853452,19,1.7
872.658670425415,0,23.463134765625,126112.28484875734,2590.1057385151657,9,2.1
873.1570837497711,0,30.69677734375,225105.33639195756,3806.4256287082253,18,1.9
873.6608889102936,0,22.545272827148438,119542.94056490464,2634.876076037866,9,1.8
874.1580696105957,0,30.61260986328125,229717.44345044112,3782.264907079355,18,1.9
874.6590232849121,0,21.8309326171875,107214.1548682573,2357.4805942775347,10,1.2
875.1602365970612,0,19.793716430664062,70561.52417803109,1853.4669893100606,5,2.2
875.6630163192749,0,17.39007568359375,21751.276263682816,625.4716884447861,1,2.1
876.1634125709534,0,16.2843017578125,13445.086131987417,376.4975674845016,3,1.7
876.6594567298889,0,30.75042724609375,179582.01819185063,3190.1020176056686,18,2.2
877.1643240451813,0,28.050857543945312,139495.06070267147,2489.050464522088,10,2.1
877.6650102138519,0,22.993484497070312,92602.67821189556,1922.1097178912219,9,1.3
878.1638014316559,0,24.693267822265625,133027.2588449536,2801.2493323232184,11,2.1
878.6650590896606,0,17.838104248046875,44837.15623475789,1267.0628944482557,3,1.4
879.1654877662659,0,23.258773803710938,108649.30706947247,2337.6984727941654,11,2.2
879.6659550666809,0,29.337081909179688,166168.55249610974,2834.7741011684484,12,2.2
880.1674335002899,0,27.258087158203125,133783.6636463936,2448.8145339249186,10,2.2
880.6702687740326,0,24.995498657226562,146598.57185137205,2944.050087143376,15,1.4
881.1674518585205,0,19.0074462890625,54900.28380497946,1334.5822271031218,3,1.9
881.6649060249329,0,30.412994384765625,207259.88886547106,3571.2695246610133,19,2.0
882.1655774116516,0,23.441268920898438,131604.53782299926,2893.3160670126613,11,1.4
882.6669611930847,0,25.790542602539062,150307.0927807959,2916.3015745390067,12,2.0
883.1703443527222,0,23.740447998046875,128641.32257643797,2711.9538774203747,10,2.1
883.6697192192078,0,25.819168090820312,150870.5746779361,2924.571377915412,12,2.1
884.1707932949066,0,20.864044189453125,78997.21388093119,1894.934636880497,6,1.8
884.6694753170013,0,26.506454467773438,171784.2418854192,3243.285521438559,15,1.8
885.1710524559021,0,25.237960815429688,112227.37020608065,2225.259021943839,10,1.4
885.6725573539734,0,21.6209716796875,85782.3402303727,1985.9421970539581,7,1.9
886.1727786064148,0,19.590438842773438,68534.01104519052,1750.7009554638717,6,1.7
886.6729185581207,0,17.164901733398438,44474.68814023189,1287.45275348714,4,1.5
887.1726970672607,0,24.227462768554688,116876.0094278174,2392.7804803085583,14,1.3
887.6699407100677,0,26.8638916015625,191205.90029920393,3618.9470029854274,19,1.4
888.1707050800323,0,19.84820556640625,63065.24347023565,1472.8283573139643,4,2.2
888.6731703281403,0,26.725692749023438,177492.86819948987,3506.663078113269,19,1.6
889.1735424995422,0,19.943954467773438,88967.19644163,2265.9999586854947,7,1.2
889.6757123470306,0,21.2166748046875,96482.43565536554,2284.61813390715,8,2.2
890.1753180027008,0,21.079788208007812,99824.68653839237,2318.9037535695284,10,1.4
890.6725242137909,0,25.7525634765625,180047.18587280216,3574.051961225796,19,1.5
891.176887512207,0,19.915969848632812,63581.996778567074,1573.0592202192286,4,2.2
891.6777789592743,0,19.50347900390625,54721.42467279933,1346.682814627048,5,1.6
892.1759204864502,0,17.73345947265625,51448.84789267862,1508.899041456573,5,1.4
892.6747443675995,0,29.131011962890625,201936.92864349604,3528.9196314551655,16,2.1
893.1741802692413,0,25.160858154296875,97397.2493326125,1937.096091918333,8,1.5
893.6747488975525,0,27.349517822265625,124567.3827338642,2279.2723588439494,11,2.1
894.1766345500946,0,22.224349975585938,99899.91736055678,2249.5596071390564,8,1.9
894.6758830547333,0,23.785064697265625,125105.41202860254,2575.3135751210243,11,1.9
895.1763005256653,0,32.326507568359375,227369.37194266723,3544.799875386467,17,2.2
895.6790215969086,0,27.856124877929688,188939.40788555206,3444.3412506388386,18,1.3
896.1795387268066,0,17.360992431640625,42811.7238201162,1174.1840266486197,3,1.4
896.6822743415833,0,19.992813110351562,86506.110304613,2270.5158973599673,11,1.3
897.182740688324,0,22.456817626953125,146429.25102250715,3263.5523526733846,17,1.2
897.6817119121552,0,27.653472900390625,188033.81907594152,3402.9360557700775,14,2.1
898.1807780265808,0,23.817626953125,89867.83736237485,1804.7137980872722,8,1.2
898.6849293708801,0,16.258148193359375,28508.05649582609,855.7555162206451,2,1.3
899.1845698356628,0,17.361495971679688,39650.36207026168,1221.7841155279077,4,1.9
899.6814851760864,0,29.405731201171875,207498.487107902,3531.5224535501943,18,2.1
900.1850719451904,0,19.647857666015625,72836.78109764111,1810.8335577745988,5,1.6
900.6858334541321,0,16.748214721679688,26901.331046086074,796.7416361534277,2,1.7
901.1856043338776,0,18.070037841796875,57259.14276064052,1637.9047049664002,6,1.7
901.6865751743317,0,16.606765747070312,28160.235003464764,825.9886487782782,2,1.6
902.1867215633392,0,21.274627685546875,106237.17177984283,2565.591314064726,13,1.4
902.6885087490082,0,22.804443359375,150103.17743686924,3226.8711338550643,17,1.2
903.187337398529,0,20.292755126953125,110668.59006825296,2705.1526348478765,11,1.2
903.6857933998108,0,28.766433715820312,203697.042350195,3647.9669686092516,17,1.9
904.1845469474792,0,28.332382202148438,218406.7098603502,3857.8824477283656,19,1.5
904.6899220943451,0,15.831893920898438,24379.980048172554,764.2800072092285,1,1.2
905.187326669693,0,21.681838989257812,118765.23352642033,2695.0204744602343,16,1.4
905.6898326873779,0,23.146942138671875,144522.62342193158,3122.0538577864386,13,1.5
906.1919646263123,0,19.283233642578125,81216.04319445029,2163.1226781331056,7,1.4
906.6917915344238,0,16.572952270507812,27420.182576765535,751.8274231787317,2,1.5
907.1917355060577,0,19.970184326171875,65638.01074466134,1761.8265022165917,7,2.2
907.6914956569672,0,27.187225341796875,183935.49880833988,3456.5498618767474,17,1.7
908.1924092769623,0,22.847442626953125,137948.6917069227,2977.0509159637486,12,1.5
908.6923956871033,0,25.26580810546875,159286.8535709638,3152.244316411204,15,1.7
909.193635225296,0,17.325332641601562,35909.59085962682,994.9015327192358,2,1.2
909.6939170360565,0,21.771163940429688,88465.39716460742,2047.8004814987437,11,1.8
910.1991877555847,0,23.591827392578125,159775.02448118155,3556.655387636358,19,1.2
910.6941957473755,0,25.509262084960938,151754.68849987333,2977.389143874026,11,2.2
911.1960968971252,0,22.022262573242188,116154.08435928397,2639.51080442695,13,1.2
911.69615650177,0,17.228546142578125,40547.95750503781,1152.9701830677802,3,1.3
912.1975450515747,0,18.2386474609375,46004.98952146383,1230.9026778483512,4,2.1
912.6948626041412,0,16.312347412109375,19994.545054053277,563.8673434071125,1,1.7
913.1962277889252,0,17.769729614257812,39035.502558433545,1186.1744921030056,4,1.9
913.6980366706848,0,18.092483520507812,52893.664855222945,1532.072695745752,5,1.6
914.1989593505859,0,18.823455810546875,77857.92067671363,2001.7578270026117,9,1.2
914.6969077587128,0,26.9110107421875,164678.22664779777,3060.122891293008,13,2.2
915.1996312141418,0,24.140716552734375,97397.99275532845,2088.9603624581723,8,1.5
915.699892282486,0,19.0262451171875,77536.79629925308,1965.0750723391698,8,1.3
916.1976177692413,0,20.2305908203125,95739.28994387118,2454.6984534993876,10,1.4
916.70050740242,0,21.554443359375,109694.11850488312,2531.0790490106133,11,1.4
917.203090429306,0,16.455520629882812,26683.680804464184,713.4383812008023,1,2.0
917.6984338760376,0,22.357162475585938,119053.68749374848,3004.451037708871,19,1.3
918.2023885250092,0,23.634796142578125,132158.57691145677,2798.162488943981,10,2.2
918.7027115821838,0,18.369857788085938,58817.8314337741,1602.5709256765792,5,1.3
919.2029249668121,0,22.184188842773438,115119.82496847952,2547.0392629842013,12,1.7
919.7034039497375,0,16.980255126953125,31325.175008906794,941.0341529342624,1,2.0
920.2043907642365,0,18.562606811523438,60647.19018509599,1634.7380682093744,8,1.7
920.7056443691254,0,18.425567626953125,59168.19219128448,1607.1146680270103,5,1.7
921.2056465148926,0,17.736465454101562,57674.853144966844,1627.4945013536917,7,1.2
921.7050142288208,0,17.21258544921875,38855.448580227574,1111.9189535159976,3,1.7
922.2058165073395,0,20.4947509765625,106598.3536528797,2643.945274668986,16,1.4
922.702166557312,0,26.8626708984375,181263.78961148162,3377.139985185791,14,1.9
923.2061862945557,0,19.472702026367188,61821.08925150744,1483.4613070587377,4,2.0
923.7074654102325,0,20.103515625,77507.80731291296,1958.4136791994558,7,2.1
924.2074682712555,0,22.962570190429688,117050.60026618246,2682.0603917268877,10,2.1
924.7030713558197,0,31.484512329101562,242513.27379369046,3854.4665622096677,18,2.0
925.2041289806366,0,30.686279296875,212541.04351886903,3466.7285326713927,14,2.2
925.7079753875732,0,28.209381103515625,172494.07361350843,3060.0813141994777,12,2.2
926.2095384597778,0,22.700576782226562,105958.75454958196,2336.019939436918,8,2.0
926.7100629806519,0,20.065750122070312,69281.72707927125,1727.6702734312323,5,2.1
927.2065868377686,0,24.037216186523438,138851.85728128516,2890.767360945799,13,1.7
927.7115490436554,0,23.288482666015625,86021.18383238536,1848.939693389087,8,1.3
928.207682132721,0,28.691818237304688,183239.91689445358,3196.067925760511,15,2.2
928.708573102951,0,23.47698974609375,108587.66383275937,2314.351225929229,8,1.9
929.2070772647858,0,20.949356079101562,32878.80913307651,785.5611379109165,2,2.2
929.710527420044,0,24.13067626953125,122734.2590242906,2545.4736251033873,15,1.6
930.2131283283234,0,21.611846923828125,110788.8351294885,2465.036893319043,10,1.5
930.7139456272125,0,17.209442138671875,47511.797773232516,1391.213021728298,4,1.2
931.2124102115631,0,19.040573120117188,70191.17559678548,1904.1968837425861,10,1.6
931.7139036655426,0,20.622817993164062,95351.4808851552,2235.3880063956813,9,1.5
932.2144730091095,0,21.782638549804688,65502.979119691634,1556.101659700171,6,1.4
932.7159016132355,0,18.74566650390625,63320.57554073023,1690.4707012362883,6,1.6
933.216002702713,0,19.540695190429688,96455.61033271141,2470.2294124950513,14,1.2
933.7160527706146,0,26.79888916015625,199715.52614868537,3729.78146230809,18,1.6
934.2132186889648,0,32.41505432128906,264086.8856237347,4077.549853531875,19,2.0
934.7138233184814,0,36.49420166015625,306865.6563054411,4207.736928457104,19,2.2
935.2177000045776,0,22.396240234375,108371.00140828556,2421.8350684035536,8,1.7
935.7204005718231,0,26.108810424804688,165756.3629444498,3177.165050813323,14,1.9
936.2168400287628,0,31.0882568359375,239032.94667470484,3847.369141062138,19,1.8
936.7192187309265,0,19.457626342773438,58956.53718973841,1427.0497084713863,3,1.9
937.2206633090973,0,23.871551513671875,117272.84178330521,2554.5888781076496,13,2.1
937.7207143306732,0,20.224594116210938,91475.69812846353,2279.5018646652165,8,1.2
938.221212387085,0,18.84027099609375,81531.33292977068,2007.7205899980238,9,1.2
938.716799736023,0,30.197174072265625,223013.1474266086,4013.0576361216413,18,2.1
939.2227122783661,0,24.37939453125,157396.24649252873,3231.0892667587973,14,1.4
939.7226929664612,0,17.530670166015625,51247.86889566618,1462.864782529224,4,1.2
940.2228960990906,0,18.3299560546875,67726.6019535666,1848.886047456363,10,1.2
940.7225461006165,0,26.873519897460938,176432.42198067004,3286.1716789226334,14,2.0
941.2226400375366,0,18.430633544921875,36987.51991578366,1004.2519675130602,1,2.1
941.7236049175262,0,17.8519287109375,39308.1352717664,1044.7050457115897,5,1.9
942.224513053894,0,16.94232177734375,32185.650304391245,964.9799015069367,3,1.2
942.7240672111511,0,16.0079345703125,22881.065031426002,703.2762378276154,2,1.7
943.2246255874634,0,20.485397338867188,89748.79476542899,2225.4877094085723,13,1.6
943.7241816520691,0,20.269729614257812,94796.17592501607,2357.012200419001,8,1.6
944.2226486206055,0,23.211273193359375,78412.53551009382,1689.0499574670616,6,2.2
944.725043296814,0,18.341445922851562,32598.4787420272,867.3252952309645,2,2.1
945.2261362075806,0,20.299514770507812,74101.23559418316,1854.527087253044,10,1.9
945.727198600769,0,16.939895629882812,35339.26005947709,1084.8354914053937,2,1.5
946.2237260341644,0,22.051544189453125,138176.33809019125,3146.3556204460374,19,1.2
946.7249784469604,0,26.102310180664062,180006.08271831216,3451.4569544398855,15,1.7
947.2247424125671,0,26.97857666015625,199948.64075718416,3709.2394183934102,18,1.5
947.7281658649445,0,25.487350463867188,189432.76289803867,3719.8452673379475,19,1.3
948.2297194004059,0,20.626388549804688,111315.22280821747,2701.0545188497163,11,1.2
948.728816986084,0,26.9208984375,171339.17250457802,3181.9517539086587,13,2.2
949.2292323112488,0,23.65838623046875,70566.97445290553,1383.8221965383534,5,1.6
949.7330868244171,0,16.785781860351562,25986.72036258914,792.6351069429029,2,1.3
950.2330033779144,0,17.03424072265625,23139.736172021756,684.621063531705,4,2.0
950.7305843830109,0,29.668975830078125,162806.47448638646,2867.0689708730674,15,2.2
951.2356126308441,0,40.344970703125,282154.7283929406,3500.0892933865043,18,2.2
951.7329113483429,0,27.319976806640625,137011.82045870338,2509.4457614376784,10,1.9
952.2308006286621,0,25.107101440429688,128340.30830714102,2558.4394977814163,12,1.7
952.730461359024,0,23.065673828125,110622.37782510619,2400.2767234353337,11,1.3
953.2323153018951,0,21.085342407226562,94571.85535247615,2244.4501533814478,8,1.9
953.731457233429,0,30.282730102539062,208618.41382287134,3448.136929742836,15,2.2
954.2334468364716,0,26.052200317382812,167566.56076542145,3218.921971210473,17,1.2
954.7335939407349,0,22.00634765625,123583.53865439903,2810.2346180301315,13,1.2
955.2379882335663,0,17.627487182617188,50779.696571626664,1342.2786671110207,4,1.3
955.7375693321228,0,21.530838012695312,98975.17706821246,2458.705971815215,11,1.7
956.2374122142792,0,21.711700439453125,100186.94321075697,2309.3999541780227,8,2.0
956.7378196716309,0,22.935455322265625,144411.2277491545,3150.9293791888485,15,1.4
957.2363736629486,0,26.796554565429688,185968.38441205927,3473.543577131423,15,1.8
957.7384283542633,0,17.607650756835938,49897.474726798806,1313.9174736878595,3,1.2
958.2382154464722,0,17.856796264648438,45766.89123996515,1332.7138668829143,6,1.9
958.7388424873352,0,18.477798461914062,56561.67176357011,1567.2862792443357,5,1.6
959.2383534908295,0,24.813125610351562,143530.2373171907,2927.6843691829736,13,2.0
959.7393915653229,0,23.727813720703125,158491.99251882496,3342.9122857109783,16,1.3
960.237063407898,0,18.093170166015625,59071.984485585665,1558.9307866555796,5,1.3
960.7367634773254,0,30.763763427734375,227816.0176654284,3876.151247883325,19,2.0
961.241082906723,0,20.922622680664062,97267.56950764262,2215.496628099053,8,1.3
961.7368168830872,0,22.1793212890625,58081.86176256465,1351.2586615885036,5,1.6
962.2366254329681,0,21.0450439453125,31410.150154767114,759.2761526905297,3,1.2
962.7408719062805,0,22.208084106445312,119629.22032590891,2695.865150412696,15,1.4
963.2441911697388,0,20.447128295898438,101279.56521948207,2478.8321991488206,9,1.5
963.7392013072968,0,27.4190673828125,187970.16788992484,3431.0794997707208,17,1.7
964.2412157058716,0,29.758697509765625,192517.6797996883,3237.675303779074,13,2.2
964.7443082332611,0,18.416519165039062,43391.564541134634,1115.303050263268,2,1.6
965.2456197738647,0,18.753158569335938,39577.17279252872,1029.959829358173,6,1.2
965.7456164360046,0,17.811691284179688,57625.48750168798,1708.2600138609637,7,1.2
966.2453272342682,0,19.908798217773438,79396.03709952037,1930.2018926332619,7,1.9
966.7461097240448,0,22.942092895507812,112069.34090572032,2520.694178312016,10,2.1
967.2428348064423,0,28.680877685546875,197381.92438279418,3532.074614684805,15,2.0
967.7432153224945,0,26.382537841796875,158560.3075689029,3008.088170891252,12,1.9
968.243157863617,0,31.52276611328125,228054.52860241532,3620.6530730789264,16,2.2
968.7463734149933,0,24.5625,157488.80867049863,3208.6310432569976,16,1.2
969.2445330619812,0,32.73878479003906,264570.18698774633,4044.6217185278124,19,2.0
969.7490274906158,0,21.415847778320312,91978.30645367556,2116.6101136508564,7,1.6
970.2490983009338,0,16.460906982421875,26547.344952148364,819.2136687486443,2,1.2
970.7491252422333,0,17.6370849609375,42238.849592964405,1198.894264377124,5,1.5
971.2505095005035,0,24.947052001953125,134962.42535201734,2707.213661746986,13,2.1
971.7494616508484,0,27.828857421875,166856.96982201206,2991.7865019695228,12,2.2
972.250857591629,0,20.933700561523438,59272.6773529293,1421.1534130129432,3,2.2
972.7519659996033,0,17.616806030273438,26776.187228767485,690.3067434075191,2,2.0
973.2519512176514,0,18.686676025390625,45851.542715426214,1295.4149773404647,6,1.9
973.7526750564575,0,17.088333129882812,30020.489728820532,871.4717747372313,2,1.8
974.2485113143921,0,29.509628295898438,168888.59849314153,2953.070066697933,17,2.2
974.7572078704834,0,20.944900512695312,79734.67459702313,1827.0795784780478,6,1.2
975.2507216930389,0,24.668411254882812,130600.86904408582,2753.2782431035666,14,1.8
975.750715970993,0,20.541885375976562,77765.26540168849,1892.815546788706,5,2.0
976.251051902771,0,21.357009887695312,108228.83238974892,2582.056209646248,12,1.4
976.7504410743713,0,30.487091064453125,220753.13796091554,3522.212065853788,16,2.1
977.2562067508698,0,23.294082641601562,124847.8804768365,2757.137981699213,10,1.7
977.7521154880524,0,33.322967529296875,225303.32658355244,3384.212402477455,16,2.2
978.2518990039825,0,34.009674072265625,245623.86218722165,3614.1481314646335,16,2.2
978.7535989284515,0,29.616348266601562,183936.10463553047,3108.4183360923103,14,1.8
979.2569873332977,0,26.61981201171875,154981.5324660726,2911.89133739473,11,2.2
979.758975982666,0,22.690414428710938,124360.39125738155,2744.6391601027276,13,1.2
980.2564017772675,0,22.764785766601562,149550.20674691428,3287.8411757253944,16,1.3
980.7592575550079,0,17.985931396484375,48710.17252964876,1339.7693713382075,3,1.9
981.2578539848328,0,25.957977294921875,153742.9235546956,2985.4021027732483,17,2.0
981.7559559345245,0,27.690017700195312,192189.1874339194,3488.441251495432,15,1.7
982.257839679718,0,17.680877685546875,40756.995273021,1082.0164213702196,2,1.8
982.7611753940582,0,16.15802001953125,21700.890693356952,693.0304571020613,2,1.6
983.2613520622253,0,17.465103149414062,31023.076104044085,909.3562095871633,3,2.0
983.7621023654938,0,22.390487670898438,121848.0112453529,2745.5855764991143,14,1.4
984.2618696689606,0,26.57904052734375,202444.94007772452,3811.5371356531205,19,1.5
984.762612581253,0,26.521881103515625,189383.07119496548,3573.5398869364803,16,1.6
985.2636516094208,0,21.486373901367188,100095.6800758963,2322.681352800272,8,1.8
985.7651526927948,0,21.396957397460938,91957.5934872173,2158.671400891839,9,1.5
986.2647085189819,0,22.885589599609375,126529.30373714102,2767.4183234099864,12,1.6
986.7647883892059,0,21.658493041992188,119000.92139084263,2709.6529701404315,12,1.3
987.264237165451,0,21.476058959960938,65503.399951772866,1548.608153013773,6,1.3
987.7655830383301,0,20.409286499023438,81533.9569483511,1998.8939839691136,7,2.0
988.2665629386902,0,16.739791870117188,30271.473191318713,896.9048191574018,2,1.4
988.7644808292389,0,23.699310302734375,130310.70689476277,2776.6208872503635,15,1.8
989.2659683227539,0,28.006027221679688,196959.86266859114,3452.7924733696086,16,1.7
989.7670817375183,0,23.511077880859375,129954.19026727295,2719.866793179225,10,2.0
990.2654221057892,0,23.6690673828125,139029.87570011994,3044.902396633264,14,1.6
990.7668702602386,0,21.482696533203125,54706.67864582359,1195.9858000269908,4,1.4
991.2681043148041,0,20.897628784179688,92303.06184344114,2314.042444691566,11,1.4
991.7658977508545,0,28.624282836914062,201759.46883396464,3579.0241657297934,16,2.0
992.2696049213409,0,22.363967895507812,113981.49166905292,2509.1254048558826,9,1.7
992.768584728241,0,32.639923095703125,237604.20987321515,3703.225637069969,17,2.2
993.2699131965637,0,24.311843872070312,130754.29668803255,2691.6099142597664,11,1.4
993.7679719924927,0,18.111541748046875,50779.07608180838,1342.4036638196128,4,1.6
994.2709970474243,0,16.801605224609375,20448.455565940745,593.9313456421247,1,2.1
994.768229007721,0,26.082077026367188,146764.03738694597,3007.77426278948,17,1.8
995.2702383995056,0,23.892227172851562,131043.03473504697,2744.742025327612,10,2.0
995.7693912982941,0,23.321624755859375,138830.84605939194,2979.337877501135,13,1.6
996.2713048458099,0,23.6148681640625,148494.74077585334,3147.212149721121,13,1.6
996.7735753059387,0,17.41900634765625,36483.48749394068,988.747558629679,2,1.9
997.2710072994232,0,23.009719848632812,109651.61715159687,2516.1975191731904,13,2.0
997.7758648395538,0,18.130233764648438,53451.198589476204,1477.9732212967194,4,1.5
998.2761402130127,0,15.911590576171875,14056.896722816371,429.938161571642,1,1.3
998.7755393981934,0,17.303070068359375,27236.444477959456,768.1295832179574,3,2.0
999.2752296924591,0,18.118011474609375,54230.01342026591,1544.485168210399,7,1.4
999.7771036624908,0,18.63214111328125,62569.47265914179,1679.0340846925171,6,1.5
1000.2781276702881,0,16.50372314453125,27328.65513594585,821.329822446255,2,1.6
1000.7748250961304,0,28.106170654296875,179356.15511042782,3293.9030058100966,16,2.1
1001.278400182724,0,23.285064697265625,135596.55643670054,2914.099697904994,13,1.2
1001.7786819934845,0,15.946487426757812,27184.013529732754,755.9031451511814,1,1.6
1002.2775902748108,0,15.197265625,10059.345982237415,352.1028145482586,1,1.2
1002.7758407592773,0,21.218002319335938,85239.68128132516,2113.1112781122197,11,1.9
1003.2769310474396,0,20.907577514648438,106120.56335558131,2540.036021045118,11,1.2
1003.7769696712494,0,17.6552734375,54473.35912047061,1449.085458266497,5,1.3
1004.2762005329132,0,24.342193603515625,96221.84205362086,2055.4433513655827,11,1.7
1004.7770836353302,0,19.195526123046875,28627.504622644516,751.6334747749996,1,2.0
1005.2789306640625,0,25.466156005859375,162966.2712127567,3252.198721351748,18,1.6
1005.7794897556305,0,28.503814697265625,206861.41724220722,3631.970004700149,16,1.8
1006.2787826061249,0,28.079193115234375,162403.4210591186,2894.705687105409,13,1.7
1006.7802157402039,0,29.980484008789062,221038.13910427762,3689.5001417446347,17,1.9
1007.2792680263519,0,18.923828125,63332.53953677455,1614.366807720095,4,1.5
1007.7823979854584,0,15.823135375976562,22800.745294365202,731.9661827316692,2,1.3
1008.2814190387726,0,21.240036010742188,98964.36596989352,2329.798309898009,12,1.6
1008.7850270271301,0,19.505966186523438,70401.8808927112,1689.3292895568716,5,1.8
1009.2852249145508,0,22.240692138671875,126966.56800273046,3105.0742292287277,16,1.3
1009.7834887504578,0,24.846954345703125,149640.19954005553,3013.769774682658,12,1.9
1010.286491394043,0,19.791946411132812,75637.06557715377,1786.9894787157357,6,1.6
1010.7868187427521,0,18.418975830078125,50061.33301672348,1380.7499523654094,4,1.9
1011.2850453853607,0,22.484298706054688,106969.75139954357,2455.13550240884,12,1.7
1011.7874081134796,0,22.181900024414062,129037.92002907692,2967.599706406973,13,1.3
1012.2868812084198,0,23.44635009765625,158765.7319509657,3388.373869242083,16,1.4
1012.7853481769562,0,20.47125244140625,99528.12661314952,2433.168177793149,10,1.2
1013.2882001399994,0,18.522171020507812,53641.98643613575,1392.8172875326745,4,2.0
1013.7897143363953,0,17.988037109375,54695.66271332719,1532.5741120264934,6,1.3
1014.2885956764221,0,21.966659545898438,121953.6091583395,2867.1632966497104,16,1.5
1014.7898509502411,0,23.99383544921875,142048.6781171139,2963.052745379851,12,1.7
1015.2915790081024,0,20.802734375,76628.71873309536,1808.8968172002628,5,2.2
1015.7910892963409,0,18.58892822265625,49743.96413159102,1359.4113494505207,4,1.9
1016.2917807102203,0,18.334213256835938,44547.16924860605,1214.887145031713,4,1.7
1016.7881898880005,0,23.881118774414062,127888.98041337858,2656.366336905691,11,2.1
1017.2886142730713,0,28.981521606445312,190780.99981428962,3338.7480931463833,14,2.1
1017.7950010299683,0,27.885162353515625,186716.44756319802,3351.2804700675574,14,1.9
1018.2899329662323,0,31.87078857421875,237169.48925759614,3723.942999515484,17,2.0
1018.7923526763916,0,24.015228271484375,126180.4226587552,2563.498431247466,9,2.0
1019.292062997818,0,22.547622680664062,116181.19707613364,2643.2498380909005,10,1.9
1019.7939755916595,0,25.5789794921875,179959.24758341958,3521.1725326066726,17,1.5
1020.291830778122,0,21.849456787109375,111990.83165655087,2565.3269344924247,9,1.7
1020.7922587394714,0,19.873748779296875,65571.41244036194,1603.371379696356,5,1.9
1021.2929313182831,0,21.179244995117188,103451.11582366536,2515.151036417068,12,1.2
1021.7945520877838,0,18.90478515625,67142.48746115892,1751.408425239559,6,1.5
1022.297226190567,0,20.706207275390625,65966.48647891745,1567.3077917350158,6,1.7
1022.7989196777344,0,20.261810302734375,71586.76150061766,1752.3606957868117,6,2.0
1023.2958977222443,0,24.640243530273438,153700.04178566384,3248.019846137936,16,1.6
1023.7996571063995,0,17.720413208007812,40082.78454077705,1020.9694202742558,1,2.0
1024.2968244552612,0,22.539505004882812,111312.0308470316,2706.3149783806507,14,1.6
1024.7992115020752,0,18.745330810546875,54736.55564992581,1296.536201235008,3,2.0
1025.3001277446747,0,15.258163452148438,17016.129950408555,579.8863033384368,1,1.3
1025.7996537685394,0,23.956008911132812,107477.88126336948,2418.098950242073,12,2.2
1026.3007254600525,0,25.870986938476562,123990.15433187863,2267.056921310236,11,1.5
1026.8008153438568,0,25.38580322265625,151630.6286738218,3152.7464109770845,13,1.8
1027.3100662231445,0,19.51873779296875,78305.56104529412,1942.2362450945136,7,1.2
1027.822214603424,0,19.328094482421875,64547.488628594816,1749.7844927630051,7,1.2
1028.323758840561,0,18.857864379882812,64511.95686710453,1697.0108255810285,7,1.2
1028.8239431381226,0,18.322616577148438,64560.89598590333,1747.7853048532177,7,1.2
1029.3243849277496,0,18.374557495117188,64558.263946204104,1826.7650804064126,7,1.2
1029.8259000778198,0,18.2130126953125,64533.99792329868,1743.5885282270226,7,1.2
1030.3255138397217,0,17.951644897460938,64551.47053319061,1797.7182695143729,7,1.2
1030.825010061264,0,21.089736938476562,64515.03808342621,1517.230873639878,7,1.2
1031.3260498046875,0,18.683349609375,64552.10495373694,1782.9779293582658,7,1.2
1031.8264029026031,0,18.152099609375,64537.27867869937,1748.9987760756412,7,1.2
1032.3275105953217,0,19.464859008789062,64500.26015798645,1670.34346281775,7,1.2
1032.8270189762115,0,21.33612060546875,64499.61476911698,1450.919807421096,7,1.2
1033.3283433914185,0,18.421966552734375,64548.102598525446,1765.9895270611662,7,1.2
1033.8278965950012,0,21.277267456054688,64510.654486144784,1515.7961456569617,7,1.2
1034.3288173675537,0,18.859329223632812,64564.88756640208,1739.4043876646992,7,1.2
1034.8300158977509,0,18.507278442382812,64550.392325525936,1798.2114498146168,7,1.2
1035.3305022716522,0,18.652374267578125,64571.64662416809,1732.326380356053,7,1.2
1035.8306679725647,0,17.962493896484375,64523.29093931943,1781.7681767599113,7,1.2
1036.3309009075165,0,17.910125732421875,64567.0365091048,1820.311062416614,7,1.2
1036.8318350315094,0,17.918136596679688,64880.329256891455,1778.1424886505213,7,1.2
1037.3306818008423,0,18.3271484375,64544.88978776974,1795.7512655192625,7,1.2
1037.8286600112915,0,18.628524780273438,64556.84473801397,1684.4597395725398,7,1.2
1038.329288482666,0,17.988265991210938,64564.936915163096,1847.7600907302615,7,1.2
1038.8296599388123,0,17.982162475585938,64564.71856120161,1742.2265004297913,7,1.2
1039.3296205997467,0,18.365707397460938,64534.20238127934,1812.0728638310422,7,1.2
1039.8303065299988,0,18.101776123046875,64554.876429772274,1655.6386398925079,7,1.2
1040.3347082138062,0,17.912826538085938,64563.71099592889,1845.660701827614,7,1.2
1040.8361744880676,0,18.201751708984375,64555.85621861919,1858.5024420096072,7,1.2
1041.3357243537903,0,18.208297729492188,64541.957135235454,1701.4220911942439,7,1.2
1041.836056470871,0,17.789886474609375,64544.79925136666,1886.4651018374136,7,1.2
1042.3360691070557,0,17.92803955078125,64569.78498411403,1786.307973567832,7,1.2
1042.8357043266296,0,21.184402465820312,64517.06705922674,1462.0190515154418,7,1.2
1043.3381080627441,0,18.784164428710938,64562.910877822345,1677.26385272928,7,1.2
1043.8380405902863,0,18.280044555664062,64538.52262483773,1835.881739664658,7,1.2
1044.3387579917908,0,18.209396362304688,64560.22744933954,1758.5426426484303,7,1.2
1044.838885307312,0,18.244216918945312,64541.7995010222,1782.7567028226417,7,1.2
1045.3392384052277,0,18.001800537109375,64546.26714991056,1836.0385635795574,7,1.2
1045.8386793136597,0,21.565216064453125,64526.31043161616,1483.963800981817,7,1.2
1046.3414459228516,0,22.714340209960938,64853.69100770622,1450.581425453461,7,1.2
1046.8392360210419,0,22.695816040039062,64524.99828454456,1410.2158716627011,7,1.2
1047.3392968177795,0,22.722625732421875,64543.2839618329,1374.48903871336,7,1.2
1047.8415417671204,0,18.511337280273438,64548.1192045517,1799.329756445775,7,1.2
1048.3415751457214,0,18.17645263671875,64538.54944644897,1704.3479615719116,7,1.2
1048.8418362140656,0,18.203765869140625,64535.9461250009,1857.8024043547287,7,1.2
1049.3426702022552,0,18.044204711914062,64558.04918663511,1820.473693601512,7,1.2
1049.8448317050934,0,18.13409423828125,64563.02512102805,1720.2403158436803,7,1.2
1050.343908548355,0,17.709747314453125,64560.49513873817,1837.462693408557,7,1.2
1050.8438041210175,0,18.164321899414062,64557.62788570485,1762.631172101877,7,1.2
1051.345097541809,0,18.540603637695312,64533.892082577106,1782.2504944131113,7,1.2
1051.845412015915,0,18.212387084960938,64566.21232634892,1701.5342280743353,7,1.2
1052.3446116447449,0,21.088348388671875,64518.182356510966,1590.9733366327894,7,1.2
1052.84654545784,0,18.810745239257812,64550.27319791331,1647.0905116156073,7,1.2
1053.3427741527557,0,18.065078735351562,64553.90430869589,1858.281410880698,7,1.2
1053.843537569046,0,18.0499267578125,64561.10515281567,1688.150894396916,7,1.2
1054.3432340621948,0,18.452255249023438,64532.083422982956,1832.4047409754673,7,1.2
1054.8445284366608,0,17.971725463867188,64540.93173906546,1824.643942281976,7,1.2
1055.344601392746,0,18.313644409179688,64521.41386538121,1747.3856805890337,7,1.2
1055.844983100891,0,18.168182373046875,64558.65063967074,1762.6419276541778,7,1.2
1056.3459420204163,0,18.300308227539062,64559.484868856656,1791.9916753451305,7,1.2
1056.8479998111725,0,18.233856201171875,64546.88596179047,1741.650238415229,7,1.2
1057.346563577652,0,18.226348876953125,64534.32428877266,1798.6597437215462,7,1.2
1057.8505291938782,0,17.929183959960938,64551.102121966935,1828.9175945334794,7,1.2
1058.3513221740723,0,20.6224365234375,64487.358222643605,1526.1048307377218,7,1.2
1058.8517336845398,0,18.176376342773438,64532.225128275255,1823.0256336640064,7,1.2
1059.3520271778107,0,19.67681884765625,64490.41102955706,1581.3531771019123,7,1.2
1059.8527987003326,0,18.064926147460938,64552.67488169558,1786.5558783109766,7,1.2
1060.3525009155273,0,18.06658935546875,64550.273339850595,1829.4543230980767,7,1.2
1060.8533718585968,0,17.91961669921875,64522.44118522823,1713.7643352236926,7,1.2
1061.353446006775,0,18.176666259765625,64829.837436980175,1854.7405513311496,7,1.2
1061.8546769618988,0,17.907852172851562,64557.398293176826,1788.209981348132,7,1.2
1062.3516459465027,0,21.267105102539062,64516.30650735113,1567.679279302549,7,1.2
1062.85196518898,0,19.201797485351562,64523.90751594873,1664.1150404995515,7,1.2
1063.3533396720886,0,18.445968627929688,64539.729734655295,1651.2551123978906,7,1.2
1063.8554091453552,0,17.876617431640625,64555.0524178244,1849.231272437993,7,1.2
1064.3568079471588,0,18.034149169921875,64571.48431649202,1861.6348175712378,7,1.2
1064.8575866222382,0,18.497451782226562,64501.556833992516,1673.9062420344335,7,1.2
1065.357347726822,0,18.511093139648438,64520.06194761392,1824.4195383396682,7,1.2
1065.857810497284,0,18.298019409179688,64517.95874225538,1680.181844411885,7,1.2
1066.3576946258545,0,18.071731567382812,64557.234396223204,1871.8184183884987,7,1.2
1066.8588433265686,0,18.014022827148438,64533.261785153714,1734.204530534904,7,1.2
1067.3592431545258,0,18.347381591796875,64535.748856847255,1800.6384090670933,7,1.2
1067.859257698059,0,18.050704956054688,64561.26526042548,1808.6828231630361,7,1.2
1068.3602969646454,0,18.462844848632812,64525.693423679,1685.6015557269081,7,1.2
1068.8604943752289,0,18.113143920898438,64547.92734456085,1848.215867228614,7,1.2
1069.3642115592957,0,18.597183227539062,64525.04591255773,1642.5605763116546,7,1.2
1069.8621752262115,0,17.945297241210938,64543.38880809634,1855.9179907879084,7,1.2
1070.3619003295898,0,18.116287231445312,64522.70473473125,1823.4972529393085,7,1.2
1070.8625810146332,0,18.030609130859375,64522.11659569253,1790.8435464188333,7,1.2
1071.3626511096954,0,18.145233154296875,64545.52621012148,1734.3397978078754,7,1.2
1071.8623888492584,0,19.852890014648438,64548.629862753216,1625.5567817173285,7,1.2
1072.3640155792236,0,18.668075561523438,64550.72908704812,1728.7802319869286,7,1.2
1072.8644652366638,0,18.225006103515625,64560.88860541765,1821.8375243010264,7,1.2
1073.3648805618286,0,17.840667724609375,64550.05254972439,1811.0869222361157,7,1.2
1073.865315914154,0,17.781463623046875,64554.623663327206,1790.6287510962597,7,1.2
1074.3660056591034,0,17.775070190429688,64556.40727348477,1786.8846457270838,7,1.2
1074.8682219982147,0,17.75146484375,64541.75491025148,1861.4238481639388,7,1.2
1075.3665506839752,0,18.096237182617188,64536.60946396886,1711.737069281718,7,1.2
1075.867269039154,0,18.172210693359375,64535.84475495614,1860.918331326505,7,1.2
1076.3678185939789,0,17.985153198242188,64555.20608114361,1737.4886749952277,7,1.2
1076.86794257164,0,18.197402954101562,64538.77933977592,1836.8555163782876,7,1.2
1077.3668100833893,0,21.389404296875,64519.09401691501,1453.9909372110808,7,1.2
1077.8677122592926,0,22.171356201171875,64553.03953876714,1510.8232304810251,7,1.2
1078.369342803955,0,18.73712158203125,64530.09797553997,1684.623748733668,7,1.2
1078.8702464103699,0,17.915206909179688,64546.95313494341,1729.2571700149308,7,1.2
1079.3694179058075,0,21.05078125,64496.81703863861,1580.938949712377,7,1.2
1079.8664710521698,0,22.98211669921875,64521.33772428044,1448.6916255686663,7,1.2
1080.371809720993,0,19.445220947265625,64544.01786255488,1659.4823009474544,7,1.2
1080.8718366622925,0,18.06365966796875,64547.32960055526,1658.2464766603032,7,1.2
1081.3723492622375,0,18.0394287109375,64564.76677824674,1817.906793252086,7,1.2
1081.873214006424,0,18.688507080078125,64547.46414406264,1809.935906333434,7,1.2
1082.3732316493988,0,18.407852172851562,64898.89931382136,1787.878329908478,7,1.2
1082.8742156028748,0,17.997222900390625,64555.42898609443,1768.0505584730718,7,1.2
1083.3742299079895,0,18.00244140625,64553.81629331757,1821.5307168624047,7,1.2
1083.874140739441,0,18.178848266601562,64506.501172527314,1745.8201715841187,7,1.2
1084.3747193813324,0,18.250320434570312,64514.283012984975,1739.202339695649,7,1.2
1084.8756828308105,0,17.874176025390625,64551.23359200774,1733.6183752460727,7,1.2
1085.3757224082947,0,17.873382568359375,64560.002380029764,1907.2495018568318,7,1.2
1085.8763830661774,0,18.361175537109375,64499.2768606263,1792.3688999915234,7,1.2
1086.3759999275208,0,18.271148681640625,64558.33662583146,1768.2522627854266,7,1.2
1086.8773984909058,0,17.95013427734375,64552.80803356234,1759.6525748482634,7,1.2
1087.377839565277,0,17.753860473632812,64554.2635096544,1745.1978991282465,7,1.2
1087.8773543834686,0,21.277023315429688,64495.96126830945,1564.2695647122691,7,1.2
1088.3786523342133,0,18.477508544921875,64535.54173489245,1802.1910215353007,7,1.2
1088.878254890442,0,21.62725830078125,64502.28260033227,1419.6436539943163,7,1.2
1089.3800258636475,0,18.824600219726562,64519.863129500496,1754.7783015006214,7,1.2
1089.8798093795776,0,18.259475708007812,64559.48912387503,1725.2959780320612,7,1.2
1090.3790442943573,0,21.66064453125,64504.591824405055,1548.5688780685737,7,1.2
1090.8802077770233,0,22.522323608398438,64539.026328064356,1387.0238498993579,7,1.2
1091.3806493282318,0,22.738006591796875,64544.28947999889,1407.9510387489113,7,1.2
1091.8803112506866,0,18.372161865234375,64544.301753484,1853.5107762379594,7,1.2
1092.378535270691,0,18.35137939453125,64547.52787025098,1661.5099794125765,7,1.2
1092.8825404644012,0,18.28778076171875,64562.27231351412,1793.4379478484916,7,1.2
1093.3832161426544,0,18.395675659179688,64530.69985356551,1824.178715787186,7,1.2
1093.8836297988892,0,18.00189208984375,64555.77822814665,1735.484239327599,7,1.2
1094.383234500885,0,20.52789306640625,64519.85213233806,1596.7055115675425,7,1.2
1094.8834202289581,0,22.144134521484375,64538.0254666976,1433.833413954155,7,1.2
1095.3833763599396,0,22.264129638671875,64533.79308653379,1504.123473204752,7,1.2
1095.8850033283234,0,22.532424926757812,64549.649460963876,1378.2804159316306,7,1.2
1096.3877699375153,0,19.081436157226562,64558.80627416213,1678.0183491520734,7,1.2
1096.885645866394,0,21.327667236328125,64521.10130417142,1524.8268664191223,7,1.2
1097.3857884407043,0,22.281036376953125,64546.522341154574,1508.3678977681293,7,1.2
1097.8862421512604,0,22.630279541015625,64529.831779387845,1389.4216349829883,7,1.2
1098.3877398967743,0,19.528488159179688,64526.49906764858,1652.1504243959498,7,1.2
1098.8880023956299,0,18.131072998046875,64535.939420204886,1829.56629227478,7,1.2
1099.388584136963,0,18.119613647460938,64538.4914198973,1731.0523618363823,7,1.2
1099.8891019821167,0,18.504974365234375,64500.43370773236,1770.8211507476447,7,1.2
1100.3892424106598,0,18.378631591796875,64528.44921294935,1699.255999774173,7,1.2
1100.8885686397552,0,21.593475341796875,64517.62833720543,1565.0560859272869,7,1.2
1101.3892931938171,0,22.582321166992188,64531.143300908465,1429.3924774739774,7,1.2
1101.8896460533142,0,22.291351318359375,64524.973620988705,1354.7406601199546,7,1.2
1102.3911335468292,0,19.149215698242188,64539.69597973463,1725.501478529646,7,1.2
1102.8907158374786,0,21.49072265625,64499.12571261475,1536.8026719378365,7,1.2
1103.3910911083221,0,22.1080322265625,64552.27758501858,1471.3656858576878,7,1.2
1103.8920361995697,0,22.423324584960938,64539.26714301155,1416.1147192819496,7,1.2
1104.3916914463043,0,22.445449829101562,64534.54376660444,1472.191479858734,7,1.2
1104.8928892612457,0,22.6824951171875,64520.09194787435,1353.9956623523397,7,1.2
1105.3931634426117,0,19.164154052734375,64529.59493890278,1697.022467598026,7,1.2
1105.8945500850677,0,18.090835571289062,64566.77303166527,1798.5902238611473,7,1.2
1106.3948686122894,0,18.129226684570312,64538.12895135716,1854.4089378402969,7,1.2
1106.8953597545624,0,18.193450927734375,64564.05421926567,1672.0851981756666,7,1.2
1107.395608663559,0,18.468475341796875,64534.07585613287,1850.9378477299954,7,1.2
1107.8953020572662,0,21.4208984375,64509.24551728502,1507.032961021199,7,1.2
1108.3927624225616,0,19.06884765625,64528.16791087353,1616.8255447724887,7,1.2
1108.8935163021088,0,18.217453002929688,64543.90225558138,1800.0869822321654,7,1.2
1109.3945009708405,0,18.23406982421875,64531.321277973446,1824.5515302245713,7,1.2
1109.8944611549377,0,18.21795654296875,64524.7792645734,1772.591779096297,7,1.2
1110.3947751522064,0,18.133682250976562,64520.490624463884,1707.4855272890056,7,1.2
1110.895352602005,0,18.036865234375,64559.978474302676,1861.2990430298191,7,1.2
1111.3976340293884,0,18.321456909179688,64539.99791204234,1766.6717314266916,7,1.2
1111.8999242782593,0,18.25836181640625,64521.2311484821,1761.6585936585936,7,1.2
1112.400686264038,0,17.972366333007812,64546.72687232582,1709.6802630584707,7,1.2
1112.9019742012024,0,17.9427490234375,64559.566437555855,1870.9507643533102,7,1.2
1113.4015567302704,0,18.44482421875,64491.551295011806,1734.0365850430178,7,1.2
1113.904147863388,0,18.226516723632812,64555.52063878184,1714.2606277307611,7,1.2
1114.4022974967957,0,18.155349731445312,64587.00222390926,1864.2989807779102,7,1.2
1114.9024317264557,0,18.453384399414062,64554.56736977529,1678.933215144196,7,1.2
1115.3994963169098,0,18.422958374023438,64545.27086534059,1836.024340569189,7,1.2
1115.9000391960144,0,18.153961181640625,64552.249541611396,1720.891638327094,7,1.2
1116.3993599414825,0,18.293075561523438,64573.91805721814,1779.0338147649215,7,1.2
1116.9008719921112,0,18.228775024414062,64552.96109440944,1714.2676871126976,7,1.2
1117.400936126709,0,18.218017578125,64552.29523180084,1828.2999155733642,7,1.2
1117.901309967041,0,18.379043579101562,64536.393986260504,1727.6198221818547,7,1.2
1118.4056460857391,0,18.244003295898438,64545.36346279874,1797.2480857516357,7,1.2
1118.9060893058777,0,18.3812255859375,64551.7499066856,1812.7735740043433,7,1.2
1119.4065425395966,0,18.299453735351562,64583.02582822037,1707.5373096867852,7,1.2
1119.9071044921875,0,18.220352172851562,64554.57814508324,1799.8005575798788,7,1.2
1120.40744805336,0,18.229339599609375,64569.06539652279,1799.1326466210978,7,1.2
1120.903734445572,0,21.747024536132812,64519.80927689523,1459.9238598020086,7,1.2
1121.4050817489624,0,20.138992309570312,64525.016876137895,1550.524451273612,7,1.2
1121.9050357341766,0,18.3365478515625,64554.73325056802,1830.8789785171723,7,1.2
1122.4062168598175,0,18.2791748046875,64560.95577306424,1792.641098415285,7,1.2
1122.9063787460327,0,18.026962280273438,64539.67629712995,1748.6029820173267,7,1.2
1123.4068236351013,0,18.092849731445312,64573.029829227795,1798.7768915936388,7,1.2
1123.907194852829,0,18.252548217773438,64543.401101202115,1796.4614917751978,7,1.2
1124.4080927371979,0,19.358062744140625,64488.5412386193,1599.075300516297,7,1.2
1124.908420085907,0,18.253768920898438,64556.59481226032,1845.591458179906,7,1.2
1125.4088199138641,0,18.23089599609375,64562.01749310158,1707.2117578131538,7,1.2
1125.909146785736,0,18.160369873046875,64827.4988365434,1852.1098543218632,7,1.2
1126.4097850322723,0,18.112274169921875,64537.404189886765,1700.2282381049463,7,1.2
1126.9140717983246,0,18.251495361328125,64555.18241830277,1852.4509543277068,7,1.2
1127.41397023201,0,17.953048706054688,64548.233599477666,1712.4111065120592,7,1.2
1127.9130160808563,0,21.183029174804688,64522.03308637942,1598.0717262224193,7,1.2
1128.4146554470062,0,18.74127197265625,64567.92877666996,1720.534233057706,7,1.2
1128.916464805603,0,18.158981323242188,64551.306702724745,1720.4709583578067,7,1.2
1129.4154198169708,0,18.302352905273438,64560.84870305534,1763.5437458262572,7,1.2
1129.9168405532837,0,17.930282592773438,64567.15874589281,1843.9753991008265,7,1.2
1130.416867017746,0,18.17572021484375,64547.055215114284,1704.5266781064572,7,1.2
1130.9171934127808,0,18.878097534179688,64525.33153521329,1763.4721899134736,7,1.2
1131.4179935455322,0,18.658905029296875,64483.01326850064,1768.914089448247,7,1.2
1131.9179754257202,0,18.55450439453125,64810.1373782665,1705.0307206979016,7,1.2
1132.4187979698181,0,19.169219970703125,64527.367983769676,1725.8918229621881,7,1.2
1132.91947555542,0,18.584808349609375,64523.14804998251,1705.6404028329011,7,1.2
1133.4195091724396,0,18.72808837890625,64532.37253007742,1756.0788551725486,7,1.2
1133.9200847148895,0,18.79901123046875,64533.67419522987,1642.214030382821,7,1.2
1134.420420408249,0,18.573440551757812,64534.04514672838,1695.593226911288,7,1.2
1134.9206800460815,0,18.092498779296875,64573.55559201123,1884.5931905777973,7,1.2
1135.4214782714844,0,18.151046752929688,64573.85630420691,1805.1300537095215,7,1.2
1135.9216091632843,0,21.307723999023438,64538.5047891152,1443.4671671835827,7,1.2
1136.4217410087585,0,22.656448364257812,64577.186744576386,1494.6296725580933,7,1.2
1136.9220781326294,0,22.276153564453125,64577.16852946166,1413.753945845235,7,1.2
1137.4233729839325,0,18.437789916992188,64571.9864564224,1797.5581753133847,7,1.2
1137.922449350357,0,21.34100341796875,64529.70873476604,1423.3163926315096,7,1.2
1138.4257023334503,0,22.45098876953125,64574.19649678086,1495.6134157248998,7,1.2
1138.9236629009247,0,22.295501708984375,64565.82879729457,1424.592297342245,7,1.2
1139.4252018928528,0,19.619400024414062,64544.6802070686,1631.7522431961374,7,1.2
1139.9258751869202,0,18.050338745117188,64539.79961599443,1872.0978302493688,7,1.2
1140.4237201213837,0,18.2149658203125,64542.9427204229,1730.9392897592097,7,1.2
1140.926688671112,0,18.107528686523438,64542.2875887149,1753.4143145458606,7,1.2
1141.426856994629,0,18.105026245117188,64568.007199359905,1840.2072191961272,7,1.2
1141.9257056713104,0,21.8665771484375,64556.15254572137,1492.0487911081834,7,1.2
1142.4284331798553,0,18.58935546875,64554.04979212601,1676.1743059021303,7,1.2
1142.9269287586212,0,21.25982666015625,64549.51176064369,1518.0274287223567,7,1.2
1143.4278588294983,0,22.268798828125,64561.384734357154,1461.1924177474702,7,1.2
1143.9289860725403,0,18.659011840820312,64532.7152511092,1781.9271611833792,7,1.2
1144.428557395935,0,21.263534545898438,64512.30810881328,1434.4275611452092,7,1.2
1144.930557012558,0,18.527862548828125,64560.03070049328,1770.0908517412508,7,1.2
1145.4293818473816,0,21.542022705078125,64525.75528923084,1533.6999896584307,7,1.2
1145.9304025173187,0,22.556930541992188,64571.15420798697,1396.7325891857556,7,1.2
1146.4302525520325,0,22.258438110351562,64557.25947303271,1508.1920768011057,7,1.2
1146.9305157661438,0,22.660690307617188,64548.14271042047,1424.4049745099794,7,1.2
1147.4316716194153,0,18.844772338867188,64520.397724321854,1720.4240739556167,7,1.2
1147.9329814910889,0,18.203460693359375,64563.028148625934,1764.609517997757,7,1.2
1148.4302637577057,0,18.082855224609375,64557.11524157428,1797.1166387360156,7,1.2
1148.930367231369,0,18.128707885742188,64558.087626569664,1711.4291981284136,7,1.2
1149.4308412075043,0,18.311660766601562,64577.34863189023,1763.2480424107534,7,1.2
1149.931411266327,0,18.158676147460938,64852.00347764495,1785.4825834609894,7,1.2
1150.4312393665314,0,18.44287109375,64555.81480349393,1750.4324481745255,7,1.2
1150.935627937317,0,19.134872436523438,64508.44104389917,1712.5800085006415,7,1.2
1151.436205148697,0,19.226226806640625,64483.85356599157,1724.6233664812185,7,1.2
1151.9369208812714,0,18.311386108398438,64543.8810810482,1683.870342609297,7,1.2
1152.4367458820343,0,21.413238525390625,64535.12836773156,1543.3443176198464,7,1.2
1152.9371495246887,0,19.83953857421875,64524.15821000307,1664.00039378436,7,1.2
1153.4380059242249,0,18.168960571289062,64550.47637918096,1763.2819375823556,7,1.2
1153.9386656284332,0,18.105300903320312,64571.81628817587,1697.679600252497,7,1.2
1154.4380359649658,0,21.660186767578125,64513.19506578986,1575.7020180032434,7,1.2
1154.936484336853,0,22.5015869140625,64547.68918912655,1385.5022811976153,7,1.2
1155.439382314682,0,22.30438232421875,64564.17818533505,1475.7189650690273,7,1.2
1155.939847946167,0,18.902313232421875,64559.31047814434,1687.9415554956402,7,1.2
1156.440850019455,0,18.333648681640625,64557.81453892571,1813.0051784665013,7,1.2
1156.9409053325653,0,18.244705200195312,64562.788510279126,1730.7487105717644,7,1.2
1157.4416677951813,0,17.959320068359375,64581.47554799574,1740.3220100222434,7,1.2
1157.9425783157349,0,17.622222900390625,64588.06670956501,1891.418590515114,7,1.2
1158.4427361488342,0,18.477890014648438,64526.254358289574,1790.3018133442117,7,1.2
1158.9426550865173,0,18.25335693359375,64530.32891860143,1722.6968230774119,7,1.2
1159.4436399936676,0,18.28369140625,64530.7564189965,1812.927119775671,7,1.2
1159.9418396949768,0,17.761795043945312,64551.029210521505,1767.5578353609035,7,1.2
1160.4403901100159,0,17.913162231445312,64550.00489449867,1854.3347942045577,7,1.2
1160.945219039917,0,17.86053466796875,64559.61426263268,1754.4267617137175,7,1.2
1161.4476358890533,0,18.192611694335938,64577.79532102513,1746.423247734785,7,1.2
1161.945531129837,0,17.838409423828125,64567.01464786758,1780.9323267109073,7,1.2
1162.4467873573303,0,17.993118286132812,64563.27380757246,1909.007624680185,7,1.2
1162.9452431201935,0,21.16290283203125,64529.92124842821,1439.3110549039175,7,1.2
1163.4473385810852,0,18.712173461914062,64561.52126651027,1793.9123997713486,7,1.2
1163.947748184204,0,18.040939331054688,64545.96978667562,1788.820382786208,7,1.2
1164.4479706287384,0,18.318069458007812,64559.065298917034,1691.6629817916473,7,1.2
1164.947608947754,0,21.307159423828125,64526.233530558944,1607.4409224956423,7,1.2
1165.44908452034,0,18.878631591796875,64528.764363028924,1710.7701817770342,7,1.2
1165.949301958084,0,18.49237060546875,64532.889416934246,1677.7189178127858,7,1.2
1166.44984126091,0,18.341827392578125,64558.482673195176,1815.9586439831953,7,1.2
1166.951378583908,0,17.766342163085938,64560.967650748986,1833.917173322111,7,1.2
1167.4512066841125,0,18.170181274414062,64531.08171095989,1730.8578007576414,7,1.2
1167.95148229599,0,17.59228515625,64543.3619098159,1805.0525965194704,7,1.2
1168.4518189430237,0,21.156982421875,64522.35732786968,1524.7448505060063,7,1.2
1168.9530613422394,0,18.41204833984375,64530.85362278422,1831.3551744827837,7,1.2
1169.4528002738953,0,18.167434692382812,64518.031429103765,1710.092840626866,7,1.2
1169.9520146846771,0,20.819442749023438,64555.23184928203,1610.2736468089442,7,1.2
1170.4525876045227,0,22.312225341796875,64554.48715853878,1390.4933069083756,7,1.2
1170.9543075561523,0,18.387741088867188,64560.5418766317,1797.7194610388372,7,1.2
1171.4546387195587,0,18.735580444335938,64509.40722135136,1749.1851985780079,7,1.2
1171.9559140205383,0,17.946853637695312,64539.67208184589,1755.070868458082,7,1.2
1172.455449104309,0,18.478179931640625,64873.85802719329,1797.5255205262488,7,1.2
1172.9561655521393,0,18.488601684570312,64546.44910645753,1689.6356216095319,7,1.2
1173.4567704200745,0,18.157379150390625,64563.978738872094,1844.374109425343,7,1.2
1173.9569170475006,0,18.379989624023438,64551.945622760584,1732.5907495822096,7,1.2
1174.4572057724,0,18.072357177734375,64538.574451030865,1799.9312253565126,7,1.2
1174.9581382274628,0,18.5806884765625,64542.66549868208,1750.5271691642633,7,1.2
1175.4586491584778,0,18.38470458984375,64525.87331040145,1740.7405076108428,7,1.2
1175.9598903656006,0,18.992691040039062,64521.41384959273,1630.6799249621397,7,1.2
1176.4593868255615,0,18.14849853515625,64892.518039740804,1845.0562141620003,7,1.2
1176.9599866867065,0,18.68939208984375,64508.38134421011,1711.9336919142934,7,1.2
1177.4623861312866,0,18.70361328125,64752.435646660204,1744.9034851847018,7,1.2
1177.9593029022217,0,21.3333740234375,64516.050009363404,1545.1376778837625,7,1.2
1178.460598230362,0,22.31561279296875,64539.97860796955,1447.2378733052713,7,1.2
1178.9587745666504,0,22.24578857421875,64538.51773850102,1452.140026064888,7,1.2
1179.4621903896332,0,18.473312377929688,64555.192347052835,1748.6306374915646,7,1.2
1179.9593167304993,0,18.354049682617188,64553.56218308828,1743.6478898882738,7,1.2
1180.4594750404358,0,18.26385498046875,64541.198102361275,1767.0968168830518,7,1.2
1180.9636709690094,0,17.777313232421875,64515.117461363036,1834.922947777528,7,1.2
1181.4621777534485,0,32.451507568359375,260798.04196673215,4022.124387443329,19,2.1
1181.9607388973236,0,35.58990478515625,297743.1470998672,4186.130895807788,19,2.1
1182.4603679180145,0,35.42242431640625,296015.35215083585,4182.632974993151,19,2.1
1182.9618484973907,0,35.839385986328125,296789.7248415782,4144.323233011321,19,2.1
1183.4629204273224,0,35.62882995605469,296309.39569684846,4161.77012219852,19,2.1
1183.961371421814,0,36.05918884277344,296533.5362031138,4115.4003948078325,19,2.1
1184.4628248214722,0,36.08830261230469,296893.4818917086,4117.345212831854,19,2.1
1184.9617710113525,0,36.01234436035156,296884.2268929342,4125.863023890886,19,2.1
1185.4618122577667,0,36.39466857910156,297831.32395992085,4095.847161680071,19,2.1
1185.963362455368,0,36.406158447265625,297550.4768184496,4090.187109845535,19,2.1
1186.46342420578,0,36.223388671875,296681.5737043281,4099.423202647417,19,2.1
1186.9645829200745,0,36.06312561035156,296690.77485038276,4117.668601563912,19,2.1
1187.4636492729187,0,35.84474182128906,296210.9009649205,4135.501958392097,19,2.1
1187.9641244411469,0,36.02825927734375,296924.63440780574,4124.817656495908,19,2.1
1188.4663186073303,0,35.941497802734375,295300.81038107496,4111.959963692898,19,2.1
1188.9654891490936,0,36.0606689453125,296774.0906991844,4118.725590621816,19,2.1
1189.4669725894928,0,36.10050964355469,296992.48487939825,4116.977889439165,19,2.1
1189.9661302566528,0,36.12901306152344,296766.10840790696,4110.962005717662,19,2.1
1190.4670355319977,0,36.229766845703125,296710.1250387102,4099.198336895004,19,2.1
1190.9670507907867,0,36.16648864746094,296776.3185841456,4106.646941807192,19,2.1
1191.4672591686249,0,36.09565734863281,296698.1335785043,4113.929788443776,19,2.1
1191.9680716991425,0,36.226318359375,297699.42031092173,4112.783378149788,19,2.1
1192.4702186584473,0,36.12684631347656,296829.6140792811,4111.928251666554,19,2.1
1192.9691941738129,0,36.10382080078125,296876.8478363336,4115.5200946705545,19,2.1
1193.471326828003,0,36.02679443359375,296889.09983160207,4124.041628901015,19,2.1
1193.971730709076,0,36.05043029785156,296916.2605142906,4121.892548085775,19,2.1
1194.4705286026,0,36.209808349609375,297015.1725804594,4105.268897442359,19,2.1
1194.970734834671,0,36.07804870605469,293904.44132870424,4076.7725881836955,19,2.1
1195.4716594219208,0,36.193023681640625,296734.32640599395,4103.636140114489,19,2.1
1195.9728381633759,0,36.365814208984375,296715.71211784467,4083.4229407494745,19,2.1
1196.4744427204132,0,36.143585205078125,296831.8847486099,4109.996259561128,19,2.1
1196.9746656417847,0,36.1885986328125,296824.71579800436,4104.9945455833395,19,2.1
1197.4752531051636,0,36.124847412109375,296710.32109376934,4109.996598912429,19,2.1
1197.9755885601044,0,36.15946960449219,296885.950559233,4108.909827082807,19,2.1
1198.476107120514,0,36.219146728515625,296705.7423343604,4099.875712507867,19,2.1
1198.97669839859,0,36.36656188964844,296894.7576490813,4085.703797099759,19,2.1
1199.476967573166,0,36.331024169921875,296692.2351156504,4086.700097018467,19,2.1
1199.976966381073,0,36.48101806640625,296950.46582822007,4073.543115751081,19,2.1
1200.4768269062042,0,36.492218017578125,296954.7791208213,4072.813549683595,19,2.1
1200.9768404960632,0,36.5787353515625,296736.6737996028,4059.57173130254,19,2.1
1201.4777307510376,0,36.56053161621094,296716.4580790783,4061.784482755023,19,2.1
1201.9784042835236,0,36.47929382324219,296649.60348636925,4070.117166177202,19,2.1
1202.478280544281,0,36.44554138183594,297095.2162924018,4080.36194172481,19,2.1
1202.980853319168,0,36.39222717285156,296890.7184220889,4082.520129760952,19,2.1
1203.481750011444,0,37.18174743652344,296768.6154835446,3994.513712771515,19,2.1
1203.9814567565918,0,36.178619384765625,294095.81880037044,4067.651074102848,19,2.1
1204.482038974762,0,36.4615478515625,296855.4173024791,4074.511608909482,19,2.1
1204.9807469844818,0,36.2916259765625,296596.5882084319,4090.0619910461114,19,2.1
1205.481444120407,0,36.09306335449219,296705.79444782657,4114.336279564302,19,2.1
1205.9808218479156,0,36.23333740234375,296839.3249823637,4100.0087392002315,19,2.1
1206.4835631847382,0,36.194732666015625,296781.8284129999,4103.331867939149,19,2.1
1206.983852148056,0,36.24336242675781,296819.68901653256,4098.4056128946695,19,2.1
1207.484449148178,0,36.208984375,296707.9722802899,4101.440638653649,19,2.1
1207.9850964546204,0,36.214324951171875,296668.4100108155,4099.399897697002,19,2.1
1208.485967874527,0,36.295013427734375,296770.7171579863,4091.9670768467563,19,2.1
1208.9857304096222,0,36.20489501953125,296819.2606044446,4103.063961927303,19,2.1
1209.486886024475,0,36.28987121582031,296714.2477667953,4091.610000954466,19,2.1
1209.9868187904358,0,36.36381530761719,296786.6929870783,4084.4174007475017,19,2.1
1210.4875354766846,0,36.32177734375,296851.1009159699,4090.05315444903,19,2.1
1210.987466096878,0,36.38487243652344,296617.8173566063,4079.772445512072,19,2.1
1211.4884386062622,0,36.308380126953125,296632.68571047444,4088.5877993163285,19,2.1
1211.988625049591,0,36.34901428222656,296642.7967305558,4084.0447239469577,19,2.1
1212.4886853694916,0,36.50010681152344,296760.003487786,4068.7826138939854,19,2.1
1212.9893171787262,0,36.3575439453125,296694.4095410481,4083.7742016713614,19,2.1
1213.4900205135345,0,36.548736572265625,296803.3666519241,4064.38125997283,19,2.1
1213.989837884903,0,37.261505126953125,308958.6127164601,4149.45664361151,19,2.2
1214.490443944931,0,37.527252197265625,310671.96855730517,4142.8559485985525,19,2.2
1214.9894518852234,0,38.603515625,310510.00070147,4025.384669870984,19,2.2
1215.4915089607239,0,42.121673583984375,310464.24469526956,3689.145914161492,19,2.2
1215.991530418396,0,42.14253234863281,310954.5155436905,3692.611509736398,19,2.2
1216.4925146102905,0,42.13623046875,310737.88465394214,3690.6006605249436,19,2.2
1216.9931967258453,0,42.23979187011719,310809.95530479157,3682.0967413438275,19,2.2
1217.4930183887482,0,42.14259338378906,310749.3241495773,3690.2807234407865,19,2.2
1217.9931542873383,0,42.13313293457031,310855.70311911876,3692.36724554973,19,2.2
1218.4948251247406,0,42.185943603515625,310725.7304552004,3686.180436344223,19,2.2
1218.9942152500153,0,42.280792236328125,310636.46975117025,3676.870554625658,19,2.2
1219.494622707367,0,42.15409851074219,310779.3878730151,3689.67681660574,19,2.2
1219.9942047595978,0,42.22080993652344,310865.7850023171,3684.462714805259,19,2.2
1220.493468761444,0,42.11273193359375,310793.30995703663,3693.633560636255,19,2.2
1220.9948468208313,0,42.2080078125,310970.7656892027,3687.6414705814304,19,2.2
1221.4953725337982,0,42.2890625,310521.0563127591,3675.0164418991317,19,2.2
1221.9952433109283,0,42.099334716796875,307867.16689222946,3660.0578378860337,19,2.2
1222.4958975315094,0,42.31642150878906,310339.6220720021,3670.8207939496237,19,2.2
1222.9974851608276,0,42.31565856933594,310311.0584723851,3670.1071246600045,19,2.2
1223.4969527721405,0,42.315155029296875,310346.7511608824,3670.6943385285986,19,2.2
1223.9989700317383,0,42.51420593261719,311040.2875689663,3661.01157450028,19,2.2
1224.4993317127228,0,42.2677001953125,310519.9067841318,3676.755519744005,19,2.2
1224.999832868576,0,42.279754638671875,310738.97334768495,3677.788608966359,19,2.2
1225.500256061554,0,42.27490234375,310787.3724085523,3679.1805865163606,19,2.2
1226.0007956027985,0,42.35005187988281,310725.21513122565,3671.612975611549,19,2.2
1226.5011649131775,0,42.60585021972656,310803.4708120586,3650.6488944089947,19,2.2
1227.0004620552063,0,42.270050048828125,310045.86366892507,3670.7550575588134,19,2.2
1227.5021080970764,0,42.54881286621094,310365.99734227423,3650.9596751490685,19,2.2
1228.0016043186188,0,42.25341796875,310448.748768223,3677.311977812446,19,2.2
1228.50266289711,0,42.32452392578125,310319.7069442525,3669.456513494221,19,2.2
1229.004205942154,0,42.26910400390625,311197.7789573473,3684.558820683949,19,2.2
1229.5044655799866,0,42.490814208984375,310767.7080475371,3660.344074252032,19,2.2
1230.003434419632,0,42.6552734375,310817.1440539853,3646.1142425421826,19,2.2
1230.5037655830383,0,42.31072998046875,310349.52360053395,3671.4327564593586,19,2.2
1231.0040571689606,0,42.42608642578125,310406.3497685469,3661.8272645009633,19,2.2
1231.504204750061,0,37.07096862792969,285767.37602214364,3855.3349235207656,19,2.0
1232.0088365077972,0,34.580291748046875,282898.8718690579,4094.4420316522333,19,2.0
1232.505520582199,0,34.682861328125,282896.1529285788,4082.3909728919266,19,2.0
1233.005968093872,0,34.70021057128906,282421.78744144517,4073.2605846763113,19,2.0
1233.507332086563,0,34.83575439453125,283016.3987569781,4065.621728640786,19,2.0
1234.0068144798279,0,34.64167785644531,282839.1230017976,4086.551482484296,19,2.0
1234.5099205970764,0,34.3553466796875,281865.614855511,4106.143981466676,19,2.0
1235.0081417560577,0,34.63703918457031,282861.2161861441,4087.2719878165954,19,2.0
1235.5085179805756,0,34.64186096191406,283612.7156196007,4097.268335440995,19,2.0
1236.0094332695007,0,34.65708923339844,282934.47263962607,4086.1192654208826,19,2.0
1236.5095942020416,0,34.73841857910156,282886.3995888366,4075.5741277518355,19,2.0
1237.0117843151093,0,34.46844482421875,283110.70599174785,4110.455250375842,19,2.0
1237.5100312232971,0,34.86820983886719,283796.4044564578,4073.3378815932447,19,2.0
1238.0121881961823,0,34.90113830566406,283137.87310581486,4060.526586807655,19,2.0
1238.5107219219208,0,35.093475341796875,283227.7639416795,4039.326359654348,19,2.0
1239.0124616622925,0,35.22987365722656,283147.60486765375,4022.552035775773,19,2.0
1239.5121564865112,0,35.202056884765625,283124.4167613898,4025.3897794626964,19,2.0
1240.0128095149994,0,35.133331298828125,283617.3631711961,4040.038184615144,19,2.0
1240.5151405334473,0,35.09880065917969,283780.6985224149,4046.6624879631863,19,2.0
1241.0159480571747,0,34.97380065917969,283061.3846681807,4050.0030688778525,19,2.0
1241.5164949893951,0,34.85304260253906,283120.17811014433,4065.1831065583424,19,2.0
1242.0171706676483,0,35.21040344238281,283150.8989081426,4024.747976315996,19,2.0
1242.5169339179993,0,34.93412780761719,282963.9297273314,4053.5719334353375,19,2.0
1243.0175173282623,0,34.9542236328125,283168.39998749644,4053.9306919974156,19,2.0
1243.518805027008,0,35.03471374511719,283031.1312183383,4043.0186194896855,19,2.0
1244.0185658931732,0,35.038543701171875,283133.2182147827,4043.6612094486486,19,2.0
1244.5189640522003,0,35.009674072265625,283199.4679734976,4048.2810467600593,19,2.0
1245.0190725326538,0,35.09922790527344,283139.70859348984,4037.18282300763,19,2.0
1245.519525051117,0,35.04185485839844,283085.3812410247,4042.993744837259,19,2.0
1246.020340681076,0,35.12117004394531,283085.7505953103,4033.4362386773955,19,2.0
1246.5206551551819,0,35.07154846191406,283089.9696652187,4039.627738531505,19,2.0
1247.020784854889,0,35.772064208984375,283118.5379300754,3961.3034118509204,19,2.0
1247.523205280304,0,35.472015380859375,283323.67524121533,3997.320098043011,19,2.0
1248.0228102207184,0,35.13850402832031,283259.706363606,4033.950901431582,19,2.0
1248.5227262973785,0,35.071441650390625,283194.56688393274,4040.894623401417,19,2.0
1249.0232064723969,0,35.09796142578125,282968.4380230803,4034.707266387848,19,2.0
1249.523247718811,0,34.87791442871094,283134.1658663255,4062.484879639542,19,2.0
1250.022497177124,0,34.97273254394531,283111.52682058077,4051.2705097311355,19,2.0
1250.522206068039,0,35.020751953125,283094.3818962338,4046.115291575168,19,2.0
1251.0246331691742,0,35.16514587402344,283007.2724569154,4027.8234734873945,19,2.0
1251.523591041565,0,35.07237243652344,283110.5794439311,4040.359694984083,19,2.0
1252.0247960090637,0,35.2454833984375,283043.0400108329,4019.1532741548363,19,2.0
1252.5262334346771,0,35.062835693359375,283232.83965494763,4042.314239485299,19,2.0
1253.0274596214294,0,34.940765380859375,283129.39250511467,4055.2345793094655,19,2.0
1253.5272517204285,0,35.112579345703125,283202.81896121777,4036.3027336908954,19,2.0
1254.0279920101166,0,35.057891845703125,283225.5449925825,4043.1124787491394,19,2.0
1254.5279009342194,0,35.14453125,283188.99543919024,4032.7469156385464,19,2.0
1255.0266501903534,0,35.14143371582031,283057.90769130853,4030.683584097291,19,2.0
1255.527331352234,0,35.27545166015625,283135.7914875376,4017.156218585248,19,2.0
1256.0272805690765,0,35.30680847167969,283165.759634712,4014.2115964314285,19,2.0
1256.527337551117,0,35.23675537109375,283097.10225902987,4021.056947718679,19,2.0
1257.0280530452728,0,35.35893249511719,283114.2142548123,4007.615332266279,19,2.0
1257.5298764705658,0,35.31742858886719,283296.58779155643,4014.3919210667414,19,2.0
1258.0289058685303,0,35.223480224609375,283059.39977918257,4022.0613947459847,19,2.0
1258.532264471054,0,35.342926025390625,283097.5713665837,4008.383456939152,19,2.0
1259.0325064659119,0,33.69813537597656,260911.09383213514,3875.0215269504597,17,2.1
1259.5333728790283,0,33.62113952636719,257867.05713354927,3838.15069381568,17,2.1
1260.0340447425842,0,33.9337158203125,259342.9591867701,3824.9568861629223,17,2.1
1260.534161567688,0,34.126312255859375,261083.79941960296,3829.1274785356777,17,2.1
1261.0352537631989,0,33.65570068359375,260190.1568585456,3840.211238359493,17,2.1
1261.5351731777191,0,33.391815185546875,258453.36777193905,3902.483266510264,17,2.1
1262.036622285843,0,33.87663269042969,259565.28477559795,3834.8262410596813,17,2.1
1262.5333523750305,0,33.74537658691406,259738.25078921413,3852.1425198854913,17,2.1
1263.0375249385834,0,33.053497314453125,258027.24035648067,3906.8483062920495,17,2.1
1263.538584470749,0,33.29994201660156,257144.28288412772,3865.1418652871107,17,2.1
1264.036747455597,0,33.626708984375,257605.7552879614,3833.738236468581,17,2.1
1264.5370254516602,0,33.25709533691406,255295.35153699925,3841.165282351252,17,2.1
1265.0375843048096,0,33.40228271484375,256118.11622152769,3837.372466254799,17,2.1
1265.5381286144257,0,33.67085266113281,258697.7612727501,3844.1259953422673,17,2.1
1266.0396156311035,0,33.39427185058594,257673.70047179688,3861.5005764150956,17,2.1
1266.5406556129456,0,33.68891906738281,259115.76098377036,3850.079004926541,17,2.1
1267.0414462089539,0,33.35313415527344,257227.32161246173,3859.6372802837914,17,2.1
1267.5413174629211,0,33.52803039550781,258988.73452083068,3866.317182096334,17,2.1
1268.0387752056122,0,33.739349365234375,260885.06191895736,3869.5470557747985,17,2.1
1268.5413320064545,0,33.69358825683594,259572.38532699036,3855.4813162009887,17,2.1
1269.0431354045868,0,33.3001708984375,257238.4034150139,3865.6258069246137,17,2.1
1269.5432651042938,0,33.310028076171875,257219.30562803804,3864.7520712265564,17,2.1
1270.040690422058,0,33.92381286621094,261335.48661016836,3855.3744095867683,17,2.1
1270.5411710739136,0,33.78456115722656,258922.65291674624,3835.775737826345,17,2.1
1271.0417132377625,0,33.810791015625,260542.7363441527,3856.4019380600625,17,2.1
1271.5450773239136,0,33.445343017578125,257201.92180619203,3848.966354817841,17,2.1
1272.043499469757,0,33.515289306640625,257725.37224616986,3848.661392114031,17,2.1
1272.5429646968842,0,33.78858947753906,257405.67430327443,3812.973610089375,17,2.1
1273.044080734253,0,34.13417053222656,260170.16719559996,3814.506049797565,17,2.1
1273.543624162674,0,33.96209716796875,259637.25360311667,3826.0593672216883,17,2.1
1274.0462584495544,0,33.51734924316406,257187.3681046444,3839.6532812405394,17,2.1
1274.545485496521,0,34.41111755371094,261535.15065592073,3804.264705895395,17,2.1
1275.0462079048157,0,33.77577209472656,258648.0678902376,3832.5696785540194,17,2.1
1275.547978401184,0,34.25994873046875,260999.68305136685,3813.2865004498367,17,2.1
1276.0495660305023,0,33.74568176269531,257083.88899258972,3812.013664581107,17,2.1
1276.5500524044037,0,33.84796142578125,259019.5320971056,3830.215898947824,17,2.1
1277.0503561496735,0,33.57109069824219,257263.40862739607,3835.085405990141,17,2.1
1277.5481083393097,0,33.84248352050781,259519.18260029465,3837.4843241425115,17,2.1
1278.0494129657745,0,34.251373291015625,259738.03883015786,3795.4974504365396,17,2.1
1278.5515494346619,0,33.80889892578125,257533.0765641696,3812.2803195378438,17,2.1
1279.0501725673676,0,33.99967956542969,259021.0657000508,3812.7418157142774,17,2.1
1279.5502443313599,0,33.749725341796875,257647.9878343238,3821.186652452141,17,2.1
1280.0507888793945,0,33.71086120605469,258152.6895679903,3832.533355059918,17,2.1
1280.5537416934967,0,33.943206787109375,259978.09746578799,3833.226507326134,17,2.1
1281.0543990135193,0,33.532501220703125,257161.85774444148,3837.8884758093654,17,2.1
1281.5554251670837,0,32.71345520019531,238045.93128581974,3641.3151491038097,16,2.1
1282.056450843811,0,32.84796142578125,237159.08089917895,3613.283590464918,16,2.1
1282.5561327934265,0,32.88758850097656,237622.7214916644,3616.470693692494,16,2.1
1283.05353140831,0,32.632354736328125,235550.886759613,3612.0899319833497,16,2.1
1283.556468486786,0,32.912200927734375,237674.4476542969,3614.860041151004,16,2.1
1284.0540554523468,0,33.02691650390625,237968.77234054217,3605.4531456461036,16,2.1
1284.5542223453522,0,32.90727233886719,235605.7125349663,3583.068167601853,16,2.1
1285.0576770305634,0,33.00404357910156,238280.07273403002,3613.4663231239883,16,2.1
1285.5574734210968,0,32.95257568359375,237336.4973963894,3604.1795682493816,16,2.1
1286.0594680309296,0,32.53643798828125,235570.01805318778,3623.8754851550525,16,2.1
1286.557579755783,0,32.828399658203125,237668.84197221787,3623.326182160616,16,2.1
1287.0570230484009,0,33.31208801269531,239169.38993068857,3592.9299884890625,16,2.1
1287.558473110199,0,33.01585388183594,236481.43045817385,3584.7323659592917,16,2.1
1288.0598952770233,0,32.71382141113281,235553.94560158896,3603.3699187427965,16,2.1
1288.5580258369446,0,32.92045593261719,237195.24742497678,3605.964639219458,16,2.1
1289.0579113960266,0,32.837738037109375,236294.1435909401,3601.374731303211,16,2.1
1289.559903383255,0,32.747711181640625,237241.42003633524,3625.9022605087985,16,2.1
1290.0616266727448,0,33.079742431640625,238067.81687866116,3601.358149815906,16,2.1
1290.563491821289,0,31.666336059570312,227283.0223857692,3592.616455089301,16,2.0
1291.0635030269623,0,31.375991821289062,225578.46850372342,3597.814553336475,16,2.0
1291.5604338645935,0,31.360305786132812,226583.8181742563,3615.7172947637464,16,2.0
1292.063619852066,0,31.469482421875,225688.4966382968,3589.2868680129404,16,2.0
1292.5650172233582,0,31.633651733398438,227901.256334384,3510.312401990601,16,2.0
1293.0654666423798,0,31.527435302734375,226700.97814550286,3693.9890251681604,16,2.0
1293.5666780471802,0,31.325027465820312,225552.69055085265,3603.54033601943,16,2.0
1294.063105583191,0,31.648834228515625,227170.2943554833,3591.9806454536774,16,2.0
1294.5653972625732,0,34.45196533203125,266901.8293538634,3760.5982344218646,19,2.0
1295.0639562606812,0,35.14955139160156,281973.62272798794,4136.269006117051,19,2.0
1295.5664865970612,0,35.30754089355469,283467.0388450204,4017.4420650715347,19,2.0
1296.0670020580292,0,35.18731689453125,282993.6523763684,4025.342438713012,19,2.0
1296.5674691200256,0,35.170684814453125,282844.22367579397,4024.544894327242,19,2.0
1297.068238735199,0,35.18455505371094,282950.68273965677,4024.1804901002015,19,2.0
1297.5680236816406,0,35.13072204589844,282866.37712082325,4029.4076453952894,19,2.0
1298.066905260086,0,35.21968078613281,282917.1357766571,4020.422583039195,19,2.0
1298.5691611766815,0,35.22810363769531,283038.85998900025,4020.710324254811,19,2.0
1299.0694873332977,0,35.275299072265625,283026.520403665,4015.217552368239,19,2.0
1299.5699789524078,0,35.29399108886719,282986.0101911127,4012.7227222163856,19,2.0
1300.069349527359,0,35.16477966308594,282877.2239274769,4026.0454169322634,19,2.0
1300.570160150528,0,35.25205993652344,282876.24841646774,4015.6802256350857,19,2.0
1301.0689742565155,0,35.329833984375,282967.9818187005,4008.9064687549667,19,2.0
1301.5705525875092,0,35.254486083984375,282877.0839620423,4016.0562733126794,19,2.0
1302.0707173347473,0,35.5186767578125,282880.6822684258,3985.734067890394,19,2.0
1302.5715045928955,0,35.37896728515625,282962.5077518308,4003.028094588277,19,2.0
1303.0713188648224,0,30.600845336914062,233905.89063034992,3825.5805913564836,19,1.6
1303.5720083713531,0,29.758468627929688,228693.16981767173,3845.896824562582,19,1.6
1304.0724952220917,0,29.84246826171875,228584.98250757827,3833.429560742751,19,1.6
1304.5770955085754,0,29.814437866210938,228367.33583463548,3833.411198724205,19,1.6
1305.0774850845337,0,29.57659912109375,228334.15362045958,3863.358310134693,19,1.6
1305.5781743526459,0,29.559646606445312,226630.1623196661,3837.1568344551292,19,1.6
1306.0790448188782,0,29.561996459960938,228365.7342841705,3865.8417456610105,19,1.6
1306.5793962478638,0,29.515609741210938,228421.03294050286,3872.6965494601504,19,1.6
1307.0801351070404,0,29.537185668945312,228431.6547165634,3870.172374620883,19,1.6
1307.5805418491364,0,29.468017578125,228335.82833097002,3878.102749770093,19,1.6
1308.0809905529022,0,29.45501708984375,228313.38929808993,3878.5582656949673,19,1.6
1308.580474615097,0,29.581527709960938,228349.75449193342,3863.5597566353995,19,1.6
1309.0811314582825,0,29.611801147460938,228310.3522033868,3858.529220529939,19,1.6
1309.5821523666382,0,29.614730834960938,228201.86818481618,3856.0877232484436,19,1.6
1310.079427242279,0,29.48748779296875,228401.9400423963,3876.3899048482476,19,1.6
1310.582423210144,0,29.655105590820312,228328.72581369075,3853.1644964154452,19,1.6
1311.083903312683,0,29.469100952148438,228355.3628357823,3877.6208404033164,19,1.6
1311.5843424797058,0,29.66387939453125,228281.46669881957,3851.5865871900546,19,1.6
1312.0837190151215,0,29.542922973632812,228294.22049886783,3866.8482499838597,19,1.6
1312.5843725204468,0,29.652267456054688,228371.0804116478,3854.2077825709066,19,1.6
1313.0846729278564,0,29.47998046875,228375.7944058098,3876.970004140787,19,1.6
1313.5864338874817,0,29.327529907226562,228316.81004775714,3895.7252916089365,19,1.6
1314.0862460136414,0,29.383804321289062,228343.27374055932,3889.489555210399,19,1.6
1314.587998867035,0,29.47900390625,228247.91211343868,3874.927401321783,19,1.6
1315.0841047763824,0,29.493453979492188,228285.98320865774,3873.028912769164,19,1.6
1315.5831730365753,0,29.635696411132812,227528.73172943984,3842.2920258160184,19,1.6
1316.0844740867615,0,29.651351928710938,228498.44428541962,3857.2271603324566,19,1.6
1316.5841348171234,0,29.687637329101562,228477.91358695558,3851.502183635047,19,1.6
1317.0843484401703,0,29.624771118164062,228611.59505537208,3862.409587692745,19,1.6
1317.5886211395264,0,29.451187133789062,228411.11850396366,3881.0659645316105,19,1.6
1318.0894136428833,0,29.520645141601562,228352.73676331452,3871.1213610625095,19,1.6
1318.589370250702,0,29.624710083007812,228328.71006168486,3856.9491373871033,19,1.6
1319.0897200107574,0,29.553695678710938,228361.7478973861,3866.9275491769804,19,1.6
1319.5903306007385,0,29.484268188476562,228389.78496135367,3876.7453636401747,19,1.6
1320.0886387825012,0,29.558380126953125,228369.9152726151,3866.957509480481,19,1.6
1320.5877528190613,0,29.632980346679688,228513.97368835553,3859.61852847566,19,1.6
1321.087946176529,0,29.608062744140625,228580.9847885423,3863.440880563432,19,1.6
1321.588327407837,0,29.532196044921875,228493.37485412305,3872.790219394013,19,1.6
1322.0885291099548,0,29.781539916992188,229131.53150440656,3850.371751078384,19,1.6
1322.590852022171,0,29.665069580078125,228560.3261536485,3855.8817363036424,19,1.6
1323.0906913280487,0,29.700820922851562,228672.5127842609,3853.731864762573,19,1.6
1323.5904400348663,0,29.325790405273438,222744.38712905694,3801.022869615666,19,1.6
1324.0954608917236,0,29.489837646484375,228429.2800034204,3876.75922026072,19,1.6
1324.5914170742035,0,29.591659545898438,228407.07129579977,3862.743818835375,19,1.6
1325.0920956134796,0,29.750259399414062,228531.45020004388,3844.974877840995,19,1.6
1325.592452287674,0,29.7513427734375,229194.38859621403,3855.859578291749,19,1.6
1326.0973527431488,0,29.518402099609375,228385.56723560157,3871.4155195247604,19,1.6
1326.5985600948334,0,29.554122924804688,228370.201310062,3867.0746647019737,19,1.6
1327.1007194519043,0,29.637466430664062,228320.68614655707,3855.4915032067306,19,1.6
1327.5995433330536,0,29.623321533203125,228300.16508478927,3856.758597172959,19,1.6
1328.0991518497467,0,29.561080932617188,228392.94491305132,3866.4350691549903,19,1.6
1328.5996005535126,0,29.440200805664062,228350.3007639165,3881.631132693028,19,1.6
1329.1003077030182,0,29.4359130859375,228300.1827578897,3881.2453232368052,19,1.6
1329.6000595092773,0,29.4739990234375,228346.18416231545,3877.5532261204135,19,1.6
1330.0976295471191,0,29.44952392578125,228351.62925769898,3880.4362436554534,19,1.6
1330.6008450984955,0,29.427093505859375,228433.26038009045,3884.719365072122,19,1.6
1331.0969586372375,0,29.563125610351562,228507.6530627667,3868.2648616815204,19,1.6
1331.5988011360168,0,29.616592407226562,228542.511254061,3861.9567851462657,19,1.6
1332.0981149673462,0,29.502243041992188,228706.57069868266,3880.077858387481,19,1.6
1332.598468542099,0,29.401626586914062,229068.358212286,3899.104005729514,19,1.6
1333.1004767417908,0,29.567047119140625,228653.33236349092,3870.8295603151355,19,1.6
1333.601706981659,0,29.443344116210938,228331.46660368025,3880.63935771111,19,1.6
1334.099958896637,0,29.525497436523438,228562.5076668543,3874.651062050674,19,1.6
1334.6004891395569,0,29.4320068359375,228664.5315274022,3887.8762375211004,19,1.6
1335.100947856903,0,29.558731079101562,229001.19797177223,3877.703670474473,19,1.6
1335.6027154922485,0,29.60931396484375,228588.8965731923,3863.6491252661717,19,1.6
1336.1021995544434,0,29.516708374023438,228806.46074632354,3879.3282282373875,19,1.6
1336.6040041446686,0,29.802230834960938,228615.98612157092,3839.7125582209787,19,1.6
1337.1069598197937,0,29.405487060546875,228444.77237672458,3887.879828842863,19,1.6
1337.6072146892548,0,29.434951782226562,228431.67999453095,3883.85212402588,19,1.6
1338.1078758239746,0,29.588836669921875,228366.80983624927,3861.794273113668,19,1.6
1338.6079556941986,0,29.497207641601562,228402.86415086832,3875.553285890388,19,1.6
1339.1081697940826,0,29.396469116210938,228350.43753034624,3887.371627804853,19,1.6
1339.6096165180206,0,29.527877807617188,228387.71171609272,3870.579550099502,19,1.6
1340.1071572303772,0,29.667205810546875,228349.0183244438,3851.963704629501,19,1.6
1340.6069633960724,0,29.689071655273438,228625.09804855625,3854.1117529242642,19,1.6
1341.1062707901,0,29.737091064453125,228846.56134933943,3851.6208512712624,19,1.6
1341.6083505153656,0,29.648849487304688,229091.55013617832,3867.3676038963144,19,1.6
1342.1074550151825,0,29.599227905273438,228702.84089413818,3866.7562669636022,19,1.6
1342.6083993911743,0,29.692306518554688,228484.2484974139,3851.4353854099486,19,1.6
1343.1088137626648,0,29.76885986328125,228559.09826341533,3842.6732002960634,19,1.6
1343.6091089248657,0,29.618698120117188,228517.15190572053,3861.3108360195374,19,1.6
1344.1107482910156,0,29.657424926757812,228899.40133482404,3863.079828506366,19,1.6
1344.6100001335144,0,29.737762451171875,228579.05274927084,3846.826074686463,19,1.6
1345.1115462779999,0,29.510269165039062,228566.86461476458,3876.582736680998,19,1.6
1345.6106407642365,0,29.704986572265625,228724.44599337108,3853.9320568785038,19,1.6
1346.1117103099823,0,29.592254638671875,229064.6164051246,3874.1218403203534,19,1.6
1346.6123156547546,0,29.654342651367188,228665.62577819798,3859.2324013199363,19,1.6
1347.1123387813568,0,29.719558715820312,228634.17066784637,3850.6628276106035,19,1.6
1347.6126701831818,0,29.722579956054688,228590.74016573705,3848.757415040513,19,1.6
1348.1147096157074,0,29.725814819335938,228646.99323850594,3849.9533383878024,19,1.6
1348.6141867637634,0,29.797393798828125,228540.0734198538,3838.7585428527827,19,1.6
1349.1185517311096,0,29.81170654296875,228377.90849991885,3833.4605177761628,19,1.6
1349.615445613861,0,29.608627319335938,228328.79300350242,3859.5507575378874,19,1.6
1350.1161353588104,0,29.696823120117188,229014.18257690256,3859.3690488852444,19,1.6
1350.6168172359467,0,29.81982421875,228548.38817913737,3836.374056426127,19,1.6
1351.1159145832062,0,29.643539428710938,228625.55724007968,3859.4581552967775,19,1.6
1351.6165568828583,0,29.622726440429688,228496.41499162852,3860.5156831182344,19,1.6
1352.1162827014923,0,29.907516479492188,228557.2960959319,3824.6238225241696,19,1.6
1352.6192827224731,0,30.1219482421875,228690.1718739284,3799.820618498211,19,1.6
1353.1193976402283,0,29.563140869140625,228773.12099478912,3872.930840021678,19,1.6
1353.6185147762299,0,29.57366943359375,228539.45641455438,3867.933949043929,19,1.6
1354.119743347168,0,29.608810424804688,228672.2331634079,3864.8969127152923,19,1.6
1354.6238873004913,0,29.649581909179688,228716.24260589379,3861.133703357753,19,1.6
1355.1213405132294,0,29.657333374023438,228348.71447972328,3853.0773673701124,19,1.6
1355.6203532218933,0,29.72015380859375,228552.44758045935,3849.408072946081,19,1.6
1356.12251663208,0,29.498397827148438,228566.51948038084,3877.837727672205,19,1.6
1356.6239812374115,0,29.653900146484375,228571.30036463853,3857.3340921417025,19,1.6
1357.1241698265076,0,29.781539916992188,228552.7094975623,3841.0706873734157,19,1.6
1357.622570514679,0,29.775039672851562,229208.05203937163,3853.093102831546,19,1.6
1358.123079776764,0,29.929916381835938,228563.39144373793,3821.6611947976203,19,1.6
1358.6274421215057,0,29.644927978515625,228399.17360807696,3855.6679942969204,19,1.6
1359.1294014453888,0,29.626007080078125,228338.08609245063,3857.556628913714,19,1.6
1359.6283419132233,0,29.470993041992188,228433.54834319782,3879.034542104192,19,1.6
1360.126576423645,0,29.417633056640625,228347.05610758503,3884.133022531088,19,1.6
1360.6278803348541,0,29.576004028320312,228827.2412524105,3872.125520754602,19,1.6
1361.1257581710815,0,29.457687377929688,228562.17723349185,3883.0271545925775,19,1.6
1361.6304106712341,0,29.317596435546875,228477.3491285153,3899.773989022348,19,1.6
1362.130484342575,0,29.284698486328125,228420.30530239188,3903.437833016014,19,1.6
1362.6307151317596,0,29.445968627929688,228309.95791821973,3880.531200852329,19,1.6
1363.1316239833832,0,29.474822998046875,228363.7008532162,3877.4787556000997,19,1.6
1363.632663488388,0,29.376388549804688,228348.75884759513,3889.994844201493,19,1.6
1364.1324889659882,0,29.481765747070312,228308.73639115453,3875.5141391540988,19,1.6
1364.6327993869781,0,29.542953491210938,228420.4761256706,3868.841347700848,19,1.6
1365.130116701126,0,29.517608642578125,228341.33735047583,3871.146927369103,19,1.6
1365.6316678524017,0,29.904693603515625,228637.30760560062,3827.0581039006365,19,1.6
1366.1364693641663,0,29.580718994140625,228241.09659268404,3861.09614247793,19,1.6
1366.635264158249,0,29.499069213867188,228330.73568628076,3873.3086515925766,19,1.6
1367.1353569030762,0,29.465286254882812,228296.58572585,3877.4780265732866,19,1.6
1367.637084722519,0,29.455718994140625,228425.8270323155,3881.2836319745547,19,1.6
1368.1325976848602,0,29.599563598632812,228416.20686566847,3862.1853196943866,19,1.6
1368.6325397491455,0,29.759078979492188,228544.54108065696,3843.6001355695125,19,1.6
1369.1347506046295,0,29.637786865234375,228140.36210477698,3852.480636262821,19,1.6
1369.6335661411285,0,29.659591674804688,228460.37803883394,3855.4475480907986,19,1.6
1370.1340012550354,0,29.7314453125,228686.66879092142,3849.190606010839,19,1.6
1370.6341879367828,0,29.706253051757812,228985.65563450332,3857.9082929214637,19,1.6
1371.1353845596313,0,29.487594604492188,228608.47336893147,3880.275808680884,19,1.6
1371.6397678852081,0,29.740234375,228660.05714277845,3847.952190188481,19,1.6
1372.1413152217865,0,29.602828979492188,228374.71748175067,3861.083684913438,19,1.6
1372.6409475803375,0,29.648727416992188,228466.38857250873,3855.7810051058664,19,1.6
1373.1418240070343,0,29.695480346679688,228345.46725437947,3848.2287090795394,19,1.6
1373.641740322113,0,29.585296630859375,228406.93400185488,3863.608380413244,19,1.6
1374.1418709754944,0,29.635696411132812,228337.11634772067,3855.6542898406706,19,1.6
1374.6422839164734,0,29.707794189453125,228342.41094638713,3846.3979947918006,19,1.6
1375.1405653953552,0,29.574554443359375,228388.66804901347,3864.91029709039,19,1.6
1375.6432030200958,0,29.848892211914062,228611.51542863972,3833.2745881379856,19,1.6
1376.1390452384949,0,29.677169799804688,227493.45114452564,3835.9789955694905,19,1.6
1376.6404373645782,0,29.702178955078125,229063.19686216494,3859.952502925671,19,1.6
1377.1405971050262,0,29.763961791992188,228667.46771256748,3844.9518514967876,19,1.6
1377.6407186985016,0,29.636978149414062,227106.10027006414,3834.8376621604716,19,1.6
1378.1426513195038,0,29.747909545898438,228580.28522595228,3845.5475274151745,19,1.6
1378.6426470279694,0,29.616851806640625,228380.16188542175,3859.930851069311,19,1.6
1379.1427011489868,0,29.74188232421875,228681.86960797018,3847.8734719089825,19,1.6
1379.6473336219788,0,29.668655395507812,228388.67068597602,3852.3147906900194,19,1.6
1380.1446197032928,0,29.573501586914062,228315.65378350456,3863.357190362458,19,1.6
1380.644093990326,0,29.709503173828125,228505.34354018024,3849.4416864145714,19,1.6
1381.1443288326263,0,29.632003784179688,228665.29544970475,3862.175532695525,19,1.6
1381.6444442272186,0,29.560150146484375,228499.817920541,3868.721891915051,19,1.6
1382.1461589336395,0,34.45281982421875,269633.78620631294,3917.2990973913816,18,2.1
1382.6463990211487,0,35.34471130371094,274547.81509481155,3887.3425452360198,18,2.1
1383.1474213600159,0,35.31178283691406,274570.3709288235,3891.4772622680994,18,2.1
1383.6476109027863,0,35.27180480957031,274588.49720519624,3896.4833453237256,18,2.1
1384.1463627815247,0,35.22743225097656,274512.7651995484,3899.943629760056,18,2.1
1384.6468625068665,0,35.17860412597656,275098.10352324805,3913.7141288199996,18,2.1
1385.1490859985352,0,34.59654235839844,270320.3687535728,3910.0439170668087,18,2.1
1385.6497032642365,0,34.906585693359375,272659.6068402069,3909.20501932561,18,2.1
1386.1518859863281,0,35.28977966308594,274967.8397185525,3899.9110029570843,18,2.1
1386.6547391414642,0,34.50309753417969,269950.5898829066,3914.981832172811,18,2.1
1387.1490983963013,0,34.767669677734375,272883.87396607705,3928.017070625235,18,2.1
1387.65145945549,0,34.98634338378906,274639.00752049254,3928.704365935195,18,2.1
1388.1512331962585,0,35.09385681152344,274747.2472753787,3917.95067548266,18,2.1
1388.6508677005768,0,35.0770263671875,274741.7587207128,3920.0301234378862,18,2.1
1389.1514582633972,0,35.15422058105469,274712.7921559754,3911.052434884479,18,2.1
1389.6524987220764,0,35.056365966796875,273455.0387411567,3903.7417663204574,18,2.1
1390.1527626514435,0,34.9696044921875,272784.4383990635,3904.161971019754,18,2.1
1390.6541860103607,0,35.173309326171875,272695.6864567963,3880.1296384827156,18,2.1
1391.1527988910675,0,35.45555114746094,274384.23741828644,3873.2157745581776,18,2.1
1391.6559045314789,0,35.54399108886719,275517.3281618541,3879.221094087733,18,2.1
1392.1555454730988,0,35.312652587890625,274757.6532372154,3894.2698982391703,18,2.1
1392.6558821201324,0,35.25706481933594,275198.2795339355,3906.422746923211,18,2.1
1393.1551361083984,0,35.3468017578125,274915.22902866994,3892.431370246684,18,2.1
1393.6566083431244,0,35.28443908691406,274809.22370398167,3897.893903349808,18,2.1
1394.155719280243,0,34.97967529296875,273560.77838798676,3914.0443372703526,18,2.1
1394.6575891971588,0,34.99732971191406,273537.0743121463,3911.1555403440466,18,2.1
1395.1581275463104,0,35.36766052246094,274914.10155374085,3890.3336541759513,18,2.1
1395.6587812900543,0,34.72349548339844,273243.8854686855,3938.6299707466783,18,2.1
1396.1580317020416,0,34.95233154296875,273946.6195454079,3877.137633390901,18,2.1
1396.6604301929474,0,34.705413818359375,273055.12766938505,3982.750377892892,18,2.1
1397.160408258438,0,34.928619384765625,274461.22906672687,3932.7062569187124,18,2.1
1397.6595294475555,0,34.941650390625,274575.5045012349,3933.2715674149845,18,2.1
1398.1605689525604,0,34.9522705078125,274578.9683365414,3931.389806830604,18,2.1
1398.6632177829742,0,34.817962646484375,273618.9034405848,3932.9412059618817,18,2.1
1399.163635969162,0,34.71723937988281,273160.23869049735,3937.4386455165613,18,2.1
1399.6637213230133,0,34.71012878417969,273275.260470074,3940.2043377705722,18,2.1
1400.1635851860046,0,34.78192138671875,273066.5690118015,3928.736382348864,18,2.1
1400.6638767719269,0,35.09332275390625,274168.81948004203,3910.2025465720762,18,2.1
1401.1632616519928,0,34.968719482421875,274337.22203426826,3926.223265596432,18,2.1
1401.665694952011,0,34.690643310546875,273389.1102603174,3943.974136634226,18,2.1
1402.1664655208588,0,34.816619873046875,273154.9900839308,3926.630456905294,18,2.1
1402.6677401065826,0,34.76301574707031,273071.17580755334,3931.1318958717493,18,2.1
1403.1674869060516,0,34.68824768066406,273204.8051685661,3942.0555704871576,18,2.1
1403.6670405864716,0,34.742706298828125,273073.8325070608,3933.343557770265,18,2.1
1404.1678438186646,0,34.68939208984375,273066.2509620478,3939.590513608668,18,2.1
1404.6694481372833,0,34.57081604003906,273082.9898559694,3953.4502119275276,18,2.1
1405.1689231395721,0,34.80671691894531,273157.9896998142,3927.3166819590433,18,2.1
1405.6708631515503,0,35.16163635253906,274638.2633609507,3909.4596912886177,18,2.1
1406.1674802303314,0,33.334625244140625,254064.654969398,3814.5921566150237,18,1.9
1406.6699690818787,0,32.505584716796875,248936.71840712999,3833.002885058626,18,1.9
1407.1696774959564,0,32.13726806640625,246764.94638575238,3841.8324714122655,18,1.9
1407.6710286140442,0,32.20146179199219,246640.0040180487,3833.5216207699655,18,1.9
1408.1715233325958,0,32.29154968261719,246642.36603510307,3822.021588094841,18,1.9
1408.6718554496765,0,32.12727355957031,246693.091654137,3842.4984856278315,18,1.9
1409.172733783722,0,32.32569885253906,246582.52881403596,3816.7465632474346,18,1.9
1409.6701107025146,0,32.05377197265625,246998.03699803154,3856.301221130722,18,1.9
1410.170701265335,0,32.80424499511719,250777.42251796447,3825.876804013659,18,1.9
1410.6739106178284,0,32.82574462890625,250586.84100460442,3820.324608556442,18,1.9
1411.174415588379,0,32.70451354980469,250504.98863071026,3833.44640821752,18,1.9
1411.6752526760101,0,32.79463195800781,250200.78707085963,3818.155366412793,18,1.9
1412.176112651825,0,32.72584533691406,250450.24167326157,3829.969820783216,18,1.9
1412.6757175922394,0,32.82566833496094,250364.66280552023,3816.677812057382,18,1.9
1413.1760864257812,0,32.76544189453125,250413.49562390614,3824.578359216808,18,1.9
1413.676594734192,0,32.770751953125,250405.26947735605,3823.897607819473,18,1.9
1414.1774728298187,0,32.73213195800781,250390.63143371453,3828.256593880193,18,1.9
1414.6773931980133,0,32.578887939453125,248211.006189659,3812.43829534118,18,1.9
1415.175835609436,0,32.6058349609375,250279.69827205827,3841.7663632926133,18,1.9
1415.6764314174652,0,32.83750915527344,250697.8843751465,3821.057176008427,18,1.9
1416.176539182663,0,32.887847900390625,250446.6292776987,3811.2253614050323,18,1.9
1416.6784999370575,0,32.69508361816406,250491.4930688392,3834.552052662406,18,1.9
1417.1771874427795,0,32.6910400390625,250379.86479026356,3832.88509176453,18,1.9
1417.68026304245,0,32.58396911621094,250396.7459821665,3846.0016811657456,18,1.9
1418.1793932914734,0,32.256317138671875,249296.39563311328,3867.428493578372,18,1.9
1418.6784732341766,0,32.85002136230469,250639.61388762714,3819.1147158267217,18,1.9
1419.1808140277863,0,32.758636474609375,250503.28653822409,3827.173945325055,18,1.9
1419.6799111366272,0,32.60740661621094,248916.780468493,3820.32835257953,18,1.9
1420.1803929805756,0,33.03570556640625,250774.6046611093,3798.889651311669,18,1.9
1420.6807556152344,0,33.00419616699219,250552.86394144464,3799.7289606895724,18,1.9
1421.182512998581,0,32.977264404296875,251210.03893765438,3812.4447940447844,18,1.9
1421.6816456317902,0,30.4779052734375,233385.79410725783,3832.546854911385,19,1.6
1422.1816029548645,0,29.971649169921875,229127.617397647,3825.71540691429,19,1.6
1422.685332775116,0,30.126373291015625,228863.60340854127,3802.482260092121,19,1.6
1423.1872308254242,0,29.594924926757812,228670.63421123335,3866.8116335220902,19,1.6
1423.6873981952667,0,29.629379272460938,228589.03298289308,3860.72887143879,19,1.6
1424.188098192215,0,29.537933349609375,228589.05661473665,3872.8843567355684,19,1.6
1424.689088344574,0,29.652923583984375,228634.98947945298,3858.5402776877263,19,1.6
1425.1858530044556,0,29.668899536132812,228589.95278178755,3855.3165701578037,19,1.6
1425.685593366623,0,29.825180053710938,228660.69762827686,3837.428635598783,19,1.6
1426.1860480308533,0,29.74322509765625,228978.65471220296,3853.0455128428753,19,1.6
1426.6869649887085,0,29.752975463867188,228787.69723325188,3848.253770082533,19,1.6
1427.1925168037415,0,29.746383666992188,229203.70602123693,3856.6704875557784,19,1.6
1427.6930315494537,0,29.737518310546875,228514.72181829953,3845.5125544030975,19,1.6
1428.1926620006561,0,29.723831176757812,228574.6085259573,3848.191685647858,19,1.6
1428.6923236846924,0,29.905029296875,228864.20002609666,3830.1918671575872,19,1.6
1429.192456483841,0,29.775253295898438,228422.27768588375,3838.926200360673,19,1.6
1429.6932532787323,0,29.652969360351562,228556.95094144382,3857.2528305692736,19,1.6
1430.1907622814178,0,29.70001220703125,228552.08598726374,3851.378888420793,19,1.6
1430.6933598518372,0,29.782333374023438,228923.5576459486,3847.079359467982,19,1.6
1431.191192150116,0,29.76385498046875,227845.2496675249,3831.1905522597103,19,1.6
1431.6912581920624,0,29.881576538085938,228885.08654027636,3833.4322773766685,19,1.6
1432.1920139789581,0,29.733184814453125,228875.87738289853,3852.6649840859614,19,1.6
1432.692578792572,0,29.656692504882812,227409.4630258715,3837.9532707924186,19,1.6
1433.1925137043,0,29.80950927734375,228876.25111853547,3842.2974002813276,19,1.6
1433.6964514255524,0,29.696060180664062,228764.9879028571,3855.898705194483,19,1.6
1434.1947920322418,0,29.818313598632812,228842.2351015341,3841.3976572186803,19,1.6
1434.6945021152496,0,29.656784057617188,229035.16641341097,3864.545790849599,19,1.6
1435.1947004795074,0,29.8310546875,228771.99583164038,3838.0808590041574,19,1.6
1435.6980316638947,0,32.800140380859375,246687.95995624614,3764.374132741593,17,2.0
1436.1969103813171,0,33.33677673339844,249734.29782634266,3749.4926699008906,17,2.0
1436.6996879577637,0,33.338714599609375,250010.651004389,3753.4440515431925,17,2.0
1437.1997573375702,0,33.20594787597656,247499.74489552755,3730.355792361403,17,2.0
1437.700986623764,0,33.2825927734375,247629.28492857073,3723.5079864001964,17,2.0
1438.2011976242065,0,32.95820617675781,246108.07225553447,3736.9752267298904,17,2.0
1438.6975371837616,0,33.15374755859375,249025.04852245396,3758.8510855297677,17,2.0
1439.1982233524323,0,33.533416748046875,249779.70511708173,3728.2213422907967,17,2.0
1439.7029631137848,0,33.29484558105469,247899.1139081178,3726.16234840246,17,2.0
1440.2001712322235,0,33.06840515136719,246455.87414947714,3730.1768692918095,17,2.0
1440.701942205429,0,33.23396301269531,248091.5907722962,3682.166943293935,17,2.0
1441.203598022461,0,32.94462585449219,246948.0867829644,3805.506869427839,17,2.0
1441.7026648521423,0,32.98759460449219,246864.88046067316,3744.9532614050304,17,2.0
1442.2031428813934,0,32.96734619140625,246721.952160547,3745.615412386117,17,2.0
1442.7067413330078,0,32.9437255859375,245937.31663711654,3736.2501602593793,17,2.0
1443.2051026821136,0,32.83241271972656,245981.63017561345,3749.495995036494,17,2.0
1443.702238559723,0,33.16558837890625,247048.6309594909,3727.4176651913467,17,2.0
1444.203797340393,0,33.383453369140625,249265.12269263135,3737.060951139446,17,2.0
1444.7050869464874,0,33.388824462890625,248928.0143260138,3731.458115228707,17,2.0
1445.204494714737,0,32.97613525390625,246038.32723053772,3733.9730399551345,17,2.0
1445.7094557285309,0,33.36125183105469,248867.89184946296,3733.8526932627383,17,2.0
1446.2051556110382,0,33.126861572265625,247315.59649304042,3736.061737391306,17,2.0
1446.7072551250458,0,33.25090026855469,248515.34492997342,3740.2897063095334,17,2.0
1447.2077345848083,0,33.346893310546875,248253.90466091054,3726.014259946134,17,2.0
1447.7094552516937,0,32.9901123046875,245980.507453204,3731.0270078259423,17,2.0
1448.2101418972015,0,33.17073059082031,247141.76021920488,3729.2214490516253,17,2.0
1448.7105543613434,0,33.022369384765625,246033.11287966376,3678.900159600472,17,2.0
1449.2089262008667,0,33.06471252441406,246204.55702495005,3776.442934678524,17,2.0
1449.7097907066345,0,33.498504638671875,248538.00973980085,3712.9120043291346,17,2.0
1450.2111203670502,0,33.261199951171875,248206.80638876747,3674.6118654595866,17,2.0
1450.710061788559,0,33.2432861328125,249063.05041119616,3810.363376651036,17,2.0
1451.2139313220978,0,32.8648681640625,246464.65079475005,3753.339261372289,17,2.0
1451.7142536640167,0,33.14854431152344,247770.95509506,3740.526245579245,17,2.0
1452.214206457138,0,33.3648681640625,247660.13965631835,3715.1652867465473,17,2.0
1452.713095664978,0,33.08497619628906,247886.3260447957,3641.471563564651,17,2.0
1453.214833498001,0,33.25154113769531,249191.35848026557,3776.787351899092,17,2.0
1453.7121605873108,0,33.30018615722656,249067.3498802808,3769.4984468655734,17,2.0
1454.2138347625732,0,33.13276672363281,248170.66711048986,3805.055009489318,17,2.0
1454.7168953418732,0,28.042022705078125,208446.32776569296,3719.9171078735985,19,1.4
1455.2217237949371,0,26.640289306640625,201177.83656882157,3779.4634600646773,19,1.4
1455.7146770954132,0,26.815887451171875,201433.26787880596,3758.853783360248,19,1.4
1456.2157258987427,0,27.029464721679688,201594.14617487506,3733.1112931388284,19,1.4
1456.7150387763977,0,26.89398193359375,201528.63918797104,3749.9839275947447,19,1.4
1457.2161922454834,0,26.9730224609375,201530.67035276152,3739.1805143847614,19,1.4
1457.7159461975098,0,27.138717651367188,201718.29897767992,3720.035754707593,19,1.4
1458.2165892124176,0,27.062713623046875,201523.019747323,3726.714231425443,19,1.4
1458.7167081832886,0,27.05035400390625,201568.92735680743,3729.563021076596,19,1.4
1459.2178809642792,0,27.043533325195312,201687.65432255613,3732.426483855952,19,1.4
1459.7192797660828,0,27.108901977539062,201486.3369436169,3720.0326329541276,19,1.4
1460.2193624973297,0,27.169769287109375,201471.6308935791,3711.1099080196655,19,1.4
1460.7199566364288,0,26.985748291015625,201283.3574631912,3733.4892074696727,19,1.4
1461.220382452011,0,27.100173950195312,201457.27737299743,3720.345123440559,19,1.4
1461.7205293178558,0,27.058090209960938,201511.9613450786,3727.2401421321742,19,1.4
1462.220253944397,0,27.070098876953125,201552.63191003894,3726.4732743877626,19,1.4
1462.7212319374084,0,27.112350463867188,201505.44929266706,3719.375055083899,19,1.4
1463.2210445404053,0,26.878158569335938,201489.48627767817,3751.9683403851404,19,1.4
1463.7229166030884,0,27.170074462890625,201805.98335720767,3717.509134469044,19,1.4
1464.2232978343964,0,26.99078369140625,201097.8229966795,3729.0506696938382,19,1.4
1464.7238156795502,0,26.883651733398438,201588.42286754024,3752.763984613874,19,1.4
1465.2241480350494,0,26.844314575195312,201617.55434258882,3759.082755394428,19,1.4
1465.725261926651,0,26.739532470703125,201530.65070019106,3772.0554804205885,19,1.4
1466.2290499210358,0,26.938369750976562,201271.27626794192,3739.2017754284643,19,1.4
1466.7293322086334,0,26.866439819335938,201247.00957203342,3748.69170151512,19,1.4
1467.224835395813,0,27.043991088867188,201402.7322766585,3726.6319038793017,19,1.4
1467.7272214889526,0,26.88250732421875,201468.42822311545,3750.80340475385,19,1.4
1468.2261126041412,0,26.898391723632812,201514.06966746776,3750.001153837645,19,1.4
1468.7263958454132,0,26.909393310546875,201763.02187722895,3752.3699934336396,19,1.4
1469.2279088497162,0,26.939743041992188,201437.63176703503,3742.1292342269116,19,1.4
1469.7292063236237,0,27.055587768554688,201523.67095698952,3727.843610820505,19,1.4
1470.2318661212921,0,27.062713623046875,200950.0145138887,3716.4787464013507,19,1.4
1470.729028224945,0,27.146469116210938,201461.9927327933,3714.36887679019,19,1.4
1471.2286913394928,0,27.158355712890625,201479.0181329881,3712.5222552462287,19,1.4
1471.7294073104858,0,27.2171630859375,201253.71795279958,3700.6061095338687,19,1.4
1472.2310192584991,0,27.063766479492188,201535.41158935262,3727.0865485938325,19,1.4
1472.7316529750824,0,27.07080078125,201461.05805024804,3724.640464638084,19,1.4
1473.233452796936,0,26.84844970703125,201157.06203087157,3749.9371881287157,19,1.4
1473.7321858406067,0,27.011276245117188,201448.958389121,3732.1820370565993,19,1.4
1474.231692790985,0,27.056259155273438,201751.9238354495,3732.2232693176416,19,1.4
1474.7324464321136,0,26.91845703125,201581.50643220005,3748.0602949445847,19,1.4
1475.2333371639252,0,26.975509643554688,201432.07675803147,3737.3529298301287,19,1.4
1475.7336864471436,0,27.090805053710938,201729.7893077087,3726.4673308839638,19,1.4
1476.2346584796906,0,27.008102416992188,201477.62330008042,3733.9535537510387,19,1.4
1476.7395796775818,0,26.76446533203125,201566.77123661703,3768.6910143235373,19,1.4
1477.2413914203644,0,26.807373046875,201226.82981870105,3756.5784541405974,19,1.4
1477.740642786026,0,26.858123779296875,201148.80495390017,3748.1396998251307,19,1.4
1478.2411139011383,0,26.8970947265625,201174.08870722607,3742.6346980362255,19,1.4
1478.741439819336,0,26.765838623046875,200420.09940807935,3747.089766641621,19,1.4
1479.2421226501465,0,26.8428955078125,200814.5502662713,3743.7838988253593,19,1.4
1479.7426705360413,0,26.852081298828125,201185.98591157145,3749.504512501009,19,1.4
1480.2405297756195,0,26.8297119140625,201148.44800139693,3752.3697728275756,19,1.4
1480.739327430725,0,26.815673828125,201263.51991810495,3755.7512313701213,19,1.4
1481.2439868450165,0,26.87664794921875,201264.41133763795,3747.677172775107,19,1.4
1481.7434599399567,0,26.961441040039062,201076.93780418384,3732.330176660847,19,1.4
1482.243992805481,0,26.883773803710938,201208.6353407592,3745.6794844070596,19,1.4
1482.744990348816,0,26.858444213867188,201259.02238868736,3749.733201151009,19,1.4
1483.24600315094,0,26.9766845703125,201159.8382160514,3732.2970410827493,19,1.4
1483.7471010684967,0,26.984054565429688,201201.5413875996,3731.611191188553,19,1.4
1484.2460501194,0,26.86236572265625,201202.2945750436,3748.2551253882525,19,1.4
1484.7465240955353,0,26.88812255859375,201175.39620684012,3743.9951331903253,19,1.4
1485.2430984973907,0,26.9808349609375,201424.8786986354,3736.9859066991817,19,1.4
1485.7431678771973,0,27.012954711914062,201496.6172594467,3733.0236945729052,19,1.4
1486.2436900138855,0,27.158065795898438,201497.69663295103,3713.9242815750486,19,1.4
1486.7442150115967,0,26.980941772460938,201513.16009352787,3738.3424511501094,19,1.4
1487.244432926178,0,27.228759765625,201366.21630331082,3700.8663217638464,19,1.4
1487.7450172901154,0,27.072174072265625,201532.39087680914,3725.633550181997,19,1.4
1488.2448494434357,0,27.190719604492188,201505.30936224214,3709.317056225943,19,1.4
1488.7452211380005,0,27.260574340820312,201733.33016554423,3703.480298609218,19,1.4
1489.2456138134003,0,27.150985717773438,201490.10228194625,3714.2297907064703,19,1.4
1489.7475559711456,0,27.187957763671875,201523.2763559586,3709.6202986883977,19,1.4
1490.248051404953,0,27.160659790039062,201503.01351593804,3713.680035011216,19,1.4
1490.7480969429016,0,27.2122802734375,201503.11329528203,3705.643150325449,19,1.4
1491.2480781078339,0,27.113754272460938,201462.21615932338,3718.8505504165337,19,1.4
1491.7483429908752,0,27.014801025390625,201514.53350742813,3733.54591452304,19,1.4
1492.249686717987,0,27.012069702148438,201418.4430025631,3731.36901804986,19,1.4
1492.7545881271362,0,27.007247924804688,201248.8753962703,3729.5173606893313,19,1.4
1493.2546350955963,0,26.911605834960938,201198.32659314218,3741.5455851093084,19,1.4
1493.7552120685577,0,26.975494384765625,201229.32370053907,3733.3514101181877,19,1.4
1494.2554457187653,0,26.911636352539062,201217.9011846772,3742.024404640068,19,1.4
1494.7558145523071,0,26.984237670898438,201208.7528059538,3731.548811126649,19,1.4
1495.25767827034,0,26.909515380859375,201186.5906305881,3741.613276009304,19,1.4
1495.7532079219818,0,26.880630493164062,201196.19788209404,3745.224652584028,19,1.4
1496.2524554729462,0,27.162002563476562,201496.74242926575,3712.7969399282847,19,1.4
1496.7531652450562,0,27.032821655273438,201456.155896409,3730.1692470689304,19,1.4
1497.25536775589,0,27.16143798828125,201448.9120431555,3711.6959729266337,19,1.4
1497.7565865516663,0,27.01348876953125,201557.3513093424,3734.1344859451997,19,1.4
1498.2564992904663,0,27.040679931640625,200691.39422772243,3714.995342349185,19,1.4
1498.7559082508087,0,26.967864990234375,201514.0115201095,3739.6360459576567,19,1.4
1499.2562611103058,0,27.080673217773438,201392.38017752467,3722.2117481866553,19,1.4
1499.7556192874908,0,27.150772094726562,201449.38584451593,3713.0804106886044,19,1.4
1500.2561576366425,0,27.009674072265625,201479.60502729125,3734.0324703718306,19,1.4
1500.7571878433228,0,26.806182861328125,201455.9166793649,3760.960690357873,19,1.4
1501.2570312023163,0,26.833984375,201535.3588723889,3759.1137637382635,19,1.4
1501.7589378356934,0,26.969772338867188,201479.30407259034,3738.5558444144835,19,1.4
1502.2594466209412,0,26.953125,201476.87509403488,3741.792463768116,19,1.4
1502.7583677768707,0,29.288864135742188,225966.46175086623,3861.02374868128,19,1.6
1503.2599701881409,0,29.82537841796875,228622.82333675178,3836.7996005394357,19,1.6
1503.762489080429,0,29.677444458007812,228511.52259981795,3853.0271756315487,19,1.6
1504.2637522220612,0,29.706893920898438,228509.52366755443,3849.5778220539523,19,1.6
1504.7641336917877,0,29.761489868164062,228614.07775455294,3844.4983939595445,19,1.6
1505.2645115852356,0,29.63262939453125,228531.65982778295,3859.697986203942,19,1.6
1505.7620730400085,0,29.664413452148438,228550.2327173459,3855.0568405632052,19,1.6
1506.2630627155304,0,29.8160400390625,228655.66359046331,3838.6720654403425,19,1.6
1506.7630865573883,0,29.92047119140625,228795.3172030141,3827.3795645601845,19,1.6
1507.2674398422241,0,29.754562377929688,228913.78046101856,3849.930593668189,19,1.6
1507.7673630714417,0,29.758026123046875,228460.6743369599,3842.3583448448435,19,1.6
1508.268793106079,0,29.610321044921875,228532.645683196,3862.1330659166356,19,1.6
1508.769151687622,0,29.699447631835938,228544.16465984934,3851.4857723274404,19,1.6
1509.2686264514923,0,29.657745361328125,228525.45593916997,3855.215513081059,19,1.6
1509.7707805633545,0,29.57830810546875,228404.68547989256,3865.231222568204,19,1.6
1510.2698957920074,0,29.74798583984375,228493.7820332188,3843.4198743924285,19,1.6
1510.7670304775238,0,29.629928588867188,228525.46607536648,3859.7798053070637,19,1.6
1511.267725944519,0,29.633697509765625,228929.8939278799,3866.64539456272,19,1.6
1511.7710649967194,0,29.704925537109375,228838.57274532074,3855.7241914953293,19,1.6
1512.2728259563446,0,29.5654296875,228512.96669495993,3868.098695293146,19,1.6
1512.7677729129791,0,29.624984741210938,228234.63320132814,3855.563167298737,19,1.6
1513.2681481838226,0,29.636672973632812,228561.85629172222,3859.677505021189,19,1.6
1513.7684831619263,0,29.717330932617188,228797.90829230275,3853.2060722290257,19,1.6
1514.270887851715,0,29.704788208007812,228722.6389758249,3854.092451301745,19,1.6
1514.7711896896362,0,29.9888916015625,228896.50057710454,3820.2145488441765,19,1.6
1515.2710077762604,0,29.8466796875,228765.73150064828,3836.172103523869,19,1.6
1515.7714240550995,0,29.700912475585938,228891.3058641897,3856.8512026073745,19,1.6
1516.2724585533142,0,30.015823364257812,229214.62057096654,3822.2839536235006,19,1.6
1516.7720487117767,0,29.9034423828125,229064.12568306935,3834.307720568725,19,1.6
1517.2721083164215,0,29.947860717773438,228715.61510067742,3822.1427927260056,19,1.6
1517.77237534523,0,29.788436889648438,228774.33746733965,3843.303373859949,19,1.6
1518.275309085846,0,29.851791381835938,228782.00485023082,3836.185190202043,19,1.6
1518.7751920223236,0,29.68426513671875,228829.94649712456,3858.104604325718,19,1.6
1519.2805104255676,0,29.707290649414062,228839.65807569097,3855.6528547735193,19,1.6
1519.7796258926392,0,29.78363037109375,228419.9550282586,3838.047899994877,19,1.6
1520.279845237732,0,29.67022705078125,228439.35789563277,3852.7511031294935,19,1.6
1520.776582956314,0,29.505462646484375,228588.03913427357,3877.04478220172,19,1.6
1521.2759802341461,0,29.790359497070312,228695.48582523968,3842.5853844179883,19,1.6
1521.7771444320679,0,25.127578735351562,179528.06620681836,3575.553416676737,19,1.2
1522.278107881546,0,24.668289184570312,174151.470655694,3533.2000264743197,19,1.2
1522.7858953475952,0,24.290878295898438,173970.94514304455,3584.431939404257,19,1.2
1523.2860174179077,0,24.39117431640625,173924.68451588147,3568.298880200188,19,1.2
1523.7871766090393,0,24.314102172851562,173886.88662350422,3579.1985811908635,19,1.2
1524.2872529029846,0,24.223922729492188,173944.09273015926,3594.050434036581,19,1.2
1524.7838504314423,0,24.346923828125,173903.17982273176,3574.291381298571,19,1.2
1525.2820363044739,0,24.3826904296875,174237.71906013694,3576.2255298058003,19,1.2
1525.7850217819214,0,24.461929321289062,173986.26750655755,3559.245015241991,19,1.2
1526.281020641327,0,24.487319946289062,174154.18948207286,3558.9031462467933,19,1.2
1526.7833330631256,0,24.48919677734375,174185.89233515126,3560.672111576623,19,1.2
1527.289035320282,0,24.48101806640625,174198.0899405607,3561.0038668950406,19,1.2
1527.7868373394012,0,24.455078125,174042.37963143442,3561.4688922610017,19,1.2
1528.2830076217651,0,24.574905395507812,174236.2410662668,3548.090973157467,19,1.2
1528.7836627960205,0,24.544509887695312,174217.25939755025,3552.973776987832,19,1.2
1529.2843928337097,0,24.517440795898438,174228.42249550318,3556.7333771063154,19,1.2
1529.7849054336548,0,24.395492553710938,174291.44399730643,3575.6605367958005,19,1.2
1530.2849531173706,0,24.408737182617188,174197.11585528144,3572.163498163037,19,1.2
1530.7861869335175,0,24.428741455078125,174183.31525244238,3568.665220036453,19,1.2
1531.2913546562195,0,24.494979858398438,174113.2881773842,3556.8920857931494,19,1.2
1531.7867686748505,0,24.278854370117188,174181.79301044837,3590.9849233787872,19,1.2
1532.2942130565643,0,24.4254150390625,174207.39335034194,3569.0284017931663,19,1.2
1532.789799451828,0,32.1990966796875,254227.20636995672,3951.3530850156385,19,1.9
1533.2897074222565,0,33.90150451660156,269455.1542939764,3977.758566259589,19,1.9
1533.7881684303284,0,30.41571044921875,232700.90812862842,3829.5669665342916,19,1.6
1534.2886316776276,0,29.694076538085938,228787.93956905665,3855.9205521392,19,1.6
1534.7907767295837,0,29.70855712890625,228713.40095525715,3853.300566004787,19,1.6
1535.2911386489868,0,29.604766845703125,229105.33061422323,3873.1938203608124,19,1.6
1535.790565252304,0,29.562835693359375,228569.003349555,3869.216105872212,19,1.6
1536.290479183197,0,29.640670776367188,228834.46613484935,3864.0488558483753,19,1.6
1536.7906739711761,0,29.736038208007812,228727.3951223993,3849.537695615875,19,1.6
1537.2927694320679,0,29.745925903320312,228792.93294683966,3849.5691938511227,19,1.6
1537.7929482460022,0,29.569503784179688,228723.64608650128,3871.7592569562307,19,1.6
1538.2924818992615,0,29.644805908203125,229126.02869489187,3868.468572710961,19,1.6
1538.7931635379791,0,29.5714111328125,227397.02807242732,3847.9394672423828,19,1.6
1539.2969496250153,0,29.551849365234375,228784.75207693494,3874.952074394205,19,1.6
1539.7952709197998,0,29.455230712890625,227380.96251007827,3863.320613890129,19,1.6
1540.299212694168,0,29.470001220703125,228577.06121390813,3881.9136498586995,19,1.6
1540.7978410720825,0,29.449554443359375,228585.30010555516,3883.9297287158693,19,1.6
1541.2995870113373,0,28.431488037109375,216657.45026366174,3813.9755421336286,19,1.5
1541.7965183258057,0,28.378631591796875,215008.19629522008,3791.4090273155175,19,1.5
1542.2962753772736,0,28.4736328125,215080.80851120048,3780.7258634290224,19,1.5
1542.7969727516174,0,28.348968505859375,215114.31626071496,3798.127610101417,19,1.5
1543.29833984375,0,28.314651489257812,215372.13242760865,3807.1455705854996,19,1.5
1543.7981724739075,0,28.350250244140625,215097.94241883606,3796.862428833313,19,1.5
1544.3029644489288,0,28.329833984375,214942.3117985388,3797.2336886736357,19,1.5
1544.800632238388,0,28.36376953125,214868.6024840427,3790.5751519220507,19,1.5
1545.2987349033356,0,28.529754638671875,215012.4056445059,3771.9917806138437,19,1.5
1545.7992913722992,0,28.464630126953125,215161.09909344948,3782.9052940350307,19,1.5
1546.304688692093,0,28.394073486328125,215207.3667568831,3793.467677396264,19,1.5
1546.8053669929504,0,28.291595458984375,214908.96219001064,3801.8004377283432,19,1.5
1547.3052237033844,0,28.468582153320312,214849.03696585709,3776.3735271748074,19,1.5
1547.8058302402496,0,28.238052368164062,214854.7728746783,3807.6634534901755,19,1.5
1548.306658744812,0,28.358016967773438,214900.91077941013,3792.754624634982,19,1.5
1548.8069994449615,0,28.299224853515625,214855.7295212666,3799.538699613613,19,1.5
1549.3088586330414,0,28.239974975585938,214870.66023568754,3807.722920893591,19,1.5
1549.808445930481,0,28.242111206054688,214921.4577845405,3808.2138837036537,19,1.5
1550.3090612888336,0,28.245742797851562,214857.7733838144,3807.4056246161094,19,1.5
1550.808935880661,0,28.351882934570312,214922.3713681328,3793.434116816975,19,1.5
1551.3087465763092,0,28.383331298828125,214888.50723704783,3788.667329702763,19,1.5
1551.809663772583,0,28.364639282226562,214816.3138042113,3790.2473897267478,19,1.5
1552.3099780082703,0,28.347061157226562,214862.42576341832,3793.1974465927387,19,1.5
1552.8102684020996,0,28.384368896484375,214876.7896824804,3788.21175810317,19,1.5
1553.310814857483,0,28.387924194335938,214870.69822114953,3788.3361694145065,19,1.5
1553.810868024826,0,28.543075561523438,214811.26259285834,3765.8870981968876,19,1.5
1554.3113865852356,0,28.420883178710938,214854.45455660037,3783.6262625557624,19,1.5
1554.8119094371796,0,28.379547119140625,214915.38603607324,3789.630593768852,19,1.5
1555.3122763633728,0,28.326904296875,214919.98269107143,3797.202789006007,19,1.5
1555.8107511997223,0,28.343536376953125,214812.13238690904,3792.50487908084,19,1.5
1556.3104929924011,0,28.601577758789062,215036.76851169887,3762.694523623944,19,1.5
1556.8095533847809,0,28.301589965820312,215412.41697972215,3809.220617293868,19,1.5
1557.3123474121094,0,28.253753662109375,214917.29338531257,3806.821609839504,19,1.5
1557.812204837799,0,28.446609497070312,215170.21022406235,3785.6532607547056,19,1.5
1558.313544511795,0,28.368621826171875,215151.9759379239,3796.166083071657,19,1.5
1558.812869310379,0,28.377883911132812,214918.70596854336,3790.0641336335134,19,1.5
1559.3116543293,0,28.544830322265625,215350.25557963556,3776.5157046988475,19,1.5
1559.8120732307434,0,28.508453369140625,214374.9453141532,3763.164511622679,19,1.5
1560.3125791549683,0,28.521102905273438,215103.78984217532,3774.7838979990465,19,1.5
1560.8131008148193,0,28.49920654296875,215099.15270085668,3777.1577899090016,19,1.5
1561.313635110855,0,28.507492065429688,215129.60886462848,3776.972023806019,19,1.5
1561.8143336772919,0,28.451904296875,215089.78964697747,3783.75376483409,19,1.5
1562.3165547847748,0,28.591094970703125,215094.451636816,3765.228303089106,19,1.5
1562.8178761005402,0,28.436767578125,214932.83019719564,3782.7787460185273,19,1.5
1563.3155925273895,0,28.515960693359375,215013.11597163952,3773.5007828460925,19,1.5
1563.8159883022308,0,28.521652221679688,215162.25188035987,3775.622785209676,19,1.5
1564.3171620368958,0,28.54107666015625,215038.41298825765,3770.600572690899,19,1.5
1564.8168909549713,0,28.587371826171875,215398.0321818225,3771.175631517874,19,1.5
1565.3192234039307,0,28.495086669921875,215115.86574247913,3778.4408676197645,19,1.5
1565.8187019824982,0,28.439544677734375,215218.1235697578,3787.543057408089,19,1.5
1566.3241868019104,0,28.359512329101562,214949.40916163355,3793.4714374338537,19,1.5
1566.8249280452728,0,28.267227172851562,214918.08510102713,3804.688706902648,19,1.5
1567.324474811554,0,28.348541259765625,214944.44128535638,3794.727884382485,19,1.5
1567.8248269557953,0,28.348953247070312,214931.01099737774,3794.002517927721,19,1.5
1568.3253648281097,0,28.363571166992188,214916.1621057565,3791.8708954802337,19,1.5
1568.826143503189,0,28.357772827148438,214891.38782504614,3792.64622280335,19,1.5
1569.3266670703888,0,28.334732055664062,214827.986316646,3794.2126923522237,19,1.5
1569.8267283439636,0,28.37542724609375,214882.71690788574,3789.4407392509834,19,1.5
1570.3277580738068,0,28.312164306640625,214926.83548891987,3799.6035497282082,19,1.5
1570.823875427246,0,28.338943481445312,214869.70411432817,3794.213431788678,19,1.5
1571.3237357139587,0,28.542938232421875,215149.75815082705,3772.3516452028502,19,1.5
1571.8238940238953,0,28.490982055664062,215107.49773843223,3778.809722657369,19,1.5
1572.3243141174316,0,28.478622436523438,215198.36297757408,3781.8191606724263,19,1.5
1572.8243715763092,0,28.548065185546875,215088.94103807246,3770.868508962941,19,1.5
1573.3249156475067,0,28.517059326171875,215110.1339052467,3775.5295442117103,19,1.5
1573.826809644699,0,28.571701049804688,215161.3073339868,3769.429051923257,19,1.5
1574.3285994529724,0,28.42413330078125,215180.14226046225,3788.435652918933,19,1.5
1574.8270893096924,0,28.472091674804688,215082.73048985476,3780.6846518148695,19,1.5
1575.3278460502625,0,29.304153442382812,227304.20348211538,3882.5554276359467,19,1.6
1575.8275928497314,0,29.564529418945312,228514.36815209617,3868.115009695279,19,1.6
1576.328375339508,0,29.603988647460938,228670.92124325674,3866.066879126985,19,1.6
1576.8301782608032,0,29.559524536132812,228662.1754609519,3871.713154929272,19,1.6
1577.3326017856598,0,29.755783081054688,228790.9546661127,3847.4873838185713,19,1.6
1577.8333594799042,0,29.43365478515625,228498.92329399957,3885.654052641729,19,1.6
1578.333814382553,0,29.475906372070312,228612.3306268348,3881.271658143232,19,1.6
1578.8342289924622,0,29.633514404296875,228498.44591108564,3858.941549754848,19,1.6
1579.3320360183716,0,29.672882080078125,228528.98911070972,3854.731727485059,19,1.6
1579.8327498435974,0,29.884201049804688,228651.34661419498,3828.9797277597904,19,1.6
1580.3331234455109,0,29.869064331054688,228696.6256432386,3832.2258351089836,19,1.6
1580.8327219486237,0,29.852798461914062,228700.37785551127,3834.012417496536,19,1.6
1581.3330023288727,0,29.803375244140625,228706.76887466467,3840.940801579362,19,1.6
1581.834848165512,0,29.748077392578125,228771.43664524125,3848.7529291074443,19,1.6
1582.3359987735748,0,29.81842041015625,229026.5364101037,3843.798511907808,19,1.6
1582.8356897830963,0,29.63824462890625,228554.71503672103,3859.8439763340903,19,1.6
1583.3356833457947,0,29.70703125,228791.3723933511,3854.4410256410256,19,1.6
1583.8354861736298,0,29.771331787109375,228721.83890915554,3845.477952369286,19,1.6
1584.3362348079681,0,29.832244873046875,228715.698009908,3836.4863417772926,19,1.6
1584.8363919258118,0,28.639129638671875,216433.15719425122,3782.8314396018104,19,1.5
1585.3376982212067,0,28.484161376953125,215094.0145735191,3779.3283985219136,19,1.5
1585.8417172431946,0,28.442520141601562,214999.33985270845,3782.47073270569,19,1.5
1586.34174990654,0,28.337646484375,214949.51961562363,3795.9750842156955,19,1.5
1586.8382844924927,0,28.399520874023438,215144.54960752948,3792.141440615176,19,1.5
1587.3398115634918,0,28.511367797851562,215185.15625964128,3777.2302179103153,19,1.5
1587.841814994812,0,28.405624389648438,215065.46093582409,3789.5664085183053,19,1.5
1588.3405315876007,0,28.491424560546875,215173.38738405815,3779.944374881508,19,1.5
1588.8404188156128,0,28.474212646484375,215118.12346590462,3780.7191136957244,19,1.5
1589.3404285907745,0,28.470672607421875,215085.60925506134,3781.8565611242893,19,1.5
1589.8411123752594,0,28.489410400390625,215130.76371425873,3778.7022787429796,19,1.5
1590.3445887565613,0,28.40557861328125,215158.1906862226,3791.227120071681,19,1.5
1590.8433096408844,0,28.293289184570312,214944.01630945443,3801.7849143768112,19,1.5
1591.3434138298035,0,28.4241943359375,215085.71190390148,3787.266535252157,19,1.5
1591.8433396816254,0,28.432113647460938,215097.94676814822,3786.246824094751,19,1.5
1592.3442962169647,0,28.41070556640625,215156.1397861484,3789.944594945873,19,1.5
1592.8442077636719,0,28.422744750976562,215104.6180513462,3788.1985340736874,19,1.5
1593.3444056510925,0,28.45428466796875,215186.42893839415,3785.1592917126954,19,1.5
1593.8468027114868,0,28.3851318359375,215023.66158982238,3790.8578555117383,19,1.5
1594.3465604782104,0,28.399139404296875,215261.54192302632,3794.129056731103,19,1.5
1594.8463361263275,0,28.449569702148438,215137.76287192904,3784.3806119805563,19,1.5
1595.34717130661,0,28.352462768554688,215120.81014583222,3797.8711365922413,19,1.5
1595.846934556961,0,28.399993896484375,215632.0305435817,3800.071239218105,19,1.5
1596.3518850803375,0,28.351821899414062,215143.31592102622,3797.7453576704797,19,1.5
1596.8525738716125,0,28.244186401367188,214902.87344107847,3807.332187653126,19,1.5
1597.352875471115,0,28.31024169921875,214856.7077863235,3798.6959328209387,19,1.5
1597.8499624729156,0,28.328765869140625,215076.7813154701,3799.0006517451147,19,1.5
1598.350516319275,0,28.451141357421875,215165.85080302556,3785.296296097661,19,1.5
1598.8509757518768,0,28.461944580078125,215082.97241283537,3782.1027898194484,19,1.5
1599.3549301624298,0,28.323699951171875,214899.0740823131,3797.279316805856,19,1.5
1599.8536813259125,0,32.95252990722656,261853.68335025027,3976.7204633129545,19,1.9
1600.3537693023682,0,33.789520263671875,269422.07011772774,3990.5272092592677,19,1.9
1600.8517954349518,0,33.876800537109375,269511.9993708512,3981.456272774362,19,1.9
1601.352965593338,0,34.05024719238281,269981.62448347936,3968.37060349529,19,1.9
1601.8518872261047,0,34.02861022949219,269470.73244456324,3962.9593771397595,19,1.9
1602.352552652359,0,34.24810791015625,269730.82128617517,3941.8235995444834,19,1.9
1602.854079246521,0,33.93989562988281,269388.9644023081,3971.962715209607,19,1.9
1603.3534481525421,0,36.409515380859375,293880.7479779993,4039.823064421361,19,2.1
1603.8546550273895,0,36.80186462402344,296532.6228082925,4032.8119652697706,19,2.1
1604.3549902439117,0,36.75682067871094,296731.9015650918,4040.311356036689,19,2.1
1604.8553154468536,0,36.85328674316406,296589.13465750864,4028.4059610378695,19,2.1
1605.3553178310394,0,36.645355224609375,296743.5170882302,4052.5463347199147,19,2.1
1605.855647802353,0,36.72148132324219,296728.90326560015,4044.4719180213906,19,2.1
1606.3561563491821,0,36.68605041503906,296673.453158101,4046.769775444139,19,2.1
1606.860056400299,0,36.67808532714844,296711.1011843933,4049.366227142343,19,2.1
1607.3591911792755,0,36.547882080078125,296849.384642044,4064.5857309738385,19,2.1
1607.8598980903625,0,36.541717529296875,296921.78945644276,4066.283963824924,19,2.1
1608.3598947525024,0,36.63130187988281,296772.8673208915,4054.9473367632104,19,2.1
1608.8603329658508,0,30.707931518554688,235941.35120770402,3845.456016099579,19,1.6
1609.3597810268402,0,29.693817138671875,228737.81184402065,3855.3143728667933,19,1.6
1609.8639755249023,0,29.6630859375,229028.3348222042,3864.3990123456792,19,1.6
1610.3645462989807,0,29.625579833984375,228561.93655555544,3861.3590228797525,19,1.6
1610.8621671199799,0,29.647247314453125,228639.96134801823,3859.380224626112,19,1.6
1611.3653240203857,0,29.875106811523438,228802.51252579057,3832.9235347145786,19,1.6
1611.8658964633942,0,29.760009765625,228439.6650086703,3840.9597611097893,19,1.6
1612.3669266700745,0,29.557830810546875,228533.79163381158,3869.871261296514,19,1.6
1612.8672115802765,0,29.623794555664062,228590.2211440918,3861.152891304068,19,1.6
1613.3676817417145,0,29.794540405273438,228631.3826574469,3840.4687047881944,19,1.6
1613.8678345680237,0,29.640121459960938,228524.21364808534,3858.283784514246,19,1.6
1614.368757724762,0,29.65374755859375,228579.1836295209,3857.994669103648,19,1.6
1614.8685665130615,0,29.642959594726562,228543.71845535884,3858.251725321862,19,1.6
1615.3690657615662,0,29.635528564453125,228544.47602587604,3859.05045530982,19,1.6
1615.867154598236,0,29.711898803710938,228740.86048117903,3853.506662647218,19,1.6
1616.3673543930054,0,29.7503662109375,228795.2804458958,3848.792958988983,19,1.6
1616.8707830905914,0,29.641815185546875,228647.10019842736,3860.5597964795743,19,1.6
1617.3691437244415,0,34.2645263671875,276028.36419870856,4031.3412921498425,19,2.0
1617.8692178726196,0,35.12452697753906,283050.9959709004,4033.1646342337554,19,2.0
1618.3699026107788,0,35.22471618652344,283049.00117427285,4021.3240966919025,19,2.0
1618.8703932762146,0,35.252899169921875,283191.6905131603,4020.2083612153046,19,2.0
1619.3713619709015,0,35.12205505371094,283068.53656165424,4033.4484922183424,19,2.0
1619.8713006973267,0,35.18988037109375,283092.2414093992,4025.6743843996455,19,2.0
1620.371442079544,0,35.15782165527344,283203.84278235864,4031.563769501624,19,2.0
1620.8704142570496,0,35.380859375,283118.39645297837,4005.0751311068175,19,2.0
1621.3710730075836,0,35.35404968261719,283135.98503797856,4008.1688313538025,19,2.0
1621.8717954158783,0,35.300689697265625,283140.5790299812,4014.1425341889617,19,2.0
1622.3711864948273,0,35.545989990234375,283143.1157888196,3986.7506866156523,19,2.0
1622.8715002536774,0,35.38191223144531,283194.71932057885,4006.086473585997,19,2.0
1623.3721680641174,0,35.568145751953125,283054.04610375524,3982.917776708134,19,2.0
1623.8743741512299,0,35.442108154296875,283729.62200453377,4006.307959499452,19,2.0
1624.37411236763,0,35.4013671875,283153.70013811754,4003.1787261041077,19,2.0
1624.8747498989105,0,35.37762451171875,283172.2833454944,4005.9784102534904,19,2.0
1625.3741054534912,0,35.3780517578125,283039.94385370344,4003.9796699296453,19,2.0
1625.8748543262482,0,35.398345947265625,283100.9267511386,4002.8423986557846,19,2.0
1626.3761167526245,0,35.2906494140625,283164.7966896506,4015.879626843214,19,2.0
1626.8754632472992,0,35.30055236816406,283080.31913231814,4013.648243299962,19,2.0
1627.3763489723206,0,35.39002990722656,283052.79428455577,4002.3984260910843,19,2.0
1627.8767430782318,0,35.42498779296875,283126.9633769179,4000.4248082797644,19,2.0
1628.379579782486,0,35.321197509765625,283294.5182529362,4013.737075613117,19,2.0
1628.8801805973053,0,35.374237060546875,283101.9892938015,4005.316065403492,19,2.0
1629.3806772232056,0,35.30903625488281,283212.4802365713,4014.071609796488,19,2.0
1629.8805577754974,0,35.30192565917969,283135.13189910224,4013.4637800744918,19,2.0
1630.3815698623657,0,35.23802185058594,283269.0776061003,4023.4948658913577,19,2.0
1630.8801198005676,0,35.127685546875,283143.3366313047,4033.599077027863,19,2.0
1631.380257844925,0,32.40354919433594,240741.62315985624,3718.1420861471493,17,1.9
1631.8824679851532,0,32.088226318359375,237881.35091200095,3710.613320246855,17,1.9
1632.3821244239807,0,30.097747802734375,216083.04972568908,3593.1259943036353,17,1.7
1632.8836603164673,0,29.7467041015625,213549.22381422322,3593.272035619755,17,1.7
1633.3830337524414,0,29.834396362304688,213797.60209183628,3586.330311518816,17,1.7
1633.887128829956,0,29.522750854492188,213625.13727121052,3621.4782466225242,17,1.7
1634.3859968185425,0,29.17205810546875,212522.91151887996,3646.263133558599,17,1.7
1634.8855578899384,0,29.71417236328125,214365.47518960718,3610.2301180888057,17,1.7
1635.387883424759,0,29.389297485351562,214458.63704751263,3652.2138732135136,17,1.7
1635.8875534534454,0,29.389663696289062,213081.0209482235,3628.180339248453,17,1.7
1636.3884763717651,0,29.330581665039062,213500.26681719447,3642.955370617867,17,1.7
1636.8876135349274,0,29.4656982421875,213112.40133102928,3619.73434748926,17,1.7
1637.388029575348,0,29.522964477539062,213243.4665154066,3614.6776547859563,17,1.7
1637.8904778957367,0,29.459197998046875,213316.76306676216,3624.4707003591557,17,1.7
1638.3904983997345,0,29.397994995117188,213667.87065888118,3637.526981610867,17,1.7
1638.8903365135193,0,29.593505859375,213484.49280434957,3610.3867013158438,17,1.7
1639.38835978508,0,29.625045776367188,214123.06024892788,3617.47964236029,17,1.7
1639.892102241516,0,29.4307861328125,212347.0524690707,3611.11658792934,17,1.7
1640.3937211036682,0,29.976318359375,214021.11464596732,3572.9204205793963,17,1.7
1640.8924624919891,0,30.061508178710938,213537.2494235256,3555.1110531335544,17,1.7
1641.3900113105774,0,29.99761962890625,212802.3494145906,3550.4150435113465,17,1.7
1641.8919410705566,0,29.90435791015625,212470.5646148714,3555.802813739277,17,1.7
1642.3924703598022,0,29.540863037109375,212237.20450222958,3595.832656160414,17,1.7
1642.8949310779572,0,30.305267333984375,213945.4154624036,3532.9171929110826,17,1.7
1643.3925020694733,0,30.170791625976562,213652.71954200606,3544.023681100182,17,1.7
1643.8949091434479,0,29.537460327148438,212494.97418435756,3600.512665005654,17,1.7
1644.3959856033325,0,31.097854614257812,232593.10956972363,3743.345045629871,17,1.9
1644.8944346904755,0,31.50701904296875,235302.48863392536,3737.008564327378,17,1.9
1645.393224954605,0,31.741119384765625,235474.14306738213,3712.881028907992,17,1.9
1645.894352197647,0,31.859176635742188,235313.02033238742,3696.3918228785255,17,1.9
1646.396463394165,0,31.90240478515625,236335.99645068886,3707.557495948834,17,1.9
1646.8971147537231,0,31.737045288085938,234751.6301262829,3701.9829329892173,17,1.9
1647.3965139389038,0,31.88720703125,234783.14581606977,3684.5497281984535,17,1.9
1647.8996543884277,0,31.711395263671875,235411.09105695,3715.5413383837654,17,1.9
1648.4001278877258,0,31.709609985351562,234796.2807768188,3705.5012677317636,17,1.9
1648.896390914917,0,31.6551513671875,234928.4472767822,3714.2453888839614,17,1.9
1649.399451971054,0,30.361038208007812,217056.041001856,3577.6115182830326,17,1.7
1649.900268316269,0,29.779769897460938,213670.19674755426,3591.0619984044247,17,1.7
1650.402305841446,0,29.7232666015625,213658.9544848369,3597.686668610597,17,1.7
1650.9020099639893,0,29.68878173828125,213763.74764333933,3603.61704778371,17,1.7
1651.40123128891,0,33.090057373046875,260632.4405646063,3941.2442997523735,19,1.9
1651.9021694660187,0,33.836517333984375,269617.12682419753,3988.117295525161,19,1.9
1652.402220249176,0,34.033416748046875,269480.1685033372,3962.3703079338634,19,1.9
1652.9026000499725,0,33.871551513671875,269446.9802098983,3980.98091094447,19,1.9
1653.400957107544,0,34.004913330078125,269550.8408583623,3964.1036191310386,19,1.9
1653.901053905487,0,29.24371337890625,220484.51454523572,3773.6315689511594,19,1.5
1654.403166770935,0,28.406005859375,215078.9306271553,3789.691536815326,19,1.5
1654.902496099472,0,28.402816772460938,215016.44507772673,3788.5326959660083,19,1.5
1655.406865119934,0,28.271026611328125,214887.3130609622,3804.1773819740174,19,1.5
1655.9051427841187,0,28.2841796875,214931.33171849005,3802.443669509374,19,1.5
1656.4038908481598,0,28.3212890625,215130.82047992377,3802.0162063377124,19,1.5
1656.904345035553,0,29.420913696289062,227418.82954394104,3868.574619229315,19,1.6
1657.4064075946808,0,28.50567626953125,216527.8377860459,3801.909450428981,19,1.5
1657.906615972519,0,28.378204345703125,215091.75230352423,3793.2280241790218,19,1.5
1658.4051804542542,0,28.3466796875,215094.53826120045,3797.3759603128124,19,1.5
1658.9056396484375,0,28.39324951171875,215103.38397602437,3792.0633196831436,19,1.5
1659.4064745903015,0,28.3690185546875,215128.38791830777,3794.9850042384005,19,1.5
1659.9077742099762,0,28.3035888671875,215202.71084896073,3805.5244691908583,19,1.5
1660.4074907302856,0,28.348831176757812,215199.1195126923,3799.345353197669,19,1.5
1660.908432006836,0,28.430496215820312,215185.73098192108,3788.5726363109907,19,1.5
1661.408566236496,0,28.314529418945312,215125.3611513381,3802.676654338359,19,1.5
1661.9098546504974,0,28.314804077148438,215130.8082017222,3802.039375115526,19,1.5
1662.4106211662292,0,28.434829711914062,215153.95834118314,3787.3270594927303,19,1.5
1662.9101784229279,0,28.49462890625,214974.37453775335,3775.553643950169,19,1.5
1663.4121568202972,0,28.277618408203125,214892.92949767565,3803.3613173307604,19,1.5
1663.911096572876,0,28.552291870117188,215005.53137402819,3768.4190288279788,19,1.5
1664.4137032032013,0,28.261825561523438,214951.53867031023,3806.5835402531197,19,1.5
1664.911580324173,0,35.39167785644531,288126.2930964549,4074.7149820063473,19,2.1
1665.413388967514,0,36.647308349609375,296947.76025070413,4055.0317797509947,19,2.1
1665.9126098155975,0,36.8563232421875,296625.43426500726,4027.884144180547,19,2.1
1666.414451122284,0,36.85401916503906,296979.19013000076,4032.965830250511,19,2.1
1666.9149210453033,0,36.74028015136719,296768.33440128114,4042.75632597409,19,2.1
1667.4142527580261,0,36.817901611328125,297546.0306694241,4044.8801665051733,19,2.1
1667.9150667190552,0,36.91780090332031,297938.4874315452,4039.0271454817116,19,2.1
1668.4171724319458,0,36.83880615234375,296881.68032595,4033.246880628,19,2.1
1668.917385816574,0,36.52885437011719,296906.12219890504,4067.8253551131916,19,2.1
1669.4182088375092,0,35.50384521484375,284682.85948437103,4013.0019477561264,19,2.0
1669.9185245037079,0,35.31288146972656,283265.15102229785,4014.115928815412,19,2.0
1670.419116973877,0,35.343536376953125,283255.2969719776,4011.0870199294213,19,2.0
1670.9179151058197,0,35.473175048828125,283175.0022296069,3994.680481940149,19,2.0
1671.4219467639923,0,30.364120483398438,234526.11997473307,3865.186876207007,19,1.6
1671.9219944477081,0,29.682632446289062,228595.96747827216,3854.0382227554787,19,1.6
1672.4224441051483,0,29.575057983398438,228544.31528078218,3867.718537160947,19,1.6
1672.9238665103912,0,29.632080078125,228546.037929001,3859.4995592100386,19,1.6
1673.4237065315247,0,29.711959838867188,228579.97343127534,3849.897503239262,19,1.6
1673.9244408607483,0,29.612152099609375,228538.47777903813,3862.299491616778,19,1.6
1674.4242069721222,0,29.444915771484375,224537.5580906439,3816.1426873164874,19,1.6
1674.924829006195,0,29.46234130859375,228522.44720235915,3881.7010095067235,19,1.6
1675.4251639842987,0,29.47198486328125,228444.71231208966,3879.5147503774315,19,1.6
1675.922912120819,0,29.59234619140625,228570.05825781258,3864.7831185893933,19,1.6
1676.423301935196,0,29.700714111328125,228724.46407134237,3854.5201159434587,19,1.6
1676.9231209754944,0,29.931182861328125,229168.33446863526,3832.2909098324303,19,1.6
1677.4245028495789,0,29.71954345703125,228966.23298182915,3855.880227961185,19,1.6
1677.9236862659454,0,29.646347045898438,228800.55308398468,3862.1284377037864,19,1.6
1678.4241614341736,0,29.655380249023438,228847.86735189243,3862.941531622155,19,1.6
1678.9285190105438,0,29.727981567382812,229022.37677313355,3855.1557811023517,19,1.6
1679.4296185970306,0,29.615524291992188,228551.5789555174,3862.163602854989,19,1.6
1679.9296646118164,0,29.573928833007812,228570.33379027733,3868.170531076688,19,1.6
1680.43026304245,0,29.523117065429688,228482.7900466756,3873.1682615551676,19,1.6
1680.9274218082428,0,29.542694091796875,228583.26729128446,3872.1248524102452,19,1.6
1681.428787469864,0,29.613555908203125,228591.38370520363,3862.7242319222323,19,1.6
1681.9316680431366,0,29.621963500976562,228600.01898761027,3862.30305078285,19,1.6
1682.4313523769379,0,29.555557250976562,228516.54169416247,3868.883236712507,19,1.6
1682.9317870140076,0,29.56256103515625,228584.68820363932,3870.030064849397,19,1.6
1683.4324791431427,0,29.550338745117188,228538.56258871907,3870.3109628108073,19,1.6
1683.9329044818878,0,29.452194213867188,228461.93551665076,3881.5783696745225,19,1.6
1684.4335219860077,0,29.52001953125,228493.11244860786,3873.9134260714227,19,1.6
1684.9337677955627,0,29.59930419921875,228526.98830733052,3863.6043344227814,19,1.6
1685.435156583786,0,29.665786743164062,228495.2353189199,3855.0132174179616,19,1.6
1685.9311747550964,0,29.703292846679688,228698.51712334403,3852.9061606310374,19,1.6
1686.4320471286774,0,29.676544189453125,228831.95444767823,3859.040974208204,19,1.6
1686.9367716312408,0,29.735610961914062,228561.1720742651,3846.9698889494975,19,1.6
1687.437693119049,0,29.55328369140625,228520.2749523147,3870.1621516684186,19,1.6
1687.9372596740723,0,29.569305419921875,228560.1689681946,3868.2680697307433,19,1.6
1688.4376213550568,0,29.562606811523438,228521.20544503807,3868.3327464688773,19,1.6
1688.9368228912354,0,34.33935546875,275920.95981559355,4020.954910631763,19,2.0
1689.4366524219513,0,35.328887939453125,283243.65791845403,4012.2123357782143,19,2.0
1689.93701004982,0,35.309906005859375,283266.75107022293,4015.105562061649,19,2.0
1690.4371874332428,0,35.285186767578125,283222.6139880478,4016.699725399468,19,2.0
1690.9351873397827,0,35.38359069824219,283137.2764132198,4005.105112383075,19,2.0
1691.4362561702728,0,35.52995300292969,282981.13723850914,3985.9608029406168,19,2.0
1691.9362833499908,0,35.50828552246094,283173.7237514835,3991.012179688544,19,2.0
1692.4393527507782,0,35.31922912597656,283409.6842256569,4016.1691948048133,19,2.0
1692.9396135807037,0,35.304656982421875,283163.81282094045,4013.889727651416,19,2.0
1693.4395608901978,0,35.27473449707031,283126.27077791875,4017.039448213811,19,2.0
1693.9393677711487,0,34.08503723144531,271131.62478312914,3980.5736188203314,19,1.9
1694.4390213489532,0,34.181640625,270061.81074482005,3954.4327752699846,19,1.9
1694.9407098293304,0,34.10154724121094,269451.08223001985,3954.776569111795,19,1.9
1695.442110300064,0,33.91461181640625,269510.5108530255,3977.1058188774728,19,1.9
1695.9404640197754,0,33.906951904296875,269609.4685332237,3978.8595678192864,19,1.9
1696.4399802684784,0,34.0015869140625,269556.84172146267,3966.6089803655477,19,1.9
1696.9404556751251,0,34.299774169921875,269649.0214606648,3934.457391219243,19,1.9
1697.4438552856445,0,34.11637878417969,270189.0442991069,3963.580099031644,19,1.9
1697.9439008235931,0,33.99090576171875,269582.7616013912,3969.620608108715,19,1.9
1698.444270849228,0,34.05364990234375,269651.1459707789,3963.0406839506395,19,1.9
1698.943371295929,0,34.0933837890625,269445.01916334446,3955.4595353267,19,1.9
1699.4433970451355,0,34.26200866699219,269430.1983500625,3935.963046145556,19,1.9
1699.9447882175446,0,33.888458251953125,269609.4509260945,3981.178458958789,19,1.9
1700.4442024230957,0,34.03814697265625,269452.2790684602,3962.1134519555085,19,1.9
1700.9442930221558,0,34.14210510253906,269750.73830035556,3951.1916325852935,19,1.9
1701.4463160037994,0,30.430267333984375,232697.6534347899,3826.979195478263,19,1.6
1701.9454879760742,0,29.880523681640625,228970.0722813919,3835.1737479892763,19,1.6
1702.4461600780487,0,29.74566650390625,228758.0605988116,3849.63638266308,19,1.6
1702.9465923309326,0,29.782211303710938,228702.63949620415,3843.5359561677974,19,1.6
1703.4468536376953,0,33.43037414550781,265501.97675065004,3974.798469847683,19,1.9
1703.9483244419098,0,33.91911315917969,269785.1851910829,3980.528599506146,19,1.9
1704.4475061893463,0,33.96852111816406,269662.64764397196,3972.854736023136,19,1.9
1704.9515051841736,0,33.87510681152344,269662.0552120414,3984.1940794733787,19,1.9
1705.4548196792603,0,29.069015502929688,221207.59788750135,3808.72891924536,19,1.5
1705.9506340026855,0,28.309402465820312,214871.22783993356,3797.9960944005907,19,1.5
1706.4518587589264,0,28.34149169921875,215025.27922385038,3797.4712531791956,19,1.5
1706.9513170719147,0,28.516281127929688,215068.80301106648,3774.8260201632775,19,1.5
1707.4514615535736,0,28.497650146484375,215062.41282938988,3776.872810450937,19,1.5
1707.9517042636871,0,28.369400024414062,215076.7143848194,3794.4052361827585,19,1.5
1708.4532096385956,0,28.342544555664062,215215.31592273072,3800.540907272685,19,1.5
1708.9577939510345,0,28.353134155273438,215056.97039358734,3795.9824621357466,19,1.5
1709.4576790332794,0,28.253067016601562,214883.5111697121,3806.100057626055,19,1.5
1709.958191871643,0,28.233657836914062,214862.8400254256,3808.645717148538,19,1.5
1710.4553654193878,0,28.50250244140625,214340.59298105532,3763.6695311412573,19,1.5
1710.9556515216827,0,28.446441650390625,214928.63234590963,3780.754068357198,19,1.5
1711.4595336914062,0,28.42120361328125,214905.38239266613,3784.498414055101,19,1.5
1711.958176612854,0,32.95649719238281,262062.0029789965,3979.336736985245,19,1.9
1712.4577159881592,0,33.92805480957031,269483.0377124026,3974.7342061579243,19,1.9
1712.958293914795,0,33.920806884765625,269600.3000077916,3977.882968951442,19,1.9
1713.4591884613037,0,33.92543029785156,269570.80755683116,3976.3091820988,19,1.9
1713.9614732265472,0,30.284027099609375,233390.08777118666,3856.587488046016,19,1.6
1714.460749387741,0,29.736740112304688,228491.51639757343,3845.5795614490153,19,1.6
1714.961233139038,0,29.7808837890625,228679.09534794494,3843.002135552231,19,1.6
1715.4578776359558,0,29.840621948242188,228764.0923470622,3836.8168129533374,19,1.6
1715.9597322940826,0,29.744308471679688,228755.8720786246,3849.0388878600415,19,1.6
1716.4590611457825,0,29.844802856445312,229082.4243313728,3842.008960539575,19,1.6
1716.9610052108765,0,29.656982421875,228596.0166310767,3857.2366659806544,19,1.6
1717.4601502418518,0,29.792800903320312,228736.36714748805,3842.773976556222,19,1.6
1717.9607982635498,0,29.59149169921875,229234.6878321801,3876.7562367607416,19,1.6
1718.4661302566528,0,29.608993530273438,228576.11598219848,3863.2856561991903,19,1.6
1718.9661285877228,0,29.626739501953125,228577.70393080646,3861.174125909422,19,1.6
1719.4649052619934,0,29.668502807617188,228558.64513645667,3855.50294673555,19,1.6
1719.9667994976044,0,29.643524169921875,228566.49592044146,3859.0215975761794,19,1.6
1720.463749408722,0,29.583511352539062,228527.71447819233,3865.4978659314984,19,1.6
1720.963889837265,0,33.59074401855469,265203.9606045387,3949.0342913133127,19,1.9
1721.4645502567291,0,33.9871826171875,269647.03931075416,3970.4379595076557,19,1.9
1721.9639818668365,0,34.13389587402344,269609.8005098435,3953.196567365475,19,1.9
1722.464879989624,0,34.116058349609375,270340.5215724584,3965.8450168393842,19,1.9
1722.9645223617554,0,34.11041259765625,269502.5489489209,3954.335046925465,19,1.9
1723.4661598205566,0,34.019500732421875,269792.42004526366,3969.2528430115785,19,1.9
1723.9655957221985,0,35.04862976074219,274491.38318068633,3919.810872431972,18,2.1
1724.4695715904236,0,35.42852783203125,274956.2039209984,3884.1580054473943,18,2.1
1724.9686937332153,0,35.4503173828125,274794.88252086076,3879.119008019724,18,2.1
1725.4676299095154,0,35.42384338378906,275400.3902894103,3891.277366675612,18,2.1
1725.9675543308258,0,35.10809326171875,273885.944130252,3904.5128135588507,18,2.1
1726.4702546596527,0,35.02256774902344,273191.26345869066,3903.8542513437596,18,2.1
1726.9695329666138,0,35.07621765136719,273175.18512031826,3897.9687422104575,18,2.1
1727.4721779823303,0,34.83720397949219,273067.0105988989,3922.674164104716,18,2.1
1727.970775127411,0,34.82591247558594,273230.8625219475,3926.9322834217874,18,2.1
1728.4721539020538,0,34.891754150390625,274241.4997374328,3934.0527108025394,18,2.1
1728.9723327159882,0,34.72767639160156,273149.316294132,3936.4280655719267,18,2.1
1729.4727036952972,0,34.87132263183594,273991.382941884,3932.7731112440365,18,2.1
1729.972760438919,0,34.69660949707031,273648.95054809545,3947.215649747106,18,2.1
1730.4732353687286,0,34.8629150390625,273092.57478249155,3920.699110985059,18,2.1
1730.9731571674347,0,35.00865173339844,274440.0881822872,3922.7160487585247,18,2.1
1731.474390745163,0,34.834869384765625,274205.6630356263,3940.390833215795,18,2.1
1731.9822607040405,0,30.148178100585938,232455.32821839946,3858.1104175492246,19,1.6
1732.4766290187836,0,35.235137939453125,285717.40990108525,4058.136518316105,19,2.1
1732.9770278930664,0,36.74827575683594,297138.31827926944,4047.1286594265334,19,2.1
1733.477157831192,0,36.52778625488281,296825.8315351639,4066.411223596789,19,2.1
1733.9777376651764,0,36.48150634765625,293732.9221620494,4029.219588665463,19,2.1
1734.4781529903412,0,36.63609313964844,296846.7611697658,4055.3450782450354,19,2.1
1734.978646993637,0,36.58746337890625,296908.8474002511,4060.7898520141,19,2.1
1735.4867753982544,0,36.63238525390625,296885.8947069067,4056.301520364554,19,2.1
1735.9790575504303,0,36.64295959472656,296897.0954665454,4054.448702920298,19,2.1
1736.4809675216675,0,36.54840087890625,296846.9368900642,4064.7469226414432,19,2.1
1736.97806930542,0,36.404754638671875,294017.42799208546,4041.8621540081363,19,2.1
1737.4788753986359,0,30.744659423828125,235248.9687488615,3829.900939112067,19,1.6
1737.9794671535492,0,29.819610595703125,228885.00538988586,3841.6665312358964,19,1.6
1738.4800221920013,0,29.735595703125,228675.88938485854,3848.720608881992,19,1.6
1738.9805581569672,0,29.6932373046875,228815.86074220366,3856.87147631831,19,1.6
1739.4807271957397,0,29.6700439453125,228775.05008442586,3858.774196999058,19,1.6
1739.9814562797546,0,29.73480224609375,228802.34565757503,3850.7066249294403,19,1.6
1740.4816145896912,0,29.707763671875,228856.96224163988,3855.524140594824,19,1.6
1740.982132434845,0,34.80299377441406,277456.32060231955,3990.4038399736237,19,2.0
1741.4824118614197,0,35.42362976074219,283280.987282161,4002.582483998651,19,2.0
1741.9825415611267,0,35.43104553222656,283247.0154202861,4000.8980223590866,19,2.0
1742.483511209488,0,35.42927551269531,283327.2517795263,4001.747084813986,19,2.0
1742.9837021827698,0,35.46675109863281,283303.41477071895,3997.9416103175554,19,2.0
1743.484275341034,0,35.42308044433594,282910.0786577247,3997.393739443727,19,2.0
1743.9861702919006,0,35.48063659667969,283233.4690247677,3994.657751244055,19,2.0
1744.4858179092407,0,35.554046630859375,283178.39958435216,3986.241045118816,19,2.0
1744.9878742694855,0,35.36906433105469,283315.46489227656,4009.1815455659685,19,2.0
1745.4883861541748,0,35.3511962890625,283386.83621475945,4011.688850367925,19,2.0
1745.9875729084015,0,34.08140563964844,271280.56679663126,3983.2864124028065,19,1.9
1746.486822605133,0,34.01438903808594,269622.5168007519,3967.0564080663316,19,1.9
1746.9902243614197,0,34.28718566894531,269630.086976696,3935.843591917385,19,1.9
1747.4910264015198,0,34.02012634277344,269538.9263127015,3965.12342843354,19,1.9
1747.9911751747131,0,34.04109191894531,269517.2238378987,3961.976317361874,19,1.9
1748.491487979889,0,33.83729553222656,269683.93382319604,3988.764405578922,19,1.9
1748.9920563697815,0,33.86470031738281,269589.37975467456,3983.853355724203,19,1.9
1749.4925005435944,0,33.95849609375,269598.94179138116,3973.1735948351475,19,1.9
1749.9928722381592,0,33.979400634765625,269639.2024394619,3970.994116416106,19,1.9
1750.4934921264648,0,34.0687255859375,269465.8957111315,3958.5865828708197,19,1.9
1750.9923558235168,0,34.11772155761719,269596.5371505806,3954.367227370693,19,1.9
1751.495008468628,0,34.10784912109375,270136.942325492,3964.1315264403934,19,1.9
1751.9952340126038,0,33.966064453125,269565.8764631271,3971.2872884097037,19,1.9
1752.4955756664276,0,33.89300537109375,269563.51176950417,3980.378798601844,19,1.9
1752.99591755867,0,34.145782470703125,269454.93165646424,3949.301794905482,19,1.9
1753.4966506958008,0,33.79051208496094,269474.0804120099,3990.8835847450546,19,1.9
1753.996691942215,0,33.82991027832031,269467.63862931315,3986.1766966145065,19,1.9
1754.4972608089447,0,34.026885986328125,269541.128503131,3964.4532871506817,19,1.9
1754.997879743576,0,33.81663513183594,269592.0026742256,3989.7227939447894,19,1.9
1755.4984512329102,0,33.73152160644531,269552.55739412847,3999.1377078650467,19,1.9
1756.000904560089,0,30.33148193359375,233308.27367514168,3849.169000565448,19,1.6
1756.5008685588837,0,29.684341430664062,228529.64843042925,3853.2773336801356,19,1.6
1757.0017395019531,0,29.662887573242188,228454.39092581777,3854.176358175235,19,1.6
1757.5022640228271,0,29.628555297851562,228488.5948529869,3859.1824289283254,19,1.6
1758.0021481513977,0,29.633590698242188,228585.806623964,3860.281434162673,19,1.6
1758.5026953220367,0,29.6141357421875,228502.30773266364,3861.2641272222886,19,1.6
1759.0030324459076,0,29.554855346679688,228516.84446820957,3869.516485819918,19,1.6
1759.499741077423,0,29.490325927734375,228486.94631306757,3877.949680184697,19,1.6
1760.0025906562805,0,29.674819946289062,228734.4541528918,3857.7150664166284,19,1.6
1760.50377035141,0,29.500625610351562,228542.03244793823,3876.5618570431784,19,1.6
1761.0044901371002,0,29.457794189453125,228569.7152168218,3883.454384407313,19,1.6
1761.504695892334,0,29.209564208984375,223589.66451426045,3830.7315781720313,19,1.6
1762.002090215683,0,29.492843627929688,228914.8842471433,3884.5016589552283,19,1.6
1762.5028493404388,0,29.7178955078125,228781.61582129658,3852.5944735858434,19,1.6
1763.0036396980286,0,29.705032348632812,228893.85648821897,3856.8549145267316,19,1.6
1763.5035688877106,0,29.63739013671875,228690.5593845282,3861.6760609499174,19,1.6
1764.0081248283386,0,29.627655029296875,228514.740318098,3860.008491624255,19,1.6
1764.5090556144714,0,29.542739868164062,228470.58864404305,3869.9524996733144,19,1.6
1765.0080285072327,0,29.601852416992188,228481.05848231964,3862.9001452071584,19,1.6
1765.508804321289,0,29.498458862304688,228506.44960006562,3876.8127017692327,19,1.6
1766.0057814121246,0,29.338943481445312,228576.18356022422,3898.640728911662,19,1.6
1766.5093214511871,0,29.622283935546875,228883.5684562211,3866.6498589108683,19,1.6
1767.0101754665375,0,29.360366821289062,228561.53259104327,3896.20472715121,19,1.6
1767.5103240013123,0,29.562774658203125,228479.63521311266,3867.972520240773,19,1.6
1768.0108275413513,0,29.469482421875,228539.1145279509,3880.89612035756,19,1.6
1768.511116027832,0,29.3226318359375,228561.61608405242,3900.7753683220167,19,1.6
1769.0114476680756,0,29.397735595703125,228517.24270173276,3889.755373427938,19,1.6
1769.5083332061768,0,29.5142822265625,228796.4619704517,3879.816528180461,19,1.6
1770.007708787918,0,35.380157470703125,290268.7472172633,4105.83248874141,19,2.1
1770.5113048553467,0,36.44560241699219,296852.07641619066,4076.1021947256413,19,2.1
1771.0100266933441,0,36.20208740234375,296727.96832784417,4101.89054431116,19,2.1
1771.5109667778015,0,36.238037109375,296377.47875192005,4093.488826458085,19,2.1
1772.0119524002075,0,36.20391845703125,296565.2734798351,4099.915322043614,19,2.1
1772.5118486881256,0,36.11979675292969,296599.8764736177,4109.7684191138105,19,2.1
1773.0119371414185,0,35.87223815917969,296486.7805837963,4136.6529554562185,19,2.1
1773.5117990970612,0,36.01948547363281,296774.1425406086,4123.35151507706,19,2.1
1774.0120751857758,0,36.470001220703125,296616.3246397256,4070.4413224897053,19,2.1
1774.5142331123352,0,36.21356201171875,296293.63781761564,4094.7366611440984,19,2.1
1775.017065525055,0,30.156723022460938,236511.54647040414,3924.9954284436317,19,1.6
1775.5177800655365,0,29.175949096679688,228469.4189495648,3918.4672149366525,19,1.6
1776.0156168937683,0,28.995574951171875,224428.7872321126,3873.694527152686,19,1.6
1776.5185897350311,0,28.977676391601562,228599.2722778444,3947.935592004764,19,1.6
1777.0165584087372,0,29.112411499023438,228588.74450983218,3929.664157290356,19,1.6
1777.5170142650604,0,29.13232421875,228780.22839998972,3930.06747900709,19,1.6
1778.0163135528564,0,28.984771728515625,228631.52796760728,3947.9006794255047,19,1.6
1778.516785621643,0,28.933486938476562,228757.8041771228,3957.1103283698585,19,1.6
1779.0192849636078,0,28.892242431640625,228700.37021869505,3961.4093738414203,19,1.6
1779.5179200172424,0,28.772003173828125,228587.76553347387,3976.226448635502,19,1.6
1780.0181834697723,0,28.765365600585938,228813.93720476987,3980.968001243391,19,1.6
1780.519581079483,0,28.765945434570312,228790.25792934114,3980.3663071124893,19,1.6
1781.0204198360443,0,28.925918579101562,228709.449960352,3957.108559473627,19,1.6
1781.520643234253,0,29.061141967773438,228677.98141274333,3938.52382425044,19,1.6
1782.0199990272522,0,29.028854370117188,228747.95633243944,3943.559003067122,19,1.6
1782.5212161540985,0,28.897415161132812,228637.7921788309,3959.8005344750113,19,1.6
1783.022466659546,0,29.038894653320312,228860.78448919114,3944.4338831575756,19,1.6
1783.5270838737488,0,29.218292236328125,228720.3138240811,3918.1619197326163,19,1.6
1784.027480840683,0,29.238204956054688,228520.74896465946,3911.2866255600406,19,1.6
1784.5275185108185,0,29.023773193359375,228543.92803419242,3940.700584931828,19,1.6
1785.0270245075226,0,29.24334716796875,228478.9769008208,3909.675569738877,19,1.6
1785.527318239212,0,29.26214599609375,228600.44596159813,3909.385183686495,19,1.6
1786.0250179767609,0,29.110244750976562,228526.24425878617,3928.5482131222384,19,1.6
1786.5238800048828,0,29.4716796875,228703.64194356446,3884.169521852944,19,1.6
1787.0251066684723,0,33.386322021484375,265513.8326389882,3979.6537011324467,19,1.9
1787.52548122406,0,33.92436218261719,269973.82519618626,3983.9510989908094,19,1.9
1788.0249600410461,0,33.93522644042969,269712.84924156545,3977.341958714538,19,1.9
1788.5254459381104,0,33.84382629394531,270083.2209996117,3993.9928430663995,19,1.9
1789.026564836502,0,34.00569152832031,269598.2604648077,3967.8946063375297,19,1.9
1789.5271441936493,0,34.016510009765625,269536.4961123578,3965.6331575835707,19,1.9
1790.0272343158722,0,33.89601135253906,269650.19062593323,3981.3533986762454,19,1.9
1790.528335571289,0,34.00700378417969,269687.1586794757,3969.388213577256,19,1.9
1791.0278656482697,0,36.409027099609375,294359.9743410794,4046.166891440517,19,2.1
1791.5297226905823,0,36.61598205566406,296650.9825716396,4054.540986346011,19,2.1
1792.028645515442,0,36.73542785644531,297416.2749015705,4052.3279212026787,19,2.1
1792.5303514003754,0,36.808441162109375,297579.0252954552,4045.8111046902554,19,2.1
1793.0308363437653,0,36.7935791015625,296816.798753685,4037.8240885429627,19,2.1
1793.5300469398499,0,36.63395690917969,297321.31861229864,4061.6688054987353,19,2.1
1794.0313200950623,0,36.60791015625,296829.36843540095,4058.357862163712,19,2.1
1794.5334718227386,0,36.51368713378906,296851.24774896645,4068.501749924048,19,2.1
1795.034157037735,0,36.41752624511719,296841.19550829794,4079.052459526057,19,2.1
1795.534595489502,0,36.35734558105469,296820.7848591478,4086.299415582644,19,2.1
1796.034809589386,0,36.15568542480469,296835.83273405174,4108.427160340646,19,2.1
1796.5335767269135,0,36.29127502441406,296404.0394191166,4087.6767184455,19,2.1
1797.0334103107452,0,36.781158447265625,296566.8857918479,4035.2725761152296,19,2.1
1797.534984588623,0,36.558807373046875,297591.775310358,4073.9293949125135,19,2.1
1798.034633398056,0,36.56465148925781,296785.81243107363,4062.065244725099,19,2.1
1798.5375936031342,0,36.386627197265625,297122.8932200187,4086.9135573844874,19,2.1
1799.0401358604431,0,30.455535888671875,236294.8431715523,3882.6438790060192,19,1.6
1799.5406515598297,0,29.258087158203125,228464.93607413472,3907.945156556232,19,1.6
1800.0405151844025,0,29.184600830078125,228544.80220276333,3918.8474999503305,19,1.6
1800.5388929843903,0,34.13758850097656,275994.88263889565,4045.892110863336,19,2.0
1801.0384187698364,0,35.21730041503906,283197.6602941932,4024.5276704819453,19,2.0
1801.5375900268555,0,35.30946350097656,283339.0403726885,4016.2320788611783,19,2.0
1802.039008140564,0,35.22662353515625,283320.32556961983,4025.0238532936673,19,2.0
1802.5389065742493,0,35.22105407714844,283346.20122038806,4026.796009265906,19,2.0
1803.041891336441,0,35.104644775390625,283383.33175983664,4039.7218347417956,19,2.0
1803.5420191287994,0,35.12315368652344,283324.5099648226,4037.1374753402833,19,2.0
1804.0431802272797,0,35.209564208984375,283447.81061122747,4028.5076849603943,19,2.0
1804.542843580246,0,35.13883972167969,283297.90205333865,4034.9653296185306,19,2.0
1805.0432937145233,0,35.19810485839844,283409.1878601491,4029.251022762397,19,2.0
1805.5438168048859,0,35.127197265625,283300.4237380663,4036.131858966785,19,2.0
1806.042462348938,0,35.11833190917969,283321.841338795,4037.293125615084,19,2.0
1806.542585849762,0,35.23028564453125,283350.1495043168,4025.6840784944206,19,2.0
1807.0427899360657,0,35.24540710449219,283321.3525943996,4023.2476129330003,19,2.0
1807.5432217121124,0,35.33241271972656,283274.63808568625,4012.2083120820366,19,2.0
1808.0437438488007,0,35.226531982421875,282916.54092541017,4019.867753960615,19,2.0
1808.5469553470612,0,35.12672424316406,283238.9147592451,4035.047476070398,19,2.0
1809.0473873615265,0,35.158843994140625,283040.2961143284,4028.744517982614,19,2.0
1809.5485768318176,0,35.13398742675781,283084.5799933987,4032.4771076823386,19,2.0
1810.0483705997467,0,35.14056396484375,283238.7883697929,4033.344488773637,19,2.0
1810.5489084720612,0,35.02239990234375,283118.25503108924,4045.8392456000015,19,2.0
1811.0473983287811,0,35.14173889160156,283027.6363507186,4030.3924753663514,19,2.0
1811.5476694107056,0,35.31452941894531,283107.21790238726,4012.5977135059907,19,2.0
1812.047840833664,0,35.276641845703125,283126.43820463266,4016.9356431318097,19,2.0
1812.5480797290802,0,35.437225341796875,282952.99162269087,3996.3061056297456,19,2.0
1813.050142288208,0,35.36405944824219,283111.37394366716,4006.694995165297,19,2.0
1813.5503244400024,0,35.36738586425781,283176.0142718014,4007.1098424953957,19,2.0
1814.0497725009918,0,30.299285888671875,234045.917442245,3865.965700656798,19,1.6
1814.5512690544128,0,29.364151000976562,228807.1110086326,3899.6189604184974,19,1.6
1815.0512473583221,0,29.148788452148438,228823.59969269132,3928.876844675822,19,1.6
1815.5527205467224,0,29.20703125,228795.09548680842,3921.1106058579644,19,1.6
1816.0523567199707,0,29.34185791015625,228731.30909126753,3900.775484308468,19,1.6
1816.552984714508,0,29.374053955078125,228878.00599451718,3899.870279233145,19,1.6
1817.0528841018677,0,29.361221313476562,228818.97060867984,3899.974009168405,19,1.6
1817.5548584461212,0,29.416595458984375,228671.6110921495,3890.2870374500867,19,1.6
1818.0536918640137,0,29.320724487304688,228753.13339514192,3904.541992117875,19,1.6
1818.5547995567322,0,29.32757568359375,228942.55123549598,3907.210102746497,19,1.6
1819.0586831569672,0,29.257461547851562,228515.71016096728,3908.6097682455093,19,1.6
1819.5589966773987,0,29.331954956054688,228569.01853100705,3899.910530047615,19,1.6
1820.0592029094696,0,29.20751953125,228524.75813794136,3915.3273484126585,19,1.6
1820.5592894554138,0,33.115203857421875,264192.6369937384,3992.335380727828,19,1.9
1821.0568177700043,0,33.99372863769531,269585.3991621509,3968.7908742789455,19,1.9
1821.5594506263733,0,33.998748779296875,269787.5648808144,3971.293204831649,19,1.9
1822.059890985489,0,33.67657470703125,269494.3331693328,4004.950063161863,19,1.9
1822.560869216919,0,33.7122802734375,269337.33622472896,3998.127652794826,19,1.9
1823.0615072250366,0,33.69049072265625,269470.838652116,4002.9099341467613,19,1.9
1823.5614414215088,0,33.6839599609375,269459.05672286794,4003.389154849441,19,1.9
1824.0619213581085,0,33.82318115234375,269508.53498397634,3987.974974691379,19,1.9
1824.56219124794,0,34.803558349609375,281585.18059538223,4048.8388740165005,19,2.0
1825.0624647140503,0,35.16912841796875,283244.22477661766,4030.352936684652,19,2.0
1825.5630617141724,0,35.15655517578125,283230.56162161875,4031.70900252602,19,2.0
1826.063738822937,0,35.10359191894531,283218.80209207116,4037.763438205402,19,2.0
1826.5635557174683,0,35.3111572265625,283151.45490283216,4013.0658729417946,19,2.0
1827.064440727234,0,35.18330383300781,283106.1267516395,4026.796365470495,19,2.0
1827.5618867874146,0,35.22731018066406,283129.34810912696,4022.7879810643158,19,2.0
1828.0629189014435,0,35.24461364746094,283036.33366155415,4019.1673376508957,19,2.0
1828.5628304481506,0,35.26618957519531,283342.427243988,4021.302037681642,19,2.0
1829.063475370407,0,35.380828857421875,283314.3207240929,4007.1701138301423,19,2.0
1829.566472530365,0,35.35490417480469,283359.5280202712,4011.239835322887,19,2.0
1830.067010641098,0,35.22053527832031,283213.88949036336,4024.2432115233732,19,2.0
1830.5674200057983,0,35.14476013183594,283160.1937529289,4031.667863672459,19,2.0
1831.0677824020386,0,35.24943542480469,283266.25617512665,4021.6530645550183,19,2.0
1831.5684332847595,0,35.3052978515625,282984.0829384585,4011.7775126979022,19,2.0
1832.068740606308,0,35.05870056152344,276833.5091130754,3951.5440612776683,19,2.0
1832.5691409111023,0,35.34092712402344,283079.0159975822,4008.3838067650704,19,2.0
1833.0697343349457,0,35.26397705078125,283163.6274127035,4018.4350107742766,19,2.0
1833.5711433887482,0,33.452484130859375,259024.48160158147,3875.168118842772,19,1.8
1834.0714073181152,0,33.135101318359375,255845.98547495907,3863.908511094881,19,1.8
1834.5722081661224,0,33.06144714355469,255782.1697868979,3872.0930588471488,19,1.8
1835.0722560882568,0,33.07945251464844,256007.868238293,3872.6457139298723,19,1.8
1835.5746483802795,0,30.05712890625,231790.7306708935,3859.7498903455335,19,1.6
1836.0712161064148,0,29.594314575195312,228557.479736099,3864.458482706563,19,1.6
1836.57120013237,0,29.947677612304688,228637.29353836694,3821.4315474325285,19,1.6
1837.0714943408966,0,29.761993408203125,229027.1883254387,3850.7837303804904,19,1.6
1837.5754878520966,0,29.874465942382812,228899.56223373936,3835.081109766668,19,1.6
1838.0756361484528,0,29.777862548828125,228476.1473141586,3839.3622044742515,19,1.6
1838.5762197971344,0,29.841094970703125,228540.19721907066,3832.7682047957064,19,1.6
1839.0766906738281,0,29.832000732421875,228383.21053914123,3831.2549340944315,19,1.6
1839.5776815414429,0,29.710708618164062,228483.02498829458,3848.67966192137,19,1.6
1840.077644109726,0,29.753387451171875,228437.40718838017,3842.3188010983026,19,1.6
1840.5798501968384,0,29.583099365234375,228484.71613972605,3864.9770461295325,19,1.6
1841.0757207870483,0,29.562530517578125,228572.81879858774,3869.289874626434,19,1.6
1841.5802488327026,0,29.712814331054688,228809.67602901478,3854.229314128218,19,1.6
1842.0807123184204,0,29.631027221679688,228494.81357864017,3858.8604824452764,19,1.6
1842.5806095600128,0,29.600341796875,228565.20029915706,3864.1445691710037,19,1.6
1843.0816502571106,0,29.64764404296875,228492.5150747849,3857.102433983123,19,1.6
1843.5820503234863,0,29.5478515625,228478.5293672293,3869.9937204613807,19,1.6
1844.081592798233,0,29.599044799804688,228543.162454535,3863.435484943574,19,1.6
1844.5821669101715,0,29.802093505859375,228638.88497778028,3839.6631423729336,19,1.6
1845.0838520526886,0,29.7001953125,228482.0160314926,3849.6043139446947,19,1.6
1845.583390712738,0,29.651214599609375,228498.95617541356,3856.9414961337407,19,1.6
1846.0793812274933,0,29.675918579101562,228567.20855602346,3854.404698378942,19,1.6
1846.5817484855652,0,29.748779296875,228754.6323696489,3848.5276608316713,19,1.6
1847.0826425552368,0,29.6910400390625,228751.20502310956,3855.87705413417,19,1.6
1847.5803844928741,0,34.20947265625,276097.0214759908,4039.524414438846,19,2.0
1848.0805125236511,0,35.312164306640625,283494.6632579941,4017.6523525441426,19,2.0
1848.5815405845642,0,35.354095458984375,283302.8488210626,4010.8224566092035,19,2.0
1849.0815575122833,0,35.51704406738281,283112.59340990847,3989.3804149687776,19,2.0
1849.5829422473907,0,35.27293395996094,283323.50712938973,4019.710981823782,19,2.0
1850.0855510234833,0,35.397705078125,283222.5983506157,4004.525143286732,19,2.0
1850.5863106250763,0,35.327056884765625,283259.9924271136,4012.533522460753,19,2.0
1851.0842616558075,0,35.28941345214844,283206.42393990076,4016.4453340147797,19,2.0
1851.5840299129486,0,35.41542053222656,283332.51689374016,4003.792638039453,19,2.0
1852.0855150222778,0,35.413055419921875,281206.6068930228,3972.4332829203345,19,2.0
1852.5860514640808,0,35.56645202636719,283031.9655077033,3982.7700523792914,19,2.0
1853.086207151413,0,35.389251708984375,283059.3385665759,4002.7124948798546,19,2.0
1853.5854470729828,0,35.34071350097656,283244.3549844438,4011.209337810421,19,2.0
1854.0858042240143,0,35.322296142578125,283339.7511550075,4014.348314946507,19,2.0
1854.5861995220184,0,35.2935791015625,283272.4339380619,4016.7929580631217,19,2.0
1855.0875775814056,0,35.407806396484375,283180.67272996804,4002.9308343166044,19,2.0
1855.5902037620544,0,35.470916748046875,283285.198319754,3996.964640272698,19,2.0
1856.088399887085,0,35.32781982421875,283312.3549040044,4013.4092821318186,19,2.0
1856.588180065155,0,35.61524963378906,283081.8427539787,3977.8746872966276,19,2.0
1857.0908815860748,0,35.34938049316406,283279.8998508274,4010.339022134049,19,2.0
1857.591478586197,0,35.33363342285156,283302.3645147785,4012.296111848853,19,2.0
1858.091781616211,0,35.36979675292969,283149.15459368983,4006.101617993136,19,2.0
1858.5945954322815,0,30.53924560546875,234796.47538875788,3847.6719928850516,19,1.6
1859.0946879386902,0,29.728347778320312,228565.77553861486,3847.9770504912804,19,1.6
1859.5951058864594,0,29.739334106445312,228520.6968061168,3845.143256762324,19,1.6
1860.0955152511597,0,29.799636840820312,228481.27187657176,3837.395757902536,19,1.6
1860.5927753448486,0,29.820999145507812,228695.21990679126,3838.23491096012,19,1.6
1861.0924272537231,0,34.7548828125,277826.81161139405,4000.0134873134957,19,2.0
1861.595564365387,0,35.35224914550781,283473.07890120137,4012.89885167113,19,2.0
1862.0960030555725,0,35.17352294921875,281331.13583939197,4002.840437771026,19,2.0
1862.5958993434906,0,35.48193359375,283229.5357627612,3995.047215379746,19,2.0
1863.0969815254211,0,35.59979248046875,283160.5457576911,3980.3321909177102,19,2.0
1863.5969007015228,0,35.38737487792969,283400.319613062,4008.0678628823443,19,2.0
1864.0961635112762,0,35.371856689453125,283236.40654811927,4007.3666826278077,19,2.0
1864.598424911499,0,35.38746643066406,283672.16958345316,4011.6463346747714,19,2.0
1865.0987102985382,0,35.40727233886719,283256.63412910653,4003.4995817623385,19,2.0
1865.5992612838745,0,35.313140869140625,283249.0105937412,4014.2280327116573,19,2.0
1866.1021666526794,0,30.583740234375,234862.06096627284,3842.9897422388262,19,1.6
1866.602475643158,0,29.752578735351562,228583.78444221633,3844.5070935680164,19,1.6
1867.102436542511,0,29.859146118164062,228505.323165184,3830.01575287618,19,1.6
1867.6028881072998,0,29.82696533203125,228470.78044395585,3833.175743065574,19,1.6
1868.1042330265045,0,29.7559814453125,228572.83173367658,3844.101066208294,19,1.6
1868.6040244102478,0,29.672897338867188,228535.87642171473,3854.7297452540133,19,1.6
1869.104457616806,0,29.825241088867188,228559.35898623546,3834.6379048278777,19,1.6
1869.6046273708344,0,29.791580200195312,228462.35169852173,3837.661487968015,19,1.6
1870.105012178421,0,29.656082153320312,228501.02823150798,3856.4096028846316,19,1.6
1870.60586810112,0,29.680389404296875,228486.76699489824,3852.57748617833,19,1.6
1871.1031489372253,0,29.63555908203125,228568.31075977546,3859.31642738426,19,1.6
1871.6018958091736,0,29.861648559570312,229052.6748727371,3838.7364907642414,19,1.6
1872.1036415100098,0,29.878494262695312,228797.0213791803,3832.723262195262,19,1.6
1872.6035659313202,0,29.7420654296875,228729.46152678016,3849.3627912512775,19,1.6
1873.1034893989563,0,29.788787841796875,228839.98389657348,3844.2316152026547,19,1.6
1873.604126214981,0,29.917327880859375,228822.08772690993,3827.748268697001,19,1.6
1874.104249238968,0,29.712905883789062,228845.93108277785,3854.8905464844283,19,1.6
1874.606522321701,0,29.466293334960938,228812.38102569018,3885.931586248895,19,1.6
1875.1111056804657,0,29.860092163085938,228699.7861859384,3833.544765193716,19,1.6
1875.6106760501862,0,29.594680786132812,228439.61014161867,3863.126648541879,19,1.6
1876.1074557304382,0,29.691757202148438,228583.39687994332,3852.112868271871,19,1.6
1876.6111409664154,0,29.698516845703125,228776.45043726257,3855.5797447698787,19,1.6
1877.1114978790283,0,29.592025756835938,228534.9109181683,3864.3180747294314,19,1.6
1877.6122477054596,0,29.672622680664062,228587.87484354625,3855.7764587002634,19,1.6
1878.110113143921,0,35.446044921875,287811.04998758575,4063.47168823655,19,2.1
1878.6105742454529,0,36.60469055175781,296892.93749712105,4059.0153272820116,19,2.1
1879.1109085083008,0,36.6591796875,296940.10771862295,4053.5004129039135,19,2.1
1879.6111686229706,0,36.59913635253906,296927.8785323931,4060.396359317107,19,2.1
1880.1116123199463,0,36.57611083984375,297013.9056186239,4063.417257531334,19,2.1
1880.6122612953186,0,36.60655212402344,296830.6909052441,4058.1532917029135,19,2.1
1881.1118621826172,0,34.4071044921875,272430.3978443937,3962.7281054980613,19,1.9
1881.612389087677,0,34.13818359375,269654.2216337956,3953.432367875277,19,1.9
1882.1119556427002,0,33.997833251953125,270031.8594301923,3974.694475337981,19,1.9
1882.6117489337921,0,34.06159973144531,270392.27744716575,3973.0371170754674,19,1.9
1883.1156573295593,0,34.00483703613281,269881.0889729866,3971.758484138277,19,1.9
1883.6166093349457,0,33.796356201171875,269509.78277054045,3991.1699118416454,19,1.9
1884.1162304878235,0,33.83807373046875,269282.99841871246,3982.259778536552,19,1.9
1884.6167702674866,0,34.217193603515625,269345.9898760089,3939.364565133438,19,1.9
1885.1175756454468,0,34.0277099609375,269473.3749750881,3963.328715179997,19,1.9
1885.6176669597626,0,34.08268737792969,269618.4631856503,3958.6373722210756,19,1.9
1886.1158034801483,0,33.96319580078125,269510.86398997327,3971.5049429152145,19,1.9
1886.615745306015,0,34.154388427734375,269685.314735179,3951.644465412345,19,1.9
1887.1158187389374,0,34.04835510253906,269511.1188691895,3961.747919797185,19,1.9
1887.6192276477814,0,34.26313781738281,269508.4469061872,3936.9132132307327,19,1.9
1888.1183760166168,0,34.12620544433594,269391.32531420095,3950.424556281145,19,1.9
1888.6187467575073,0,34.10569763183594,269507.5398177391,3954.8230754879646,19,1.9
1889.1187410354614,0,34.11485290527344,269618.2960098601,3955.6084376122385,19,1.9
1889.6193313598633,0,34.301513671875,269616.68504373514,3934.1412536744033,19,1.9
1890.118723154068,0,34.27033996582031,269630.1122625075,3937.398932563233,19,1.9
1890.6201786994934,0,34.07341003417969,269727.7521363689,3962.209824745246,19,1.9
1891.1204404830933,0,29.342514038085938,219030.50428327266,3735.330921465571,18,1.6
1891.6224157810211,0,28.574508666992188,213916.16331167336,3746.836078538591,18,1.6
1892.1232812404633,0,28.2982177734375,212863.30271962736,3764.300665605494,18,1.6
1892.623340845108,0,28.644500732421875,214205.35136739738,3743.091946393813,18,1.6
1893.1233999729156,0,28.558425903320312,213891.0645563769,3748.2808178007645,18,1.6
1893.6270127296448,0,28.497100830078125,214064.65607359572,3758.8736004660564,18,1.6
1894.1280138492584,0,28.426193237304688,213698.91484002318,3762.2695064089594,18,1.6
1894.6280171871185,0,28.612640380859375,213545.93165159356,3735.342092772982,18,1.6
1895.1272768974304,0,28.410354614257812,212980.70666663014,3751.413928023026,18,1.6
1895.6287755966187,0,28.068923950195312,211312.6938726362,3767.5473483643877,18,1.6
1896.1285064220428,0,28.266555786132812,212972.57623599973,3770.569035944846,18,1.6
1896.625627040863,0,28.367706298828125,213366.36722183815,3763.645846982367,18,1.6
1897.1274869441986,0,28.658416748046875,214861.8315061586,3752.6497344738837,18,1.6
1897.6278986930847,0,28.223663330078125,213145.1380356687,3779.558973349783,18,1.6
1898.1264328956604,0,28.4345703125,214677.8908004223,3778.780506233472,18,1.6
1898.626902103424,0,28.328338623046875,213403.12006370808,3769.9704674214095,18,1.6
1899.127605676651,0,28.232650756835938,212782.5213325531,3771.9093724919,18,1.6
1899.6306307315826,0,28.396560668945312,213492.39834555276,3762.7444128066836,18,1.6
1900.130649805069,0,28.0655517578125,213077.22460147075,3799.782770004306,18,1.6
1900.6301093101501,0,28.090133666992188,213252.9664926124,3798.8427276653188,18,1.6
1901.134108543396,0,28.3184814453125,213634.50359662282,3775.8380584951615,18,1.6
1901.632866859436,0,28.375869750976562,213802.5563557881,3770.5980799519907,18,1.6
1902.131602048874,0,28.329544067382812,213884.93546501923,3778.7759571906786,18,1.6
1902.6359827518463,0,28.375595092773438,214127.22061634835,3776.449433030243,18,1.6
1903.1366565227509,0,28.123550415039062,213567.34121936405,3800.6225537883083,18,1.6
1903.6360223293304,0,28.16436767578125,212865.48577466595,3781.977327742201,18,1.6
1904.1343009471893,0,33.678436279296875,273210.7815096601,4059.5115184740503,19,2.0
1904.633666753769,0,34.99119567871094,284384.83080250194,4067.708954758517,19,2.0
1905.1351442337036,0,34.96331787109375,283019.778427564,4050.6739240868724,19,2.0
1905.637607574463,0,30.255508422851562,234904.0738311208,3885.738701095659,19,1.6
1906.13574051857,0,29.388275146484375,228423.44052458907,3889.85060981625,19,1.6
1906.6352405548096,0,29.548263549804688,228925.59465996776,3877.351364721982,19,1.6
1907.1353981494904,0,29.692794799804688,228661.95992397555,3854.133663455377,19,1.6
1907.636167049408,0,29.745880126953125,228707.06881480213,3847.9950672659543,19,1.6
1908.137507200241,0,29.50103759765625,228430.6767218859,3874.88065874272,19,1.6
1908.6364891529083,0,29.704681396484375,228476.07419054303,3849.4605774002093,19,1.6
1909.1385083198547,0,29.585906982421875,228443.14433282762,3863.9680733100836,19,1.6
1909.6419131755829,0,29.609039306640625,228792.36813671357,3867.906648842696,19,1.6
1910.1420719623566,0,29.45172119140625,228417.10971545603,3880.893726284202,19,1.6
1910.6427626609802,0,29.404373168945312,228476.93528335655,3888.6732712520984,19,1.6
1911.139816045761,0,29.458328247070312,228371.07317272664,3879.717784438985,19,1.6
1911.6389129161835,0,29.752105712890625,228730.54782207627,3847.7276568159136,19,1.6
1912.1393711566925,0,35.73040771484375,290101.3376937342,4063.5416522180294,19,2.1
1912.6404531002045,0,36.59327697753906,296858.1174841039,4059.5161808323573,19,2.1
1913.1419413089752,0,36.534027099609375,296760.9853161436,4064.977550793679,19,2.1
1913.6428303718567,0,36.6268310546875,296769.0670602278,4055.469603095515,19,2.1
1914.1428110599518,0,36.38627624511719,297063.7029103031,4085.441417489058,19,2.1
1914.6437866687775,0,36.51026916503906,296997.9766224778,4071.1011832892623,19,2.1
1915.1444988250732,0,36.55506896972656,296935.8414078654,4064.9355667488844,19,2.1
1915.6447973251343,0,36.49287414550781,296712.77024803805,4069.2053853554758,19,2.1
1916.1433069705963,0,36.574249267578125,296735.2859117756,4059.7962493689847,19,2.1
1916.6448683738708,0,36.639129638671875,294591.7043421642,4024.085764427686,19,2.1
1917.1434345245361,0,36.65431213378906,296721.0115689613,4051.5014838623465,19,2.1
1917.6437408924103,0,36.56675720214844,296542.8558135499,4058.3855762654507,19,2.1
1918.1460046768188,0,36.60687255859375,296555.9420273821,4054.5392060583526,19,2.1
1918.6473815441132,0,36.52320861816406,296905.60677243635,4068.3993992275186,19,2.1
1919.147748708725,0,36.51214599609375,297047.161070202,4071.905278202653,19,2.1
1919.6480197906494,0,36.56105041503906,297058.4841264994,4066.21249423534,19,2.1
1920.1489765644073,0,36.42115783691406,296835.7727330665,4078.8928420455513,19,2.1
1920.6490049362183,0,36.44065856933594,296712.01070355845,4074.569610685984,19,2.1
1921.1482656002045,0,36.420654296875,296573.9009598122,4075.160176700474,19,2.1
1921.6476700305939,0,36.53385925292969,296799.803288553,4066.0363574397848,19,2.1
1922.1497509479523,0,36.526336669921875,296834.2267336331,4067.3391734446213,19,2.1
1922.6501808166504,0,36.515960693359375,296675.1189842453,4066.1671548737836,19,2.1
1923.1509156227112,0,34.42430114746094,272049.79097629804,3955.200119147299,19,1.9
1923.6510066986084,0,33.938568115234375,267209.65289528226,3940.7673165788297,19,1.9
1924.1505343914032,0,33.69915771484375,269525.80394005944,4002.681643897147,19,1.9
1924.6539905071259,0,33.78515625,269498.0244040178,3992.108220603538,19,1.9
1925.1545941829681,0,33.460968017578125,269413.32161648024,4029.590534534666,19,1.9
1925.654939174652,0,33.87565612792969,269279.2778036333,3977.841772012207,19,1.9
1926.1530706882477,0,33.718231201171875,269344.13151260774,3997.570311319158,19,1.9
1926.6577603816986,0,30.109954833984375,233116.46266382013,3874.7650284854803,19,1.6
1927.1576249599457,0,29.592391967773438,228367.46257223465,3861.3978932301106,19,1.6
1927.6576027870178,0,29.4996337890625,228353.02451993147,3874.217585791667,19,1.6
1928.156982421875,0,29.573196411132812,228556.08307457037,3867.8605589262525,19,1.6
1928.6555669307709,0,29.567901611328125,228744.8210518702,3872.104334794469,19,1.6
1929.1557111740112,0,29.628326416015625,228595.3411373158,3861.8111058122636,19,1.6
1929.6601219177246,0,29.482315063476562,228431.50656262445,3877.341374104432,19,1.6
1930.1601347923279,0,29.314163208007812,228465.6984744751,3900.2648374683063,19,1.6
1930.6603202819824,0,29.507675170898438,228491.8059156492,3875.0257123871725,19,1.6
1931.1611568927765,0,35.88873291015625,292299.3167981076,4076.376849699235,19,2.1
1931.6593630313873,0,36.350189208984375,296972.6519123073,4088.506916582083,19,2.1
1932.1600246429443,0,36.13294982910156,293528.5100978596,4065.6796828052597,19,2.1
1932.6603736877441,0,36.3751220703125,296456.1799309167,4078.6667248351428,19,2.1
1933.161428451538,0,36.234466552734375,296611.7453627722,4096.431219264047,19,2.1
1933.661574602127,0,36.33769226074219,296341.96812846756,4081.244316118025,19,2.1
1934.1619446277618,0,36.239837646484375,296637.67797707085,4096.375967467981,19,2.1
1934.6624236106873,0,36.443450927734375,296719.55803956056,4074.614127362816,19,2.1
1935.1625671386719,0,36.487884521484375,296741.98853863863,4070.0359022611415,19,2.1
1935.663098335266,0,36.579345703125,296752.12192777253,4059.83204853533,19,2.1
1936.1634919643402,0,36.577484130859375,296761.5951231307,4060.4487577289956,19,2.1
1936.6640372276306,0,36.51490783691406,296582.77037809027,4064.4769161915738,19,2.1
1937.164434671402,0,36.58058166503906,296746.8741043122,4059.9409096312797,19,2.1
1937.6649317741394,0,36.67402648925781,296459.9752737978,4045.124416416438,19,2.1
1938.1654767990112,0,36.526519775390625,296745.2475512657,4065.7035193386923,19,2.1
1938.6659996509552,0,36.788726806640625,296764.1017622521,4036.97036813984,19,2.1
1939.1662793159485,0,36.790802001953125,296748.31296537496,4036.7154810084267,19,2.1
1939.666980266571,0,36.74571228027344,296575.0716716431,4038.9474251578067,19,2.1
1940.1646149158478,0,37.228973388671875,296057.9401115459,3980.475057770229,19,2.1
1940.6671195030212,0,37.231475830078125,297552.5829549563,3999.6802887866484,19,2.1
1941.1667153835297,0,37.087646484375,296587.5650132573,4002.5726642573613,19,2.1
1941.6662821769714,0,37.045135498046875,296964.3643855481,4011.8087841205374,19,2.1
1942.1670446395874,0,36.95338439941406,296439.33168828563,4015.08555742333,19,2.1
1942.6677396297455,0,36.871429443359375,297102.8810217593,4032.932876346111,19,2.1
1943.1676225662231,0,36.72454833984375,296577.1909322517,4041.9829980305635,19,2.1
1943.6682255268097,0,36.71903991699219,296704.1659078221,4043.842113946075,19,2.1
1944.1685876846313,0,36.61970520019531,296363.10597322957,4050.687988586234,19,2.1
1944.669145822525,0,36.68597412109375,296710.84707262216,4047.950301382717,19,2.1
1945.172129392624,0,36.75311279296875,297200.55958119535,4046.7320642417417,19,2.1
1945.675080537796,0,30.821121215820312,236029.9674864116,3832.7288346461914,19,1.6
1946.1727976799011,0,29.682769775390625,228466.96289737977,3851.561052593701,19,1.6
1946.672084569931,0,29.726104736328125,228750.2490708742,3851.1604872364783,19,1.6
1947.1743597984314,0,29.701568603515625,228486.11791604123,3849.9650145233395,19,1.6
1947.6725099086761,0,29.830108642578125,228718.7818283793,3837.1298399035063,19,1.6
1948.1727278232574,0,34.44415283203125,277483.1296970609,4032.5276884392724,19,2.0
1948.6744949817657,0,35.30302429199219,283263.36717608594,4015.80325887711,19,2.0
1949.1746017932892,0,35.338836669921875,283693.1138217439,4017.6478169368634,19,2.0
1949.673877954483,0,35.33355712890625,283432.0405833144,4014.9934376106617,19,2.0
1950.1744589805603,0,35.40916442871094,283116.19552810927,4001.591178048544,19,2.0
1950.6748669147491,0,35.253753662109375,283156.1636411347,4019.657065690208,19,2.0
1951.1760039329529,0,35.021728515625,282942.96831699676,4043.346973488836,19,2.0
1951.6757428646088,0,35.12510681152344,283173.7310989294,4034.8631752346587,19,2.0
1952.1776213645935,0,35.17364501953125,282974.4886964035,4026.3668983228786,19,2.0
1952.6789813041687,0,35.22802734375,283194.2392301657,4023.5292943573536,19,2.0
1953.1782672405243,0,34.965545654296875,283084.0822625039,4052.217614472953,19,2.0
1953.6779856681824,0,35.175750732421875,283090.73232731345,4027.7747325919045,19,2.0
1954.1789724826813,0,35.1083984375,283102.9704878122,4035.5871046702455,19,2.0
1954.6810052394867,0,36.41127014160156,295428.5397075554,4060.7482085901347,19,2.1
1955.1816656589508,0,36.60609436035156,296572.7899548816,4054.2429503417443,19,2.1
1955.6823167800903,0,36.61936950683594,296716.5490606531,4055.0670860753025,19,2.1
1956.182694196701,0,36.59129333496094,296668.64189614437,4057.3313066841474,19,2.1
1956.6828339099884,0,36.47520446777344,296826.4065385596,4072.602255903623,19,2.1
1957.1808869838715,0,36.78752136230469,296318.08633301803,4031.040812441127,19,2.1
1957.682736158371,0,37.01643371582031,297051.57857990655,4016.5133448946353,19,2.1
1958.1828289031982,0,36.95326232910156,296699.5235175041,4018.725022906809,19,2.1
1958.6826429367065,0,36.87339782714844,296957.1729689865,4030.6836027618056,19,2.1
1959.1835062503815,0,36.619903564453125,296955.2659223035,4058.4486995827365,19,2.1
1959.685481786728,0,36.62348937988281,296970.8748128721,4058.2697748522282,19,2.1
1960.1861381530762,0,36.511962890625,297148.0329301912,4072.3365228380576,19,2.1
1960.6866784095764,0,36.49436950683594,297106.6315882456,4074.3819391686648,19,2.1
1961.1852180957794,0,36.54638671875,297191.5210310146,4069.7867382794234,19,2.1
1961.6862139701843,0,36.56927490234375,296881.9712371334,4063.2197492785626,19,2.1
1962.186681509018,0,36.716094970703125,296898.97087170347,4046.8900660203985,19,2.1
1962.6873700618744,0,36.58854675292969,296865.2658821051,4061.1615706792745,19,2.1
1963.1894173622131,0,36.48017883300781,296757.227247718,4070.6763165764933,19,2.1
1963.6901478767395,0,35.192169189453125,283671.35918905516,4034.4202494499978,19,2.0
1964.1906523704529,0,34.5806884765625,278211.35466425685,4026.0621211853786,19,2.0
1964.6910226345062,0,34.96833801269531,283314.31861502095,4054.4391886319454,19,2.0
1965.1913261413574,0,35.17335510253906,283165.19143336033,4028.816687714007,19,2.0
1965.6920700073242,0,35.01795959472656,283096.8713574067,4045.695455692248,19,2.0
1966.1921265125275,0,35.09248352050781,283181.65878709493,4038.186693660072,19,2.0
1966.69282412529,0,35.08631896972656,283211.6712395362,4039.8367273095746,19,2.0
1967.1930203437805,0,35.10205078125,283134.084573342,4036.6872261402996,19,2.0
1967.69411611557,0,35.04515075683594,283119.1283601703,4042.670581816931,19,2.0
1968.1941587924957,0,34.896148681640625,283263.0036461596,4062.8265684399425,19,2.0
1968.6948795318604,0,34.95545959472656,283142.73247807735,4053.1579799732935,19,2.0
1969.1949725151062,0,34.84349060058594,283238.666591387,4068.249120758764,19,2.0
1969.6956326961517,0,34.960296630859375,283185.4670748872,4053.6269327562745,19,2.0
1970.196060180664,0,34.78175354003906,283225.7864870151,4075.010187075255,19,2.0
1970.6969294548035,0,34.80348205566406,283285.6348116482,4073.615386335368,19,2.0
1971.1975491046906,0,34.92436218261719,283166.0029304382,4057.5687326519583,19,2.0
1971.6977276802063,0,34.76243591308594,283054.27586541674,4074.829518683903,19,2.0
1972.1980710029602,0,34.85081481933594,283225.7431687844,4067.1358972461703,19,2.0
1972.6978993415833,0,34.851226806640625,283202.20215093927,4066.2844033082165,19,2.0
1973.1987340450287,0,34.75506591796875,283104.1861259673,4076.902064707153,19,2.0
1973.698985338211,0,34.94306945800781,283212.27947078546,4056.31223010713,19,2.0
1974.1997413635254,0,34.890655517578125,283310.6425503818,4063.466217439563,19,2.0
1974.7005143165588,0,34.9666748046875,283191.82189004624,4053.0305152436576,19,2.0
1975.2002215385437,0,34.97802734375,283078.52556872624,4049.999692887555,19,2.0
1975.698831319809,0,34.882049560546875,283136.5017017398,4062.4619764395043,19,2.0
1976.1991827487946,0,34.784423828125,278225.4108605995,4002.854860784548,19,2.0
1976.6992392539978,0,35.08128356933594,283589.32146871084,4046.2886632824247,19,2.0
1977.1992917060852,0,35.03797912597656,283266.198492004,4045.9525216995194,19,2.0
1977.7019717693329,0,36.38043212890625,295360.33104912535,4062.870926773782,19,2.1
1978.2024137973785,0,36.51277160644531,296806.43824402255,4068.740702603242,19,2.1
1978.7038171291351,0,36.534576416015625,296898.39791949803,4066.5313402914385,19,2.1
1979.2012577056885,0,36.58479309082031,295433.41562974034,4041.6792745809284,19,2.1
1979.7021217346191,0,36.76329040527344,296725.85788580665,4039.709132746639,19,2.1
1980.2029004096985,0,36.69914245605469,296637.76657043374,4045.435126386888,19,2.1
1980.7029628753662,0,36.60711669921875,296960.4323954368,4059.7024130876616,19,2.1
1981.2035484313965,0,36.66352844238281,297646.055562815,4063.275040047345,19,2.1
1981.7036182880402,0,36.60491943359375,296872.4363902131,4059.1265408888926,19,2.1
1982.203916311264,0,36.59364318847656,296967.6491033685,4061.3338014620126,19,2.1
1982.706946849823,0,36.52107238769531,296944.5463933734,4068.856424108346,19,2.1
1983.2070770263672,0,36.47578430175781,296955.3827084089,4074.593674818875,19,2.1
1983.7075238227844,0,36.565704345703125,296502.8329086414,4058.0101670443214,19,2.1
1984.2079243659973,0,36.47187805175781,296814.71143847634,4073.1656261073767,19,2.1
1984.7085592746735,0,36.53533935546875,296710.6966088783,4063.818829091456,19,2.1
1985.2093873023987,0,36.494049072265625,296534.6345053882,4066.9918458786606,19,2.1
1985.709490776062,0,36.52241516113281,296757.5384423906,4066.352111293222,19,2.1
1986.2083821296692,0,36.54423522949219,296887.2610953041,4065.4839010038986,19,2.1
1986.7079856395721,0,36.59739685058594,296707.8010058595,4057.583674769549,19,2.1
1987.210283756256,0,35.33583068847656,285038.09588193614,4037.14861715482,19,2.0
1987.7103073596954,0,36.53257751464844,295300.77641874057,4046.059984153364,19,2.1
1988.2106761932373,0,35.4166259765625,284960.36989591084,4026.4987436796227,19,2.0
1988.7101392745972,0,35.21965026855469,283133.5636289452,4023.1518177938656,19,2.0
1989.2110512256622,0,35.03627014160156,282961.21951443027,4042.1540143292846,19,2.0
1989.7123775482178,0,34.92616271972656,283159.72788331256,4057.6745042751586,19,2.0
1990.2120559215546,0,30.19464111328125,234164.008751562,3880.9204441398883,19,1.6
1990.7127313613892,0,29.555587768554688,228821.6929151251,3874.935626279392,19,1.6
1991.2142477035522,0,29.469390869140625,228642.5065632886,3882.163717194479,19,1.6
1991.7162601947784,0,29.50933837890625,228860.9624758004,3881.3476103507687,19,1.6
1992.2152643203735,0,29.580810546875,228768.831719981,3871.0568737981066,19,1.6
1992.714958190918,0,29.629013061523438,228724.29666019112,3863.611648565456,19,1.6
1993.2150847911835,0,29.452606201171875,228820.4511439036,3888.722078368837,19,1.6
1993.7185716629028,0,29.551910400390625,228750.50180988316,3874.0304247297227,19,1.6
1994.2195355892181,0,29.419906616210938,228593.91575902957,3888.4895690649114,19,1.6
1994.7170898914337,0,29.549163818359375,228623.88187559808,3872.1907903501824,19,1.6
1995.2190208435059,0,29.73553466796875,228622.6405653561,3847.8205042416976,19,1.6
1995.7210791110992,0,29.454666137695312,228502.04099618047,3881.999526508529,19,1.6
1996.2182910442352,0,32.91999816894531,264227.5595850963,4017.1326657226487,19,1.9
1996.717874288559,0,33.461212158203125,269756.90937892935,4034.5519869908258,19,1.9
1997.2191667556763,0,33.63548278808594,269696.8050596094,4013.0240095085364,19,1.9
1997.7203452587128,0,33.75492858886719,267503.2767358106,3966.1171152396996,19,1.9
1998.2230072021484,0,33.80082702636719,269639.5386612432,3992.831296545504,19,1.9
1998.7230768203735,0,33.74250793457031,269590.4393550314,3998.0727058460693,19,1.9
1999.2231566905975,0,33.921539306640625,269296.1546447691,3972.9918734441644,19,1.9
1999.7242381572723,0,33.90870666503906,269412.90132921963,3975.940496102808,19,1.9
2000.2243165969849,0,33.77967834472656,269439.8042950709,3991.8378921168946,19,1.9
2000.7238206863403,0,36.053009033203125,293624.7071312116,4075.6653588796203,19,2.1
2001.2243282794952,0,36.56141662597656,296689.8999048529,4061.2211917003083,19,2.1
2001.7247145175934,0,36.671539306640625,296929.43052110885,4051.8070091781906,19,2.1
2002.2251522541046,0,36.613189697265625,296823.5570975817,4057.28102982227,19,2.1
2002.7239995002747,0,36.419342041015625,295957.6383345456,4067.454042227639,19,2.1
2003.2240116596222,0,36.323883056640625,296342.45211499307,4083.374009565969,19,2.1
2003.7245707511902,0,36.32368469238281,296563.0854702542,4085.818970648714,19,2.1
2004.2248673439026,0,36.414398193359375,296087.90881176194,4069.5441185960426,19,2.1
2004.725920200348,0,36.277313232421875,296075.51848383213,4084.0951768055957,19,2.1
2005.2270545959473,0,36.45506286621094,296391.803641824,4069.503337422707,19,2.1
2005.7270300388336,0,36.53388977050781,296590.458424656,4063.13154532564,19,2.1
2006.2272052764893,0,36.797576904296875,296560.0484240848,4033.7438627016636,19,2.1
2006.7272078990936,0,36.6278076171875,296826.018704126,4055.825605305694,19,2.1
2007.2283840179443,0,36.58061218261719,297144.97717553907,4064.8854988451817,19,2.1
2007.7286503314972,0,36.71449279785156,296471.81488778896,4041.1289573550125,19,2.1
2008.2308378219604,0,36.68949890136719,296571.12189508695,4046.1713690635365,19,2.1
2008.7297642230988,0,36.68070983886719,296917.1208079317,4050.79401823781,19,2.1
2009.230926990509,0,36.578125,296528.3104347899,4057.1789833404528,19,2.1
2009.730679988861,0,36.6917724609375,296698.6158422166,4047.474134919605,19,2.1
2010.2306237220764,0,35.38716125488281,284280.35292633844,4020.752017240926,19,2.0
2010.733922958374,0,35.22076416015625,282934.974247001,4020.2421320597446,19,2.0
2011.2328162193298,0,35.17619323730469,282883.81788582593,4024.5116646069264,19,2.0
2011.7317464351654,0,35.071258544921875,283480.12117042724,4044.9361068207427,19,2.0
2012.2352092266083,0,35.062347412109375,283280.49861433264,4043.596919898026,19,2.0
2012.7353684902191,0,35.02513122558594,283211.82615045813,4046.3231697036736,19,2.0
2013.2356541156769,0,35.14732360839844,283121.22965279926,4031.5729749089937,19,2.0
2013.736403465271,0,35.067108154296875,283368.87839906994,4044.074560582867,19,2.0
2014.2365186214447,0,35.060272216796875,283494.9386228089,4046.4032658603564,19,2.0
2014.7372114658356,0,35.10394287109375,283616.1143725577,4043.4489231373764,19,2.0
2015.2373270988464,0,34.895111083984375,283423.08620125364,4064.752786103024,19,2.0
2015.7381796836853,0,35.03514099121094,283423.9793658281,4048.59224158919,19,2.0
2016.2365264892578,0,34.97975158691406,283371.6424287714,4054.6028363751525,19,2.0
2016.7393095493317,0,35.01191711425781,283504.5169710105,4052.2773870678275,19,2.0
2017.2410953044891,0,35.21363830566406,283176.2635920629,4024.9746069891985,19,2.0
2017.740929365158,0,35.02783203125,283179.89053382253,4045.554400100367,19,2.0
2018.2405109405518,0,35.10566711425781,283215.2221104856,4037.239900290566,19,2.0
2018.7417860031128,0,34.979522705078125,283343.6075782832,4053.714545951044,19,2.0
2019.24143409729,0,34.99542236328125,283064.38131699833,4048.1294533150785,19,2.0
2019.7416098117828,0,36.393768310546875,295136.70968109486,4058.2771956922597,19,2.1
2020.2421152591705,0,36.43431091308594,296893.0061007182,4078.188835640448,19,2.1
2020.7432777881622,0,36.32112121582031,294096.5921752964,4051.884828266202,19,2.1
2021.2429654598236,0,36.491424560546875,296798.8447057247,4070.51798576794,19,2.1
2021.7432310581207,0,36.557281494140625,296913.5758978126,4064.525422214876,19,2.1
2022.2436120510101,0,36.42352294921875,296848.8226903183,4078.62798464382,19,2.1
2022.744092464447,0,36.45899963378906,296979.45527532574,4076.1952190884904,19,2.1
2023.244955778122,0,36.41957092285156,296789.84758017695,4078.6312478710975,19,2.1
2023.743442773819,0,36.50770568847656,296372.87392848573,4062.7861215287835,19,2.1
2024.243238210678,0,36.58491516113281,295482.17849067214,4042.239796065196,19,2.1
2024.7436685562134,0,36.741241455078125,297804.6732486714,4056.395323011088,19,2.1
2025.2440090179443,0,36.57562255859375,296832.7553233466,4061.448298303727,19,2.1
2025.7471780776978,0,36.57380676269531,297303.86489037354,4068.2393540659377,19,2.1
2026.246342420578,0,36.550567626953125,296848.36939380213,4064.3418049259867,19,2.1
2026.7464921474457,0,36.54670715332031,297439.55459154886,4073.636494128699,19,2.1
2027.2471981048584,0,36.605743408203125,296742.33866838785,4057.3141308398435,19,2.1
2027.7466475963593,0,36.635467529296875,297021.83446858224,4057.652598021943,19,2.1
2028.2478597164154,0,36.696014404296875,297098.24667091295,4051.965926375623,19,2.1
2028.747524023056,0,36.68669128417969,297863.34682243544,4063.4081401689223,19,2.1
2029.2478880882263,0,36.64495849609375,296268.03107537306,4046.341054412874,19,2.1
2029.7511036396027,0,36.66944885253906,296815.4569546457,4050.7562739033333,19,2.1
2030.2512471675873,0,36.415191650390625,296950.1828296613,4080.9341723842304,19,2.1
2030.7523033618927,0,36.507781982421875,296811.32483391877,4068.6120036412667,19,2.1
2031.2510232925415,0,35.25932312011719,284938.8059190762,4044.320406101036,19,2.0
2031.7501385211945,0,35.33027648925781,282792.1064576182,4005.7144767330124,19,2.0
2032.2506227493286,0,36.42167663574219,295713.0226775044,4063.3769137021554,19,2.1
2032.751533985138,0,36.64424133300781,297088.3370235295,4057.827221710277,19,2.1
2033.251986503601,0,36.685333251953125,296683.21382904163,4047.448580614838,19,2.1
2033.752053976059,0,36.58134460449219,296501.6152066465,4056.1384936566565,19,2.1
2034.253868818283,0,36.52116394042969,296940.5300551161,4069.2295635047467,19,2.1
2034.7547860145569,0,36.6455078125,296929.19647339516,4055.476615589607,19,2.1
2035.2533493041992,0,36.698638916015625,296871.1289166264,4048.9240034227523,19,2.1
2035.756463766098,0,36.78765869140625,297269.031491898,4044.1551675794594,19,2.1
2036.2569546699524,0,36.59086608886719,296959.7986966232,4061.3414188961806,19,2.1
2036.7601146697998,0,30.590469360351562,236361.40587406265,3866.302233116202,19,1.6
2037.2619552612305,0,29.77130126953125,228520.13830776612,3841.753471389355,19,1.6
2037.7609236240387,0,29.620697021484375,228532.5872461289,3861.151542688059,19,1.6
2038.261137008667,0,29.517776489257812,228537.64015417374,3874.275558716904,19,1.6
2038.7617955207825,0,29.502517700195312,228602.72370078068,3877.872429824611,19,1.6
2039.2618417739868,0,29.445083618164062,228459.33311239636,3882.6855268115,19,1.6
2039.7625410556793,0,29.716506958007812,228475.16060095438,3847.996003082925,19,1.6
2040.2590765953064,0,29.568283081054688,228562.39286967667,3868.3341770793177,19,1.6
2040.760870218277,0,29.479217529296875,228743.05326669957,3883.2781055410337,19,1.6
2041.2599873542786,0,29.610015869140625,228706.5449370921,3865.854057825678,19,1.6
2041.7605125904083,0,29.723220825195312,228944.97950251427,3855.13402715996,19,1.6
2042.2628710269928,0,34.26448059082031,276531.04119791766,4039.1098190782955,19,2.0
2042.7628817558289,0,35.12904357910156,283125.11832847935,4033.2438792694174,19,2.0
2043.2632303237915,0,35.097137451171875,283206.08614606503,4038.676949001924,19,2.0
2043.7652461528778,0,35.09440612792969,283259.7464290084,4039.0197652380684,19,2.0
2044.2645349502563,0,35.02137756347656,283190.52151908743,4047.213726618743,19,2.0
2044.7645778656006,0,35.0018310546875,280690.81412925967,4013.047196889114,19,2.0
2045.2652189731598,0,35.00190734863281,283221.6026824103,4049.43646608265,19,2.0
2045.766023159027,0,35.01722717285156,283091.5828535327,4045.8371903826287,19,2.0
2046.2642982006073,0,36.29368591308594,295392.68618239084,4073.215389421171,19,2.1
2046.7639725208282,0,36.6246337890625,296975.81837558514,4058.3067903436,19,2.1
2047.2649931907654,0,36.62355041503906,296802.2425646629,4055.8328812108853,19,2.1
2047.7662093639374,0,36.61207580566406,297179.11882471,4062.621327168482,19,2.1
2048.2663745880127,0,36.61726379394531,296537.38005551667,4052.9516578608846,19,2.1
2048.7680246829987,0,36.58544921875,297032.5229653835,4063.0634083841605,19,2.1
2049.2686419487,0,36.56230163574219,296729.8633659272,4061.5604969144215,19,2.1
2049.7691566944122,0,36.4522705078125,296812.44283309754,4074.807904439466,19,2.1
2050.2704696655273,0,36.51042175292969,297427.2129405142,4077.4111295510975,19,2.1
2050.770039319992,0,36.44061279296875,297113.81508844154,4080.2826463085576,19,2.1
2051.269067287445,0,36.53306579589844,297016.3464020138,4068.5881888589697,19,2.1
2051.770169019699,0,36.56971740722656,296898.274829648,4063.7174836531085,19,2.1
2052.2731897830963,0,36.59062194824219,296805.8947330185,4059.619435004877,19,2.1
2052.782363176346,0,37.28111267089844,297114.8096562332,4072.6788746978928,19,2.1
2053.282961368561,0,36.45452880859375,297152.0118153826,4079.3285460034053,19,2.1
2053.783324956894,0,36.48455810546875,297072.50320738915,4075.0390773600907,19,2.1
2054.2843651771545,0,36.433624267578125,297195.9823227482,4082.465112655871,19,2.1
2054.784677028656,0,36.421051025390625,297268.3054734594,4084.451047178546,19,2.1
2055.284986972809,0,36.4971923828125,297250.1865425832,4076.2861548238207,19,2.1
2055.785806655884,0,36.42094421386719,296902.32460083184,4079.7953816755994,19,2.1
2056.285555124283,0,36.48234558105469,296885.72897548997,4072.9837304420457,19,2.1
2056.786742925644,0,36.47216796875,296723.9850318539,4072.0365218555457,19,2.1
2057.2868044376373,0,36.73466491699219,296662.44661403756,4041.7409641682066,19,2.1
2057.7865562438965,0,36.60505676269531,296648.8416552259,4055.887714161493,19,2.1
2058.286400794983,0,36.65425109863281,296818.0576252841,4052.8723285125593,19,2.1
2058.786775827408,0,36.61647033691406,296930.7343804812,4058.583436158815,19,2.1
2059.2889428138733,0,36.48127746582031,297087.32200236164,4075.4603546791354,19,2.1
2059.7898557186127,0,36.52220153808594,297072.90079075634,4070.784173428329,19,2.1
2060.2899022102356,0,34.99369812011719,284963.8084693949,4075.448085265771,19,2.0
2060.7879314422607,0,35.083282470703125,283364.5398804994,4042.495171836685,19,2.0
2061.2885098457336,0,35.031341552734375,283437.65355975484,4049.5166246046065,19,2.0
2061.791202068329,0,34.9700927734375,283488.3293712182,4056.494814556244,19,2.0
2062.2918939590454,0,35.053131103515625,283501.07893877284,4048.1405093586136,19,2.0
2062.7923567295074,0,34.900238037109375,283503.52465099544,4064.9006419140774,19,2.0
2063.2911586761475,0,34.98573303222656,283227.8451978057,4051.823063687809,19,2.0
2063.7936329841614,0,35.10121154785156,283212.7248944727,4038.151213292685,19,2.0
2064.2941019535065,0,34.96946716308594,283129.535845363,4052.192140622116,19,2.0
2064.7947142124176,0,35.24238586425781,283160.25488268427,4020.528024003689,19,2.0
2065.295258283615,0,35.10310363769531,283096.07701098075,4036.024890057322,19,2.0
2065.795362472534,0,35.220245361328125,283211.3114910126,4024.418301061349,19,2.0
2066.2942299842834,0,35.197418212890625,283246.64672296547,4027.539723015323,19,2.0
2066.7949769496918,0,35.28033447265625,283303.46570135636,4019.292960782516,19,2.0
2067.296782016754,0,33.80419921875,271069.6884155767,4012.8446505178317,19,1.9
2067.7945930957794,0,33.91099548339844,269447.5852630622,3976.7927209928407,19,1.9
2068.295560359955,0,33.7845458984375,269717.3496940556,3995.613864570047,19,1.9
2068.796992301941,0,33.666717529296875,269708.9502616552,4008.85532967546,19,1.9
2069.296224832535,0,33.68798828125,269714.7611157815,4007.481802501703,19,1.9
2069.7996006011963,0,33.73301696777344,269663.3826222029,4001.065191676765,19,1.9
2070.2973172664642,0,33.88990783691406,269581.101749049,3980.8901413726826,19,1.9
2070.7988271713257,0,33.88153076171875,269809.78755591286,3985.9769309062085,19,1.9
2071.3010873794556,0,33.82427978515625,269700.32241794025,3990.4471242942236,19,1.9
2071.8007566928864,0,36.145782470703125,293430.7350624274,4062.576321843933,19,2.1
2072.301220178604,0,36.51806640625,296773.3024100961,4067.4661781812833,19,2.1
2072.801679134369,0,36.54530334472656,296885.9884586765,4065.3924417742887,19,2.1
2073.3024322986603,0,36.53764343261719,296918.23844909284,4066.9015853208834,19,2.1
2073.800124168396,0,36.555267333984375,296241.98949314037,4055.44838847829,19,2.1
2074.3005154132843,0,36.745635986328125,296875.10476281913,4043.391712019374,19,2.1
2074.800941467285,0,36.79389953613281,297353.32844464487,4044.6107065617452,19,2.1
2075.302638053894,0,36.65354919433594,296776.59162101394,4052.813527344724,19,2.1
2075.802921295166,0,36.778564453125,296844.6588320321,4039.7715954728,19,2.1
2076.302857398987,0,36.78819274902344,296895.5352660599,4038.8502097305172,19,2.1
2076.803611755371,0,36.658447265625,296792.37862073036,4052.517525457367,19,2.1
2077.3037981987,0,36.683563232421875,296694.46424701496,4047.616613992631,19,2.1
2077.8041474819183,0,36.705535888671875,296826.4786757924,4047.0189687611983,19,2.1
2078.30468416214,0,36.5849609375,297172.1234131674,4065.3863278434724,19,2.1
2078.8074855804443,0,36.54496765136719,297103.8383921512,4068.686047788507,19,2.1
2079.3081023693085,0,36.68128967285156,296679.6937255935,4047.8947529997567,19,2.1
2079.8083913326263,0,36.59367370605469,296831.3523071811,4059.6907868099574,19,2.1
2080.3087725639343,0,36.715240478515625,296786.1416045322,4045.404525864756,19,2.1
2080.8096528053284,0,36.683502197265625,297050.9233557808,4052.5847068953326,19,2.1
2081.308334350586,0,36.703216552734375,296757.8474374473,4046.2666204370034,19,2.1
2081.807925224304,0,36.738616943359375,294838.1592087102,4016.4821726276755,19,2.1
2082.311158657074,0,36.75079345703125,297052.515306027,4045.490886443845,19,2.1
2082.8113689422607,0,36.62371826171875,296787.35252449,4055.8689027286377,19,2.1
2083.3112576007843,0,36.595123291015625,296984.07141570986,4061.4701258976156,19,2.1
2083.814513206482,0,30.731033325195312,235883.15847828466,3841.0358269086873,19,1.6
2084.314504146576,0,29.631256103515625,228574.7931323175,3860.518082675134,19,1.6
2084.8158147335052,0,29.629364013671875,228692.888021435,3862.890879034293,19,1.6
2085.312114238739,0,29.572998046875,228633.391253394,3869.3405321511423,19,1.6
2085.8115491867065,0,35.75236511230469,289675.364127218,4054.9205498605033,19,2.1
2086.3120057582855,0,36.651031494140625,296683.1558150237,4051.400300254542,19,2.1
2086.813157081604,0,36.77862548828125,296917.6609387455,4040.145547237633,19,2.1
2087.315414905548,0,36.8245849609375,296732.7649713275,4032.9578773946105,19,2.1
2087.8148844242096,0,36.65150451660156,296725.42976448074,4051.457149125747,19,2.1
2088.31582736969,0,36.48579406738281,297027.6155838114,4074.10620488279,19,2.1
2088.8153207302094,0,36.47265625,297047.2026536532,4075.902752490093,19,2.1
2089.318077325821,0,36.62538146972656,296803.17494951276,4056.1488792353894,19,2.1
2089.8177897930145,0,36.530487060546875,296882.9316272892,4066.712818632099,19,2.1
2090.3185398578644,0,36.49934387207031,296670.0978168343,4067.990934862194,19,2.1
2090.818730354309,0,36.54429626464844,296829.544130384,4064.9845580335764,19,2.1
2091.3174962997437,0,36.47846984863281,296820.3933531769,4072.5666568924894,19,2.1
2091.818767309189,0,35.45387268066406,284593.8117634478,4017.276230522422,19,2.0
2092.3189992904663,0,35.19935607910156,283125.54571799474,4026.1247870991515,19,2.0
2092.819364309311,0,35.11920166015625,283338.8986073161,4037.0507670409615,19,2.0
2093.3186190128326,0,35.07086181640625,283119.04510584753,4040.647781678069,19,2.0
2093.820119380951,0,35.245697021484375,281824.46497500385,4001.594858913649,19,2.0
2094.319674015045,0,35.24043273925781,283901.4084511202,4032.10145151562,19,2.0
2094.8200511932373,0,35.27653503417969,283106.03726770176,4016.2391193671997,19,2.0
2095.3204576969147,0,35.0787353515625,281994.808618249,4023.235119099403,19,2.0
2095.8219895362854,0,35.24223327636719,283163.20762835746,4021.283182840579,19,2.0
2096.3220829963684,0,35.41387939453125,283956.45695699455,4013.172305035495,19,2.0
2096.8238775730133,0,35.01576232910156,283050.87798750034,4045.692299043966,19,2.0
2097.323125600815,0,35.16542053222656,283419.6709214066,4033.763789914176,19,2.0
2097.8248019218445,0,35.0218505859375,283100.26301481965,4045.7313828211322,19,2.0
2098.3263177871704,0,35.124359130859375,283029.94893930206,4032.5575613295046,19,2.0
2098.827090740204,0,35.060882568359375,283023.0379926815,4039.715763681863,19,2.0
2099.3277127742767,0,35.09300231933594,283106.4931451853,4037.6140721915076,19,2.0
2099.8276839256287,0,35.16307067871094,283037.2837619093,4027.8621083496387,19,2.0
2100.3281812667847,0,35.08186340332031,283211.9047658035,4040.5493394226064,19,2.0
2100.8297877311707,0,35.119415283203125,283200.81867723534,4035.687919547651,19,2.0
2101.3269577026367,0,35.08978271484375,283084.09321639437,4037.4430685793104,19,2.0
2101.8279383182526,0,36.48817443847656,295749.7140490734,4056.437524699022,19,2.1
2102.327975988388,0,36.745147705078125,296820.9028737181,4042.465720704447,19,2.1
2102.8276166915894,0,36.61138916015625,296892.37902126816,4058.3272967336343,19,2.1
2103.328307390213,0,36.75929260253906,296629.5628571593,4038.597848037635,19,2.1
2103.8284060955048,0,36.74021911621094,297082.9961119036,4046.6824525387624,19,2.1
2104.3327112197876,0,36.76568603515625,297292.7010830939,4047.33369745123,19,2.1
2104.8303480148315,0,36.76747131347656,296950.7175269951,4041.942366200433,19,2.1
2105.3299963474274,0,36.77056884765625,296807.6949006974,4039.8069612531517,19,2.1
2105.8306562900543,0,35.498992919921875,284606.58590339194,4012.5927042865947,19,2.0
2106.3338770866394,0,35.510284423828125,283155.07842180965,3990.8438442387037,19,2.0
2106.8343093395233,0,35.30549621582031,283062.5689670782,4011.953241901459,19,2.0
2107.335245370865,0,35.32383728027344,283113.95945627615,4011.427152596801,19,2.0
2107.83548951149,0,35.14288330078125,283089.3813720322,4031.2856172746233,19,2.0
2108.3357095718384,0,35.18238830566406,283238.6626941103,4029.260286948115,19,2.0
2108.835024833679,0,35.00311279296875,280733.6804515708,4013.871589963923,19,2.0
2109.3338067531586,0,35.30470275878906,283186.64453735633,4014.2244212697337,19,2.0
2109.8370683193207,0,35.22599792480469,283164.41576371255,4022.767511157335,19,2.0
2110.336596727371,0,35.20783996582031,283210.17343901686,4026.1487253297137,19,2.0
2110.836532831192,0,35.32667541503906,283159.4095910888,4011.218104596252,19,2.0
2111.3358619213104,0,35.30908203125,283141.58749289095,4013.4150152807933,19,2.0
2111.836540222168,0,35.30592346191406,283394.6447477566,4017.2862254403885,19,2.0
2112.3377537727356,0,35.27655029296875,284079.21342602215,4030.467798557367,19,2.0
2112.83882021904,0,35.28413391113281,283148.37841251644,4016.3944609473956,19,2.0
2113.3374564647675,0,35.24092102050781,283116.6745104167,4020.7518957164366,19,2.0
2113.8382499217987,0,35.24147033691406,283294.8860610043,4023.3565354814828,19,2.0
2114.3404664993286,0,35.115875244140625,283297.0309817743,4037.547092711508,19,2.0
2114.841943025589,0,34.957489013671875,281836.7582861983,4034.5003024914295,19,2.0
2115.3427028656006,0,35.03395080566406,283063.9698553437,4043.5633647432364,19,2.0
2115.8426530361176,0,35.31852722167969,283077.7319110354,4011.0959075620995,19,2.0
2116.3415746688843,0,35.31419372558594,283005.9787839059,4010.597016615025,19,2.0
2116.8420345783234,0,35.263671875,283183.429366612,4018.9802270839104,19,2.0
2117.341399908066,0,35.40834045410156,283102.0579483506,4001.543087953093,19,2.0
2117.8426792621613,0,36.60430908203125,296614.8629647939,4055.7793255241986,19,2.1
2118.3428616523743,0,36.55964660644531,296891.9376398862,4064.481300916162,19,2.1
2118.845639228821,0,35.473907470703125,284528.31100732664,4013.8234029502523,19,2.0
2119.3460173606873,0,35.17848205566406,283220.51860618347,4029.1391702382653,19,2.0
2119.8465626239777,0,35.30281066894531,283225.8926135865,4014.9494421044215,19,2.0
2120.3467433452606,0,35.27305603027344,283144.2526259938,4017.2872993591172,19,2.0
2120.8477461338043,0,35.32145690917969,283202.91771785246,4012.660076973355,19,2.0
2121.347242832184,0,35.208343505859375,283205.7558547333,4025.4946949268747,19,2.0
2121.848160505295,0,35.129913330078125,283200.2164522963,4034.6242436825505,19,2.0
2122.348790168762,0,35.1376953125,283154.9096762232,4033.0476640449124,19,2.0
2122.8490693569183,0,35.03448486328125,283156.87577497476,4044.4151113666258,19,2.0
2123.348911523819,0,36.3087158203125,295278.84417122515,4070.647960435851,19,2.1
2123.8494205474854,0,36.6080322265625,296688.8850371394,4055.9951182588457,19,2.1
2124.3504378795624,0,36.51832580566406,296758.6869289328,4066.999149697171,19,2.1
2124.8504359722137,0,36.650421142578125,296771.46010603604,4052.722871100727,19,2.1
2125.3512291908264,0,36.55757141113281,296935.4173464723,4064.876146415637,19,2.1
2125.8525261878967,0,36.55809020996094,296742.3589813177,4061.8916126953413,19,2.1
2126.3517463207245,0,36.49609375,296891.6740002601,4071.5042277641014,19,2.1
2126.8522300720215,0,36.501983642578125,296887.5535767543,4070.0801757716977,19,2.1
2127.353366613388,0,36.57328796386719,296624.65427615546,4059.274084043879,19,2.1
2127.853675842285,0,36.53352355957031,296788.30797452066,4065.444160014301,19,2.1
2128.3547620773315,0,36.60740661621094,296874.9642766022,4058.8507554698567,19,2.1
2128.8548028469086,0,36.61631774902344,296747.50388275145,4055.568913779172,19,2.1
2129.354744195938,0,36.58203125,296919.3543593923,4062.322263747998,19,2.1
2129.85591840744,0,36.533111572265625,296768.5447241069,4064.915185399589,19,2.1
2130.3554990291595,0,36.5386962890625,296748.8295776201,4064.8412528188423,19,2.1
2130.856353998184,0,36.52650451660156,297035.34050875646,4069.2095224289737,19,2.1
2131.3553619384766,0,36.62591552734375,296696.9427605554,4054.1785198282228,19,2.1
2131.85719370842,0,36.68489074707031,297160.6955048796,4053.9305684555366,19,2.1
2132.356353521347,0,36.61865234375,296901.5687330668,4057.986585772385,19,2.1
2132.8555991649628,0,36.78570556640625,297649.87605570426,4049.507755970247,19,2.1
2133.355822324753,0,36.79222106933594,297050.31681509607,4040.7998125426393,19,2.1
2133.858286380768,0,36.819244384765625,296842.5294297638,4035.1452747757344,19,2.1
2134.3581149578094,0,36.660919189453125,296774.9711211437,4051.4259675935755,19,2.1
2134.858193874359,0,36.804412841796875,296801.9467719079,4036.2279555591304,19,2.1
2135.358310699463,0,35.53269958496094,284523.16299947916,4007.2103066513046,19,2.0
2135.8594484329224,0,35.31321716308594,283183.7652779206,4013.56804579553,19,2.0
2136.359716653824,0,35.26922607421875,283203.1681999716,4019.0277978233144,19,2.0
2136.8596329689026,0,35.22377014160156,283330.89714474947,4025.5770302262367,19,2.0
2137.3614172935486,0,35.321044921875,283163.13603847666,4012.2255814757214,19,2.0
2137.862961769104,0,37.790618896484375,283373.7197136324,3752.5450532696236,19,2.0
2138.3633811473846,0,35.73486328125,283178.4387099752,3966.26674865068,19,2.0
2138.8640356063843,0,35.135345458984375,282940.1361146979,4029.816646182843,19,2.0
2139.3650665283203,0,35.23777770996094,281487.7632740297,3998.2657578367525,19,2.0
2139.8640558719635,0,35.293792724609375,283414.75955662155,4018.8653315544134,19,2.0
2140.363055706024,0,35.30101013183594,283079.54483848694,4013.2279351472475,19,2.0
2140.8637013435364,0,35.364166259765625,283122.56757628586,4006.5980619823904,19,2.0
2141.364247083664,0,35.48321533203125,283333.50276254263,3996.509298073301,19,2.0
2141.864012479782,0,35.39949035644531,283100.1134094455,4002.289258218205,19,2.0
2142.365902662277,0,35.45347595214844,283239.97473056184,3998.310354429715,19,2.0
2142.866480112076,0,35.161041259765625,280631.49620631995,3994.1934302356362,19,2.0
2143.366774082184,0,36.52276611328125,295351.2226958762,4047.61237255364,19,2.1
2143.868334531784,0,36.6650390625,296868.0063985481,4051.761672659475,19,2.1
2144.367362976074,0,36.56376647949219,297212.7525237163,4068.153101334047,19,2.1
2144.868131160736,0,36.67706298828125,296721.22866138,4048.7974745264323,19,2.1
2145.3673963546753,0,36.687469482421875,296810.17552341643,4049.2844585854805,19,2.1
2145.867639541626,0,36.58320617675781,296433.09245753626,4054.729355412287,19,2.1
2146.3707604408264,0,36.638580322265625,296764.78407966526,4054.1145069895792,19,2.1
2146.871233701706,0,36.53477478027344,296857.24676645413,4066.016579913571,19,2.1
2147.3737287521362,0,36.51933288574219,296724.56455194653,4066.339340442254,19,2.1
2147.8726994991302,0,36.587554931640625,296803.25476957514,4059.768417909402,19,2.1
2148.3729753494263,0,36.50962829589844,296725.0298430562,4067.44760030008,19,2.1
2148.8733456134796,0,36.528717041015625,296763.9156411447,4065.5410873929486,19,2.1
2149.374157190323,0,35.36122131347656,284777.98513297737,4030.5734560610813,19,2.0
2149.872214078903,0,35.38958740234375,282910.24183092057,4001.092140187609,19,2.0
2150.3722755908966,0,35.15223693847656,283033.59142305417,4029.4163995282447,19,2.0
2150.8742821216583,0,35.32530212402344,283011.1643630232,4009.5906187218666,19,2.0
2151.3741335868835,0,35.457733154296875,283057.1825336376,3995.29206741838,19,2.0
2151.876052379608,0,35.36427307128906,283028.80491830007,4005.2003815962235,19,2.0
2152.3759441375732,0,35.48127746582031,283006.95436771814,3991.936314481437,19,2.0
2152.8755333423615,0,35.43058776855469,283064.575161311,3998.409536003556,19,2.0
2153.3751323223114,0,35.260162353515625,281966.89154952916,4002.080267957989,19,2.0
2153.875762462616,0,35.37660217285156,283208.9476658365,4006.687790631722,19,2.0
2154.3763065338135,0,35.242218017578125,283461.5576267066,4026.080308828152,19,2.0
2154.8765890598297,0,35.429931640625,283193.0124916451,4000.092391866098,19,2.0
2155.377028942108,0,34.93046569824219,280978.6227292247,4025.826658448377,19,2.0
2155.877583026886,0,35.17430114746094,282980.4985674654,4026.2065024772437,19,2.0
2156.378769636154,0,35.1556396484375,283183.3299082693,4031.757106894217,19,2.0
2156.8785922527313,0,35.30223083496094,282894.801621688,4010.1998273661407,19,2.0
2157.378724336624,0,35.44392395019531,283288.88567350444,4000.488213416863,19,2.0
2157.8801715373993,0,36.29118347167969,295346.50543330115,4072.724718810585,19,2.1
2158.3796315193176,0,36.469818115234375,296980.32401192107,4075.2328276053663,19,2.1
2158.879890680313,0,36.47294616699219,297779.06590084836,4085.850353785376,19,2.1
2159.381947040558,0,36.55253601074219,296822.7311383506,4064.478589292371,19,2.1
2159.882705450058,0,36.60618591308594,296667.5105278935,4056.0631023545834,19,2.1
2160.3837089538574,0,36.428924560546875,297058.0872640242,4081.152594908449,19,2.1
2160.88468170166,0,36.51995849609375,296798.6986132105,4067.392355221002,19,2.1
2161.3831429481506,0,36.49882507324219,296960.5906029165,4071.4735255668197,19,2.1
2161.8851239681244,0,36.33343505859375,294171.1983625895,4052.520763934035,19,2.1
2162.3857913017273,0,36.55238342285156,296803.518486751,4063.373878573006,19,2.1
2162.886233329773,0,36.53456115722656,296807.9250719079,4065.8487551209546,19,2.1
2163.386468887329,0,36.47430419921875,296844.4970456796,4072.8946928940168,19,2.1
2163.887176513672,0,36.57273864746094,296967.1301290338,4063.2177270737902,19,2.1
2164.387423992157,0,36.52215576171875,296904.71224091476,4068.817869611066,19,2.1
2164.8881120681763,0,36.426605224609375,297064.08246265096,4080.9457560862816,19,2.1
2165.388512134552,0,36.52723693847656,296936.02992718393,4068.470885172791,19,2.1
2165.88876247406,0,36.57373046875,297164.88811532414,4066.115162276544,19,2.1
2166.387706041336,0,36.61785888671875,297073.75039009354,4060.068079347009,19,2.1
2166.8880608081818,0,36.7493896484375,296680.9138665405,4040.8562270180137,19,2.1
2167.3908307552338,0,36.765777587890625,297214.3767498142,4045.8276625432354,19,2.1
2167.8897864818573,0,36.7886962890625,296844.0282162908,4037.7076380432222,19,2.1
2168.3921251296997,0,36.81169128417969,296877.99866886233,4036.3535283654946,19,2.1
2168.8918471336365,0,36.47807312011719,294114.3139521324,4035.0815547553007,19,2.1
2169.3925280570984,0,36.568267822265625,296798.69050637394,4061.663536317805,19,2.1
2169.8928651809692,0,36.63658142089844,296672.749914583,4052.7525833866093,19,2.1
2170.393703699112,0,35.47918701171875,284751.58367162687,4016.6365692914565,19,2.0
2170.894047021866,0,35.290313720703125,283042.0626941967,4013.480897930029,19,2.0
2171.3924810886383,0,35.26362609863281,283085.5808747061,4017.766057401937,19,2.0
2171.892173051834,0,35.44889831542969,283320.34763539076,3999.814006583221,19,2.0
2172.3937969207764,0,36.64622497558594,295377.0540493652,4033.7306256914526,19,2.1
2172.894885778427,0,36.51202392578125,293824.89586330345,4027.3856168287884,19,2.1
2173.3958609104156,0,36.689453125,296715.1961406894,4047.4574394463666,19,2.1
2173.8967957496643,0,36.74674987792969,296689.10095852934,4040.7110967160597,19,2.1
2174.396748781204,0,36.388641357421875,294001.15251435706,4043.074830821976,19,2.1
2174.897041320801,0,36.350616455078125,290870.61407568795,4004.388761326363,19,2.1
2175.397258043289,0,36.57395935058594,295481.6324484412,4043.2592649455905,19,2.1
2175.897085428238,0,36.612152099609375,296821.47330518137,4057.0136274940464,19,2.1
2176.3970079421997,0,36.76734924316406,296943.7304133198,4042.2549642365802,19,2.1
2176.898333311081,0,36.7269287109375,296684.4574512677,4042.9735132134797,19,2.1
2177.398276090622,0,36.50395202636719,293627.39575408306,4025.5915275654665,19,2.1
2177.898253440857,0,35.46894836425781,283557.2637659031,4000.5696967037543,19,2.0
2178.39928650856,0,35.30360412597656,283173.61429299763,4014.7175765465668,19,2.0
2178.8982195854187,0,38.419403076171875,283211.89251398173,3688.9172827336297,19,2.0
2179.399483203888,0,35.608673095703125,283329.05505380465,3982.0354894692864,19,2.0
2179.900997400284,0,35.39485168457031,283119.46307864547,4002.898536279599,19,2.0
2180.40030169487,0,35.486083984375,283427.3461858111,3997.36978761756,19,2.0
2180.901773929596,0,35.21319580078125,283124.77328479727,4023.917647283133,19,2.0
2181.402191400528,0,35.2734375,283424.5387468302,4021.524695459579,19,2.0
2181.90155005455,0,35.18878173828125,283595.6513226724,4033.9276606889807,19,2.0
2182.4035153388977,0,36.313262939453125,293713.13260921167,4047.8598754698874,19,2.1
2182.903053998947,0,36.439666748046875,296663.08324485086,4074.406086821796,19,2.1
2183.4041266441345,0,36.44013977050781,295205.51932346844,4054.320343731798,19,2.1
2183.905699968338,0,36.30291748046875,296831.3810508774,4092.288177112143,19,2.1
2184.4060757160187,0,36.47918701171875,296907.97651982063,4072.842959802568,19,2.1
2184.906508207321,0,36.471923828125,296889.6286345933,4073.928227647283,19,2.1
2185.4068987369537,0,36.31623840332031,297033.9211721298,4093.5407006912965,19,2.1
2185.9075980186462,0,36.08912658691406,293101.51515788055,4064.0218778024273,19,2.1
2186.4061000347137,0,36.25004577636719,296067.5200694423,4087.581045114184,19,2.1
2186.906717300415,0,36.65498352050781,296538.9192475596,4048.69913301066,19,2.1
2187.4078907966614,0,36.59440612792969,294713.7127451608,4030.5340516901692,19,2.1
2187.907468318939,0,36.65974426269531,296692.7576562553,4050.3283093301943,19,2.1
2188.4073905944824,0,36.580413818359375,295676.51032079797,4045.6896068716333,19,2.1
2188.9076368808746,0,36.58970642089844,296733.82115132833,4058.6824690995572,19,2.1
2189.4094066619873,0,36.55723571777344,296799.1439146525,4063.2175021861035,19,2.1
2189.9102511405945,0,36.59184265136719,296823.6951412822,4060.139890070527,19,2.1
2190.409255504608,0,36.451507568359375,296911.2200229086,4076.3471777221685,19,2.1
2190.9098584651947,0,36.49432373046875,296909.67771860625,4071.8935113718658,19,2.1
2191.410390138626,0,36.49815368652344,296695.9406525991,4068.561968240882,19,2.1
2191.9121873378754,0,36.49369812011719,296704.58065262204,4069.031302644073,19,2.1
2192.411542892456,0,36.781707763671875,297855.72947262955,4053.183200679022,19,2.1
2192.9120666980743,0,36.43208312988281,296497.1725161402,4072.536820665661,19,2.1
2193.412776708603,0,36.5615234375,297252.2739218773,4069.332621063597,19,2.1
2193.9136221408844,0,36.44659423828125,296861.1080840349,4075.99127174319,19,2.1
2194.416168689728,0,35.52439880371094,284720.92845303135,4011.271261404554,19,2.0
2194.913812637329,0,35.220703125,283277.86333843326,4025.3313369932903,19,2.0
2195.4147827625275,0,35.369293212890625,283307.8682492552,4008.731504657971,19,2.0
2195.917675971985,0,35.263336181640625,283238.4161451027,4019.8975862585235,19,2.0
2196.4159228801727,0,35.40834045410156,283191.68298200914,4002.4468298283014,19,2.0
2196.91557264328,0,35.4168701171875,283643.76474148297,4008.4005032140212,19,2.0
2197.4160993099213,0,35.586883544921875,283564.91599756305,3987.7894848775118,19,2.0
2197.9166140556335,0,35.32989501953125,283263.8415708141,4012.748974250447,19,2.0
2198.4196996688843,0,35.392120361328125,283064.9580677406,4002.642355239888,19,2.0
2198.918699026108,0,35.23539733886719,282983.35542674933,4019.7645179883657,19,2.0
2199.4190425872803,0,35.2490234375,282486.27559611195,4011.033107078543,19,2.0
2199.9195551872253,0,35.386016845703125,283007.81686956895,4002.4849538045187,19,2.0
2200.419375896454,0,35.35734558105469,283047.2584426246,4006.381069395157,19,2.0
2200.9196677207947,0,35.35194396972656,283253.4090924323,4009.9916463263303,19,2.0
2201.420397758484,0,35.29924011230469,283405.55569684075,4017.9335177971884,19,2.0
2201.9233458042145,0,35.1927490234375,283156.3284815796,4027.1363827137798,19,2.0
2202.4231259822845,0,35.186676025390625,283089.84511242417,4026.1546699601126,19,2.0
2202.9244422912598,0,35.28544616699219,283095.68700557866,4015.026459620829,19,2.0
2203.42436337471,0,35.33900451660156,283158.7963057117,4010.2431276303696,19,2.0
2203.924660921097,0,35.23262023925781,282986.3132355904,4019.3150279016286,19,2.0
2204.425062417984,0,35.20597839355469,282955.62588890846,4022.21459142645,19,2.0
2204.926024198532,0,35.16569519042969,282937.2504414207,4026.566209859417,19,2.0
2205.4266312122345,0,34.990081787109375,279254.47126918484,3994.3033243062914,19,2.0
2205.926208257675,0,36.153411865234375,293571.7341598492,4063.489237132547,19,2.1
2206.4255480766296,0,36.538177490234375,296595.5925022799,4062.463160338867,19,2.1
2206.9251136779785,0,36.54307556152344,296554.5816994246,4061.7270910903103,19,2.1
2207.4257230758667,0,36.79109191894531,297098.04575902206,4041.657701478263,19,2.1
2207.926560640335,0,36.58412170410156,296430.7033862629,4055.283907044487,19,2.1
2208.426348924637,0,36.669189453125,296752.3808173466,4050.130428703636,19,2.1
2208.9280321598053,0,36.595947265625,296616.66207280115,4056.9519603461044,19,2.1
2209.4274682998657,0,36.53050231933594,297649.9312300147,4077.6334992019843,19,2.1
2209.9279429912567,0,36.53643798828125,296636.72395142517,4063.5324124267263,19,2.1
2210.4287066459656,0,36.41288757324219,296381.89978035947,4073.9147561867367,19,2.1
2210.929754257202,0,36.33164978027344,297500.81463496276,4098.107322416214,19,2.1
2211.430188179016,0,36.65281677246094,296664.3601089951,4051.202965431195,19,2.1
2211.932515144348,0,36.493804931640625,296808.6801771881,4070.3072830647193,19,2.1
2212.4326450824738,0,36.46522521972656,296750.5281075902,4072.7021183914035,19,2.1
2212.9338006973267,0,36.40638732910156,296725.0703904357,4078.8721676126993,19,2.1
2213.431650876999,0,36.142120361328125,293577.1669645225,4065.2844529069794,19,2.1
2213.935134410858,0,36.4912109375,296758.44973098976,4069.6100837637487,19,2.1
2214.435227870941,0,36.248504638671875,293151.06268039654,4047.035911199866,19,2.1
2214.9346401691437,0,36.64491271972656,295965.6545460738,4042.2800603440846,19,2.1
2215.4351813793182,0,36.468841552734375,296705.95159372967,4072.024053335074,19,2.1
2215.9361641407013,0,36.30169677734375,293167.2811590391,4041.3813409284644,19,2.1
2216.4355499744415,0,36.57887268066406,296630.5437598944,4058.38094836839,19,2.1
2216.9356138706207,0,36.68486022949219,297666.28963871277,4060.9395556653644,19,2.1
2217.436282634735,0,36.639312744140625,296620.37735908147,4052.2321211863764,19,2.1
2217.9361424446106,0,36.67344665527344,296557.3816939953,4046.579024735888,19,2.1
2218.4357571601868,0,36.377471923828125,292361.7162274016,4022.132167578147,19,2.1
2218.9360966682434,0,36.49684143066406,295811.2878915848,4056.5976176669424,19,2.1
2219.4386620521545,0,36.52899169921875,296946.3798654316,4069.124087079004,19,2.1
2219.9374601840973,0,36.53019714355469,296760.5280303512,4065.403737526853,19,2.1
2220.4387562274933,0,36.47003173828125,296713.279289696,4071.891164386427,19,2.1
2220.9406867027283,0,36.50010681152344,296760.5512780329,4069.0291885148895,19,2.1
2221.4394829273224,0,35.47419738769531,284450.64407288696,4013.0858619335463,19,2.0
2221.939616203308,0,35.22288513183594,283163.74314982095,4023.3217542964358,19,2.0
2222.4398238658905,0,35.16084289550781,283168.5945996278,4030.7623005848627,19,2.0
2222.941682100296,0,35.20233154296875,283106.0540815157,4025.0174857608517,19,2.0
2223.442668199539,0,35.16090393066406,283103.45620901143,4029.3332696843518,19,2.0
2223.9437849521637,0,35.07667541503906,279828.73484443926,3992.254064647194,19,2.0
2224.441657781601,0,36.23023986816406,295258.39647092065,4078.71989083489,19,2.1
2224.9428482055664,0,35.4246826171875,284466.37918432755,4019.2314928721325,19,2.0
2225.44548368454,0,36.24003601074219,295479.78062646074,4080.459521512808,19,2.1
2225.945992708206,0,36.394622802734375,296819.7458451114,4081.6469181496573,19,2.1
2226.4450376033783,0,36.38926696777344,296570.13811101316,4078.7851025261166,19,2.1
2226.943751811981,0,36.455535888671875,296548.5702030758,4070.575192013896,19,2.1
2227.4467606544495,0,36.54034423828125,296584.2935585505,4062.5233038850665,19,2.1
2227.947302341461,0,36.1531982421875,293245.36467886076,4059.115296437483,19,2.1
2228.447853565216,0,36.48497009277344,296932.92822121433,4072.827786953087,19,2.1
2228.9457581043243,0,36.48236083984375,296733.3221535444,4070.8440073812963,19,2.1
2229.446959257126,0,36.40663146972656,296903.3738339153,4081.8113074693674,19,2.1
2229.9495282173157,0,36.39768981933594,296385.22936488764,4075.0388482404537,19,2.1
2230.449580192566,0,36.4517822265625,296887.4935078003,4075.9872611038368,19,2.1
2230.9497470855713,0,36.46063232421875,296730.6307834239,4073.1602973696413,19,2.1
2231.448732614517,0,36.55462646484375,296880.6161460238,4064.519716618997,19,2.1
2231.9487171173096,0,35.31541442871094,284426.17766918207,4030.931034020889,19,2.0
2232.4530000686646,0,35.20208740234375,283616.8950853349,4031.863178390675,19,2.0
2232.9530081748962,0,35.0655517578125,283103.3531080987,4040.6037520408554,19,2.0
2233.4528970718384,0,35.14649963378906,283104.6739930145,4031.2691584167655,19,2.0
2233.9533927440643,0,35.20533752441406,283038.89410168433,4023.2535734610137,19,2.0
2234.4517266750336,0,34.790985107421875,278615.73835399846,4007.877315616856,19,2.0
2234.9539489746094,0,35.009521484375,281643.4078941054,4026.190419737934,19,2.0
2235.453096151352,0,35.050933837890625,283155.0632373703,4042.7738860074755,19,2.0
2235.9521582126617,0,35.06227111816406,283028.3864148063,4039.5272605893965,19,2.0
2236.453864812851,0,35.125518798828125,283450.47767092683,4039.1147192033313,19,2.0
2236.9556510448456,0,35.063262939453125,283388.4060930925,4044.774733170112,19,2.0
2237.456234693527,0,35.0882568359375,282989.87382329,4035.908670588604,19,2.0
2237.9552085399628,0,35.185333251953125,283416.19679437496,4031.7082968689965,19,2.0
2238.4547872543335,0,35.2364501953125,282798.5590031092,4016.806438090883,19,2.0
2238.955538749695,0,36.391815185546875,295522.5796093053,4064.4029226314415,19,2.1
2239.4561862945557,0,36.46928405761719,296234.6314677897,4065.4211847362253,19,2.1
2239.955982208252,0,36.67437744140625,296692.2794737429,4048.6576830711315,19,2.1
2240.4567065238953,0,36.590484619140625,296753.1880634429,4059.0060925923917,19,2.1
2240.9583580493927,0,36.48326110839844,296213.6170648694,4063.3429001738627,19,2.1
2241.458207845688,0,36.6796875,296628.06269655866,4047.6353567625133,19,2.1
2241.9599549770355,0,36.62469482421875,296603.6729448419,4052.78462284542,19,2.1
2242.4615049362183,0,36.53874206542969,296387.6255489527,4059.7456730823437,19,2.1
2242.9603700637817,0,36.64683532714844,298043.20841296203,4070.8017122963984,19,2.1
2243.4599599838257,0,36.52436828613281,296902.87632151344,4068.160709473898,19,2.1
2243.9627521038055,0,36.585479736328125,296791.6288476864,4059.9166956531894,19,2.1
2244.4633519649506,0,36.44309997558594,296927.244952545,4077.369930097746,19,2.1
2244.963198661804,0,36.5230712890625,296849.0345330504,4067.401638385412,19,2.1
2245.464419603348,0,36.41667175292969,296751.39763715584,4078.3518331285095,19,2.1
2245.9645524024963,0,36.48588562011719,296745.3504705142,4070.39592093977,19,2.1
2246.464811563492,0,36.56666564941406,296763.52260036004,4061.3765942966065,19,2.1
2246.965224504471,0,36.55975341796875,296782.7807560796,4062.2538752410287,19,2.1
2247.465676307678,0,36.59159851074219,296525.6470053237,4056.1223351974736,19,2.1
2247.966644048691,0,36.56459045410156,296683.6108281869,4060.4584423383244,19,2.1
2248.466629266739,0,36.567718505859375,296688.4986719318,4060.2204913661662,19,2.1
2248.965679883957,0,36.55743408203125,296701.48407086876,4061.74568124256,19,2.1
2249.465231895447,0,36.628204345703125,297925.1419738451,4070.961235026866,19,2.1
2249.967716217041,0,36.67327880859375,297766.81723282585,4063.5853908180843,19,2.1
2250.468108892441,0,36.46266174316406,296803.5513939912,4073.235274104595,19,2.1
2250.968419790268,0,36.41949462890625,296864.7872417898,4079.353695426657,19,2.1
2251.4676625728607,0,36.53468322753906,296626.95342663187,4063.317015106896,19,2.1
2251.9677727222443,0,36.65254211425781,295753.26709904504,4038.846733700768,19,2.1
2252.4698638916016,0,36.426116943359375,296907.47919191734,4078.776780709963,19,2.1
2252.970451116562,0,36.424285888671875,296812.86382247333,4078.185649377362,19,2.1
2253.470766544342,0,36.496124267578125,296811.01064044965,4069.9664137201535,19,2.1
2253.971202611923,0,36.502471923828125,296979.0030196499,4071.4776881448493,19,2.1
2254.4708330631256,0,36.56549072265625,296621.4909827463,4059.8935517093455,19,2.1
2254.971033811569,0,36.67863464355469,296865.10952798784,4051.214049924057,19,2.1
2255.4711351394653,0,36.541412353515625,296710.5465742159,4064.1559927475532,19,2.1
2255.971746444702,0,36.56153869628906,297849.1634224392,4076.825136878849,19,2.1
2256.4721710681915,0,36.561798095703125,296258.19225661596,4055.6265753632756,19,2.1
2256.9717650413513,0,36.64207458496094,297717.1034255847,4066.309063765551,19,2.1
2257.4736711978912,0,36.778228759765625,296681.74680561066,4036.871948613823,19,2.1
2257.972670316696,0,36.57991027832031,296589.3435978043,4058.019794760858,19,2.1
2258.476400375366,0,36.5343017578125,296803.9838093457,4066.2060817470738,19,2.1
2258.9777507781982,0,36.30267333984375,292795.67705807893,4036.1765820475703,19,2.1
2259.474308013916,0,36.43534851074219,296659.7623824776,4074.8615305882713,19,2.1
2259.975752353668,0,36.620574951171875,296881.18178599176,4057.6370031908787,19,2.1
2260.4760892391205,0,36.17066955566406,290777.26692361676,4023.4809525999153,19,2.1
2260.975914955139,0,36.564849853515625,296698.5298736127,4061.3047939460353,19,2.1
2261.47637796402,0,36.574920654296875,297874.67130238947,4075.5795865954324,19,2.1
2261.978163957596,0,36.54231262207031,296764.9578979762,4064.9315640271134,19,2.1
2262.477159023285,0,35.51478576660156,284604.93492979725,4010.301538519706,19,2.0
2262.98148727417,0,35.26838684082031,283175.4602450678,4018.8115390622534,19,2.0
2263.4787480831146,0,35.23896789550781,283103.5390695711,4020.6058367010605,19,2.0
2263.979168653488,0,35.380157470703125,283216.02574266214,4006.3416935714117,19,2.0
2264.4824385643005,0,35.22050476074219,283141.8803090768,4023.480099522964,19,2.0
2264.9832394123077,0,34.810546875,277623.6775299994,3991.2041743814175,19,2.0
2265.4827342033386,0,35.20457458496094,282587.02719851764,4016.779116552898,19,2.0
2265.983720302582,0,36.388702392578125,295221.2369276593,4061.013179468041,19,2.1
2266.4828927516937,0,36.52952575683594,296792.85115824355,4065.9712088434458,19,2.1
2266.9813718795776,0,36.66923522949219,296739.4719523535,4049.716310433576,19,2.1
2267.4826254844666,0,36.66883850097656,296660.2172757494,4048.9147207661345,19,2.1
2267.983065843582,0,36.56956481933594,296592.4179114539,4059.003729831517,19,2.1
2268.4834451675415,0,36.5609130859375,296582.6633361727,4059.800138227153,19,2.1
2268.9832887649536,0,36.57511901855469,296752.0393680209,4060.5199377385024,19,2.1
2269.4847497940063,0,36.393402099609375,296914.9360641303,4083.2950872046954,19,2.1
2269.9869253635406,0,36.66703796386719,297225.3000023656,4056.7771017277905,19,2.1
2270.487163543701,0,36.449737548828125,296867.49968745565,4076.02386165265,19,2.1
2270.9879655838013,0,36.48268127441406,296747.3382032276,4070.4245086324186,19,2.1
2271.488308906555,0,36.398651123046875,296829.61628880654,4081.2226666811994,19,2.1
2271.98868727684,0,36.59901428222656,296785.53070385114,4058.278697197852,19,2.1
2272.4900844097137,0,35.38008117675781,284860.20305684756,4029.4141578638432,19,2.0
2272.989781856537,0,35.10710144042969,283278.4494300044,4037.929483883502,19,2.0
2273.4878103733063,0,35.317413330078125,283027.6856641544,4010.8826395663627,19,2.0
2273.988443851471,0,35.22894287109375,284050.0973497682,4035.460289574855,19,2.0
2274.4904317855835,0,35.20127868652344,283123.8890742536,4024.910607984305,19,2.0
2274.9918422698975,0,35.30577087402344,283309.388715546,4016.283924403114,19,2.0
2275.4929852485657,0,35.221466064453125,283105.53550117643,4022.9728013225467,19,2.0
2275.9933466911316,0,35.15760803222656,283288.17848793673,4032.4984529677454,19,2.0
2276.4919526576996,0,35.212249755859375,283074.1879522042,4023.315777385848,19,2.0
2276.9913806915283,0,35.29032897949219,283183.65381691,4015.774408970649,19,2.0
2277.493372440338,0,36.51524353027344,295777.9868104154,4053.8960085881567,19,2.1
2277.9924023151398,0,36.22468566894531,293464.6834026689,4054.665962937986,19,2.1
2278.4933886528015,0,36.53654479980469,296781.2374527371,4064.9163957286387,19,2.1
2278.9928784370422,0,36.532623291015625,296745.0213386371,4065.735953774995,19,2.1
2279.496092557907,0,36.589263916015625,297314.2549431593,4066.7666980550594,19,2.1
2279.996346473694,0,36.503631591796875,296838.7968433077,4069.2115694423196,19,2.1
2280.496697664261,0,36.50007629394531,296629.5553018674,4066.9504031865304,19,2.1
2280.9969930648804,0,36.457763671875,296842.15777321695,4075.044243994884,19,2.1
2281.4957191944122,0,36.41462707519531,293790.4431053293,4037.3611322837214,19,2.1
2281.9957122802734,0,36.642822265625,296730.81536131527,4052.6354363077908,19,2.1
2282.4958021640778,0,36.79942321777344,297276.6389915172,4042.9166272405996,19,2.1
2282.996180295944,0,36.61100769042969,296801.9515901655,4057.113129907862,19,2.1
2283.496728658676,0,36.65419006347656,296969.49103754957,4055.1980480973652,19,2.1
2283.9998886585236,0,36.547210693359375,296743.6929248937,4063.456476775227,19,2.1
2284.499145269394,0,36.603240966796875,296683.6001508101,4056.662636368563,19,2.1
2284.998405456543,0,36.62309265136719,296851.0475060949,4056.4842902324913,19,2.1
2285.498996734619,0,36.492950439453125,296890.7386190026,4072.156353774583,19,2.1
2285.999571800232,0,35.34297180175781,284461.45674294524,4028.2690657303206,19,2.0
2286.500579595566,0,35.098907470703125,283271.48032348737,4039.014608028199,19,2.0
2287.002871990204,0,35.06817626953125,283539.89249908726,4045.9474969411217,19,2.0
2287.5035140514374,0,35.134735107421875,283069.66267119214,4032.5051424700014,19,2.0
2288.004086971283,0,34.991546630859375,283175.20649589703,4049.72096532104,19,2.0
2288.5046446323395,0,35.06285095214844,283203.2339675793,4042.055798412362,19,2.0
2289.0043091773987,0,35.27140808105469,283095.5261462206,4017.5033464601843,19,2.0
2289.503128528595,0,35.26055908203125,283446.50481589633,4022.7949780945078,19,2.0
2290.0030109882355,0,35.370452880859375,283036.979672948,4005.461860418164,19,2.0
2290.5043482780457,0,34.0576171875,270838.18189589196,3979.40346953405,19,1.9
2291.0067710876465,0,33.78230285644531,269469.2279925741,3991.853384686333,19,1.9
2291.5089395046234,0,33.87213134765625,266414.07720525464,3936.1562055712025,19,1.9
2292.006838321686,0,33.8541259765625,269497.9819976431,3984.4183274258744,19,1.9
2292.506194591522,0,33.89567565917969,269618.86616749066,3980.9502945682134,19,1.9
2293.0063242912292,0,33.99220275878906,270718.2444647459,3986.06118472173,19,1.9
2293.509415626526,0,33.984619140625,269539.6919055393,3969.0896473444873,19,1.9
2294.0082445144653,0,33.67134094238281,269510.717732264,4006.196255469177,19,1.9
2294.507970571518,0,33.72686767578125,269583.2879399814,4000.4307929516217,19,1.9
2295.0086188316345,0,33.86589050292969,269565.5135403185,3983.6247621579364,19,1.9
2295.5102734565735,0,33.80802917480469,269691.57647037104,3992.572276309857,19,1.9
2296.0121076107025,0,33.81257629394531,266722.8935609206,3947.6140131889792,19,1.9
2296.5101528167725,0,33.83735656738281,269547.5038065624,3986.54072552552,19,1.9
2297.012364625931,0,33.78916931152344,269511.2634177161,3992.3443739113904,19,1.9
2297.514289855957,0,33.8076171875,269937.0780364063,3995.7563187844826,19,1.9
2298.0142827033997,0,33.55363464355469,266645.65988671075,3976.350145590824,19,1.9
2298.515748500824,0,33.823333740234375,269419.57309075765,3986.271756518632,19,1.9
2299.0147812366486,0,33.77482604980469,269463.07269793196,3992.7962856460026,19,1.9
2299.5149188041687,0,34.818695068359375,281426.5567126048,4045.1257499305398,19,2.0
2300.015425682068,0,34.9979248046875,283190.3150512288,4049.3543771777763,19,2.0
2300.51566362381,0,35.00242614746094,283192.65460366855,4049.1478905750378,19,2.0
2301.016613483429,0,35.05146789550781,283122.9569469285,4042.284346618154,19,2.0
2301.5166749954224,0,34.99131774902344,283072.2092993124,4048.518578696672,19,2.0
2302.0168232917786,0,35.06715393066406,283124.07495853014,4040.590242372053,19,2.0
2302.5176045894623,0,35.2254638671875,283121.99220204825,4022.147175525961,19,2.0
2303.0180752277374,0,35.1016845703125,283130.2934794271,4036.7863176527458,19,2.0
2303.5187079906464,0,35.1846923828125,283088.91837430093,4026.4100779577634,19,2.0
2304.0189106464386,0,36.184356689453125,295259.4081583391,4083.5878683196015,19,2.1
2304.519360780716,0,36.26239013671875,296792.37595792813,4095.979317414071,19,2.1
2305.019611597061,0,36.30534362792969,296815.2567429767,4091.408733719524,19,2.1
2305.519822359085,0,36.31181335449219,296875.9493668052,4091.8639493287264,19,2.1
2306.020533323288,0,35.890045166015625,289775.42208838795,4040.5354557011,19,2.1
2306.51899266243,0,36.377777099609375,296009.0633101208,4072.321395404634,19,2.1
2307.020092487335,0,36.457855224609375,296221.8411555554,4066.421326395742,19,2.1
2307.519309282303,0,36.451446533203125,297116.6964213718,4079.2894148811033,19,2.1
2308.02281832695,0,36.44709777832031,296683.1426937839,4073.9320563493966,19,2.1
2308.5205879211426,0,36.24391174316406,296183.00522330875,4089.4040646138287,19,2.1
2309.0215673446655,0,36.47712707519531,296480.985996362,4067.8642178731807,19,2.1
2309.5242347717285,0,36.297760009765625,296597.86506138934,4089.5636524144425,19,2.1
2310.0244410037994,0,35.982177734375,293034.71011835133,4075.184139283364,19,2.1
2310.5247144699097,0,36.154449462890625,293167.0851776403,4057.9790919120223,19,2.1
2311.023351430893,0,36.37309265136719,297105.403059861,4087.88445418075,19,2.1
2311.52383518219,0,36.246307373046875,292908.47558839933,4044.02574009509,19,2.1
2312.0238692760468,0,36.47932434082031,297198.69393269013,4077.570039682789,19,2.1
2312.5266995429993,0,36.537872314453125,297179.32809643116,4070.7351188910134,19,2.1
2313.026568889618,0,36.31890869140625,296824.5417260415,4090.1284028710243,19,2.1
2313.5283710956573,0,34.100982666015625,272663.9209237819,4001.2923186516095,19,1.9
2314.0288655757904,0,33.703125,269519.4850268973,4001.7357440890123,19,1.9
2314.5284559726715,0,33.65141296386719,269511.85301736434,4008.3606636319655,19,1.9
2315.026304244995,0,33.64445495605469,269278.24996105063,4005.1176390286646,19,1.9
2315.5299673080444,0,33.78807067871094,269575.98993606196,3993.450862674347,19,1.9
2316.028502225876,0,33.851959228515625,269529.51005768817,3984.496114079554,19,1.9
2316.5285930633545,0,33.8179931640625,269896.3990455041,3993.968516840711,19,1.9
2317.0283813476562,0,36.223907470703125,294136.63517993054,4064.3599843300462,19,2.1
2317.5285079479218,0,36.438018798828125,297077.4944010399,4080.435899132413,19,2.1
2318.0288672447205,0,36.4522705078125,297090.10805148655,4078.5936768502797,19,2.1
2318.5298988819122,0,36.61444091796875,296816.53731807397,4057.1970041224154,19,2.1
2319.0301003456116,0,36.24400329589844,294259.07528728823,4063.78949912158,19,2.1
2319.5320570468903,0,35.37809753417969,280026.96671895625,3961.320980151725,19,2.1
2320.0311036109924,0,35.282867431640625,280450.3704465772,3977.936324816265,19,2.1
2320.533359527588,0,36.57264709472656,296720.6350467252,4060.001443576398,19,2.1
2321.0319352149963,0,36.51905822753906,296726.9492017973,4067.191412071885,19,2.1
2321.5324623584747,0,36.547271728515625,297190.4134945119,4069.277759082684,19,2.1
2322.032733440399,0,36.54740905761719,296635.2265669139,4062.394676622254,19,2.1
2322.533090353012,0,36.478668212890625,297188.0258678272,4077.451488413689,19,2.1
2323.0354051589966,0,36.3070068359375,294977.0504029483,4066.0195611023883,19,2.1
2323.5357909202576,0,34.91078186035156,280028.4166509327,4014.3758613199016,19,2.0
2324.037675857544,0,35.15342712402344,283101.4271610601,4030.2187180828323,19,2.0
2324.5379531383514,0,35.006439208984375,283013.760036171,4045.7128231326024,19,2.0
2325.038498878479,0,35.125762939453125,283115.9194043606,4033.677510271494,19,2.0
2325.53967833519,0,35.11882019042969,283266.1183660392,4036.6390223619155,19,2.0
2326.0392570495605,0,35.174560546875,283254.85163209005,4029.9295228179767,19,2.0
2326.538036584854,0,33.92106628417969,271096.42097822047,3999.726861866867,19,1.9
2327.037640810013,0,33.7740478515625,269526.7928409097,3993.865366474264,19,1.9
2327.5410780906677,0,33.67753601074219,269381.05806269357,4003.232301703917,19,1.9
2328.041878938675,0,33.71867370605469,269378.42435408296,3998.140649754931,19,1.9
2328.5418515205383,0,33.80210876464844,269572.2928475413,3990.9344396017614,19,1.9
2329.041645526886,0,35.83631896972656,293644.8430999966,4100.616475819957,19,2.1
2329.5421998500824,0,36.386383056640625,297022.5861226873,4085.3194935205556,19,2.1
2330.042926311493,0,36.36091613769531,296982.7956008814,4087.6582822376813,19,2.1
2330.542325258255,0,36.48069763183594,297763.00062450086,4085.0918341525157,19,2.1
2331.0411443710327,0,36.24501037597656,293214.56463774026,4048.28136281218,19,2.1
2331.5423624515533,0,35.776702880859375,289896.6682416519,4055.683959564321,19,2.1
2332.044075012207,0,36.52519226074219,297468.41839576536,4075.7074990130404,19,2.1
2332.5444555282593,0,36.46636962890625,296869.5612683515,4073.7808976258025,19,2.1
2333.0451509952545,0,36.32635498046875,296635.68845586537,4086.6197580191238,19,2.1
2333.5453703403473,0,36.355743408203125,296648.9856562297,4083.6463810694995,19,2.1
2334.0460522174835,0,36.08245849609375,296645.0648125569,4114.187507929124,19,2.1
2334.5466015338898,0,36.27235412597656,296553.45525644475,4091.2425889039164,19,2.1
2335.0470128059387,0,36.31309509277344,296584.6360061069,4087.3684719190355,19,2.1
2335.547327041626,0,36.27366638183594,296570.8763017483,4091.866491729243,19,2.1
2336.0477044582367,0,36.48210144042969,296897.97267104633,4072.709469398647,19,2.1
2336.548136949539,0,36.45668029785156,296938.8255686898,4075.9059460703784,19,2.1
2337.0477199554443,0,36.52874755859375,296977.28888624616,4069.151283152349,19,2.1
2337.5489020347595,0,36.39173889160156,296856.6672877738,4082.8222152992344,19,2.1
2338.0493915081024,0,36.41578674316406,296710.4903842099,4077.3799848735307,19,2.1
2338.55002450943,0,35.98170471191406,289003.5059202707,4019.6817009648034,19,2.1
2339.050618171692,0,36.338623046875,295043.8146521162,4062.9772847900135,19,2.1
2339.5510461330414,0,36.3497314453125,295233.5534930063,4064.5967418571618,19,2.1
2340.0510070323944,0,36.452850341796875,296717.6040085685,4073.536050203979,19,2.1
2340.5517637729645,0,36.46952819824219,296602.364875787,4070.4666973771027,19,2.1
2341.0522887706757,0,36.429779052734375,296601.8282880723,4074.112000107227,19,2.1
2341.5509929656982,0,36.454345703125,296662.5993097012,4072.7928902938042,19,2.1
2342.0524270534515,0,36.57279968261719,296623.54955040046,4058.7540819455658,19,2.1
2342.5518293380737,0,34.48912048339844,272999.8302060191,3961.336157173517,19,1.9
2343.0528213977814,0,33.98567199707031,269612.3554325685,3971.232347903389,19,1.9
2343.552765607834,0,34.06938171386719,269387.2551345632,3957.1601601776447,19,1.9
2344.054787874222,0,33.93377685546875,269581.53616890387,3976.1562815326697,19,1.9
2344.5534393787384,0,35.13410949707031,281660.02232824516,4012.3117397284486,19,2.0
2345.0547692775726,0,35.42335510253906,283404.45542153966,4004.081476456006,19,2.0
2345.554594039917,0,35.19514465332031,283075.4977012604,4025.1290737807867,19,2.0
2346.0585165023804,0,35.27030944824219,283079.7426494699,4016.9196759644815,19,2.0
2346.558164834976,0,34.70893859863281,275121.18187342555,3966.7303455203687,19,2.0
2347.058209657669,0,36.12263488769531,291730.63617754437,4041.5379568484873,19,2.1
2347.5588188171387,0,36.3040771484375,295284.0058615949,4070.341724864914,19,2.1
2348.0599365234375,0,36.379119873046875,296826.3164796971,4083.2213785923823,19,2.1
2348.5594482421875,0,35.897430419921875,289210.0466903489,4032.377758149159,19,2.1
2349.0597319602966,0,36.33787536621094,296744.068321056,4086.314857529418,19,2.1
2349.5608747005463,0,36.42720031738281,296829.06397634634,4078.106434358916,19,2.1
2350.0597274303436,0,36.214202880859375,293319.6108148459,4053.6581871746666,19,2.1
2350.5594408512115,0,36.640533447265625,297011.8481879087,4056.845957604172,19,2.1
2351.0592908859253,0,36.67303466796875,296554.33389153326,4047.14257611288,19,2.1
2351.5601387023926,0,36.56962585449219,296548.46418760717,4058.6961592271136,19,2.1
2352.061357498169,0,36.531280517578125,297098.1851551294,4069.881972203496,19,2.1
2352.561185359955,0,36.651824951171875,296734.5758538062,4052.049255333233,19,2.1
2353.0637600421906,0,36.42498779296875,296631.65011712257,4075.4989636168348,19,2.1
2353.5646114349365,0,36.39697265625,296669.8063318806,4079.4326880508715,19,2.1
2354.065553665161,0,36.47285461425781,296512.9355220887,4068.2584779639246,19,2.1
2354.5650832653046,0,35.7069091796875,285612.1968161445,4002.894769769342,19,2.1
2355.065402030945,0,36.34684753417969,295824.85242544394,4073.0354912014013,19,2.1
2355.566252708435,0,36.24018859863281,296648.137273502,4096.722609374086,19,2.1
2356.067268848419,0,36.29545593261719,296667.8516861044,4090.7049156688704,19,2.1
2356.5653953552246,0,36.424591064453125,296708.7376032874,4076.2571565257244,19,2.1
2357.068085193634,0,36.60081481933594,296622.22469115275,4055.647414755921,19,2.1
2357.567802429199,0,36.51165771484375,296487.35876686097,4064.2087839159353,19,2.1
2358.068264722824,0,36.505462646484375,296670.62661890645,4066.7612252353474,19,2.1
2358.5687670707703,0,36.45692443847656,296498.10878550453,4070.008709878995,19,2.1
2359.0666105747223,0,36.301727294921875,294528.7197120431,4060.660772486728,19,2.1
2359.567424058914,0,36.512115478515625,295412.4265553292,4049.0121720553416,19,2.1
2360.0682525634766,0,36.6986083984375,297201.96355790447,4053.3417067207743,19,2.1
2360.568155527115,0,36.51893615722656,296497.6304806936,4063.0427830970143,19,2.1
2361.0707790851593,0,36.4991455078125,296779.26887935755,4069.355540616921,19,2.1
2361.5695111751556,0,36.62580871582031,296973.0559463279,4058.094693641527,19,2.1
2362.071845769882,0,36.4864501953125,296821.03509329376,4071.264790212013,19,2.1
2362.5727474689484,0,36.4373779296875,296276.043757407,4068.8712641752795,19,2.1
2363.0736055374146,0,36.42607116699219,296469.56005519227,4073.456050743564,19,2.1
2363.573981285095,0,36.48101806640625,296760.8996712049,4071.542075103939,19,2.1
2364.0740745067596,0,36.39692687988281,296698.6976143753,4079.410343900937,19,2.1
2364.574473619461,0,36.43135070800781,296751.1177428327,4076.2968463685806,19,2.1
2365.074958562851,0,36.540557861328125,296613.9313468405,4062.198518241366,19,2.1
2365.575428247452,0,36.019134521484375,287927.7411050823,4000.956766855182,19,2.1
2366.0757114887238,0,36.39183044433594,296036.32048564515,4070.583924779086,19,2.1
2366.574422121048,0,36.55433654785156,296546.1291464514,4059.873985285677,19,2.1
2367.0754883289337,0,36.526214599609375,294791.31606866245,4039.5645050384705,19,2.1
2367.574489593506,0,36.48298645019531,294741.022847828,4042.843373070693,19,2.1
2368.076903104782,0,36.403900146484375,296708.7547364195,4079.2607221328494,19,2.1
2368.577350616455,0,36.415252685546875,296791.00405660435,4078.4283795165325,19,2.1
2369.076030254364,0,36.39117431640625,296277.09437615075,4075.3287791853186,19,2.1
2369.5783314704895,0,36.58341979980469,296925.5668376152,4062.1680754075755,19,2.1
2370.0800783634186,0,36.30784606933594,293195.1356914702,4041.247715983931,19,2.1
2370.579947948456,0,36.50080871582031,296545.91738597327,4066.101689842094,19,2.1
2371.078893661499,0,36.5711669921875,297436.939232412,4070.501770747452,19,2.1
2371.578324317932,0,36.53167724609375,296548.03775321326,4062.8849039738693,19,2.1
2372.0786151885986,0,36.61833190917969,296786.2453232444,4056.1651024514767,19,2.1
2372.5793719291687,0,36.76490783691406,297626.8494868461,4051.716943254096,19,2.1
2373.08008146286,0,35.275177001953125,283047.07275587326,4015.628326745376,19,2.0
2373.5821754932404,0,34.711761474609375,280231.3668595709,4040.33082857482,19,2.0
2374.084629058838,0,35.201751708984375,283177.3841236365,4026.504168649777,19,2.0
2374.5855629444122,0,34.712158203125,274713.0572893997,3960.6007553751906,19,2.0
2375.0816514492035,0,35.11723327636719,282974.34604179056,4032.6639312813745,19,2.0
2375.5826392173767,0,35.227752685546875,283006.67111823836,4020.7503800863346,19,2.0
2376.0835218429565,0,35.34031677246094,283110.74666142644,4009.4434046051424,19,2.0
2376.5835547447205,0,36.495391845703125,295399.69795213296,4051.1141961449343,19,2.1
2377.086181640625,0,36.423065185546875,295704.6185561654,4063.112185811442,19,2.1
2377.5839371681213,0,36.308807373046875,294828.03285993397,4063.7798560558495,19,2.1
2378.0863633155823,0,36.60626220703125,296895.1822875956,4058.9776459466084,19,2.1
2378.587588787079,0,36.57417297363281,297025.6072337535,4064.726223807587,19,2.1
2379.088423728943,0,36.38963317871094,294675.0785291323,4052.9125225225603,19,2.1
2379.5867760181427,0,36.499664306640625,296630.79676778935,4067.4072712770094,19,2.1
2380.087936401367,0,36.646514892578125,296701.4607761881,4052.336229933721,19,2.1
2380.58690738678,0,36.54718017578125,297080.69564276777,4068.1387533839134,19,2.1
2381.0881009101868,0,36.48036193847656,295432.6579082509,4053.5782032368556,19,2.1
2381.589232444763,0,36.413909912109375,296957.42293148156,4080.9130455552286,19,2.1
2382.0914232730865,0,36.47764587402344,296808.99296059343,4071.9458846924977,19,2.1
2382.5915520191193,0,36.43721008300781,296906.7147273282,4078.083905477043,19,2.1
2383.0923793315887,0,36.34809875488281,296729.3552157416,4085.578203180459,19,2.1
2383.592272758484,0,36.449005126953125,296857.7628147489,4075.63936196845,19,2.1
2384.092978477478,0,36.58848571777344,296706.35087735177,4058.2439280309177,19,2.1
2384.593485355377,0,36.476531982421875,296789.24435099564,4072.316964550898,19,2.1
2385.094316959381,0,36.50404357910156,296619.0345696891,4065.987913869706,19,2.1
2385.59392786026,0,36.44511413574219,296784.8380745563,4075.443403655985,19,2.1
2386.0948808193207,0,36.45814514160156,296849.9638763504,4074.699890052446,19,2.1
2386.593398332596,0,36.491058349609375,296654.97561466624,4068.366518111394,19,2.1
2387.0952367782593,0,36.59742736816406,296721.48786847864,4057.744237213299,19,2.1
2387.59560918808,0,36.50608825683594,296917.6511196727,4070.1430116160627,19,2.1
2388.0964303016663,0,36.474395751953125,296751.0446383351,4071.623311046835,19,2.1
2388.5955147743225,0,36.58238220214844,296961.0698209273,4062.7479965279963,19,2.1
2389.097196817398,0,36.379150390625,296594.2825149645,4080.056801938138,19,2.1
2389.5975098609924,0,36.38459777832031,296809.1747439503,4082.8539841249803,19,2.1
2390.0980834960938,0,36.46575927734375,296995.504117624,4075.467039358613,19,2.1
2390.5981509685516,0,36.50636291503906,296735.7944168587,4067.9209908041066,19,2.1
2391.0965609550476,0,36.455780029296875,295267.0490920252,4053.4861654652714,19,2.1
2391.5981829166412,0,36.55712890625,295740.43171289423,4049.2512521871536,19,2.1
2392.0975592136383,0,36.56040954589844,297038.0048960616,4066.0102511536825,19,2.1
2392.598782300949,0,36.61968994140625,296766.707781109,4056.1512191300667,19,2.1
2393.101036310196,0,36.37504577636719,295603.88572460343,4066.9089713177077,19,2.1
2393.6013734340668,0,36.47352600097656,295240.74452086654,4050.6640349508375,19,2.1
2394.101902484894,0,36.43321228027344,296576.326511153,4073.920214835529,19,2.1
2394.602484226227,0,36.41926574707031,296789.43164583127,4078.885088778866,19,2.1
2395.100550174713,0,36.51774597167969,296635.262400275,4064.7634745889127,19,2.1
2395.602147102356,0,36.620880126953125,296668.9208183331,4054.6540521486377,19,2.1
2396.102553129196,0,36.01127624511719,288832.3903843868,4014.77023518719,19,2.1
2396.602035999298,0,36.32929992675781,293763.91831257,4046.733636386928,19,2.1
2397.1027348041534,0,36.58290100097656,296644.31394347653,4058.207412146918,19,2.1
2397.602737903595,0,35.53901672363281,284453.042045493,4005.6257354282907,19,2.0
2398.103406906128,0,35.34027099609375,283255.48334710556,4011.5991191938033,19,2.0
2398.603803396225,0,35.18218994140625,283117.25703203556,4027.7481372251377,19,2.0
2399.104216337204,0,35.43879699707031,282998.6408318491,3996.269964008875,19,2.0
2399.606408596039,0,34.16473388671875,270955.94060257036,3969.7367598324267,19,1.9
2400.107063770294,0,33.96073913574219,270223.5764312028,3982.21603656638,19,1.9
2400.6090717315674,0,33.485809326171875,266659.52617493755,3985.3299856096487,19,1.9
2401.1075394153595,0,33.78204345703125,269427.2877883035,3991.3808106814095,19,1.9
2401.608123779297,0,33.96195983886719,269499.7638696335,3971.3844736852748,19,1.9
2402.107517719269,0,33.87782287597656,269460.58059719147,3981.040945096808,19,1.9
2402.6078855991364,0,33.8502197265625,269485.9332587061,3984.553160644931,19,1.9
2403.108704805374,0,33.2720947265625,260656.8728267247,3920.763062021903,19,1.9
2403.6090755462646,0,33.82501220703125,268956.05329633225,3979.1855558302314,19,1.9
2404.1091952323914,0,34.07598876953125,270554.97649235575,3973.4723742210745,19,1.9
2404.609795808792,0,36.11909484863281,294156.14255330083,4076.1265091772593,19,2.1
2405.111029624939,0,36.63746643066406,297223.22352237493,4060.515491199143,19,2.1
2405.6131451129913,0,36.514678955078125,296952.5166773977,4069.979642511197,19,2.1
2406.113565683365,0,36.19441223144531,296858.98382980865,4104.473338316392,19,2.1
2406.613771915436,0,36.331939697265625,296922.0889966978,4089.542183490477,19,2.1
2407.11501288414,0,36.23469543457031,296735.7830651229,4098.281997930666,19,2.1
2407.614897251129,0,36.35102844238281,296851.2428788602,4087.2846344773393,19,2.1
2408.116677045822,0,36.317596435546875,296869.22043273534,4090.4413997672377,19,2.1
2408.6158640384674,0,36.298828125,296850.30201258365,4093.0797955340327,19,2.1
2409.1162843704224,0,36.46343994140625,296632.137876136,4070.762392097982,19,2.1
2409.6166965961456,0,36.37849426269531,296689.36104599707,4081.6422727057284,19,2.1
2410.116936683655,0,36.45526123046875,296636.1542171441,4072.196851408796,19,2.1
2410.6180748939514,0,36.42948913574219,296722.531014646,4075.9286919101314,19,2.1
2411.1181347370148,0,36.47349548339844,296915.18787899666,4073.9720180544336,19,2.1
2411.6166937351227,0,35.34075927734375,284555.9109688835,4030.190717812591,19,2.0
2412.1164331436157,0,35.198089599609375,283111.62804689637,4025.161638362678,19,2.0
2412.619457244873,0,35.32649230957031,283925.6434160724,4022.5901500416603,19,2.0
2413.1212351322174,0,35.18937683105469,282874.8650432114,4023.430158474805,19,2.0
2413.620281457901,0,35.16206359863281,283025.5153244681,4028.4609463452443,19,2.0
2414.122224330902,0,34.94206237792969,279872.4138225062,4007.8630301013595,19,2.0
2414.6229362487793,0,34.71685791015625,273127.71916187165,3937.337887943235,19,2.0
2415.121598482132,0,34.85002136230469,281275.75589841517,4039.3375526668715,19,2.0
2415.623121738434,0,34.72749328613281,279494.8323029125,4027.35662052084,19,2.0
2416.1221630573273,0,34.90826416015625,282816.5536752311,4054.799154452326,19,2.0
2416.623631477356,0,35.04353332519531,283007.3414385774,4041.1164789191735,19,2.0
2417.1226720809937,0,34.90008544921875,282758.63159245177,4055.4341967425844,19,2.0
2417.6221919059753,0,36.332061767578125,296676.7656087919,4086.941196728513,19,2.1
2418.122956752777,0,36.72265625,297005.05834251177,4047.664716519519,19,2.1
2418.6232359409332,0,36.61004638671875,297140.89333820005,4062.5733829705296,19,2.1
2419.123701810837,0,36.6195068359375,297097.2631468496,4060.1857547160375,19,2.1
2419.623731136322,0,36.52766418457031,296779.72925224196,4066.643825058681,19,2.1
2420.1238005161285,0,36.62101745605469,296864.8969380906,4057.0964522842755,19,2.1
2420.6245691776276,0,36.544464111328125,295750.72971866874,4050.162003993356,19,2.1
2421.127032995224,0,36.597930908203125,296730.5471868591,4058.098267153975,19,2.1
2421.626939535141,0,36.75325012207031,296533.45422664395,4038.445566229536,19,2.1
2422.1266338825226,0,36.633758544921875,296701.68327401666,4053.365144554175,19,2.1
2422.6268005371094,0,36.66154479980469,297138.06206618174,4056.2393323041924,19,2.1
2423.126907348633,0,36.69050598144531,297032.7975161938,4051.511311268766,19,2.1
2423.6275181770325,0,36.679351806640625,296515.64831926924,4046.445552866315,19,2.1
2424.1278069019318,0,36.68540954589844,297034.27353607304,4052.0196405063607,19,2.1
2424.6308884620667,0,36.46052551269531,295698.8720206505,4059.184499369527,19,2.1
2425.131706237793,0,36.33953857421875,293402.71276054275,4040.970407482864,19,2.1
2425.6315693855286,0,35.52687072753906,285534.0380430559,4022.138653749599,19,2.0
2426.13050365448,0,35.161285400390625,283112.5698960637,4029.7161604457697,19,2.0
2426.631715774536,0,35.25128173828125,283114.43332468905,4019.286477352019,19,2.0
2427.131989002228,0,35.125762939453125,283194.7821914371,4035.5849421503544,19,2.0
2427.6321637630463,0,35.27015686035156,282956.6633520099,4014.668847678853,19,2.0
2428.1319053173065,0,35.191131591796875,283461.89114387543,4031.6691615870714,19,2.0
2428.6323194503784,0,35.08648681640625,283133.5857043176,4038.2498464835603,19,2.0
2429.1329929828644,0,35.45701599121094,283409.20328829635,4000.393040270498,19,2.0
2429.6334092617035,0,35.2747802734375,283098.9843454989,4016.609002287427,19,2.0
2430.13387131691,0,35.32586669921875,283151.03150158154,4011.5080885795787,19,2.0
2430.635195493698,0,36.445220947265625,295260.4941496474,4054.9349450737163,19,2.1
2431.1348180770874,0,36.50569152832031,296639.32101484196,4066.5165837177738,19,2.1
2431.63526058197,0,36.52854919433594,296634.5641113301,4064.0814725546015,19,2.1
2432.1358835697174,0,36.50788879394531,296762.06063717994,4068.3261866578396,19,2.1
2432.636143684387,0,36.643280029296875,296640.960062109,4051.820685301488,19,2.1
2433.138747692108,0,36.61845397949219,297214.1289698002,4062.104863392236,19,2.1
2433.6390821933746,0,36.49017333984375,296624.2202533642,4068.163738699183,19,2.1
2434.1399734020233,0,36.447967529296875,296591.0368133741,4072.7099496201627,19,2.1
2434.6403245925903,0,36.31585693359375,296935.70448355476,4091.7938483930225,19,2.1
2435.1405720710754,0,36.407318115234375,297145.7400311723,4084.1514205843278,19,2.1
2435.6411333084106,0,36.2083740234375,296907.7398140535,4104.078241784916,19,2.1
2436.141815662384,0,36.31196594238281,296733.6087744155,4089.285615535472,19,2.1
2436.6404275894165,0,36.37506103515625,297001.5763754267,4086.3436588144687,19,2.1
2437.1404554843903,0,36.46705627441406,297257.9556196985,4079.2160156993687,19,2.1
2437.640861749649,0,36.630950927734375,297550.6160516735,4065.6056211536393,19,2.1
2438.142434120178,0,36.49644470214844,297058.88027345215,4073.6296703236976,19,2.1
2438.6434576511383,0,36.499298095703125,296685.97192673816,4068.461799200508,19,2.1
2439.1438624858856,0,35.83155822753906,287979.90338876337,4022.096920396703,19,2.1
2439.6452531814575,0,36.468719482421875,297336.93011336244,4080.291332184665,19,2.1
2440.1436820030212,0,36.37538146972656,296145.9933749201,4074.9813200822014,19,2.1
2440.644355773926,0,35.4515380859375,284408.7634663948,4014.9738963359837,19,2.0
2441.144942998886,0,35.23310852050781,283408.86471052264,4025.730511897384,19,2.0
2441.6454145908356,0,35.286865234375,283055.1622084398,4014.2415331926522,19,2.0
2442.145172595978,0,35.178009033203125,283114.42401162727,4028.1415547495344,19,2.0
2442.6455936431885,0,35.283111572265625,284227.93786353857,4031.3621350733506,19,2.0
2443.1462965011597,0,35.30340576171875,284044.2892057075,4026.8352849444427,19,2.0
2443.647233724594,0,35.25456237792969,283136.17460195365,4019.820143582854,19,2.0
2444.146940469742,0,35.32008361816406,283010.9769031966,4009.956531562765,19,2.0
2444.647832632065,0,36.283294677734375,296778.5100124709,4093.7572323372847,19,2.1
2445.147931575775,0,36.36244201660156,296360.4402757139,4079.0439743370785,19,2.1
2445.6482903957367,0,36.3006591796875,296350.2487028072,4085.6007398066413,19,2.1
2446.1519660949707,0,36.23699951171875,296964.1343041589,4101.719292512974,19,2.1
2446.650226831436,0,36.503814697265625,297601.2318451024,4080.477649673078,19,2.1
2447.1510491371155,0,36.47242736816406,296792.3434313341,4072.5285021652485,19,2.1
2447.652885198593,0,36.008697509765625,293087.3478207701,4073.349222371101,19,2.1
2448.1519572734833,0,36.36480712890625,296685.2277940505,4082.876047539363,19,2.1
2448.653819799423,0,36.01438903808594,290067.33192643535,4031.0277052451042,19,2.1
2449.152174949646,0,36.59077453613281,296189.9419758955,4051.1030957713742,19,2.1
2449.652154445648,0,36.56756591796875,297534.6035694106,4072.2973012219527,19,2.1
2450.1525497436523,0,36.63352966308594,296688.834748366,4053.144792914073,19,2.1
2450.655503988266,0,36.61669921875,297076.5599869924,4059.8962542171726,19,2.1
2451.156234025955,0,36.493621826171875,296586.29165765736,4067.4504905826366,19,2.1
2451.6563124656677,0,36.418792724609375,296715.0363120729,4077.1258158611195,19,2.1
2452.1569249629974,0,36.51799011230469,296784.4870897608,4067.1460708335926,19,2.1
2452.654950618744,0,36.53009033203125,296292.5985259567,4059.584814931772,19,2.1
2453.155807495117,0,36.40679931640625,294223.9514775585,4044.766438274637,19,2.1
2453.656207561493,0,36.72541809082031,297865.0987574078,4059.5589580848227,19,2.1
2454.1589653491974,0,36.750152587890625,296609.78316849266,4039.711118068075,19,2.1
2454.658495426178,0,36.54447937011719,296675.6763063284,4062.9392608452936,19,2.1
2455.1591827869415,0,36.62603759765625,296729.946743291,4054.8202792622997,19,2.1
2455.660083055496,0,36.65679931640625,296835.0445260737,4052.3723502917987,19,2.1
2456.160574197769,0,36.436004638671875,296975.9259333744,4078.8775134324733,19,2.1
2456.6595182418823,0,36.50062561035156,296742.75328244345,4068.6699889845972,19,2.1
2457.162718296051,0,36.42742919921875,293639.51321878436,4033.855894589219,19,2.1
2457.660252571106,0,36.36772155761719,295329.477462055,4064.3733967722515,19,2.1
2458.1619799137115,0,36.25321960449219,296128.8552596417,4087.002523263904,19,2.1
2458.662453651428,0,36.284271240234375,296701.7062218238,4092.5722061998567,19,2.1
2459.1635632514954,0,36.21275329589844,295677.52706354077,4086.350429939842,19,2.1
2459.6632034778595,0,36.24699401855469,296567.4732591519,4095.153378070902,19,2.1
2460.163887500763,0,35.93489074707031,293037.78384758515,4080.5188759883636,19,2.1
2460.665854692459,0,36.20036315917969,296493.3717676261,4098.909155898158,19,2.1
2461.163338661194,0,36.24995422363281,296470.683527156,4093.632755631342,19,2.1
2461.663984298706,0,36.2509765625,296562.956247284,4094.0966030009968,19,2.1
2462.165783882141,0,36.22953796386719,296549.13303590176,4096.519258623137,19,2.1
2462.665555000305,0,36.01026916503906,292967.4263381741,4071.227552565309,19,2.1
2463.1665325164795,0,36.10197448730469,294210.0623480496,4079.0289753205757,19,2.1
2463.665582895279,0,36.204132080078125,297356.2475577608,4110.939593049867,19,2.1
2464.168178319931,0,36.21064758300781,296623.19026420725,4099.0705747458705,19,2.1
2464.6689229011536,0,36.164306640625,296544.4850632998,4103.68713756253,19,2.1
2465.1698927879333,0,34.84735107421875,279536.0976095014,4014.623656817979,19,2.0
2465.6702172756195,0,34.94456481933594,282906.7809231799,4051.2165692121002,19,2.0
2466.1701576709747,0,34.80476379394531,282975.6254425578,4068.839565710127,19,2.0
2466.6691501140594,0,34.4986572265625,278096.96158283745,4034.2439732071775,19,2.0
2467.1716256141663,0,34.91642761230469,283458.34254051297,4062.9586043334675,19,2.0
2467.6713378429413,0,34.97889709472656,283129.4763506712,4050.4707628806254,19,2.0
2468.171823978424,0,35.044769287109375,283055.6175389274,4042.1438885633,19,2.0
2468.6706833839417,0,36.20271301269531,295863.9399395782,4089.8592309387964,19,2.1
2469.170785188675,0,36.45037841796875,296949.95573052694,4077.8177470642313,19,2.1
2469.6711614131927,0,36.47181701660156,296821.761902169,4073.4192083814983,19,2.1
2470.1714255809784,0,36.51983642578125,296687.3420554699,4065.872537566371,19,2.1
2470.67187333107,0,36.06492614746094,291670.4779232114,4047.1176733652032,19,2.1
2471.1749992370605,0,36.311004638671875,296880.4019276342,4091.6521445338403,19,2.1
2471.6730663776398,0,36.33949279785156,296759.8247736182,4087.068601265145,19,2.1
2472.1727697849274,0,36.396942138671875,297837.19666985126,4095.316563465545,19,2.1
2472.675759077072,0,36.47283935546875,297375.12511001126,4080.817469388575,19,2.1
2473.1758301258087,0,36.02976989746094,293759.1257080815,4079.9316903314225,19,2.1
2473.676694869995,0,36.17903137207031,295181.91246657196,4083.304455576039,19,2.1
2474.1769564151764,0,36.38816833496094,296920.29618253885,4083.1953571361178,19,2.1
2474.6773858070374,0,36.33641052246094,297002.7538888713,4090.745284488627,19,2.1
2475.178750514984,0,35.156097412109375,284928.2692590652,4055.9678262492457,19,2.0
2475.678584575653,0,35.08177185058594,283328.35913207993,4041.3865241425083,19,2.0
2476.178986310959,0,35.11273193359375,283303.7295147779,4037.8800563892455,19,2.0
2476.6800787448883,0,35.114501953125,283292.70485920366,4037.420214282238,19,2.0
2477.1802382469177,0,35.19117736816406,282987.29611123324,4024.6166963463816,19,2.0
2477.678724527359,0,36.323486328125,295251.85077110573,4067.6987518567557,19,2.1
2478.1804888248444,0,36.409210205078125,297055.16730792227,4083.1701419127503,19,2.1
2478.680674314499,0,36.37681579589844,296886.2187176073,4084.414667672823,19,2.1
2479.1815581321716,0,36.30810546875,296981.2286276724,4093.1080837558334,19,2.1
2479.6819729804993,0,36.22843933105469,297025.8821846248,4102.93688452057,19,2.1
2480.1826660633087,0,35.95448303222656,297051.3058900953,4134.9224759189465,19,2.1
2480.6827516555786,0,36.3050537109375,297102.97459260427,4095.325162821819,19,2.1
2481.1810250282288,0,36.35479736328125,296758.7169726161,4085.815649464355,19,2.1
2481.683932542801,0,36.35209655761719,297209.96660041,4091.648462812887,19,2.1
2482.184415102005,0,36.28166198730469,296792.8636152101,4093.665831845585,19,2.1
2482.6849377155304,0,36.24029541015625,296801.69565322483,4098.366150690261,19,2.1
2483.1852312088013,0,36.29240417480469,296767.7048245056,4092.1786080819556,19,2.1
2483.6835441589355,0,36.44581604003906,296886.3366258055,4076.901442864242,19,2.1
2484.1836943626404,0,36.53581237792969,296594.0652663409,4062.835621787571,19,2.1
2484.686939716339,0,36.484283447265625,296718.1019778877,4070.245759784261,19,2.1
2485.1870453357697,0,36.23832702636719,293514.9444713652,4053.2500270535998,19,2.1
2485.6872804164886,0,36.32884216308594,295738.72657821875,4073.815491713663,19,2.1
2486.1879806518555,0,36.37156677246094,296612.3063366313,4081.3474142773657,19,2.1
2486.6886978149414,0,36.35197448730469,296497.71747981745,4081.814044291319,19,2.1
2487.1887764930725,0,36.46759033203125,296692.92321724363,4071.560491058353,19,2.1
2487.6872515678406,0,35.299072265625,282752.3002538813,4009.0005463913963,19,2.0
2488.187472820282,0,36.37696838378906,295356.7670873623,4063.8075839733287,19,2.1
2488.6886081695557,0,34.291961669921875,272105.2351102535,3971.222215597159,19,1.9
2489.1904575824738,0,33.97135925292969,269818.44838555844,3974.995495311378,19,1.9
2489.689080953598,0,36.17088317871094,294063.9313937094,4068.60400043029,19,2.1
2490.1914858818054,0,36.307647705078125,296937.2740143686,4092.8291804268033,19,2.1
2490.692029953003,0,36.42881774902344,296758.34395287494,4076.6351799594454,19,2.1
2491.1926171779633,0,36.53057861328125,296502.9619591553,4062.6786006078355,19,2.1
2491.690780878067,0,36.587860107421875,296985.3275264625,4062.4403713036245,19,2.1
2492.191377401352,0,36.48797607421875,296586.64431275503,4068.32650016142,19,2.1
2492.692584514618,0,36.53471374511719,296763.5828185538,4065.092750859423,19,2.1
2493.195333957672,0,36.64874267578125,297004.36384124716,4055.9918061863295,19,2.1
2493.695221185684,0,36.42481994628906,296671.68787776673,4076.1491812158247,19,2.1
2494.1951422691345,0,36.6395263671875,296515.40358566085,4050.7619698085296,19,2.1
2494.69451546669,0,36.47370910644531,296932.4675766424,4073.701404109288,19,2.1
2495.195226430893,0,36.47169494628906,296600.9722707011,4070.361967509954,19,2.1
2495.6967515945435,0,36.53413391113281,296347.8298659688,4059.710307100068,19,2.1
2496.1977984905243,0,36.196502685546875,292450.1277853223,4043.429313364028,19,2.1
2496.69624376297,0,36.35203552246094,296750.2170056345,4085.1082440278933,19,2.1
2497.1983931064606,0,36.36515808105469,296543.1449927273,4080.8842263032434,19,2.1
2497.699633359909,0,36.36064147949219,296764.0820642555,4084.5539010571433,19,2.1
2498.199312210083,0,36.34571838378906,296709.1019840206,4085.2955066703666,19,2.1
2498.7018196582794,0,36.29887390136719,296765.94399232673,4091.39414086359,19,2.1
2499.200173139572,0,36.374603271484375,296662.9725008493,4081.7214937542108,19,2.1
2499.700609445572,0,36.37812805175781,296807.92890782206,4083.112792078444,19,2.1
2500.2008152008057,0,36.28199768066406,296928.4460011949,4095.7226586008696,19,2.1
2500.7013664245605,0,36.281768798828125,297028.30286950944,4096.823416304912,19,2.1
2501.2016406059265,0,36.2916259765625,296931.489690637,4094.6911581192126,19,2.1
2501.700556755066,0,36.19657897949219,296865.02764067496,4103.978999898406,19,2.1
2502.201947450638,0,36.41920471191406,296740.48595602554,4078.013267308231,19,2.1
2502.7011268138885,0,36.30546569824219,296680.1988961704,4090.2381265196077,19,2.1
2503.2040910720825,0,36.46357727050781,296818.715165784,4073.8186190016477,19,2.1
2503.7044208049774,0,36.5262451171875,297130.59183775523,4071.100095915087,19,2.1
2504.2047123908997,0,35.95686340332031,291624.7152262513,4058.8912988034217,19,2.1
